material_id,formula_pretty,group_id,chemsys,elements,nelements,nsites,G_vrh_GPa,K_vrh_GPa,density_g_cm3,spacegroup_number,crystal_system,formula_anonymous,energy_above_hull_eV,mp_negative_eigenvalue_warning,in_primary,in_sens1_no_Pm_Tc,in_unscreened,missing_reference_elements
mp-aaaaaagp,VNi3,Ni3-V1,Ni-V,Ni;V,2,4,101.539,217.129,8.366167126676219,139,Tetragonal,AB3,0.0,False,True,True,True,
mp-aaaaaagr,MnAl6,Al6-Mn1,Al-Mn,Al;Mn,2,14,69.344,110.784,3.35178329546633,63,Orthorhombic,AB6,0.0,False,True,True,True,
mp-aaaaaagw,ThAl,Al1-Th1,Al-Th,Al;Th,2,4,37.801,72.139,8.049240540344469,63,Orthorhombic,AB,0.015145160000002988,False,True,True,True,
mp-aaaaaaha,SrGa2,Ga2-Sr1,Ga-Sr,Ga;Sr,2,3,31.131,41.237,4.7621211335842215,191,Hexagonal,AB2,0.0,False,False,False,True,Ga
mp-aaaaaahg,AlPt3,Al1-Pt3,Al-Pt,Al;Pt,2,4,86.928,224.023,16.821643264521082,221,Cubic,AB3,0.01388988312499606,False,True,True,True,
mp-aaaaaahj,YRh,Rh1-Y1,Rh-Y,Rh;Y,2,2,41.489,106.896,7.799965816039558,221,Cubic,AB,0.0,False,True,True,True,
mp-aaaaaahl,Zr2Cu,Cu1-Zr2,Cu-Zr,Cu;Zr,2,3,46.073,105.707,6.933318384544043,139,Tetragonal,AB2,0.0,False,True,True,True,
mp-aaaaaahn,HoPt3,Ho1-Pt3,Ho-Pt,Ho;Pt,2,4,74.077,174.749,17.884803328884125,221,Cubic,AB3,0.0,False,True,True,True,
mp-aaaaaaho,Al5Co2,Al5-Co2,Al-Co,Al;Co,2,28,83.776,124.129,4.335507673390185,194,Hexagonal,A2B5,0.0,False,True,True,True,
mp-aaaaaahv,NiTe,Ni1-Te1,Ni-Te,Ni;Te,2,4,31.57,114.446,8.312487768602429,194,Hexagonal,AB,0.0367225100000006,False,False,False,True,Te
mp-aaaaaaif,CaPd,Ca1-Pd1,Ca-Pd,Ca;Pd,2,2,18.707,55.058,5.475630134643464,221,Cubic,AB,0.006872011666665401,False,True,True,True,
mp-aaaaaaig,ZrRu,Ru1-Zr1,Ru-Zr,Ru;Zr,2,2,77.994,180.261,9.03641889738981,221,Cubic,AB,0.0,False,True,True,True,
mp-aaaaaaih,YSb,Sb1-Y1,Sb-Y,Sb;Y,2,2,34.094,57.085,5.8312194107082345,225,Cubic,AB,0.0,False,True,True,True,
mp-aaaaaaij,ErTl,Er1-Tl1,Er-Tl,Er;Tl,2,2,21.314,57.284,11.448689282399164,221,Cubic,AB,0.008755929999999967,False,True,True,True,
mp-aaaaaait,SmCu5,Cu5-Sm1,Cu-Sm,Cu;Sm,2,6,37.739,104.928,8.403388359760873,191,Hexagonal,AB5,0.0,False,True,True,True,
mp-aaaaaaiv,ZrRh3,Rh3-Zr1,Rh-Zr,Rh;Zr,2,4,110.129,209.808,10.580424185168466,221,Cubic,AB3,0.0,False,True,True,True,
mp-aaaaaaiy,DyRh,Dy1-Rh1,Dy-Rh,Dy;Rh,2,2,41.33,112.175,10.91426764162514,221,Cubic,AB,0.0,False,True,True,True,
mp-aaaaaajd,TmTe,Te1-Tm1,Te-Tm,Te;Tm,2,2,18.543,66.367,8.746115712228352,225,Cubic,AB,0.03829118499999851,False,False,False,True,Te
mp-aaaaaaje,MnPd,Mn1-Pd1,Mn-Pd,Mn;Pd,2,2,42.263,131.6,8.773477542174268,123,Tetragonal,AB,0.0022244234137920316,False,True,True,True,
mp-aaaaaajp,HfAl,Al1-Hf1,Al-Hf,Al;Hf,2,4,70.131,117.671,8.953439308004592,63,Orthorhombic,AB,0.01635615999999729,False,True,True,True,
mp-aaaaaajq,Mg2Ge,Ge1-Mg2,Ge-Mg,Ge;Mg,2,6,11.194,39.618,3.079369307358767,227,Cubic,AB2,0.4831721600000005,False,True,True,True,
mp-aaaaaajv,NaHg,Hg1-Na1,Hg-Na,Hg;Na,2,8,6.751,17.221,6.953773086158604,63,Orthorhombic,AB,0.0,False,False,False,True,Hg
mp-aaaaaajy,ZrV2,V2-Zr1,V-Zr,V;Zr,2,6,8.879,138.858,6.438081306317576,227,Cubic,AB2,0.08338467000000094,False,True,True,True,
mp-aaaaaajz,AlMo3,Al1-Mo3,Al-Mo,Al;Mo,2,8,120.006,224.498,8.46732094724088,223,Cubic,AB3,0.0,False,True,True,True,
mp-aaaaaakf,TaIr3,Ir3-Ta1,Ir-Ta,Ir;Ta,2,4,212.167,323.564,20.753059409756446,221,Cubic,AB3,0.0,False,True,True,True,
mp-aaaaaakg,Zr2Pd,Pd1-Zr2,Pd-Zr,Pd;Zr,2,3,49.979,123.894,7.862891216931832,139,Tetragonal,AB2,0.0,False,True,True,True,
mp-aaaaaako,Nb5Sb4,Nb5-Sb4,Nb-Sb,Nb;Sb,2,9,54.863,96.984,8.115968916782164,87,Tetragonal,A4B5,0.0,False,False,False,True,Nb
mp-aaaaaakq,TbNi2,Ni2-Tb1,Ni-Tb,Ni;Tb,2,6,45.523,119.456,9.881179454619177,227,Cubic,AB2,0.0,False,True,True,True,
mp-aaaaaakt,LiIr,Ir1-Li1,Ir-Li,Ir;Li,2,2,68.118,141.786,12.13879447919692,187,Hexagonal,AB,0.0,False,True,True,True,
mp-aaaaaaky,AlCo,Al1-Co1,Al-Co,Al;Co,2,2,123.627,178.781,6.148153695820497,221,Cubic,AB,0.0,False,True,True,True,
mp-aaaaaalf,TiOs,Os1-Ti1,Os-Ti,Os;Ti,2,2,130.443,248.343,13.316334443435181,221,Cubic,AB,0.0,False,True,True,True,
mp-aaaaaalg,V3As,As1-V3,As-V,As;V,2,8,111.483,195.129,7.125886275863651,223,Cubic,AB3,0.0,False,False,False,True,As
mp-aaaaaalj,HoAs,As1-Ho1,As-Ho,As;Ho,2,2,53.503,77.463,8.166199304487233,225,Cubic,AB,0.0,False,False,False,True,As
mp-aaaaaalo,YbPt3,Pt3-Yb1,Pt-Yb,Pt;Yb,2,4,68.3,158.564,18.70711828992096,221,Cubic,AB3,0.0,False,True,True,True,
mp-aaaaaalr,BaZn5,Ba1-Zn5,Ba-Zn,Ba;Zn,2,12,27.225,47.618,6.236709968715064,63,Orthorhombic,AB5,0.0,False,True,True,True,
mp-aaaaaalt,TiFe,Fe1-Ti1,Fe-Ti,Fe;Ti,2,2,94.979,198.715,6.674992799386246,221,Cubic,AB,0.0,False,True,True,True,
mp-aaaaaalx,ThAg2,Ag2-Th1,Ag-Th,Ag;Th,2,3,36.124,83.938,10.609190469186139,191,Hexagonal,AB2,0.0,False,True,True,True,
mp-aaaaaamc,Th3Ge2,Ge2-Th3,Ge-Th,Ge;Th,2,10,46.181,85.628,10.494994367985576,127,Tetragonal,A2B3,0.0,False,True,True,True,
mp-aaaaaame,MnV,Mn1-V1,Mn-V,Mn;V,2,2,120.425,243.086,7.408718699020009,221,Cubic,AB,0.0,False,True,True,True,
mp-aaaaaamf,SnRh,Rh1-Sn1,Rh-Sn,Rh;Sn,2,8,54.997,140.398,10.387340526833471,198,Cubic,AB,0.0,False,True,True,True,
mp-aaaaaamg,SrIr2,Ir2-Sr1,Ir-Sr,Ir;Sr,2,6,51.052,146.445,13.417280981899317,227,Cubic,AB2,0.0,False,True,True,True,
mp-aaaaaamh,Sm2Tl,Sm2-Tl1,Sm-Tl,Sm;Tl,2,6,18.805,48.346,9.2093510613634,194,Hexagonal,AB2,0.01396285777777262,False,True,True,True,
mp-aaaaaamj,RhPb2,Pb2-Rh1,Pb-Rh,Pb;Rh,2,6,28.256,80.123,12.459512544877887,140,Tetragonal,AB2,0.008055188333329966,False,True,True,True,
mp-aaaaaamq,Zr2Ni,Ni1-Zr2,Ni-Zr,Ni;Zr,2,6,20.086,117.807,7.184340510205428,140,Tetragonal,AB2,0.0,False,True,True,True,
mp-aaaaaamt,ScAl,Al1-Sc1,Al-Sc,Al;Sc,2,2,43.156,78.486,3.093671883130111,221,Cubic,AB,0.0,False,True,True,True,
mp-aaaaaamx,BaGa4,Ba1-Ga4,Ba-Ga,Ba;Ga,2,5,29.226,47.617,5.932681871777544,139,Tetragonal,AB4,0.0,False,False,False,True,Ga
mp-aaaaaane,SmTe,Sm1-Te1,Sm-Te,Sm;Te,2,2,21.954,60.983,7.428530810291352,225,Cubic,AB,0.0,False,False,False,True,Te
mp-aaaaaank,TmPd,Pd1-Tm1,Pd-Tm,Pd;Tm,2,2,38.402,97.651,10.976300451715387,221,Cubic,AB,0.0,False,True,True,True,
mp-aaaaaanm,Zr5Te4,Te4-Zr5,Te-Zr,Te;Zr,2,9,35.885,68.334,6.991591966762762,87,Tetragonal,A4B5,0.0,False,False,False,True,Te
mp-aaaaaant,SmPd3,Pd3-Sm1,Pd-Sm,Pd;Sm,2,4,50.999,120.483,10.692427197213682,221,Cubic,AB3,0.0,False,True,True,True,
mp-aaaaaanz,NbGe2,Ge2-Nb1,Ge-Nb,Ge;Nb,2,9,108.792,144.24,7.9638312737463846,180,Hexagonal,AB2,0.0,False,False,False,True,Nb
mp-aaaaaaoa,AlRh,Al1-Rh1,Al-Rh,Al;Rh,2,2,98.81,194.408,7.936172177606429,221,Cubic,AB,0.0,False,True,True,True,
mp-aaaaaaoi,VPt3,Pt3-V1,Pt-V,Pt;V,2,4,109.303,237.489,17.469055670405353,221,Cubic,AB3,0.0,False,True,True,True,
mp-aaaaaaom,PrSn3,Pr1-Sn3,Pr-Sn,Pr;Sn,2,4,17.281,56.073,7.465017271464715,221,Cubic,AB3,0.0,False,True,True,True,
mp-aaaaaaon,LuRh,Lu1-Rh1,Lu-Rh,Lu;Rh,2,2,52.59,122.628,12.195445889663057,221,Cubic,AB,0.0,False,True,True,True,
mp-aaaaaapc,U3Sb4,Sb4-U3,Sb-U,Sb;U,2,14,32.637,75.787,10.540251159702029,220,Cubic,A3B4,0.004847165714281232,False,True,True,True,
mp-aaaaaapf,ZrAl3,Al3-Zr1,Al-Zr,Al;Zr,2,8,84.766,102.705,4.085078131765229,139,Tetragonal,AB3,0.0,False,True,True,True,
mp-aaaaaaph,KCd13,Cd13-K1,Cd-K,Cd;K,2,28,24.319,38.647,7.097037825188664,226,Cubic,AB13,0.0,False,True,True,True,
mp-aaaaaapi,ErGa3,Er1-Ga3,Er-Ga,Er;Ga,2,4,44.73,73.646,8.154747888003142,221,Cubic,AB3,0.020147778749997514,False,False,False,True,Ga
mp-aaaaaapj,Te2Pt,Pt1-Te2,Pt-Te,Pt;Te,2,3,28.839,45.176,9.61197932787626,164,Trigonal,AB2,0.0,False,False,False,True,Te
mp-aaaaaapk,NdAl2,Al2-Nd1,Al-Nd,Al;Nd,2,6,47.046,72.11,5.05681247296989,227,Cubic,AB2,0.0,False,True,True,True,
mp-aaaaaapo,MnTe,Mn1-Te1,Mn-Te,Mn;Te,2,4,23.548000000000002,46.771,6.588640814305404,194,Hexagonal,AB,0.010232496767240917,False,False,False,True,Te
mp-aaaaaapu,YbPt2,Pt2-Yb1,Pt-Yb,Pt;Yb,2,6,61.282,141.375,16.646513683568195,227,Cubic,AB2,0.0646923945833322,False,True,True,True,
mp-aaaaaaqa,Cr3Os,Cr3-Os1,Cr-Os,Cr;Os,2,8,116.816,279.999,11.448966518872822,223,Cubic,AB3,0.22418504125000283,False,False,False,True,Cr
mp-aaaaaaqb,MnRh,Mn1-Rh1,Mn-Rh,Mn;Rh,2,2,85.073,183.708,9.310960019071299,221,Cubic,AB,0.0,False,True,True,True,
mp-aaaaaaqh,GePd2,Ge1-Pd2,Ge-Pd,Ge;Pd,2,9,42.417,152.76,10.191568540244704,189,Hexagonal,AB2,0.0,False,True,True,True,
mp-aaaaaaql,FeAs,As1-Fe1,As-Fe,As;Fe,2,8,85.376,160.334,8.09486893733874,62,Orthorhombic,AB,0.0,False,False,False,True,As
mp-aaaaaaqm,PrMg3,Mg3-Pr1,Mg-Pr,Mg;Pr,2,4,27.868,38.445,3.441524136867978,225,Cubic,AB3,0.0,False,True,True,True,
mp-aaaaaaqn,ZnNi,Ni1-Zn1,Ni-Zn,Ni;Zn,2,2,62.202,144.695,8.484624735581676,123,Tetragonal,AB,0.0,False,True,True,True,
mp-aaaaaaqq,NbRu,Nb1-Ru1,Nb-Ru,Nb;Ru,2,2,50.729,234.476,9.95510018365217,123,Tetragonal,AB,0.03546085833333379,False,False,False,True,Nb
mp-aaaaaaqr,DyAl,Al1-Dy1,Al-Dy,Al;Dy,2,16,42.112,64.494,6.707862362509233,57,Orthorhombic,AB,0.0,False,True,True,True,
mp-aaaaaaqt,ThSn3,Sn3-Th1,Sn-Th,Sn;Th,2,4,30.84,68.417,9.040803414137578,221,Cubic,AB3,0.01882185624999977,False,True,True,True,
mp-aaaaaaqu,SmRh,Rh1-Sm1,Rh-Sm,Rh;Sm,2,2,26.534,101.019,9.755078059131344,221,Cubic,AB,0.0,False,True,True,True,
mp-aaaaaaqv,MgAu,Au1-Mg1,Au-Mg,Au;Mg,2,2,25.035,81.405,10.140193338199815,221,Cubic,AB,0.0,False,True,True,True,
mp-aaaaaarb,CaAu2,Au2-Ca1,Au-Ca,Au;Ca,2,6,15.106,65.801,10.355978323626909,74,Orthorhombic,AB2,0.0,False,True,True,True,
mp-aaaaaare,Cr3Pt,Cr3-Pt1,Cr-Pt,Cr;Pt,2,8,85.42,242.7,11.394228769528544,223,Cubic,AB3,0.2470390262500004,False,False,False,True,Cr
mp-aaaaaark,CoAs3,As3-Co1,As-Co,As;Co,2,16,83.076,108.351,6.657821698292167,204,Cubic,AB3,0.0,False,False,False,True,As
mp-aaaaaarm,NaGa4,Ga4-Na1,Ga-Na,Ga;Na,2,5,22.906,39.224,4.8300413759542575,139,Tetragonal,AB4,0.0,False,False,False,True,Ga
mp-aaaaaars,PrZn,Pr1-Zn1,Pr-Zn,Pr;Zn,2,2,26.844,50.277,6.667737884117706,221,Cubic,AB,0.0,False,True,True,True,
mp-aaaaaasj,SmGa2,Ga2-Sm1,Ga-Sm,Ga;Sm,2,3,53.193,71.852,7.249477050751392,191,Hexagonal,AB2,0.0,False,False,False,True,Ga
mp-aaaaaasm,ErPt2,Er1-Pt2,Er-Pt,Er;Pt,2,6,74.793,166.753,16.43196081357624,227,Cubic,AB2,0.07351656722222799,False,True,True,True,
mp-aaaaaasn,ScPt3,Pt3-Sc1,Pt-Sc,Pt;Sc,2,4,89.795,198.156,16.20943484275696,221,Cubic,AB3,0.0,False,True,True,True,
mp-aaaaaasr,ZrNi3,Ni3-Zr1,Ni-Zr,Ni;Zr,2,8,68.767,173.5,8.346110719552192,194,Hexagonal,AB3,0.0,False,True,True,True,
mp-aaaaaasv,Ge4Ir,Ge4-Ir1,Ge-Ir,Ge;Ir,2,15,58.027,108.621,8.880706651651968,152,Trigonal,AB4,0.03372851449999814,False,True,True,True,
mp-aaaaaatb,LuGa3,Ga3-Lu1,Ga-Lu,Ga;Lu,2,4,43.84,68.978,8.486913480662428,221,Cubic,AB3,0.0,False,False,False,True,Ga
mp-aaaaaatu,HfZn2,Hf1-Zn2,Hf-Zn,Hf;Zn,2,6,59.457,110.274,10.32226359224468,227,Cubic,AB2,0.0,False,True,True,True,
mp-aaaaaatw,LuSb,Lu1-Sb1,Lu-Sb,Lu;Sb,2,2,36.872,63.1,8.681439591234794,225,Cubic,AB,0.0,False,True,True,True,
mp-aaaaaauc,CuAu,Au1-Cu1,Au-Cu,Au;Cu,2,2,31.3,138.201,14.294772290313793,123,Tetragonal,AB,0.0,False,True,True,True,
mp-aaaaaauh,BaCd,Ba1-Cd1,Ba-Cd,Ba;Cd,2,2,12.119,19.668,5.297293515559691,221,Cubic,AB,0.0,False,True,True,True,
mp-aaaaaaus,CaAg,Ag1-Ca1,Ag-Ca,Ag;Ca,2,4,13.005,34.318,4.476441133406692,63,Orthorhombic,AB,0.0,False,True,True,True,
mp-aaaaaauv,Ta3Sb,Sb1-Ta3,Sb-Ta,Sb;Ta,2,8,85.474,187.381,14.805194091354947,223,Cubic,AB3,0.0,False,True,True,True,
mp-aaaaaauw,SrHg,Hg1-Sr1,Hg-Sr,Hg;Sr,2,2,14.296,27.259,7.340557974984807,221,Cubic,AB,0.0,False,False,False,True,Hg
mp-aaaaaava,HoRh2,Ho1-Rh2,Ho-Rh,Ho;Rh,2,6,61.943,156.517,11.46626296048597,227,Cubic,AB2,0.0,False,True,True,True,
mp-aaaaaavc,NbCr2,Cr2-Nb1,Cr-Nb,Cr;Nb,2,6,57.068,228.632,7.767503593001271,227,Cubic,AB2,0.1547782033333327,False,False,False,True,Cr;Nb
mp-aaaaaavd,ScSb,Sb1-Sc1,Sb-Sc,Sb;Sc,2,2,33.538,65.333,5.409061439949249,225,Cubic,AB,0.0,False,True,True,True,
mp-aaaaaave,Al12Mo,Al12-Mo1,Al-Mo,Al;Mo,2,13,58.772,91.875,3.195554067831494,204,Cubic,AB12,0.014142691923076711,False,True,True,True,
mp-aaaaaavf,BaAl2,Al2-Ba1,Al-Ba,Al;Ba,2,6,31.802,42.631,4.079686515696445,227,Cubic,AB2,0.04432060651515091,False,True,True,True,
mp-aaaaaavk,ZrNi,Ni1-Zr1,Ni-Zr,Ni;Zr,2,4,38.253,139.087,7.349450320377713,63,Orthorhombic,AB,0.0,False,True,True,True,
mp-aaaaaavn,YPd3,Pd3-Y1,Pd-Y,Pd;Y,2,4,48.346,124.541,9.550834883184134,221,Cubic,AB3,0.0,False,True,True,True,
mp-aaaaaavo,TmAu2,Au2-Tm1,Au-Tm,Au;Tm,2,3,45.148,105.164,15.070678914965752,139,Tetragonal,AB2,0.0,False,True,True,True,
mp-aaaaaavq,Sb2Pt,Pt1-Sb2,Pt-Sb,Pt;Sb,2,12,55.904,105.593,10.365243271594709,205,Cubic,AB2,0.0,False,True,True,True,
mp-aaaaaavs,TePd,Pd1-Te1,Pd-Te,Pd;Te,2,4,19.279,97.958,8.78276617936758,194,Hexagonal,AB,0.0,False,False,False,True,Te
mp-aaaaaavt,Sn2Rh,Rh1-Sn2,Rh-Sn,Rh;Sn,2,6,50.824,107.752,9.263613809737663,140,Tetragonal,AB2,0.04618277416666672,False,True,True,True,
mp-aaaaaavw,TiSb2,Sb2-Ti1,Sb-Ti,Sb;Ti,2,6,54.473,89.181,7.370765956548398,140,Tetragonal,AB2,0.0,False,True,True,True,
mp-aaaaaavy,NdTe,Nd1-Te1,Nd-Te,Nd;Te,2,2,21.328,58.456,7.001526193542276,225,Cubic,AB,0.0,False,False,False,True,Te
mp-aaaaaawa,SmCd,Cd1-Sm1,Cd-Sm,Cd;Sm,2,2,18.597,51.061,7.823543597377404,221,Cubic,AB,0.0,False,True,True,True,
mp-aaaaaawc,Ta2Co,Co1-Ta2,Co-Ta,Co;Ta,2,6,78.733,213.632,14.930912388789398,140,Tetragonal,AB2,0.0,False,True,True,True,
mp-aaaaaawg,GaAg2,Ag2-Ga1,Ag-Ga,Ag;Ga,2,9,21.947,82.611,9.032164795617684,189,Hexagonal,AB2,0.0,False,False,False,True,Ga
mp-aaaaaawk,CeIr2,Ce1-Ir2,Ce-Ir,Ce;Ir,2,6,73.319,195.743,15.681436972007965,227,Cubic,AB2,0.0,False,False,False,True,Ce
mp-aaaaaaws,NiAs,As1-Ni1,As-Ni,As;Ni,2,4,43.793,117.218,7.62359461664738,194,Hexagonal,AB,0.007765813125001131,False,False,False,True,As
mp-aaaaaawu,TiRu,Ru1-Ti1,Ru-Ti,Ru;Ti,2,2,108.631,215.387,8.416939273883953,221,Cubic,AB,0.0,False,True,True,True,
mp-aaaaaawz,TiNi,Ni1-Ti1,Ni-Ti,Ni;Ti,2,18,38.641,151.359,6.479381005149227,157,Trigonal,AB,0.022700761666666125,False,True,True,True,
mp-aaaaaaxf,Be2Ag,Ag1-Be2,Ag-Be,Ag;Be,2,6,84.594,125.633,6.313954265041012,227,Cubic,AB2,0.02972060444444491,False,True,True,True,
mp-aaaaaaxi,U3As4,As4-U3,As-U,As;U,2,14,49.726,100.456,10.94906138240534,220,Cubic,A3B4,0.0,False,False,False,True,As
mp-aaaaaaxk,TiCo3,Co3-Ti1,Co-Ti,Co;Ti,2,4,94.374,142.93,8.10939865872226,221,Cubic,AB3,0.04045357499999902,False,True,True,True,
mp-aaaaaaxp,Te2Pd3,Pd3-Te2,Pd-Te,Pd;Te,2,10,25.081,106.336,9.429448854508244,63,Orthorhombic,A2B3,0.0,False,False,False,True,Te
mp-aaaaaaxr,YMg,Mg1-Y1,Mg-Y,Mg;Y,2,2,20.773,41.771,3.416787804868804,221,Cubic,AB,0.0,False,True,True,True,
mp-aaaaaaxz,HgPt,Hg1-Pt1,Hg-Pt,Hg;Pt,2,2,27.186,143.364,18.001006402482542,123,Tetragonal,AB,0.11571423750000065,False,False,False,True,Hg
mp-aaaaaayb,Mg3Ru2,Mg3-Ru2,Mg-Ru,Mg;Ru,2,20,52.226,105.762,5.4077151715460055,213,Cubic,A2B3,0.0,False,True,True,True,
mp-aaaaaaye,Zr2Co,Co1-Zr2,Co-Zr,Co;Zr,2,6,23.228,110.323,7.198485993532751,140,Tetragonal,AB2,0.04368050166666748,False,True,True,True,
mp-aaaaaayj,LaSn3,La1-Sn3,La-Sn,La;Sn,2,4,23.894,56.392,7.359791285136782,221,Cubic,AB3,0.0,False,True,True,True,
mp-aaaaaayl,ScRh3,Rh3-Sc1,Rh-Sc,Rh;Sc,2,4,84.21,185.005,9.600968787002467,221,Cubic,AB3,0.0,False,True,True,True,
mp-aaaaaayo,SrZn5,Sr1-Zn5,Sr-Zn,Sr;Zn,2,6,24.166,52.276,5.997856886667001,191,Hexagonal,AB5,0.024680062499999877,False,True,True,True,
mp-aaaaaayw,PrCd,Cd1-Pr1,Cd-Pr,Cd;Pr,2,2,19.44,47.806,7.151884703079427,221,Cubic,AB,0.0,False,True,True,True,
mp-aaaaaayz,FePt3,Fe1-Pt3,Fe-Pt,Fe;Pt,2,4,110.344,263.838,18.27901807725866,221,Cubic,AB3,0.0,False,True,True,True,
mp-aaaaaaza,Be5Pd,Be5-Pd1,Be-Pd,Be;Pd,2,6,131.95,142.084,4.668761050788716,216,Cubic,AB5,0.0,False,True,True,True,
mp-aaaaaazh,YbZn2,Yb1-Zn2,Yb-Zn,Yb;Zn,2,6,21.379,47.078,8.168476157006696,74,Orthorhombic,AB2,0.0,False,True,True,True,
mp-aaaaaazn,NdGe,Ge1-Nd1,Ge-Nd,Ge;Nd,2,4,47.984,71.314,7.08102260207511,63,Orthorhombic,AB,0.0,False,True,True,True,
mp-aaaaaazs,PrGa2,Ga2-Pr1,Ga-Pr,Ga;Pr,2,3,52.941,69.061,6.680458509813368,191,Hexagonal,AB2,0.0,False,False,False,True,Ga
mp-aaaaaazt,ThAl2,Al2-Th1,Al-Th,Al;Th,2,3,60.691,86.769,6.756247367149115,191,Hexagonal,AB2,0.0,False,True,True,True,
mp-aaaaaazx,HoNi2,Ho1-Ni2,Ho-Ni,Ho;Ni,2,6,47.113,124.103,10.2610634814994,227,Cubic,AB2,0.0,False,True,True,True,
mp-aaaaaazy,LaPd3,La1-Pd3,La-Pd,La;Pd,2,4,45.919,109.965,10.012697276245573,221,Cubic,AB3,0.0,False,True,True,True,
mp-aaaaaazz,ZrW2,W2-Zr1,W-Zr,W;Zr,2,6,87.007,213.964,13.514538099610526,227,Cubic,AB2,0.0,False,True,True,True,
mp-aaaaabar,Pr3Tl,Pr3-Tl1,Pr-Tl,Pr;Tl,2,4,15.285,40.884,8.138009201340509,221,Cubic,AB3,0.013996960277779635,False,True,True,True,
mp-aaaaabbg,LaAs,As1-La1,As-La,As;La,2,2,39.976,66.566,5.971150418448283,225,Cubic,AB,0.0,False,False,False,True,As
mp-aaaaabbk,YCu,Cu1-Y1,Cu-Y,Cu;Y,2,2,31.833,70.25,5.9562571015474095,221,Cubic,AB,0.018895730000000555,False,True,True,True,
mp-aaaaabbn,ZrIr2,Ir2-Zr1,Ir-Zr,Ir;Zr,2,6,126.396,245.659,15.356339528294711,227,Cubic,AB2,0.07824746874999988,False,True,True,True,
mp-aaaaabbq,SnPd3,Pd3-Sn1,Pd-Sn,Pd;Sn,2,4,54.511,145.871,10.973374677197784,221,Cubic,AB3,0.0,False,True,True,True,
mp-aaaaabbt,TbCd,Cd1-Tb1,Cd-Tb,Cd;Tb,2,2,22.082,54.797,8.43678950356543,221,Cubic,AB,0.0,False,True,True,True,
mp-aaaaabca,Li2Pd,Li2-Pd1,Li-Pd,Li;Pd,2,3,21.97,50.698,4.690511115572099,191,Hexagonal,AB2,0.0,False,True,True,True,
mp-aaaaabcd,Mg3Hg,Hg1-Mg3,Hg-Mg,Hg;Mg,2,8,17.515,42.628,5.059674875750539,194,Hexagonal,AB3,0.017357135000001023,False,False,False,True,Hg
mp-aaaaabck,Sb2Au,Au1-Sb2,Au-Sb,Au;Sb,2,12,23.812,72.555,9.343478706624339,205,Cubic,AB2,0.0,False,True,True,True,
mp-aaaaabco,Ti2Cu,Cu1-Ti2,Cu-Ti,Cu;Ti,2,3,54.059,130.928,5.691997263447464,139,Tetragonal,AB2,0.0,False,True,True,True,
mp-aaaaabcr,ThMg2,Mg2-Th1,Mg-Th,Mg;Th,2,6,18.428,50.194,5.958973589599124,227,Cubic,AB2,0.027712816666669138,False,True,True,True,
mp-aaaaabct,BaPt2,Ba1-Pt2,Ba-Pt,Ba;Pt,2,6,39.324,103.144,13.266886896521306,227,Cubic,AB2,0.0,False,True,True,True,
mp-aaaaabda,Te2Rh,Rh1-Te2,Rh-Te,Rh;Te,2,12,48.854,95.422,8.513789557010899,205,Cubic,AB2,0.00042953583333371625,False,False,False,True,Te
mp-aaaaabdb,CoSb2,Co1-Sb2,Co-Sb,Co;Sb,2,12,63.743,98.829,8.191004472413159,14,Monoclinic,AB2,0.030628977777777067,False,True,True,True,
mp-aaaaabdc,TbAl2,Al2-Tb1,Al-Tb,Al;Tb,2,6,56.275,79.498,5.7553389081296995,227,Cubic,AB2,0.0,False,True,True,True,
mp-aaaaabdf,La2Sb,La2-Sb1,La-Sb,La;Sb,2,6,28.914,49.613,6.717893586845811,139,Tetragonal,AB2,0.0,False,True,True,True,
mp-aaaaabdn,Yb3Ge5,Ge5-Yb3,Ge-Yb,Ge;Yb,2,8,34.758,43.833,8.112753760852465,189,Hexagonal,A3B5,0.0,False,True,True,True,
mp-aaaaabdo,TmAl3,Al3-Tm1,Al-Tm,Al;Tm,2,4,59.643,77.938,5.513244893929286,221,Cubic,AB3,0.001857505000000259,False,True,True,True,
mp-aaaaabdr,MnAl,Al1-Mn1,Al-Mn,Al;Mn,2,2,80.027,122.529,5.138247214622625,123,Tetragonal,AB,0.0,False,True,True,True,
mp-aaaaabdu,CaNi5,Ca1-Ni5,Ca-Ni,Ca;Ni,2,6,63.525,115.071,6.654003903883638,191,Hexagonal,AB5,0.0004997670833333245,False,True,True,True,
mp-aaaaabdw,LaCd,Cd1-La1,Cd-La,Cd;La,2,2,17.494,45.631,6.806236211078635,221,Cubic,AB,0.0,False,True,True,True,
mp-aaaaabec,Te2Pd,Pd1-Te2,Pd-Te,Pd;Te,2,3,17.97,53.053,7.91017529595153,164,Trigonal,AB2,0.0,False,False,False,True,Te
mp-aaaaabeg,MnSb,Mn1-Sb1,Mn-Sb,Mn;Sb,2,4,41.61,56.824,7.209994980016389,194,Hexagonal,AB,0.0,False,True,True,True,
mp-aaaaabei,CoTe,Co1-Te1,Co-Te,Co;Te,2,4,50.317,113.699,8.82955185310621,194,Hexagonal,AB,0.09038063124999951,False,False,False,True,Te
mp-aaaaabek,LuPt3,Lu1-Pt3,Lu-Pt,Lu;Pt,2,4,79.492,182.998,18.58982728280501,221,Cubic,AB3,0.0,False,True,True,True,
mp-aaaaaber,DyPd3,Dy1-Pd3,Dy-Pd,Dy;Pd,2,4,48.329,127.136,11.365879824219007,221,Cubic,AB3,0.0,False,True,True,True,
mp-aaaaabev,Mo3Os,Mo3-Os1,Mo-Os,Mo;Os,2,8,122.068,290.754,12.667069117984523,223,Cubic,AB3,0.0017573587499981613,False,True,True,True,
mp-aaaaabfe,NiSb,Ni1-Sb1,Ni-Sb,Ni;Sb,2,4,50.253,108.123,8.497412337326852,194,Hexagonal,AB,0.0,False,True,True,True,
mp-aaaaabff,BaPt5,Ba1-Pt5,Ba-Pt,Ba;Pt,2,6,62.266,147.734,15.431977413964361,191,Hexagonal,AB5,0.0,False,True,True,True,
mp-aaaaabfl,TmTl3,Tl3-Tm1,Tl-Tm,Tl;Tm,2,4,17.128,46.269,12.014187507490515,221,Cubic,AB3,0.0,False,True,True,True,
mp-aaaaabfn,HfCr2,Cr2-Hf1,Cr-Hf,Cr;Hf,2,6,66.783,188.948,10.511598829998096,227,Cubic,AB2,0.08468114333333077,False,False,False,True,Cr
mp-aaaaabfr,TiCo,Co1-Ti1,Co-Ti,Co;Ti,2,2,68.061,351.113,6.668526452727842,221,Cubic,AB,0.0,False,True,True,True,
mp-aaaaabfx,AlPd,Al1-Pd1,Al-Pd,Al;Pd,2,2,52.682,155.221,7.596789877237667,221,Cubic,AB,0.037793284999999344,False,True,True,True,
mp-aaaaabga,HoPd,Ho1-Pd1,Ho-Pd,Ho;Pd,2,2,35.725,94.522,10.528086080169205,221,Cubic,AB,0.028122391250001044,False,True,True,True,
mp-aaaaabgb,CaPd2,Ca1-Pd2,Ca-Pd,Ca;Pd,2,6,38.03,93.613,7.202015108522088,227,Cubic,AB2,0.0,False,True,True,True,
mp-aaaaabge,TbZn,Tb1-Zn1,Tb-Zn,Tb;Zn,2,2,23.228,57.624,8.091071993271385,221,Cubic,AB,0.0,False,True,True,True,
mp-aaaaabgg,Cu3Sn,Cu3-Sn1,Cu-Sn,Cu;Sn,2,4,18.618,149.365,8.741344577716932,225,Cubic,AB3,0.0735731599999987,False,True,True,True,
mp-aaaaabgh,V3Au,Au1-V3,Au-V,Au;V,2,8,75.505,186.748,9.995421143280897,223,Cubic,AB3,0.0,False,True,True,True,
mp-aaaaabgi,SmRh2,Rh2-Sm1,Rh-Sm,Rh;Sm,2,6,55.461,146.007,10.635938395764107,227,Cubic,AB2,0.0,False,True,True,True,
mp-aaaaabgk,CaPt2,Ca1-Pt2,Ca-Pt,Ca;Pt,2,6,58.912,132.905,12.398189198659455,227,Cubic,AB2,0.0,False,True,True,True,
mp-aaaaabgo,Hf2Al3,Al3-Hf2,Al-Hf,Al;Hf,2,10,68.632,114.235,7.972138305712694,43,Orthorhombic,A2B3,0.014650736999996639,False,True,True,True,
mp-aaaaabgs,ScNi2,Ni2-Sc1,Ni-Sc,Ni;Sc,2,6,61.092,142.02,6.505116718045964,227,Cubic,AB2,0.0,False,True,True,True,
mp-aaaaabgt,ErPd,Er1-Pd1,Er-Pd,Er;Pd,2,2,37.403,95.906,10.758789038539364,221,Cubic,AB,0.0,False,True,True,True,
mp-aaaaabgv,ErNi5,Er1-Ni5,Er-Ni,Er;Ni,2,6,74.924,151.736,9.436445403415739,191,Hexagonal,AB5,0.0,False,True,True,True,
mp-aaaaabgx,MgBe13,Be13-Mg1,Be-Mg,Be;Mg,2,28,104.389,99.848,1.827838207610219,226,Cubic,AB13,0.0005214846428569508,False,True,True,True,
mp-aaaaabha,TmAl2,Al2-Tm1,Al-Tm,Al;Tm,2,6,60.864,83.144,6.242120075713042,227,Cubic,AB2,0.0,False,True,True,True,
mp-aaaaabhd,Hf2Ni,Hf2-Ni1,Hf-Ni,Hf;Ni,2,6,19.409,140.732,12.797627616975836,140,Tetragonal,AB2,0.013278753333331395,False,True,True,True,
mp-aaaaabhj,ErCd,Cd1-Er1,Cd-Er,Cd;Er,2,2,29.491,59.501,9.026660027601302,221,Cubic,AB,0.0,False,True,True,True,
mp-aaaaabhl,TaAl3,Al3-Ta1,Al-Ta,Al;Ta,2,4,103.376,132.414,6.8137757530194385,139,Tetragonal,AB3,0.0,False,True,True,True,
mp-aaaaabho,BaSn,Ba1-Sn1,Ba-Sn,Ba;Sn,2,4,16.162,28.386,5.240158907755283,63,Orthorhombic,AB,0.0,False,True,True,True,
mp-aaaaabhp,VPd3,Pd3-V1,Pd-V,Pd;V,2,4,75.46,190.816,10.426546341971374,139,Tetragonal,AB3,0.008876747500000448,False,True,True,True,
mp-aaaaabhr,AlOs,Al1-Os1,Al-Os,Al;Os,2,2,124.889,236.689,13.103750177861885,221,Cubic,AB,0.012587037500004783,False,True,True,True,
mp-aaaaabht,Er2In,Er2-In1,Er-In,Er;In,2,6,27.494,55.971,9.009614364937496,194,Hexagonal,AB2,0.0,False,True,True,True,
mp-aaaaabhv,La3Te4,La3-Te4,La-Te,La;Te,2,14,25.245,50.175,6.776837860068731,220,Cubic,A3B4,0.0,False,False,False,True,Te
mp-aaaaabhx,NpSn3,Np1-Sn3,Np-Sn,Np;Sn,2,4,16.852,54.061,9.652667950953948,221,Cubic,AB3,0.0,False,False,False,True,Np
mp-aaaaabie,CaAs,As1-Ca1,As-Ca,As;Ca,2,12,28.543,46.134,3.5669927905468493,189,Hexagonal,AB,0.0,False,False,False,True,As
mp-aaaaabig,NdIr2,Ir2-Nd1,Ir-Nd,Ir;Nd,2,6,78.105,183.307,15.386859841907368,227,Cubic,AB2,0.0,False,True,True,True,
mp-aaaaabih,TaNi3,Ni3-Ta1,Ni-Ta,Ni;Ta,2,8,82.317,218.124,11.943482966642538,59,Orthorhombic,AB3,0.0036788531250024903,False,True,True,True,
mp-aaaaabii,ScPt,Pt1-Sc1,Pt-Sc,Pt;Sc,2,2,37.91,137.028,11.025013471159332,221,Cubic,AB,0.0,False,True,True,True,
mp-aaaaabik,ZnPt,Pt1-Zn1,Pt-Zn,Pt;Zn,2,2,64.5,174.196,14.739108164538099,123,Tetragonal,AB,0.0,False,True,True,True,
mp-aaaaabio,HoAl3,Al3-Ho1,Al-Ho,Al;Ho,2,20,56.689,76.254,5.319144630686218,166,Trigonal,AB3,0.008098918750000905,False,True,True,True,
mp-aaaaabis,BaZn,Ba1-Zn1,Ba-Zn,Ba;Zn,2,2,14.528,20.356,4.813250947781161,221,Cubic,AB,0.0035235766666672497,False,True,True,True,
mp-aaaaabit,ZrCr2,Cr2-Zr1,Cr-Zr,Cr;Zr,2,6,54.434,180.27,7.103857834991158,227,Cubic,AB2,0.168987378333334,False,False,False,True,Cr
mp-aaaaabjc,LaPt2,La1-Pt2,La-Pt,La;Pt,2,6,60.396,143.888,14.430375806030547,227,Cubic,AB2,0.015555871923076836,False,True,True,True,
mp-aaaaabjf,YCd,Cd1-Y1,Cd-Y,Cd;Y,2,2,28.662,56.99,6.298933505239648,221,Cubic,AB,0.0,False,True,True,True,
mp-aaaaabjj,HoTe,Ho1-Te1,Ho-Te,Ho;Te,2,2,20.766,65.126,8.422062227234305,225,Cubic,AB,0.0,False,False,False,True,Te
mp-aaaaabjl,YRh2,Rh2-Y1,Rh-Y,Rh;Y,2,6,61.818,152.291,9.004706709233469,227,Cubic,AB2,0.0,False,True,True,True,
mp-aaaaabjm,CoPt3,Co1-Pt3,Co-Pt,Co;Pt,2,4,87.071,227.99,18.157260215739782,221,Cubic,AB3,0.0,False,True,True,True,
mp-aaaaabjw,ScGa3,Ga3-Sc1,Ga-Sc,Ga;Sc,2,4,45.318,73.065,6.0284195730703,221,Cubic,AB3,0.0,False,False,False,True,Ga
mp-aaaaabjx,YAs,As1-Y1,As-Y,As;Y,2,2,50.989,75.352,5.473713284491647,225,Cubic,AB,0.0,False,False,False,True,As
mp-aaaaabka,Hg4Pt,Hg4-Pt1,Hg-Pt,Hg;Pt,2,5,30.648,60.904,12.677990477486082,229,Cubic,AB4,0.0,False,False,False,True,Hg
mp-aaaaabkj,NiPt,Ni1-Pt1,Ni-Pt,Ni;Pt,2,2,93.38,216.646,15.629114364798768,123,Tetragonal,AB,0.0,False,True,True,True,
mp-aaaaabkk,PrIr2,Ir2-Pr1,Ir-Pr,Ir;Pr,2,6,75.41,179.692,15.126522717399029,227,Cubic,AB2,0.0,False,True,True,True,
mp-aaaaabkm,ZnTe,Te1-Zn1,Te-Zn,Te;Zn,2,2,20.206,53.63,6.648048072705211,225,Cubic,AB,0.28855208500000007,False,False,False,True,Te
mp-aaaaabkn,CoPt,Co1-Pt1,Co-Pt,Co;Pt,2,2,108.106,218.25,15.561428330602714,123,Tetragonal,AB,0.0,False,True,True,True,
mp-aaaaabko,NaZn13,Na1-Zn13,Na-Zn,Na;Zn,2,28,47.603,64.356,6.23648302279851,226,Cubic,AB13,0.0,False,True,True,True,
mp-aaaaabkp,CeRh2,Ce1-Rh2,Ce-Rh,Ce;Rh,2,6,49.52,144.079,10.501568384534231,227,Cubic,AB2,0.0,False,False,False,True,Ce
mp-aaaaabkq,MoPt2,Mo1-Pt2,Mo-Pt,Mo;Pt,2,3,138.285,271.801,17.381701646652527,71,Orthorhombic,AB2,0.0,False,True,True,True,
mp-aaaaabkr,NbZn3,Nb1-Zn3,Nb-Zn,Nb;Zn,2,4,74.397,118.284,7.807004811020564,221,Cubic,AB3,0.0,False,False,False,True,Nb
mp-aaaaabkx,LaAl3,Al3-La1,Al-La,Al;La,2,8,41.255,61.963,4.083675617220186,194,Hexagonal,AB3,0.0,False,True,True,True,
mp-aaaaablp,LuIn3,In3-Lu1,In-Lu,In;Lu,2,4,25.507,54.557,8.779052812342602,221,Cubic,AB3,0.0,False,True,True,True,
mp-aaaaablr,ZrSb2,Sb2-Zr1,Sb-Zr,Sb;Zr,2,24,49.955,81.547,7.420787614222723,58,Orthorhombic,AB2,0.0,False,True,True,True,
mp-aaaaablu,TmPd3,Pd3-Tm1,Pd-Tm,Pd;Tm,2,4,50.923,132.296,11.760986670020584,221,Cubic,AB3,0.0,False,True,True,True,
mp-aaaaablx,TmCu,Cu1-Tm1,Cu-Tm,Cu;Tm,2,2,28.832,74.896,9.637850389221432,221,Cubic,AB,0.0,False,True,True,True,
mp-aaaaably,CeZn,Ce1-Zn1,Ce-Zn,Ce;Zn,2,2,21.92,35.292,7.182641204072079,221,Cubic,AB,0.02931775500000189,False,False,False,True,Ce
mp-aaaaablz,ZnCu,Cu1-Zn1,Cu-Zn,Cu;Zn,2,2,45.918,116.179,8.179279584841074,221,Cubic,AB,0.0,False,True,True,True,
mp-aaaaabmc,HoAu2,Au2-Ho1,Au-Ho,Au;Ho,2,3,40.982,100.832,14.651537196043455,139,Tetragonal,AB2,0.0,False,True,True,True,
mp-aaaaabme,CaGa2,Ca1-Ga2,Ca-Ga,Ca;Ga,2,3,27.803,37.61,4.288857414809392,191,Hexagonal,AB2,0.016981658333333982,False,False,False,True,Ga
mp-aaaaabmk,Al2Cu,Al2-Cu1,Al-Cu,Al;Cu,2,6,47.617,107.587,4.357723783680789,140,Tetragonal,AB2,0.04758887666666567,False,True,True,True,
mp-aaaaabmt,DySb,Dy1-Sb1,Dy-Sb,Dy;Sb,2,2,34.856,60.478,7.912213861994564,225,Cubic,AB,0.0,False,True,True,True,
mp-aaaaabna,ZrMn2,Mn2-Zr1,Mn-Zr,Mn;Zr,2,12,43.71,157.977,7.688851740437173,194,Hexagonal,AB2,0.0023527791666690945,False,True,True,True,
mp-aaaaabng,TaRh3,Rh3-Ta1,Rh-Ta,Rh;Ta,2,4,153.82,260.037,13.658618965664134,221,Cubic,AB3,0.0,False,True,True,True,
mp-aaaaabnl,ThAu2,Au2-Th1,Au-Th,Au;Th,2,3,37.338,107.422,15.006761972782558,191,Hexagonal,AB2,0.0,False,True,True,True,
mp-aaaaabnn,HfRh3,Hf1-Rh3,Hf-Rh,Hf;Rh,2,4,111.279,215.169,13.100416399854396,221,Cubic,AB3,0.0,False,True,True,True,
mp-aaaaabno,V3Te4,Te4-V3,Te-V,Te;V,2,7,32.562,49.227,6.5093147775910065,12,Monoclinic,A3B4,0.014480818857139255,False,False,False,True,Te
mp-aaaaabnr,GdCd,Cd1-Gd1,Cd-Gd,Cd;Gd,2,2,24.157,53.093,8.203991346041828,221,Cubic,AB,0.0,False,True,True,True,
mp-aaaaabnx,PrPt5,Pr1-Pt5,Pr-Pt,Pr;Pt,2,6,71.476,181.498,16.275794567759867,191,Hexagonal,AB5,0.0,False,True,True,True,
mp-aaaaabny,MgCu2,Cu2-Mg1,Cu-Mg,Cu;Mg,2,6,42.44,91.482,5.739375200121981,227,Cubic,AB2,0.0,False,True,True,True,
mp-aaaaaboe,UIr3,Ir3-U1,Ir-U,Ir;U,2,4,122.424,303.949,20.335323880896574,221,Cubic,AB3,0.0,False,True,True,True,
mp-aaaaabog,NbSn2,Nb1-Sn2,Nb-Sn,Nb;Sn,2,12,47.291,96.844,7.978719884599633,70,Orthorhombic,AB2,0.0,False,False,False,True,Nb
mp-aaaaaboi,TiNi,Ni1-Ti1,Ni-Ti,Ni;Ti,2,4,40.28,146.751,6.381026062594488,11,Monoclinic,AB,0.0,False,True,True,True,
mp-aaaaabom,NaAu2,Au2-Na1,Au-Na,Au;Na,2,6,26.679,71.011,10.940114471196473,227,Cubic,AB2,0.0,False,True,True,True,
mp-aaaaabon,NdZn,Nd1-Zn1,Nd-Zn,Nd;Zn,2,2,28.401,52.019,6.935379160380458,221,Cubic,AB,0.0,False,True,True,True,
mp-aaaaabor,Al3Ni2,Al3-Ni2,Al-Ni,Al;Ni,2,5,87.345,131.24,4.736567455478987,164,Trigonal,A2B3,0.0,False,True,True,True,
mp-aaaaabot,NdCd,Cd1-Nd1,Cd-Nd,Cd;Nd,2,2,18.872,48.816,7.389666610035398,221,Cubic,AB,0.0,False,True,True,True,
mp-aaaaaboz,LaSb,La1-Sb1,La-Sb,La;Sb,2,2,28.091,49.747,6.163189791322796,225,Cubic,AB,0.0,False,True,True,True,
mp-aaaaabpb,LiAl,Al1-Li1,Al-Li,Al;Li,2,4,32.432,48.228,1.7513444351111622,227,Cubic,AB,0.0,False,True,True,True,
mp-aaaaabph,CaCd,Ca1-Cd1,Ca-Cd,Ca;Cd,2,2,17.651,31.367,4.425461749362722,221,Cubic,AB,0.0,False,True,True,True,
mp-aaaaabpm,CaCd2,Ca1-Cd2,Ca-Cd,Ca;Cd,2,12,23.145,39.906,5.666923801303642,194,Hexagonal,AB2,0.004997881666668036,False,True,True,True,
mp-aaaaabpq,VIr3,Ir3-V1,Ir-V,Ir;V,2,4,218.807,319.895,18.41204019914444,221,Cubic,AB3,0.015957168749999084,False,True,True,True,
mp-aaaaabpt,UOs2,Os2-U1,Os-U,Os;U,2,6,23.809,491.593,19.310750427054458,227,Cubic,AB2,0.001504589999996142,False,True,True,True,
mp-aaaaabpx,TiIr3,Ir3-Ti1,Ir-Ti,Ir;Ti,2,4,163.457,294.735,17.767296977474754,221,Cubic,AB3,0.0,False,True,True,True,
mp-aaaaabqb,ThGe,Ge1-Th1,Ge-Th,Ge;Th,2,2,42.681,86.356,8.971915479639238,225,Cubic,AB,0.0,False,True,True,True,
mp-aaaaabqh,NiGe,Ge1-Ni1,Ge-Ni,Ge;Ni,2,8,52.238,137.06,7.92353584889641,62,Orthorhombic,AB,0.0,False,True,True,True,
mp-aaaaabqj,TmAs,As1-Tm1,As-Tm,As;Tm,2,2,55.255,79.857,8.53307308814925,225,Cubic,AB,0.0,False,False,False,True,As
mp-aaaaabqm,LaMg,La1-Mg1,La-Mg,La;Mg,2,2,21.385,33.855,4.338834864149628,221,Cubic,AB,0.005696517500002329,False,True,True,True,
mp-aaaaabrc,Mo3Ir,Ir1-Mo3,Ir-Mo,Ir;Mo,2,8,107.926,282.393,12.723682935255876,223,Cubic,AB3,0.06501973499999991,False,True,True,True,
mp-aaaaabrd,GaCo,Co1-Ga1,Co-Ga,Co;Ga,2,2,47.411,173.828,8.90463494451751,221,Cubic,AB,0.0,False,False,False,True,Ga
mp-aaaaabrg,MgZn2,Mg1-Zn2,Mg-Zn,Mg;Zn,2,12,43.383,63.27,5.117014352148631,194,Hexagonal,AB2,0.0,False,True,True,True,
mp-aaaaabrj,SmPt2,Pt2-Sm1,Pt-Sm,Pt;Sm,2,6,70.297,156.601,15.319744956374308,227,Cubic,AB2,0.0,False,True,True,True,
mp-aaaaabrl,ScIr,Ir1-Sc1,Ir-Sc,Ir;Sc,2,2,79.378,166.725,11.653324713125985,221,Cubic,AB,0.0,False,True,True,True,
mp-aaaaabrr,NbPd3,Nb1-Pd3,Nb-Pd,Nb;Pd,2,4,82.517,197.625,10.865008520814552,139,Tetragonal,AB3,0.004146504166666176,False,False,False,True,Nb
mp-aaaaabrv,Co3Mo,Co3-Mo1,Co-Mo,Co;Mo,2,8,138.782,283.145,9.780633403872615,194,Hexagonal,AB3,0.12598666874999864,False,True,True,True,
mp-aaaaabrw,NdCu5,Cu5-Nd1,Cu-Nd,Cu;Nd,2,6,36.16,101.881,8.16156161529046,191,Hexagonal,AB5,0.0,False,True,True,True,
mp-aaaaabsg,URh3,Rh3-U1,Rh-U,Rh;U,2,4,77.53,214.274,13.9088735848886,221,Cubic,AB3,0.0,False,True,True,True,
mp-aaaaabsi,TiRh3,Rh3-Ti1,Rh-Ti,Rh;Ti,2,4,123.939,228.591,10.284071321704646,221,Cubic,AB3,0.0,False,True,True,True,
mp-aaaaabsm,GaSb,Ga1-Sb1,Ga-Sb,Ga;Sb,2,2,28.856,44.793,5.2910674622730465,216,Cubic,AB,0.0,False,False,False,True,Ga
mp-aaaaabsn,TaNi2,Ni2-Ta1,Ni-Ta,Ni;Ta,2,3,85.348,213.178,12.410888569067614,139,Tetragonal,AB2,0.003738403500005205,False,True,True,True,
mp-aaaaabso,LuPd3,Lu1-Pd3,Lu-Pd,Lu;Pd,2,4,51.613,134.504,12.044542900941192,221,Cubic,AB3,0.0,False,True,True,True,
mp-aaaaabsp,Zr2Fe,Fe1-Zr2,Fe-Zr,Fe;Zr,2,6,31.901,123.018,7.004302481852987,140,Tetragonal,AB2,0.004575485666668655,False,True,True,True,
mp-aaaaabsz,ScCu,Cu1-Sc1,Cu-Sc,Cu;Sc,2,2,35.894,86.854,5.18858597651878,221,Cubic,AB,0.0,False,True,True,True,
mp-aaaaabtc,MgRh,Mg1-Rh1,Mg-Rh,Mg;Rh,2,2,59.938,115.355,6.909622324640601,221,Cubic,AB,0.0,False,True,True,True,
mp-aaaaabte,MgSc,Mg1-Sc1,Mg-Sc,Mg;Sc,2,2,28.271,49.321,2.467384805812103,221,Cubic,AB,0.001373464999999463,False,True,True,True,
mp-aaaaabtg,TbTe,Tb1-Te1,Tb-Te,Tb;Te,2,2,21.785,63.35,8.044874951025093,225,Cubic,AB,0.01375051000000127,False,False,False,True,Te
mp-aaaaabtj,DyNi5,Dy1-Ni5,Dy-Ni,Dy;Ni,2,6,73.223,152.06,9.254511418154426,191,Hexagonal,AB5,0.0,False,True,True,True,
mp-aaaaabtp,VRh3,Rh3-V1,Rh-V,Rh;V,2,4,155.92,251.212,10.74224456733039,221,Cubic,AB3,0.008832503749999887,False,True,True,True,
mp-aaaaabtr,ThIr2,Ir2-Th1,Ir-Th,Ir;Th,2,6,75.228,203.203,17.829298305904597,227,Cubic,AB2,0.0,False,True,True,True,
mp-aaaaabtt,PrAl2,Al2-Pr1,Al-Pr,Al;Pr,2,6,44.934,73.605,4.896190531369885,227,Cubic,AB2,0.0,False,True,True,True,
mp-aaaaabty,CdPt,Cd1-Pt1,Cd-Pt,Cd;Pt,2,2,49.526,139.891,14.471224410037621,123,Tetragonal,AB,0.0,False,True,True,True,
mp-aaaaabud,HoMg,Ho1-Mg1,Ho-Mg,Ho;Mg,2,2,19.049,41.356,5.840831748709561,221,Cubic,AB,0.0,False,True,True,True,
mp-aaaaabum,ErAl2,Al2-Er1,Al-Er,Al;Er,2,6,59.812,82.064,6.140750398000551,227,Cubic,AB2,0.0,False,True,True,True,
mp-aaaaabun,RbAu5,Au5-Rb1,Au-Rb,Au;Rb,2,6,25.159,71.996,12.886982383658246,191,Hexagonal,AB5,0.0,False,True,True,True,
mp-aaaaabuo,ThCd2,Cd2-Th1,Cd-Th,Cd;Th,2,3,37.237,66.397,9.761477764949007,191,Hexagonal,AB2,0.0,False,True,True,True,
mp-aaaaabup,ScCd,Cd1-Sc1,Cd-Sc,Cd;Sc,2,2,34.535,67.024,5.854511481903945,221,Cubic,AB,0.0,False,True,True,True,
mp-aaaaabux,BaGa2,Ba1-Ga2,Ba-Ga,Ba;Ga,2,3,24.771,35.919,5.15468606868761,191,Hexagonal,AB2,0.0,False,False,False,True,Ga
mp-aaaaabuy,Be5Au,Au1-Be5,Au-Be,Au;Be,2,6,114.779,138.173,7.004723320593575,216,Cubic,AB5,0.0,False,True,True,True,
mp-aaaaabuz,V3Ge,Ge1-V3,Ge-V,Ge;V,2,8,42.108,184.157,6.914505270283621,223,Cubic,AB3,0.0,False,True,True,True,
mp-aaaaabvj,Cr3Ga,Cr3-Ga1,Cr-Ga,Cr;Ga,2,8,121.695,217.363,7.715132561703923,223,Cubic,AB3,0.1850494618750016,False,False,False,True,Cr;Ga
mp-aaaaabvk,Mo3Pt,Mo3-Pt1,Mo-Pt,Mo;Pt,2,8,83.581,265.997,12.657578985854016,223,Cubic,AB3,0.076285793750003,False,True,True,True,
mp-aaaaabvn,TiIr,Ir1-Ti1,Ir-Ti,Ir;Ti,2,2,82.089,227.385,13.167871956113794,123,Tetragonal,AB,0.0,False,True,True,True,
mp-aaaaabvo,NdAg,Ag1-Nd1,Ag-Nd,Ag;Nd,2,2,14.117,55.86,7.85309510722494,221,Cubic,AB,0.0,False,True,True,True,
mp-aaaaabwc,Lu2In,In1-Lu2,In-Lu,In;Lu,2,6,31.582,58.376,9.651764887107518,194,Hexagonal,AB2,0.0,False,True,True,True,
mp-aaaaabwd,VRh,Rh1-V1,Rh-V,Rh;V,2,2,101.713,232.563,9.271336722497475,123,Tetragonal,AB,0.02559267250000019,False,True,True,True,
mp-aaaaabwe,ZrBe2,Be2-Zr1,Be-Zr,Be;Zr,2,3,89.18,118.38,4.425314420606151,191,Hexagonal,AB2,0.028948296666665208,False,True,True,True,
mp-aaaaabwi,HoGa2,Ga2-Ho1,Ga-Ho,Ga;Ho,2,3,50.758,74.229,8.08622458170894,191,Hexagonal,AB2,0.0,False,False,False,True,Ga
mp-aaaaabwl,YbAl3,Al3-Yb1,Al-Yb,Al;Yb,2,4,53.601,59.791,5.338345422513414,221,Cubic,AB3,0.0,False,True,True,True,
mp-aaaaabwm,SrPd5,Pd5-Sr1,Pd-Sr,Pd;Sr,2,6,46.203,106.301,8.918601514708245,191,Hexagonal,AB5,0.0,False,True,True,True,
mp-aaaaabwn,EuZn,Eu1-Zn1,Eu-Zn,Eu;Zn,2,2,21.06,37.377,6.750332743058326,221,Cubic,AB,0.0,False,True,True,True,
mp-aaaaabwq,CdAu3,Au3-Cd1,Au-Cd,Au;Cd,2,4,21.558,113.161,15.578284866666513,221,Cubic,AB3,0.011046036249993563,False,True,True,True,
mp-aaaaabwy,Cr3Ru,Cr3-Ru1,Cr-Ru,Cr;Ru,2,8,105.327,265.536,8.584887790415976,223,Cubic,AB3,0.08198951375000263,False,False,False,True,Cr
mp-aaaaabxg,ErTe,Er1-Te1,Er-Te,Er;Te,2,2,20.06,65.928,8.593545483098394,225,Cubic,AB,0.005916230833332037,False,False,False,True,Te
mp-aaaaabxh,VIr,Ir1-V1,Ir-V,Ir;V,2,2,126.573,273.207,14.483746852701021,123,Tetragonal,AB,0.028082830000002446,False,True,True,True,
mp-aaaaabxr,ErIn3,Er1-In3,Er-In,Er;In,2,4,29.738,55.358,8.557168968523213,221,Cubic,AB3,0.0,False,True,True,True,
mp-aaaaabyg,ThAl3,Al3-Th1,Al-Th,Al;Th,2,8,43.904,85.595,6.093800825303888,194,Hexagonal,AB3,0.0,False,True,True,True,
mp-aaaaabyh,LiGa,Ga1-Li1,Ga-Li,Ga;Li,2,4,20.189,42.172,4.146535619815552,227,Cubic,AB,0.0,False,False,False,True,Ga
mp-aaaaabyt,ZrTe,Te1-Zr1,Te-Zr,Te;Zr,2,4,48.267,88.453,7.366439096418995,194,Hexagonal,AB,0.273310280000004,False,False,False,True,Te
mp-aaaaabzb,NdMg,Mg1-Nd1,Mg-Nd,Mg;Nd,2,2,20.725,37.564,4.759417237485817,221,Cubic,AB,0.0,False,True,True,True,
mp-aaaaabzd,LaTe2,La1-Te2,La-Te,La;Te,2,6,26.802,52.576,6.769932307416504,129,Tetragonal,AB2,0.0029458170833249753,False,False,False,True,Te
mp-aaaaabzf,YCd2,Cd2-Y1,Cd-Y,Cd;Y,2,3,31.607,55.449,6.975671138238112,191,Hexagonal,AB2,0.0,False,True,True,True,
mp-aaaaabzj,VFe,Fe1-V1,Fe-V,Fe;V,2,2,68.158,195.793,7.393617075075152,221,Cubic,AB,0.022709966875002152,False,True,True,True,
mp-aaaaabzn,NbIr3,Ir3-Nb1,Ir-Nb,Ir;Nb,2,4,205.818,313.146,18.28993048949445,221,Cubic,AB3,0.002251210000004278,False,False,False,True,Nb
mp-aaaaabzp,Te2Rh3,Rh3-Te2,Rh-Te,Rh;Te,2,10,48.875,146.115,10.119501041981076,63,Orthorhombic,A2B3,0.01887093699999909,False,False,False,True,Te
mp-aaaaabzr,NdNi2,Nd1-Ni2,Nd-Ni,Nd;Ni,2,6,38.425,108.469,8.83459621561063,227,Cubic,AB2,0.005427270119046312,False,True,True,True,
mp-aaaaabzx,SrPt2,Pt2-Sr1,Pt-Sr,Pt;Sr,2,6,51.148,117.262,12.909939656239269,227,Cubic,AB2,0.0,False,True,True,True,
mp-aaaaacae,Sb2Pd,Pd1-Sb2,Pd-Sb,Pd;Sb,2,12,29.488,87.651,8.210233470268399,205,Cubic,AB2,0.0,False,True,True,True,
mp-aaaaacag,DyIr2,Dy1-Ir2,Dy-Ir,Dy;Ir,2,6,87.843,198.438,16.662041867373368,227,Cubic,AB2,0.0,False,True,True,True,
mp-aaaaacah,NbIr,Ir1-Nb1,Ir-Nb,Ir;Nb,2,2,109.754,258.818,14.600248977190518,123,Tetragonal,AB,0.0,False,False,False,True,Nb
mp-aaaaacam,YNi,Ni1-Y1,Ni-Y,Ni;Y,2,8,22.852,76.598,6.009999914108562,62,Orthorhombic,AB,0.0,False,True,True,True,
mp-aaaaacaq,Zn8Cu5,Cu5-Zn8,Cu-Zn,Cu;Zn,2,26,32.407,105.749,7.9638291625250055,217,Cubic,A5B8,0.0,False,True,True,True,
mp-aaaaacat,Sn3Pd,Pd1-Sn3,Pd-Sn,Pd;Sn,2,16,23.339,64.308,8.098281354079036,64,Orthorhombic,AB3,0.048158374999999864,False,True,True,True,
mp-aaaaacav,Nb3Ge,Ge1-Nb3,Ge-Nb,Ge;Nb,2,8,20.09,171.519,8.380875786692306,223,Cubic,AB3,0.053666631666667186,False,False,False,True,Nb
mp-aaaaacaz,ThCu2,Cu2-Th1,Cu-Th,Cu;Th,2,3,32.47,94.521,10.178327631412916,191,Hexagonal,AB2,0.0,False,True,True,True,
mp-aaaaacbc,Zn3Ru,Ru1-Zn3,Ru-Zn,Ru;Zn,2,8,55.505,135.455,8.799001613793997,139,Tetragonal,AB3,0.0,False,True,True,True,
mp-aaaaacbh,CeZn2,Ce1-Zn2,Ce-Zn,Ce;Zn,2,6,24.161,49.695,7.138571385602525,74,Orthorhombic,AB2,0.0,False,False,False,True,Ce
mp-aaaaacbk,DyRh2,Dy1-Rh2,Dy-Rh,Dy;Rh,2,6,61.485,154.129,11.32659663287999,227,Cubic,AB2,0.0,False,True,True,True,
mp-aaaaacbp,Sn4Au,Au1-Sn4,Au-Sn,Au;Sn,2,10,14.399000000000001,53.102,8.447804574936105,68,Orthorhombic,AB4,0.07716986600000197,False,True,True,True,
mp-aaaaacbr,VRu,Ru1-V1,Ru-V,Ru;V,2,2,84.674,230.974,9.207022940261309,221,Cubic,AB,0.0,False,True,True,True,
mp-aaaaacbv,AlAu,Al1-Au1,Al-Au,Al;Au,2,8,26.205,92.438,10.503707274346265,11,Monoclinic,AB,0.0,False,True,True,True,
mp-aaaaacbw,HfW2,Hf1-W2,Hf-W,Hf;W,2,6,94.6,222.256,16.353020964345337,227,Cubic,AB2,0.0,False,True,True,True,
mp-aaaaacbx,ZrZn2,Zn2-Zr1,Zn-Zr,Zn;Zr,2,6,60.056,103.307,7.2299576612182435,227,Cubic,AB2,0.0,False,True,True,True,
mp-aaaaacby,SmNi2,Ni2-Sm1,Ni-Sm,Ni;Sm,2,6,42.419,110.17,9.266564996479289,227,Cubic,AB2,0.0,False,True,True,True,
mp-aaaaacca,CdAu,Au1-Cd1,Au-Cd,Au;Cd,2,4,15.441,89.162,13.105986216803688,51,Orthorhombic,AB,0.007815615555557542,False,True,True,True,
mp-aaaaaccb,TbGe,Ge1-Tb1,Ge-Tb,Ge;Tb,2,4,53.889,80.709,8.288615159309883,63,Orthorhombic,AB,0.0,False,True,True,True,
mp-aaaaaccc,MnTe,Mn1-Te1,Mn-Te,Mn;Te,2,2,29.189,46.537,6.376273814338261,225,Cubic,AB,0.06123146999999918,False,False,False,True,Te
mp-aaaaacce,MgHg,Hg1-Mg1,Hg-Mg,Hg;Mg,2,2,19.452,45.593,8.66154012823568,221,Cubic,AB,0.0,False,False,False,True,Hg
mp-aaaaaccf,TiNi3,Ni3-Ti1,Ni-Ti,Ni;Ti,2,16,96.324,189.888,7.8865029088027025,194,Hexagonal,AB3,0.0,False,True,True,True,
mp-aaaaacci,Ti3Sb,Sb1-Ti3,Sb-Ti,Sb;Ti,2,8,20.295,119.611,6.194786802395618,223,Cubic,AB3,0.0,False,True,True,True,
mp-aaaaacco,FeNi3,Fe1-Ni3,Fe-Ni,Fe;Ni,2,4,99.899,199.381,8.629472275199182,221,Cubic,AB3,0.0,False,True,True,True,
mp-aaaaaccu,GePd,Ge1-Pd1,Ge-Pd,Ge;Pd,2,8,42.129,122.742,8.928317832259252,62,Orthorhombic,AB,0.0,False,True,True,True,
mp-aaaaaccv,TiCr2,Cr2-Ti1,Cr-Ti,Cr;Ti,2,6,72.775,198.812,6.237453699168887,227,Cubic,AB2,0.08397102277777613,False,False,False,True,Cr
mp-aaaaacdh,LiCd,Cd1-Li1,Cd-Li,Cd;Li,2,4,11.921,35.162,5.162726748954612,227,Cubic,AB,0.0,False,True,True,True,
mp-aaaaacdi,ZrIr3,Ir3-Zr1,Ir-Zr,Ir;Zr,2,4,149.21,267.921,17.490291803016945,221,Cubic,AB3,0.0,False,True,True,True,
mp-aaaaacdo,CaCd2,Ca1-Cd2,Ca-Cd,Ca;Cd,2,6,15.863,35.875,5.4750611750670855,74,Orthorhombic,AB2,0.0,False,True,True,True,
mp-aaaaacdv,NbNi3,Nb1-Ni3,Nb-Ni,Nb;Ni,2,8,77.484,205.078,8.93736666759272,59,Orthorhombic,AB3,0.0,False,False,False,True,Nb
mp-aaaaacec,Nb3Ir,Ir1-Nb3,Ir-Nb,Ir;Nb,2,8,102.506,218.977,11.230698959386103,223,Cubic,AB3,0.0,False,False,False,True,Nb
mp-aaaaaceh,LaIr2,Ir2-La1,Ir-La,Ir;La,2,6,65.07,174.499,14.967364711595906,227,Cubic,AB2,0.0,False,True,True,True,
mp-aaaaacep,Zr3Al,Al1-Zr3,Al-Zr,Al;Zr,2,4,55.844,100.33,5.911247029183107,221,Cubic,AB3,0.0,False,True,True,True,
mp-aaaaacez,SnTe,Sn1-Te1,Sn-Te,Sn;Te,2,2,6.146,42.065,6.945411443669915,221,Cubic,AB,0.22759072499999888,False,False,False,True,Te
mp-aaaaacfa,Zr2Al3,Al3-Zr2,Al-Zr,Al;Zr,2,10,69.751,107.69,4.650991255932283,43,Orthorhombic,A2B3,0.007218464399997515,False,True,True,True,
mp-aaaaacff,AlNi,Al1-Ni1,Al-Ni,Al;Ni,2,2,70.652,157.34,5.8709589881704485,221,Cubic,AB,0.0,False,True,True,True,
mp-aaaaacfi,AlAu4,Al1-Au4,Al-Au,Al;Au,2,20,15.302,127.118,15.398459081575373,198,Cubic,AB4,0.0,False,True,True,True,
mp-aaaaacfn,ErIr2,Er1-Ir2,Er-Ir,Er;Ir,2,6,90.008,202.819,16.99510750232113,227,Cubic,AB2,0.0,False,True,True,True,
mp-aaaaacft,Al3Pt5,Al3-Pt5,Al-Pt,Al;Pt,2,16,63.445,199.949,14.705622199172256,55,Orthorhombic,A3B5,0.0,False,True,True,True,
mp-aaaaacfu,Al2Pt,Al2-Pt1,Al-Pt,Al;Pt,2,3,38.584,129.675,7.875116219324033,225,Cubic,AB2,0.0,False,True,True,True,
mp-aaaaacfx,TmMg,Mg1-Tm1,Mg-Tm,Mg;Tm,2,2,21.014,43.263,6.071327646463773,221,Cubic,AB,0.0,False,True,True,True,
mp-aaaaacgk,CeRh3,Ce1-Rh3,Ce-Rh,Ce;Rh,2,4,73.359,171.204,11.042090520345468,221,Cubic,AB3,0.0,False,False,False,True,Ce
mp-aaaaacgn,Sb7Mo3,Mo3-Sb7,Mo-Sb,Mo;Sb,2,20,52.551,107.671,8.388060233338548,229,Cubic,A3B7,0.002706000999999958,False,True,True,True,
mp-aaaaacgs,TiHg,Hg1-Ti1,Hg-Ti,Hg;Ti,2,2,47.479,104.414,10.834761358270033,123,Tetragonal,AB,0.05925600249999974,False,False,False,True,Hg
mp-aaaaacgt,TbCu2,Cu2-Tb1,Cu-Tb,Cu;Tb,2,6,22.729,84.123,8.719607119847842,74,Orthorhombic,AB2,0.0,False,True,True,True,
mp-aaaaacgv,LuIr,Ir1-Lu1,Ir-Lu,Ir;Lu,2,2,70.328,147.522,16.13203812028974,221,Cubic,AB,0.0,False,True,True,True,
mp-aaaaacgz,Nd3Tl,Nd3-Tl1,Nd-Tl,Nd;Tl,2,4,16.713,41.606,8.449736846080281,221,Cubic,AB3,0.0013892741666676756,False,True,True,True,
mp-aaaaachf,ZrTe,Te1-Zr1,Te-Zr,Te;Zr,2,2,55.771,94.136,7.454285983811705,187,Hexagonal,AB,0.0,False,False,False,True,Te
mp-aaaaachg,HoTl,Ho1-Tl1,Ho-Tl,Ho;Tl,2,2,19.277,55.065,11.26948676149014,221,Cubic,AB,0.0,False,True,True,True,
mp-aaaaachj,Ge2Pt,Ge2-Pt1,Ge-Pt,Ge;Pt,2,6,51.923,110.087,10.299313178665837,58,Orthorhombic,AB2,0.015904859166663954,False,True,True,True,
mp-aaaaachl,Nb3Rh,Nb3-Rh1,Nb-Rh,Nb;Rh,2,8,86.842,201.402,9.087053009853133,223,Cubic,AB3,0.0,False,False,False,True,Nb
mp-aaaaachm,DyMg3,Dy1-Mg3,Dy-Mg,Dy;Mg,2,4,24.698,41.005,3.993651736378661,225,Cubic,AB3,0.0,False,True,True,True,
mp-aaaaacho,PrMg,Mg1-Pr1,Mg-Pr,Mg;Pr,2,2,21.807,37.078,4.572764960194324,221,Cubic,AB,0.0,False,True,True,True,
mp-aaaaachp,TbPt3,Pt3-Tb1,Pt-Tb,Pt;Tb,2,4,71.121,169.757,17.4863491886553,221,Cubic,AB3,0.0,False,True,True,True,
mp-aaaaachr,Te2Ir,Ir1-Te2,Ir-Te,Ir;Te,2,9,47.591,87.362,10.037478330711537,12,Monoclinic,AB2,0.0030421406944398655,False,False,False,True,Te
mp-aaaaacht,HoNi5,Ho1-Ni5,Ho-Ni,Ho;Ni,2,6,73.617,149.455,9.344660123475848,191,Hexagonal,AB5,0.0,False,True,True,True,
mp-aaaaachv,V3Sb,Sb1-V3,Sb-V,Sb;V,2,8,80.374,171.734,7.59026826154803,223,Cubic,AB3,0.0,False,True,True,True,
mp-aaaaachx,Mg3Au,Au1-Mg3,Au-Mg,Au;Mg,2,24,34.45,57.636,5.48085217060956,165,Trigonal,AB3,0.00043810999999793765,False,True,True,True,
mp-aaaaachy,SrPd2,Pd2-Sr1,Pd-Sr,Pd;Sr,2,6,31.664,80.634,7.948666490993655,227,Cubic,AB2,0.0,False,True,True,True,
mp-aaaaacia,LaTe,La1-Te1,La-Te,La;Te,2,2,21.792,54.332,6.490537007121438,225,Cubic,AB,0.0,False,False,False,True,Te
mp-aaaaacic,ThBe13,Be13-Th1,Be-Th,Be;Th,2,28,106.867,117.752,4.190573077131817,226,Cubic,AB13,0.0,False,True,True,True,
mp-aaaaacig,SmFe5,Fe5-Sm1,Fe-Sm,Fe;Sm,2,6,59.905,92.119,8.07146147575137,191,Hexagonal,AB5,0.006497710833333059,False,True,True,True,
mp-aaaaacih,ThNi5,Ni5-Th1,Ni-Th,Ni;Th,2,6,65.856,154.083,10.285461271253167,191,Hexagonal,AB5,0.0,False,True,True,True,
mp-aaaaacil,PrPd3,Pd3-Pr1,Pd-Pr,Pd;Pr,2,4,42.251,111.571,10.118123528437128,221,Cubic,AB3,0.0,False,True,True,True,
mp-aaaaacin,Sn2Pd,Pd1-Sn2,Pd-Sn,Pd;Sn,2,24,31.702,82.369,8.439212623161,142,Tetragonal,AB2,0.0070368554166684305,False,True,True,True,
mp-aaaaacis,V3Rh,Rh1-V3,Rh-V,Rh;V,2,8,105.892,216.564,7.766428960013661,223,Cubic,AB3,0.0,False,True,True,True,
mp-aaaaaciz,V3Co,Co1-V3,Co-V,Co;V,2,8,109.487,208.895,6.990786367841377,223,Cubic,AB3,0.0,False,True,True,True,
mp-aaaaacjd,TiCr2,Cr2-Ti1,Cr-Ti,Cr;Ti,2,12,71.552,199.407,6.235168538676078,194,Hexagonal,AB2,0.10190197944444357,False,False,False,True,Cr
mp-aaaaacje,Be12Cr,Be12-Cr1,Be-Cr,Be;Cr,2,13,70.648,179.312,2.512921314932049,139,Tetragonal,AB12,0.0002578444230767474,False,False,False,True,Cr
mp-aaaaacjg,Ag2Te,Ag2-Te1,Ag-Te,Ag;Te,2,12,14.653,52.909,8.044416787941765,14,Monoclinic,AB2,0.0,False,False,False,True,Te
mp-aaaaacji,Ni2Ge,Ge1-Ni2,Ge-Ni,Ge;Ni,2,6,44.062,173.653,8.791078861195318,194,Hexagonal,AB2,0.031853958333334376,False,True,True,True,
mp-aaaaacjp,TaRu,Ru1-Ta1,Ru-Ta,Ru;Ta,2,2,75.517,253.312,14.563595203600348,123,Tetragonal,AB,1.1109444443491157e-05,False,True,True,True,
mp-aaaaacjr,TmGa3,Ga3-Tm1,Ga-Tm,Ga;Tm,2,4,44.081,76.098,8.245816189990899,221,Cubic,AB3,0.010813862499997384,False,False,False,True,Ga
mp-aaaaacju,NbAu2,Au2-Nb1,Au-Nb,Au;Nb,2,3,63.241,176.852,15.170981104144401,191,Hexagonal,AB2,0.0,False,False,False,True,Nb
mp-aaaaacjv,YbCu5,Cu5-Yb1,Cu-Yb,Cu;Yb,2,6,39.517,98.016,9.171955495507468,191,Hexagonal,AB5,0.0,False,True,True,True,
mp-aaaaacjw,ZrHg3,Hg3-Zr1,Hg-Zr,Hg;Zr,2,4,14.568,82.284,12.955112655758724,221,Cubic,AB3,0.02171306624999403,False,False,False,True,Hg
mp-aaaaacjx,Cr3Ir,Cr3-Ir1,Cr-Ir,Cr;Ir,2,8,107.47,275.177,11.502264976342987,223,Cubic,AB3,0.22667026583333438,False,False,False,True,Cr
mp-aaaaacks,Zr3Hg,Hg1-Zr3,Hg-Zr,Hg;Zr,2,8,58.772,105.27,8.909378199175064,223,Cubic,AB3,0.0,False,False,False,True,Hg
mp-aaaaackx,TbMg,Mg1-Tb1,Mg-Tb,Mg;Tb,2,2,20.807,40.716,5.548050559699135,221,Cubic,AB,0.0,False,True,True,True,
mp-aaaaacla,SrAl2,Al2-Sr1,Al-Sr,Al;Sr,2,6,32.398,47.886,3.302893763392323,227,Cubic,AB2,0.013571949999999333,False,True,True,True,
mp-aaaaacld,CrSb,Cr1-Sb1,Cr-Sb,Cr;Sb,2,4,48.058,73.845,7.028429149960495,194,Hexagonal,AB,0.027645343750002382,False,False,False,True,Cr
mp-aaaaaclk,Al12Re,Al12-Re1,Al-Re,Al;Re,2,13,77.342,98.031,3.956143369328085,204,Cubic,AB12,0.0,False,True,True,True,
mp-aaaaacll,Fe3Pt,Fe3-Pt1,Fe-Pt,Fe;Pt,2,4,31.661,193.206,11.487587365854479,221,Cubic,AB3,0.043079117500000486,False,True,True,True,
mp-aaaaaclo,ZnPd,Pd1-Zn1,Pd-Zn,Pd;Zn,2,2,58.525,140.545,9.818833724868968,123,Tetragonal,AB,0.0,False,True,True,True,
mp-aaaaaclr,UIr2,Ir2-U1,Ir-U,Ir;U,2,6,91.056,239.465,19.32959254492954,227,Cubic,AB2,0.030398044166670246,False,True,True,True,
mp-aaaaacma,V3Pd,Pd1-V3,Pd-V,Pd;V,2,8,77.739,194.62,7.709185964190117,223,Cubic,AB3,0.0,False,True,True,True,
mp-aaaaacmd,Co2Ge,Co2-Ge1,Co-Ge,Co;Ge,2,6,54.043,208.679,9.094782635181538,194,Hexagonal,AB2,0.05223900083333177,False,True,True,True,
mp-aaaaacmg,MnPt,Mn1-Pt1,Mn-Pt,Mn;Pt,2,2,69.08,166.177,13.665752411222217,123,Tetragonal,AB,0.0,False,True,True,True,
mp-aaaaacmn,Be2Mo,Be2-Mo1,Be-Mo,Be;Mo,2,12,148.915,197.598,6.031409163488695,194,Hexagonal,AB2,0.0,False,True,True,True,
mp-aaaaacmr,La3Sn,La3-Sn1,La-Sn,La;Sn,2,4,24.189,44.031,6.931417295548833,221,Cubic,AB3,0.003569375833333055,False,True,True,True,
mp-aaaaacms,ZrAs,As1-Zr1,As-Zr,As;Zr,2,8,65.248,117.987,6.653014321100978,194,Hexagonal,AB,0.0,False,False,False,True,As
mp-aaaaacmu,ZnAu,Au1-Zn1,Au-Zn,Au;Zn,2,2,19.123,114.545,13.361312417680761,221,Cubic,AB,0.0,False,True,True,True,
mp-aaaaacmx,BaPd2,Ba1-Pd2,Ba-Pd,Ba;Pd,2,6,24.388,73.421,8.64932342458898,227,Cubic,AB2,0.0,False,True,True,True,
mp-aaaaacmy,ErAs,As1-Er1,As-Er,As;Er,2,2,53.691,79.218,8.356159566512169,225,Cubic,AB,0.0,False,False,False,True,As
mp-aaaaacmz,HfRe2,Hf1-Re2,Hf-Re,Hf;Re,2,12,79.393,262.427,17.496943579772804,194,Hexagonal,AB2,0.0,False,True,True,True,
mp-aaaaacng,CdPd,Cd1-Pd1,Cd-Pd,Cd;Pd,2,2,45.078,111.855,10.309241275750516,123,Tetragonal,AB,0.0,False,True,True,True,
mp-aaaaacnh,TbPt2,Pt2-Tb1,Pt-Tb,Pt;Tb,2,6,73.747,163.153,15.922359596746567,227,Cubic,AB2,0.021223541666664403,False,True,True,True,
mp-aaaaacni,SrSn,Sn1-Sr1,Sn-Sr,Sn;Sr,2,4,21.427,32.734,4.841266028819887,63,Orthorhombic,AB,0.0,False,True,True,True,
mp-aaaaacnj,AlCr2,Al1-Cr2,Al-Cr,Al;Cr,2,3,102.319,183.355,5.752774743385412,139,Tetragonal,AB2,0.10482433666666502,False,False,False,True,Cr
mp-aaaaacnm,LaRh2,La1-Rh2,La-Rh,La;Rh,2,6,42.873,131.545,9.958114002715378,227,Cubic,AB2,0.0,False,True,True,True,
mp-aaaaacno,Tb2Tl,Tb2-Tl1,Tb-Tl,Tb;Tl,2,6,22.879,52.499,10.01038688170717,194,Hexagonal,AB2,0.01210460814814951,False,True,True,True,
mp-aaaaacns,YTe,Te1-Y1,Te-Y,Te;Y,2,2,21.921,61.724,6.099929349741898,225,Cubic,AB,0.026799620000002022,False,False,False,True,Te
mp-aaaaacnt,U2Ti,Ti1-U2,Ti-U,Ti;U,2,3,129.399,130.716,15.717738756350963,191,Hexagonal,AB2,0.0,False,True,True,True,
mp-aaaaacnv,Er3Ge4,Er3-Ge4,Er-Ge,Er;Ge,2,14,51.693,78.243,8.63297728747239,63,Orthorhombic,A3B4,0.0,False,True,True,True,
mp-aaaaacoe,SmRu2,Ru2-Sm1,Ru-Sm,Ru;Sm,2,6,22.054,157.736,10.516883511674,227,Cubic,AB2,0.024035712500001694,False,True,True,True,
mp-aaaaacog,Zn13Fe,Fe1-Zn13,Fe-Zn,Fe;Zn,2,14,42.179,83.349,7.315762033471548,12,Monoclinic,AB13,0.0,False,True,True,True,
mp-aaaaacoh,UAl3,Al3-U1,Al-U,Al;U,2,4,63.453,88.376,6.8309604923497815,221,Cubic,AB3,0.0,False,True,True,True,
mp-aaaaacoj,CaZn2,Ca1-Zn2,Ca-Zn,Ca;Zn,2,6,23.828,44.942,4.416852120504237,74,Orthorhombic,AB2,0.0,False,True,True,True,
mp-aaaaacon,SmFe2,Fe2-Sm1,Fe-Sm,Fe;Sm,2,6,26.401,91.626,8.642772451022212,227,Cubic,AB2,0.022926520000001283,False,True,True,True,
mp-aaaaacoo,BaGe,Ba1-Ge1,Ba-Ge,Ba;Ge,2,4,18.207,30.305,5.140115584930918,63,Orthorhombic,AB,0.0,False,True,True,True,
mp-aaaaacos,CaZn5,Ca1-Zn5,Ca-Zn,Ca;Zn,2,6,35.088,59.683,5.66811513932876,191,Hexagonal,AB5,0.0,False,True,True,True,
mp-aaaaacow,SmAs,As1-Sm1,As-Sm,As;Sm,2,2,48.426,72.532,7.060574668621838,225,Cubic,AB,0.0,False,False,False,True,As
mp-aaaaacpb,Mo5As4,As4-Mo5,As-Mo,As;Mo,2,9,85.16,152.527,8.35198798830371,87,Tetragonal,A4B5,0.0,False,False,False,True,As
mp-aaaaacpj,ThSb,Sb1-Th1,Sb-Th,Sb;Th,2,2,30.308,79.402,9.07589958832856,225,Cubic,AB,0.0,False,True,True,True,
mp-aaaaacpl,ThAs,As1-Th1,As-Th,As;Th,2,2,47.87,100.068,9.36775664663897,225,Cubic,AB,0.0,False,False,False,True,As
mp-aaaaacpm,UHg2,Hg2-U1,Hg-U,Hg;U,2,3,37.696,72.435,14.980949088324328,191,Hexagonal,AB2,0.1081469499999983,False,False,False,True,Hg
mp-aaaaacpn,ZnAu3,Au3-Zn1,Au-Zn,Au;Zn,2,16,37.609,127.051,15.762728158241629,64,Orthorhombic,AB3,0.00039969000000183996,False,True,True,True,
mp-aaaaacpu,ErRh2,Er1-Rh2,Er-Rh,Er;Rh,2,6,62.27,160.655,11.609985877945187,227,Cubic,AB2,0.0,False,True,True,True,
mp-aaaaacqb,SbPd,Pd1-Sb1,Pd-Sb,Pd;Sb,2,4,29.332,104.823,8.951089210219873,194,Hexagonal,AB,0.0,False,True,True,True,
mp-aaaaacqh,SnAu,Au1-Sn1,Au-Sn,Au;Sn,2,4,20.977,72.865,10.908474253951331,194,Hexagonal,AB,0.0,False,True,True,True,
mp-aaaaacqj,Li15Ge4,Ge4-Li15,Ge-Li,Ge;Li,2,38,19.528,28.204,2.136111735617953,220,Cubic,A4B15,0.0,False,True,True,True,
mp-aaaaacqm,ScRh,Rh1-Sc1,Rh-Sc,Rh;Sc,2,2,58.07,138.583,7.245581180171584,221,Cubic,AB,0.0,False,True,True,True,
mp-aaaaacqr,PrSb,Pr1-Sb1,Pr-Sb,Pr;Sb,2,2,31.033,54.454,6.507072303565032,225,Cubic,AB,0.0,False,True,True,True,
mp-aaaaacqs,Ti3Au,Au1-Ti3,Au-Ti,Au;Ti,2,8,71.311,137.742,8.461508868068345,223,Cubic,AB3,0.0,False,True,True,True,
mp-aaaaacqt,NdMg3,Mg3-Nd1,Mg-Nd,Mg;Nd,2,4,26.322,38.838,3.533555341313226,225,Cubic,AB3,0.0,False,True,True,True,
mp-aaaaacqx,Al5Rh2,Al5-Rh2,Al-Rh,Al;Rh,2,28,77.568,131.181,5.227402997415462,194,Hexagonal,A2B5,0.0,False,True,True,True,
mp-aaaaacqz,Zr3Te,Te1-Zr3,Te-Zr,Te;Zr,2,16,37.599,105.452,7.202734502304974,82,Tetragonal,AB3,0.0,False,False,False,True,Te
mp-aaaaacre,CeMg3,Ce1-Mg3,Ce-Mg,Ce;Mg,2,4,28.847,45.536,3.501985445179783,225,Cubic,AB3,0.0,False,False,False,True,Ce
mp-aaaaacrf,TaCo2,Co2-Ta1,Co-Ta,Co;Ta,2,6,123.87,247.841,13.027067733219914,227,Cubic,AB2,0.0417240186666632,False,True,True,True,
mp-aaaaacrr,HgTe,Hg1-Te1,Hg-Te,Hg;Te,2,2,10.847,45.79,9.352170537161733,225,Cubic,AB,0.1496713249999999,False,False,False,True,Hg;Te
mp-aaaaacru,BaAg5,Ag5-Ba1,Ag-Ba,Ag;Ba,2,6,8.453,52.275,7.896716722722426,191,Hexagonal,AB5,0.0,False,True,True,True,
mp-aaaaacsc,TiAs,As1-Ti1,As-Ti,As;Ti,2,8,71.121,118.615,5.831989711783639,194,Hexagonal,AB,0.0,False,False,False,True,As
mp-aaaaacsd,Ti3Al,Al1-Ti3,Al-Ti,Al;Ti,2,8,60.543,113.96,4.245892883317932,194,Hexagonal,AB3,0.0,False,True,True,True,
mp-aaaaacsf,Cu2Sb,Cu2-Sb1,Cu-Sb,Cu;Sb,2,6,34.066,79.248,8.253828002400017,129,Tetragonal,AB2,0.03437157666666657,False,True,True,True,
mp-aaaaacsh,SrGa4,Ga4-Sr1,Ga-Sr,Ga;Sr,2,5,23.313,48.048,5.564347012731313,139,Tetragonal,AB4,0.0,False,False,False,True,Ga
mp-aaaaacsl,SrAu5,Au5-Sr1,Au-Sr,Au;Sr,2,6,27.279,90.516,13.409362880073493,191,Hexagonal,AB5,0.0,False,True,True,True,
mp-aaaaacsm,LaPt5,La1-Pt5,La-Pt,La;Pt,2,6,71.862,178.329,16.143013676675448,191,Hexagonal,AB5,0.0,False,True,True,True,
mp-aaaaacso,NdAl4,Al4-Nd1,Al-Nd,Al;Nd,2,5,21.595,70.958,4.037239359490509,139,Tetragonal,AB4,0.05913440599999831,False,True,True,True,
mp-aaaaacsr,TbCu,Cu1-Tb1,Cu-Tb,Cu;Tb,2,2,31.116,71.128,8.69676928975472,221,Cubic,AB,0.0,False,True,True,True,
mp-aaaaacsw,NbAl3,Al3-Nb1,Al-Nb,Al;Nb,2,4,103.51,126.155,4.499203196804943,139,Tetragonal,AB3,0.0,False,False,False,True,Nb
mp-aaaaactf,SnPd2,Pd2-Sn1,Pd-Sn,Pd;Sn,2,12,18.528,130.558,10.583753996900747,62,Orthorhombic,AB2,0.0,False,True,True,True,
mp-aaaaacti,EuPd2,Eu1-Pd2,Eu-Pd,Eu;Pd,2,6,35.417,91.067,10.014709935234068,227,Cubic,AB2,0.0,False,True,True,True,
mp-aaaaactl,YbCd,Cd1-Yb1,Cd-Yb,Cd;Yb,2,2,15.006,31.809,8.620751002642686,221,Cubic,AB,0.0,False,True,True,True,
mp-aaaaactv,Ta2Ni,Ni1-Ta2,Ni-Ta,Ni;Ta,2,6,83.263,228.033,14.749677204033581,140,Tetragonal,AB2,0.0,False,True,True,True,
mp-aaaaactx,GaPd2,Ga1-Pd2,Ga-Pd,Ga;Pd,2,12,46.087,150.478,10.34595450859572,62,Orthorhombic,AB2,0.0,False,False,False,True,Ga
mp-aaaaacuf,HoAl3,Al3-Ho1,Al-Ho,Al;Ho,2,4,59.484,76.786,5.340226659809303,221,Cubic,AB3,0.015974716250001464,False,True,True,True,
mp-aaaaacug,HfBe13,Be13-Hf1,Be-Hf,Be;Hf,2,28,129.905,125.555,3.97206655789969,226,Cubic,AB13,0.0,False,True,True,True,
mp-aaaaacuk,CaCu5,Ca1-Cu5,Ca-Cu,Ca;Cu,2,6,36.849,90.279,6.436733516824184,191,Hexagonal,AB5,0.0,False,True,True,True,
mp-aaaaacun,AlIr,Al1-Ir1,Al-Ir,Al;Ir,2,2,119.385,229.406,13.236240792322961,221,Cubic,AB,0.0,False,True,True,True,
mp-aaaaacut,SmAl4,Al4-Sm1,Al-Sm,Al;Sm,2,5,18.401,72.01,4.198294290462583,139,Tetragonal,AB4,0.06975841000000038,False,True,True,True,
mp-aaaaacvf,BaAl4,Al4-Ba1,Al-Ba,Al;Ba,2,5,29.625,50.737,3.427963270812763,139,Tetragonal,AB4,0.0,False,True,True,True,
mp-aaaaacvj,TiTe2,Te2-Ti1,Te-Ti,Te;Ti,2,3,14.171,20.685,5.988024316916619,164,Trigonal,AB2,0.0,False,False,False,True,Te
mp-aaaaacvl,LaMg2,La1-Mg2,La-Mg,La;Mg,2,6,20.642,33.099,3.6758356907315832,227,Cubic,AB2,0.002472620833335437,False,True,True,True,
mp-aaaaacvm,CeNi5,Ce1-Ni5,Ce-Ni,Ce;Ni,2,6,65.083,146.347,8.684179807772248,191,Hexagonal,AB5,0.0,False,False,False,True,Ce
mp-aaaaacvn,CeSn3,Ce1-Sn3,Ce-Sn,Ce;Sn,2,4,28.745,58.694,7.80115789474788,221,Cubic,AB3,0.0,False,False,False,True,Ce
mp-aaaaacvo,ZnAg,Ag1-Zn1,Ag-Zn,Ag;Zn,2,2,39.732,89.933,8.839549028094968,221,Cubic,AB,0.011211470555556602,False,True,True,True,
mp-aaaaacvp,ErPt3,Er1-Pt3,Er-Pt,Er;Pt,2,4,75.459,177.756,18.066955488159316,221,Cubic,AB3,0.0,False,True,True,True,
mp-aaaaacvq,YGa2,Ga2-Y1,Ga-Y,Ga;Y,2,3,52.98,73.693,5.9611819236654515,191,Hexagonal,AB2,0.0,False,False,False,True,Ga
mp-aaaaacvu,FeRh,Fe1-Rh1,Fe-Rh,Fe;Rh,2,2,74.969,198.729,9.598294965761268,221,Cubic,AB,0.0,False,True,True,True,
mp-aaaaacvx,ThTe,Te1-Th1,Te-Th,Te;Th,2,2,49.635,83.002,10.437221973439476,221,Cubic,AB,0.0,False,False,False,True,Te
mp-aaaaacwi,Nb3Os,Nb3-Os1,Nb-Os,Nb;Os,2,8,84.517,232.709,11.203150540451427,223,Cubic,AB3,0.0,False,False,False,True,Nb
mp-aaaaacwk,LiZn,Li1-Zn1,Li-Zn,Li;Zn,2,4,22.505,41.652,4.081099465217456,227,Cubic,AB,0.0,False,True,True,True,
mp-aaaaacwl,BaMg2,Ba1-Mg2,Ba-Mg,Ba;Mg,2,12,13.481,21.701,3.032550680105896,194,Hexagonal,AB2,0.0,False,True,True,True,
mp-aaaaacwm,TaAs,As1-Ta1,As-Ta,As;Ta,2,4,92.363,175.774,12.023923929692819,109,Tetragonal,AB,0.0,False,False,False,True,As
mp-aaaaacwn,YbCu,Cu1-Yb1,Cu-Yb,Cu;Yb,2,8,22.182,38.498,8.910984838724994,62,Orthorhombic,AB,0.0,False,True,True,True,
mp-aaaaacwp,ErNi2,Er1-Ni2,Er-Ni,Er;Ni,2,6,47.466,123.362,10.420119791349563,227,Cubic,AB2,0.0,False,True,True,True,
mp-aaaaacwr,GaNi,Ga1-Ni1,Ga-Ni,Ga;Ni,2,2,42.594,152.55,8.56118168850838,221,Cubic,AB,0.042973296904763814,False,False,False,True,Ga
mp-aaaaacwy,LaAg,Ag1-La1,Ag-La,Ag;La,2,2,14.165,48.529,7.288552360194923,221,Cubic,AB,0.0,False,True,True,True,
mp-aaaaacwz,TiMn2,Mn2-Ti1,Mn-Ti,Mn;Ti,2,12,54.384,181.973,6.881250433203481,194,Hexagonal,AB2,0.0,False,True,True,True,
mp-aaaaacxd,TiAl,Al1-Ti1,Al-Ti,Al;Ti,2,2,68.456,113.483,3.83055376108824,123,Tetragonal,AB,0.0,False,True,True,True,
mp-aaaaacxf,ErCu,Cu1-Er1,Cu-Er,Cu;Er,2,2,28.142,73.462,9.424195872672588,221,Cubic,AB,0.0,False,True,True,True,
mp-aaaaacxg,TmGa2,Ga2-Tm1,Ga-Tm,Ga;Tm,2,6,50.722,76.021,8.591331964753573,74,Orthorhombic,AB2,0.0,False,False,False,True,Ga
mp-aaaaacxl,TiAg,Ag1-Ti1,Ag-Ti,Ag;Ti,2,2,40.299,98.421,7.427862901654866,123,Tetragonal,AB,0.1624816899999999,False,True,True,True,
mp-aaaaacxn,NbRh,Nb1-Rh1,Nb-Rh,Nb;Rh,2,2,76.178,227.229,10.10650776649195,123,Tetragonal,AB,0.0,False,False,False,True,Nb
mp-aaaaacxt,NbSb2,Nb1-Sb2,Nb-Sb,Nb;Sb,2,6,69.318,96.221,8.046149041334333,12,Monoclinic,AB2,0.0,False,False,False,True,Nb
mp-aaaaacxv,HoCu,Cu1-Ho1,Cu-Ho,Cu;Ho,2,2,32.372,73.432,9.187690688887026,221,Cubic,AB,0.0,False,True,True,True,
mp-aaaaacxx,NbGa3,Ga3-Nb1,Ga-Nb,Ga;Nb,2,4,86.662,122.973,7.759546076082725,139,Tetragonal,AB3,0.0,False,False,False,True,Ga;Nb
mp-aaaaacyb,NdSn3,Nd1-Sn3,Nd-Sn,Nd;Sn,2,4,16.292,56.558,7.593601652420656,221,Cubic,AB3,0.0,False,True,True,True,
mp-aaaaacyd,HoPd3,Ho1-Pd3,Ho-Pd,Ho;Pd,2,4,49.519,127.535,11.504154578531205,221,Cubic,AB3,0.0,False,True,True,True,
mp-aaaaacyg,Al21Pt8,Al21-Pt8,Al-Pt,Al;Pt,2,58,63.079,132.661,7.705424794661784,88,Tetragonal,A8B21,0.0,False,True,True,True,
mp-aaaaacyu,NdIr3,Ir3-Nd1,Ir-Nd,Ir;Nd,2,4,86.186,191.377,16.950921564173637,221,Cubic,AB3,0.35847677249999776,False,True,True,True,
mp-aaaaacyz,LaTl3,La1-Tl3,La-Tl,La;Tl,2,4,17.852,44.459,10.576412836979609,221,Cubic,AB3,0.0,False,True,True,True,
mp-aaaaacze,V3Ir,Ir1-V3,Ir-V,Ir;V,2,8,123.848,239.084,10.44911412294673,223,Cubic,AB3,0.0,False,True,True,True,
mp-aaaaaczk,LiHg,Hg1-Li1,Hg-Li,Hg;Li,2,2,13.906,32.253,9.157959108095124,221,Cubic,AB,0.0,False,False,False,True,Hg
mp-aaaaaczo,PrNi2,Ni2-Pr1,Ni-Pr,Ni;Pr,2,6,35.656,98.368,8.58390563284433,227,Cubic,AB2,0.012228450000001168,False,True,True,True,
mp-aaaaaczq,AlFe3,Al1-Fe3,Al-Fe,Al;Fe,2,4,83.814,171.541,6.818182897014368,225,Cubic,AB3,0.035353807499999945,False,True,True,True,
mp-aaaaaczx,HfBe5,Be5-Hf1,Be-Hf,Be;Hf,2,6,120.416,130.956,6.07892269075509,191,Hexagonal,AB5,0.0,False,True,True,True,
mp-aaaaaczz,HfCo,Co1-Hf1,Co-Hf,Co;Hf,2,2,60.459,123.98,12.447403117706509,221,Cubic,AB,0.0,False,True,True,True,
mp-aaaaadaa,Be2Nb,Be2-Nb1,Be-Nb,Be;Nb,2,6,103.427,156.483,5.258998623709304,227,Cubic,AB2,0.021783169523808432,False,False,False,True,Nb
mp-aaaaadad,Be2Cu,Be2-Cu1,Be-Cu,Be;Cu,2,6,126.036,135.017,5.008344575109833,227,Cubic,AB2,0.0,False,True,True,True,
mp-aaaaadal,ScMn2,Mn2-Sc1,Mn-Sc,Mn;Sc,2,12,39.923,173.191,6.157334287950154,194,Hexagonal,AB2,0.0,False,True,True,True,
mp-aaaaadaw,HoSb,Ho1-Sb1,Ho-Sb,Ho;Sb,2,2,35.415,61.329,8.069742953053044,225,Cubic,AB,0.0,False,True,True,True,
mp-aaaaadax,LaCu2,Cu2-La1,Cu-La,Cu;La,2,3,20.287,67.31,7.01000193971653,191,Hexagonal,AB2,0.0,False,True,True,True,
mp-aaaaaday,ScAs,As1-Sc1,As-Sc,As;Sc,2,2,51.516,85.701,4.806115567537069,225,Cubic,AB,0.0,False,False,False,True,As
mp-aaaaadaz,Nb3Sb,Nb3-Sb1,Nb-Sb,Nb;Sb,2,8,82.544,173.865,8.87649103853987,223,Cubic,AB3,0.0,False,False,False,True,Nb
mp-aaaaadbf,NbAs,As1-Nb1,As-Nb,As;Nb,2,4,85.622,161.259,7.80251996293861,109,Tetragonal,AB,0.0,False,False,False,True,As;Nb
mp-aaaaadbh,ThTl3,Th1-Tl3,Th-Tl,Th;Tl,2,4,26.727,58.019,12.357186688086802,221,Cubic,AB3,0.0,False,True,True,True,
mp-aaaaadbx,DyMg,Dy1-Mg1,Dy-Mg,Dy;Mg,2,2,19.61,41.646,5.7170776231130365,221,Cubic,AB,0.0,False,True,True,True,
mp-aaaaadby,TiCu,Cu1-Ti1,Cu-Ti,Cu;Ti,2,4,62.551,127.744,6.3974146203499185,129,Tetragonal,AB,0.0,False,True,True,True,
mp-aaaaadcd,Sn2Ir,Ir1-Sn2,Ir-Sn,Ir;Sn,2,3,33.475,110.242,10.694373966040322,225,Cubic,AB2,0.0,False,True,True,True,
mp-aaaaadci,CeAl2,Al2-Ce1,Al-Ce,Al;Ce,2,6,49.823,74.275,5.128654935474625,227,Cubic,AB2,0.0,False,False,False,True,Ce
mp-aaaaadcj,ZrTe3,Te3-Zr1,Te-Zr,Te;Zr,2,8,10.753,19.908,6.3587896715344865,11,Monoclinic,AB3,0.0028008974999949032,False,False,False,True,Te
mp-aaaaadck,FeCo,Co1-Fe1,Co-Fe,Co;Fe,2,2,91.403,189.836,8.240880422711921,221,Cubic,AB,0.0,False,True,True,True,
mp-aaaaadcn,Pr3Al,Al1-Pr3,Al-Pr,Al;Pr,2,4,21.141,42.665,6.189181437166982,221,Cubic,AB3,0.032819397916668436,False,True,True,True,
mp-aaaaadcs,CeOs2,Ce1-Os2,Ce-Os,Ce;Os,2,6,31.442,192.391,15.527957551656261,227,Cubic,AB2,0.015387223333334532,False,False,False,True,Ce
mp-aaaaadcw,PrGe,Ge1-Pr1,Ge-Pr,Ge;Pr,2,8,46.687,70.295,6.824908993771994,62,Orthorhombic,AB,0.0,False,True,True,True,
mp-aaaaadcx,CuAu3,Au3-Cu1,Au-Cu,Au;Cu,2,4,23.973,135.617,16.231959869215707,221,Cubic,AB3,0.006434499999997456,False,True,True,True,
mp-aaaaaddo,HoAg2,Ag2-Ho1,Ag-Ho,Ag;Ho,2,3,33.252,76.004,9.793650429776772,139,Tetragonal,AB2,0.0,False,True,True,True,
mp-aaaaaddr,Nb3Au2,Au2-Nb3,Au-Nb,Au;Nb,2,5,59.048,174.046,12.321542426207614,139,Tetragonal,A2B3,0.0,False,False,False,True,Nb
mp-aaaaaddu,HfIr3,Hf1-Ir3,Hf-Ir,Hf;Ir,2,4,150.309,278.691,20.06693357216484,221,Cubic,AB3,0.0,False,True,True,True,
mp-aaaaaddw,Sn4Pd,Pd1-Sn4,Pd-Sn,Pd;Sn,2,10,24.132,56.496,7.7522399448123345,68,Orthorhombic,AB4,0.05176513800000038,False,True,True,True,
mp-aaaaaddx,NdGe2,Ge2-Nd1,Ge-Nd,Ge;Nd,2,6,18.615,66.327,6.839415945381415,141,Tetragonal,AB2,0.06113888722222427,False,True,True,True,
mp-aaaaaddy,LuNi2,Lu1-Ni2,Lu-Ni,Lu;Ni,2,6,50.812,72.924,10.950950527344517,227,Cubic,AB2,0.0,False,True,True,True,
mp-aaaaadec,ErAl3,Al3-Er1,Al-Er,Al;Er,2,4,59.683,76.715,5.432523281591411,221,Cubic,AB3,0.007975068749999537,False,True,True,True,
mp-aaaaadef,Mg2Ni,Mg2-Ni1,Mg-Ni,Mg;Ni,2,18,33.4,71.061,3.4542348883111,180,Hexagonal,AB2,0.0,False,True,True,True,
mp-aaaaadek,Te2Os,Os1-Te2,Os-Te,Os;Te,2,12,88.304,130.119,10.917526447784525,205,Cubic,AB2,0.0,False,False,False,True,Te
mp-aaaaadet,Mg17Al12,Al12-Mg17,Al-Mg,Al;Mg,2,29,19.098,49.768,2.096062839020503,217,Cubic,A12B17,0.0,False,True,True,True,
mp-aaaaadeu,YNi5,Ni5-Y1,Ni-Y,Ni;Y,2,6,72.438,147.351,7.717462870004122,191,Hexagonal,AB5,0.0,False,True,True,True,
mp-aaaaadfb,DyTe,Dy1-Te1,Dy-Te,Dy;Te,2,2,21.366,64.339,8.251673150138336,225,Cubic,AB,0.0,False,False,False,True,Te
mp-aaaaadff,HoRh,Ho1-Rh1,Ho-Rh,Ho;Rh,2,2,41.48,113.966,11.162498914540194,221,Cubic,AB,0.0,False,True,True,True,
mp-aaaaadfj,DyAg,Ag1-Dy1,Ag-Dy,Ag;Dy,2,2,18.225,66.847,9.303024861195322,221,Cubic,AB,0.0,False,True,True,True,
mp-aaaaadfm,Li2Pt,Li2-Pt1,Li-Pt,Li;Pt,2,3,30.516,66.968,8.436274841614088,191,Hexagonal,AB2,0.0,False,True,True,True,
mp-aaaaadfv,TiRe,Re1-Ti1,Re-Ti,Re;Ti,2,2,69.775,228.62,12.780106801533138,221,Cubic,AB,0.0,False,True,True,True,
mp-aaaaadfw,HfSb2,Hf1-Sb2,Hf-Sb,Hf;Sb,2,24,49.015,84.365,9.511760995613505,58,Orthorhombic,AB2,0.0,False,True,True,True,
mp-aaaaadfy,SnAs,As1-Sn1,As-Sn,As;Sn,2,2,29.701,64.044,6.565958549884904,225,Cubic,AB,0.020263348571425865,False,False,False,True,As
mp-aaaaadgd,TiSb,Sb1-Ti1,Sb-Ti,Sb;Ti,2,4,45.424,90.133,6.340680805830924,194,Hexagonal,AB,0.0,False,True,True,True,
mp-aaaaadgh,ErSb,Er1-Sb1,Er-Sb,Er;Sb,2,2,35.969,58.352,8.219405856390498,225,Cubic,AB,0.0,False,True,True,True,
mp-aaaaadgu,Nd3Te4,Nd3-Te4,Nd-Te,Nd;Te,2,14,16.8,53.979,7.197945982858039,220,Cubic,A3B4,0.036054504285711886,False,False,False,True,Te
mp-aaaaadgv,LuPd,Lu1-Pd1,Lu-Pd,Lu;Pd,2,2,40.255,102.592,11.477888719202536,221,Cubic,AB,0.0,False,True,True,True,
mp-aaaaadha,ZrCu,Cu1-Zr1,Cu-Zr,Cu;Zr,2,2,29.697,105.385,7.274474648558032,221,Cubic,AB,0.04223478423077154,False,True,True,True,
mp-aaaaadhb,V3Pt,Pt1-V3,Pt-V,Pt;V,2,8,96.288,219.134,10.356029703827154,223,Cubic,AB3,0.0,False,True,True,True,
mp-aaaaadhc,ScCo,Co1-Sc1,Co-Sc,Co;Sc,2,2,58.07,119.727,5.676620379532256,221,Cubic,AB,0.0,False,True,True,True,
mp-aaaaadhd,FeNi,Fe1-Ni1,Fe-Ni,Fe;Ni,2,2,87.323,184.902,8.363901579778288,123,Tetragonal,AB,0.0,False,True,True,True,
mp-aaaaadhe,TmMg2,Mg2-Tm1,Mg-Tm,Mg;Tm,2,12,24.287,44.234,4.753297765498256,194,Hexagonal,AB2,0.0022763366666662677,False,True,True,True,
mp-aaaaadhf,ThHg2,Hg2-Th1,Hg-Th,Hg;Th,2,6,33.498,77.59,13.26027977503888,194,Hexagonal,AB2,0.0,False,False,False,True,Hg
mp-aaaaadhl,Zr2Ag,Ag1-Zr2,Ag-Zr,Ag;Zr,2,3,39.298,97.936,7.425814889127992,139,Tetragonal,AB2,0.0,False,True,True,True,
mp-aaaaadhm,MnHg,Hg1-Mn1,Hg-Mn,Hg;Mn,2,2,21.852,69.323,11.439745957604877,221,Cubic,AB,0.3327278735344805,False,False,False,True,Hg
mp-aaaaadhp,Be2Fe,Be2-Fe1,Be-Fe,Be;Fe,2,12,145.09,154.342,4.772779549923822,194,Hexagonal,AB2,0.0,False,True,True,True,
mp-aaaaadhq,DyPd,Dy1-Pd1,Dy-Pd,Dy;Pd,2,2,34.497,91.251,10.29569569409948,221,Cubic,AB,0.0,False,True,True,True,
mp-aaaaadhs,ErMg,Er1-Mg1,Er-Mg,Er;Mg,2,2,19.228,42.316,5.963184757999527,221,Cubic,AB,0.0,False,True,True,True,
mp-aaaaadhx,Th2Ag,Ag1-Th2,Ag-Th,Ag;Th,2,6,24.919,71.978,11.198022857558469,140,Tetragonal,AB2,0.01875231166667124,False,True,True,True,
mp-aaaaadio,ZrNi2,Ni2-Zr1,Ni-Zr,Ni;Zr,2,6,73.267,166.427,8.126915502606979,227,Cubic,AB2,0.04556328583333169,False,True,True,True,
mp-aaaaadiw,Cu3Au,Au1-Cu3,Au-Cu,Au;Cu,2,4,44.872,104.875,11.835528694440232,221,Cubic,AB3,0.0,False,True,True,True,
mp-aaaaadiy,FePt,Fe1-Pt1,Fe-Pt,Fe;Pt,2,2,92.583,200.39,14.793339188998663,123,Tetragonal,AB,0.0,False,True,True,True,
mp-aaaaadjb,ScIr2,Ir2-Sc1,Ir-Sc,Ir;Sc,2,6,101.732,216.325,13.999869983071632,227,Cubic,AB2,0.005982141666668994,False,True,True,True,
mp-aaaaadjc,ErGe,Er1-Ge1,Er-Ge,Er;Ge,2,4,54.614,80.602,8.950737302669793,63,Orthorhombic,AB,0.0,False,True,True,True,
mp-aaaaadjg,TbAg,Ag1-Tb1,Ag-Tb,Ag;Tb,2,2,23.666,65.884,9.054545306768958,221,Cubic,AB,0.0,False,True,True,True,
mp-aaaaadjl,Ag3Sb,Ag3-Sb1,Ag-Sb,Ag;Sb,2,4,20.968,75.098,9.111962642029665,25,Orthorhombic,AB3,0.0508994350000016,False,True,True,True,
mp-aaaaadjt,SmSb,Sb1-Sm1,Sb-Sm,Sb;Sm,2,2,32.903,55.79,7.142610998324437,225,Cubic,AB,0.0,False,True,True,True,
mp-aaaaadjv,ZrCo,Co1-Zr1,Co-Zr,Co;Zr,2,2,48.526,128.339,7.587253428310222,221,Cubic,AB,0.0,False,True,True,True,
mp-aaaaadjx,Te2Ir,Ir1-Te2,Ir-Te,Ir;Te,2,3,20.99,48.777,9.757897642592322,164,Trigonal,AB2,0.03833887291666116,False,False,False,True,Te
mp-aaaaadkg,Al3Ir,Al3-Ir1,Al-Ir,Al;Ir,2,8,34.51,150.642,7.2666365367228725,194,Hexagonal,AB3,0.0,False,True,True,True,
mp-aaaaadko,AsRh2,As1-Rh2,As-Rh,As;Rh,2,3,71.205,189.638,9.777429680770798,225,Cubic,AB2,0.0,False,False,False,True,As
mp-aaaaadkp,DyZn,Dy1-Zn1,Dy-Zn,Dy;Zn,2,2,25.072,59.752,8.3247886228906,221,Cubic,AB,0.0,False,True,True,True,
mp-aaaaadks,LaMg3,La1-Mg3,La-Mg,La;Mg,2,4,25.636,37.949,3.32581091776904,225,Cubic,AB3,0.0,False,True,True,True,
mp-aaaaadkz,MgIn,In1-Mg1,In-Mg,In;Mg,2,2,14.062,38.92,4.889737063057029,123,Tetragonal,AB,0.0,False,True,True,True,
mp-aaaaadlc,TmZn,Tm1-Zn1,Tm-Zn,Tm;Zn,2,2,34.632,63.975,8.8884609429786,221,Cubic,AB,0.0,False,True,True,True,
mp-aaaaadld,LaNi5,La1-Ni5,La-Ni,La;Ni,2,6,59.861,114.252,8.310364092024379,191,Hexagonal,AB5,0.0,False,True,True,True,
mp-aaaaadli,YAl2,Al2-Y1,Al-Y,Al;Y,2,6,61.069,79.891,3.878186253388664,227,Cubic,AB2,0.0,False,True,True,True,
mp-aaaaadln,TiZn16,Ti1-Zn16,Ti-Zn,Ti;Zn,2,34,24.042,79.295,7.018783942333426,63,Orthorhombic,AB16,0.0,False,True,True,True,
mp-aaaaadlt,NdPd3,Nd1-Pd3,Nd-Pd,Nd;Pd,2,4,50.728,115.77,10.334638487638783,221,Cubic,AB3,0.0,False,True,True,True,
mp-aaaaadlu,DyCu,Cu1-Dy1,Cu-Dy,Cu;Dy,2,2,31.884,71.228,8.973691491252774,221,Cubic,AB,0.0,False,True,True,True,
mp-aaaaadlx,HfCo2,Co2-Hf1,Co-Hf,Co;Hf,2,6,71.054,183.341,12.110184516362267,227,Cubic,AB2,0.0238117552941155,False,True,True,True,
mp-aaaaadly,TbZn2,Tb1-Zn2,Tb-Zn,Tb;Zn,2,6,35.596,65.918,7.879913232047953,74,Orthorhombic,AB2,0.0,False,True,True,True,
mp-aaaaadlz,Ti3Pt,Pt1-Ti3,Pt-Ti,Pt;Ti,2,8,56.112,157.855,8.75909080129499,223,Cubic,AB3,0.0,False,True,True,True,
mp-aaaaadmd,Mg2Sn,Mg2-Sn1,Mg-Sn,Mg;Sn,2,3,28.207,40.919,3.509259726517601,225,Cubic,AB2,0.0,False,True,True,True,
mp-aaaaadmh,NiAs,As1-Ni1,As-Ni,As;Ni,2,4,18.447,116.72,7.227765606287966,194,Hexagonal,AB,0.34397248714285666,False,False,False,True,As
mp-aaaaadmi,Zr2Au,Au1-Zr2,Au-Zr,Au;Zr,2,3,46.202,119.202,9.778862439599289,139,Tetragonal,AB2,0.0,False,True,True,True,
mp-aaaaadmj,YCd3,Cd3-Y1,Cd-Y,Cd;Y,2,8,25.172,55.533,7.351190905184458,63,Orthorhombic,AB3,0.0,False,True,True,True,
mp-aaaaadml,TmPt3,Pt3-Tm1,Pt-Tm,Pt;Tm,2,4,77.422,179.331,18.23130694923216,221,Cubic,AB3,0.0,False,True,True,True,
mp-aaaaadmo,Ti3Hg,Hg1-Ti3,Hg-Ti,Hg;Ti,2,8,68.833,118.442,8.123802754768006,223,Cubic,AB3,0.0,False,False,False,True,Hg
mp-aaaaadmu,CaGe,Ca1-Ge1,Ca-Ge,Ca;Ge,2,4,33.926,48.071,3.7256893978272023,63,Orthorhombic,AB,0.0,False,True,True,True,
mp-aaaaadmv,Hf5Al3,Al3-Hf5,Al-Hf,Al;Hf,2,16,23.687,111.876,9.939245713147443,193,Hexagonal,A3B5,0.05034572312500174,False,True,True,True,
mp-aaaaadnd,SnPd,Pd1-Sn1,Pd-Sn,Pd;Sn,2,8,39.635,97.577,9.329101807068094,62,Orthorhombic,AB,0.0,False,True,True,True,
mp-aaaaadne,PrNi5,Ni5-Pr1,Ni-Pr,Ni;Pr,2,6,63.816,139.425,8.412271269038525,191,Hexagonal,AB5,0.0,False,True,True,True,
mp-aaaaadnp,ErRh,Er1-Rh1,Er-Rh,Er;Rh,2,2,44.03,114.582,11.406393547366703,221,Cubic,AB,0.0,False,True,True,True,
mp-aaaaadnt,TaCr2,Cr2-Ta1,Cr-Ta,Cr;Ta,2,6,77.779,242.207,11.332945824652787,227,Cubic,AB2,0.05987628922222399,False,False,False,True,Cr
mp-aaaaadnw,CdTe,Cd1-Te1,Cd-Te,Cd;Te,2,2,19.072,46.602,6.910256210645523,225,Cubic,AB,0.17327309000000213,False,False,False,True,Te
mp-aaaaadnz,YbPd3,Pd3-Yb1,Pd-Yb,Pd;Yb,2,4,39.152,107.848,11.988907423803202,221,Cubic,AB3,0.0,False,True,True,True,
mp-aaaaadob,YTl3,Tl3-Y1,Tl-Y,Tl;Y,2,4,15.556000000000001,46.531,10.620523652962488,221,Cubic,AB3,0.0,False,True,True,True,
mp-aaaaadoh,YHg,Hg1-Y1,Hg-Y,Hg;Y,2,2,31.429,65.407,9.224127959516787,221,Cubic,AB,0.0,False,False,False,True,Hg
mp-aaaaadol,YPt3,Pt3-Y1,Pt-Y,Pt;Y,2,4,70.92,169.488,15.864851306941882,221,Cubic,AB3,0.0,False,True,True,True,
mp-aaaaadom,CaAl2,Al2-Ca1,Al-Ca,Al;Ca,2,6,35.322,55.931,2.4239909240910382,227,Cubic,AB2,0.0,False,True,True,True,
mp-aaaaadoq,Ga3Pd5,Ga3-Pd5,Ga-Pd,Ga;Pd,2,16,37.74,144.994,10.190880306120752,55,Orthorhombic,A3B5,0.012720833437501966,False,False,False,True,Ga
mp-aaaaados,SrAg5,Ag5-Sr1,Ag-Sr,Ag;Sr,2,6,21.072,60.814,7.695540916820825,191,Hexagonal,AB5,0.0,False,True,True,True,
mp-aaaaadov,Ce3Al,Al1-Ce3,Al-Ce,Al;Ce,2,4,30.324,43.376,7.133590671104719,221,Cubic,AB3,0.0,False,False,False,True,Ce
mp-aaaaadoz,DyIr3,Dy1-Ir3,Dy-Ir,Dy;Ir,2,4,96.074,212.008,18.379067215881896,221,Cubic,AB3,0.18422525374999843,False,True,True,True,
mp-aaaaadpe,ErGa2,Er1-Ga2,Er-Ga,Er;Ga,2,3,49.575,74.361,8.222168149628553,191,Hexagonal,AB2,0.0,False,False,False,True,Ga
mp-aaaaadpg,LaZn5,La1-Zn5,La-Zn,La;Zn,2,6,33.134,70.032,6.961079802403667,191,Hexagonal,AB5,0.003247978166665888,False,True,True,True,
mp-aaaaadpi,LiAg,Ag1-Li1,Ag-Li,Ag;Li,2,2,18.419,41.392,5.886529110264208,221,Cubic,AB,0.0,False,True,True,True,
mp-aaaaadpm,ZrGe2,Ge2-Zr1,Ge-Zr,Ge;Zr,2,6,71.611,108.179,7.047054964372155,63,Orthorhombic,AB2,0.0,False,True,True,True,
mp-aaaaadpn,ErTl3,Er1-Tl3,Er-Tl,Er;Tl,2,4,19.207,47.25,11.952925023300013,221,Cubic,AB3,0.0,False,True,True,True,
mp-aaaaadpo,CaMg2,Ca1-Mg2,Ca-Mg,Ca;Mg,2,12,22.012,30.093,1.732323347355501,194,Hexagonal,AB2,0.0011809383333334367,False,True,True,True,
mp-aaaaadpq,SrTl,Sr1-Tl1,Sr-Tl,Sr;Tl,2,2,18.121,25.126,6.944974505618147,221,Cubic,AB,0.0,False,True,True,True,
mp-aaaaadqa,GaRh,Ga1-Rh1,Ga-Rh,Ga;Rh,2,2,58.842,179.773,10.165769900536674,221,Cubic,AB,0.0,False,False,False,True,Ga
mp-aaaaadqf,NbRh3,Nb1-Rh3,Nb-Rh,Nb;Rh,2,4,148.259,248.556,11.15178144936712,221,Cubic,AB3,0.00891538750000187,False,False,False,True,Nb
mp-aaaaadqg,CaSn,Ca1-Sn1,Ca-Sn,Ca;Sn,2,4,22.571,37.561,4.282158472885751,63,Orthorhombic,AB,0.0,False,True,True,True,
mp-aaaaadqh,YAl3,Al3-Y1,Al-Y,Al;Y,2,12,44.156,71.776,3.600157898026392,166,Trigonal,AB3,0.011892777500001728,False,True,True,True,
mp-aaaaadqp,YbIn,In1-Yb1,In-Yb,In;Yb,2,2,23.996,35.186,8.516531881610181,221,Cubic,AB,0.0,False,True,True,True,
mp-aaaaadqs,PrCu5,Cu5-Pr1,Cu-Pr,Cu;Pr,2,6,34.941,99.806,8.025074108080345,191,Hexagonal,AB5,0.0,False,True,True,True,
mp-aaaaadqv,DyPt3,Dy1-Pt3,Dy-Pt,Dy;Pt,2,4,72.237,172.498,17.701908012112273,221,Cubic,AB3,0.0,False,True,True,True,
mp-aaaaadqw,ErAu2,Au2-Er1,Au-Er,Au;Er,2,3,43.716,103.81,14.873290380108791,139,Tetragonal,AB2,0.0,False,True,True,True,
mp-aaaaadre,YAg,Ag1-Y1,Ag-Y,Ag;Y,2,2,20.315,65.962,6.709812211249577,221,Cubic,AB,0.0,False,True,True,True,
mp-aaaaadrl,Mg2Cu,Cu1-Mg2,Cu-Mg,Cu;Mg,2,12,30.526,56.418,3.405129497544295,70,Orthorhombic,AB2,0.0,False,True,True,True,
mp-aaaaadro,SmSn3,Sm1-Sn3,Sm-Sn,Sm;Sn,2,4,13.663,57.389,7.8109350492834295,221,Cubic,AB3,0.0,False,True,True,True,
mp-aaaaadse,AlCu,Al1-Cu1,Al-Cu,Al;Cu,2,10,68.61,112.579,5.315242134366574,12,Monoclinic,AB,0.0,False,True,True,True,
mp-aaaaadsn,ThRh3,Rh3-Th1,Rh-Th,Rh;Th,2,4,76.264,170.311,12.662339987100548,221,Cubic,AB3,0.0,False,True,True,True,
mp-aaaaadsq,AsPd5,As1-Pd5,As-Pd,As;Pd,2,12,44.754,151.799,10.776423749622467,12,Monoclinic,AB5,0.0,False,False,False,True,As
mp-aaaaadst,CrPt3,Cr1-Pt3,Cr-Pt,Cr;Pt,2,4,95.103,231.851,17.555486533529606,221,Cubic,AB3,0.0,False,False,False,True,Cr
mp-aaaaadsu,YZn,Y1-Zn1,Y-Zn,Y;Zn,2,2,30.473,60.055,5.559414787502733,221,Cubic,AB,0.0,False,True,True,True,
mp-aaaaadsy,TmSb,Sb1-Tm1,Sb-Tm,Sb;Tm,2,2,36.301,62.342,8.357857133412358,225,Cubic,AB,0.0,False,True,True,True,
mp-aaaaadtc,NdGa2,Ga2-Nd1,Ga-Nd,Ga;Nd,2,3,53.203,70.177,6.88718727267696,191,Hexagonal,AB2,0.0,False,False,False,True,Ga
mp-aaaaadtd,PrAg,Ag1-Pr1,Ag-Pr,Ag;Pr,2,2,13.044,54.408,7.597709961831885,221,Cubic,AB,0.0,False,True,True,True,
mp-aaaaadth,PrRh2,Pr1-Rh2,Pr-Rh,Pr;Rh,2,6,50.28,138.487,10.063036097896854,227,Cubic,AB2,0.0,False,True,True,True,
mp-aaaaadtk,PrTe,Pr1-Te1,Pr-Te,Pr;Te,2,2,20.901,57.203,6.765809470654257,225,Cubic,AB,0.0,False,False,False,True,Te
mp-aaaaadts,VTc,Tc1-V1,Tc-V,Tc;V,2,2,125.024,254.937,8.918034554268516,221,Cubic,AB,0.0,False,True,False,True,
mp-aaaaadua,PuAs,As1-Pu1,As-Pu,As;Pu,2,2,51.563,71.138,10.500724764320188,225,Cubic,AB,0.0,False,False,False,True,As;Pu
mp-aaaaaduf,HfBe2,Be2-Hf1,Be-Hf,Be;Hf,2,3,108.178,127.5,8.27778265948523,191,Hexagonal,AB2,0.012765049333336442,False,True,True,True,
mp-aaaaadug,Al3V,Al3-V1,Al-V,Al;V,2,4,98.236,122.019,3.712128154515817,139,Tetragonal,AB3,0.0,False,True,True,True,
mp-aaaaaduj,Zr2Al,Al1-Zr2,Al-Zr,Al;Zr,2,6,54.176,103.887,5.600035785585635,194,Hexagonal,AB2,0.014479690999994688,False,True,True,True,
mp-aaaaaduk,SmMg,Mg1-Sm1,Mg-Sm,Mg;Sm,2,2,23.128,36.23,5.091074590117427,221,Cubic,AB,0.0,False,True,True,True,
mp-aaaaadum,Ti3Hg,Hg1-Ti3,Hg-Ti,Hg;Ti,2,4,47.565,115.477,8.046192702379068,221,Cubic,AB3,0.07098824124999936,False,False,False,True,Hg
mp-aaaaaduq,SrMg,Mg1-Sr1,Mg-Sr,Mg;Sr,2,2,11.488,19.806,2.531430222172693,221,Cubic,AB,0.04675860750000105,False,True,True,True,
mp-aaaaaduy,SrMg2,Mg2-Sr1,Mg-Sr,Mg;Sr,2,12,16.339,25.64,2.397731313671988,194,Hexagonal,AB2,0.0,False,True,True,True,
mp-aaaaaduz,NpAl3,Al3-Np1,Al-Np,Al;Np,2,4,53.34,95.504,6.826055737509052,221,Cubic,AB3,0.05551703625000215,False,False,False,True,Np
mp-aaaaadvd,Mn3Rh,Mn3-Rh1,Mn-Rh,Mn;Rh,2,4,151.231,238.125,9.409948443640111,221,Cubic,AB3,0.15246737103448282,False,True,True,True,
mp-aaaaadve,NiTe2,Ni1-Te2,Ni-Te,Ni;Te,2,3,22.605,57.823,7.485381389194444,164,Trigonal,AB2,0.0,False,False,False,True,Te
mp-aaaaadvj,TiRh,Rh1-Ti1,Rh-Ti,Rh;Ti,2,2,51.647,187.501,8.308995032207385,123,Tetragonal,AB,0.0,False,True,True,True,
mp-aaaaadvx,InTe,In1-Te1,In-Te,In;Te,2,2,13.03,39.529,6.471044618441112,225,Cubic,AB,0.03572749717105239,False,False,False,True,Te
mp-aaaaadvy,Ta5Sb4,Sb4-Ta5,Sb-Ta,Sb;Ta,2,9,60.636,105.592,12.0437560496486,87,Tetragonal,A4B5,0.0,False,True,True,True,
mp-aaaaadwc,NdAs,As1-Nd1,As-Nd,As;Nd,2,2,45.687,71.185,6.592648988833722,225,Cubic,AB,0.0,False,False,False,True,As
mp-aaaaadwg,BaPd5,Ba1-Pd5,Ba-Pd,Ba;Pd,2,6,39.724,99.329,9.2332590904027,191,Hexagonal,AB5,0.0,False,True,True,True,
mp-aaaaadwl,BaGe2,Ba1-Ge2,Ba-Ge,Ba;Ge,2,6,22.184,39.558,5.39974683728331,141,Tetragonal,AB2,0.04968482124999962,False,True,True,True,
mp-aaaaadwo,HfAl3,Al3-Hf1,Al-Hf,Al;Hf,2,4,83.451,106.503,6.202224242671322,139,Tetragonal,AB3,0.013081002499998107,False,True,True,True,
mp-aaaaadwp,LaZn,La1-Zn1,La-Zn,La;Zn,2,2,26.359,49.02,6.369162635249632,221,Cubic,AB,0.0,False,True,True,True,
mp-aaaaadws,DyAg2,Ag2-Dy1,Ag-Dy,Ag;Dy,2,3,32.809,74.554,9.634056422276508,139,Tetragonal,AB2,0.0,False,True,True,True,
mp-aaaaadwt,FeSb,Fe1-Sb1,Fe-Sb,Fe;Sb,2,4,60.628,110.972,8.418693973006393,194,Hexagonal,AB,0.04035167749999857,False,True,True,True,
mp-aaaaadwv,ErAg,Ag1-Er1,Ag-Er,Ag;Er,2,2,16.924,69.968,9.718353087023806,221,Cubic,AB,0.0,False,True,True,True,
mp-aaaaadxb,DyAs,As1-Dy1,As-Dy,As;Dy,2,2,52.475,76.57,7.976645395711235,225,Cubic,AB,0.0,False,False,False,True,As
mp-aaaaadxk,GdMg,Gd1-Mg1,Gd-Mg,Gd;Mg,2,2,21.921,216.967,5.347740738557725,221,Cubic,AB,0.0,False,True,True,True,
mp-aaaaadxo,TbAs,As1-Tb1,As-Tb,As;Tb,2,2,51.167,76.698,7.743178491179635,225,Cubic,AB,0.0,False,False,False,True,As
mp-aaaaadxq,CdAg,Ag1-Cd1,Ag-Cd,Ag;Cd,2,2,27.634,73.469,9.334409239837154,221,Cubic,AB,0.0,False,True,True,True,
mp-aaaaadxr,Ti3Cu4,Cu4-Ti3,Cu-Ti,Cu;Ti,2,7,57.91,132.608,6.693571935938057,139,Tetragonal,A3B4,0.0,False,True,True,True,
mp-aaaaadxs,CoSb,Co1-Sb1,Co-Sb,Co;Sb,2,4,69.404,148.223,8.86727814903373,194,Hexagonal,AB,0.059708563333330744,False,True,True,True,
mp-aaaaadxt,YbNi5,Ni5-Yb1,Ni-Yb,Ni;Yb,2,6,69.809,131.006,9.663359807965307,191,Hexagonal,AB5,0.0,False,True,True,True,
mp-aaaaadxv,Al2Au,Al2-Au1,Al-Au,Al;Au,2,3,39.149,104.282,7.473169225357699,225,Cubic,AB2,0.0,False,True,True,True,
mp-aaaaadyg,AlFe,Al1-Fe1,Al-Fe,Al;Fe,2,2,96.914,170.575,5.7852663239901805,221,Cubic,AB,0.0,False,True,True,True,
mp-aaaaadyl,Nb3Pt,Nb3-Pt1,Nb-Pt,Nb;Pt,2,8,81.716,203.6,11.148262582585538,223,Cubic,AB3,0.0,False,False,False,True,Nb
mp-aaaaadyn,PrRu2,Pr1-Ru2,Pr-Ru,Pr;Ru,2,6,15.68,151.337,9.930444070208408,227,Cubic,AB2,0.003174256547616494,False,True,True,True,
mp-aaaaadyo,CrSb2,Cr1-Sb2,Cr-Sb,Cr;Sb,2,6,35.331,82.324,7.979106845187272,140,Tetragonal,AB2,0.05082739499999889,False,False,False,True,Cr
mp-aaaaadyw,YPt2,Pt2-Y1,Pt-Y,Pt;Y,2,6,73.5,162.277,13.89934044174989,227,Cubic,AB2,0.024211479166659444,False,True,True,True,
mp-aaaaadyy,TaBe2,Be2-Ta1,Be-Ta,Be;Ta,2,6,119.142,167.518,9.504390051138593,227,Cubic,AB2,0.035414196428571465,False,True,True,True,
mp-aaaaadyz,ScPd3,Pd3-Sc1,Pd-Sc,Pd;Sc,2,4,55.443,143.721,9.343420761435395,221,Cubic,AB3,0.0,False,True,True,True,
mp-aaaaadza,VPt,Pt1-V1,Pt-V,Pt;V,2,2,140.06,241.671,14.264558441263471,123,Tetragonal,AB,0.0,False,True,True,True,
mp-aaaaadze,Sb2Rh,Rh1-Sb2,Rh-Sb,Rh;Sb,2,12,59.183,104.082,8.478867847120931,14,Monoclinic,AB2,0.0,False,True,True,True,
mp-aaaaadzg,TbGa2,Ga2-Tb1,Ga-Tb,Ga;Tb,2,3,52.463,73.518,7.770606816294248,191,Hexagonal,AB2,0.0,False,False,False,True,Ga
mp-aaaaadzh,HgPd,Hg1-Pd1,Hg-Pd,Hg;Pd,2,2,38.262,114.745,13.998231242553203,123,Tetragonal,AB,0.0,False,False,False,True,Hg
mp-aaaaadzk,HoGa3,Ga3-Ho1,Ga-Ho,Ga;Ho,2,4,43.833,69.38,8.017821195526908,221,Cubic,AB3,0.030720793749999586,False,False,False,True,Ga
mp-aaaaadzl,ThFe5,Fe5-Th1,Fe-Th,Fe;Th,2,6,50.22,117.852,9.418779868047617,191,Hexagonal,AB5,0.0,False,True,True,True,
mp-aaaaadzq,LaAl2,Al2-La1,Al-La,Al;La,2,6,45.077,64.416,4.7447912494708,227,Cubic,AB2,0.0,False,True,True,True,
mp-aaaaadzs,MgAg,Ag1-Mg1,Ag-Mg,Ag;Mg,2,2,36.044,63.271,5.892574319662286,221,Cubic,AB,0.0,False,True,True,True,
mp-aaaaadzu,YCu2,Cu2-Y1,Cu-Y,Cu;Y,2,6,20.657,84.831,6.5839228988155405,74,Orthorhombic,AB2,0.0,False,True,True,True,
mp-aaaaaeab,VPt3,Pt3-V1,Pt-V,Pt;V,2,4,108.174,247.745,17.59946016655149,139,Tetragonal,AB3,0.011099447500001247,False,True,True,True,
mp-aaaaaeaj,ErIr,Er1-Ir1,Er-Ir,Er;Ir,2,2,56.862,140.411,15.199441633155494,221,Cubic,AB,0.0,False,True,True,True,
mp-aaaaaeam,TiNi,Ni1-Ti1,Ni-Ti,Ni;Ti,2,18,38.05,150.897,6.483805332643166,147,Trigonal,AB,0.02476340944444555,False,True,True,True,
mp-aaaaaeaq,NdPt2,Nd1-Pt2,Nd-Pt,Nd;Pt,2,6,67.611,151.763,14.883898113138406,227,Cubic,AB2,0.0,False,True,True,True,
mp-aaaaaeau,TbSb,Sb1-Tb1,Sb-Tb,Sb;Tb,2,2,34.455,59.906,7.718543078321061,225,Cubic,AB,0.0,False,True,True,True,
mp-aaaaaeav,TbIr2,Ir2-Tb1,Ir-Tb,Ir;Tb,2,6,86.675,196.495,16.45563103468681,227,Cubic,AB2,0.0,False,True,True,True,
mp-aaaaaeay,MnIr,Ir1-Mn1,Ir-Mn,Ir;Mn,2,2,186.427,265.335,15.794126219420184,123,Tetragonal,AB,0.0,False,True,True,True,
mp-aaaaaeaz,Sn7Os3,Os3-Sn7,Os-Sn,Os;Sn,2,20,38.727,119.38,10.831402140478986,229,Cubic,A3B7,0.03351108299999339,False,True,True,True,
mp-aaaaaeba,HgTe,Hg1-Te1,Hg-Te,Hg;Te,2,2,13.132,34.16,7.373080847568588,216,Cubic,AB,0.0,False,False,False,True,Hg;Te
mp-aaaaaebb,TiGa3,Ga3-Ti1,Ga-Ti,Ga;Ti,2,4,73.321,97.756,6.683184300621413,139,Tetragonal,AB3,0.0,False,False,False,True,Ga
mp-aaaaaebd,Al8Mo3,Al8-Mo3,Al-Mo,Al;Mo,2,11,104.805,142.751,5.000927123909523,12,Monoclinic,A3B8,0.0,False,True,True,True,
mp-aaaaaebi,DyNi,Dy1-Ni1,Dy-Ni,Dy;Ni,2,8,23.865,78.297,9.171380466668781,62,Orthorhombic,AB,0.0,False,True,True,True,
mp-aaaaaebn,LiPd,Li1-Pd1,Li-Pd,Li;Pd,2,2,24.82,72.655,6.960630117527294,221,Cubic,AB,0.021507794999999774,False,True,True,True,
mp-aaaaaebo,LiPd,Li1-Pd1,Li-Pd,Li;Pd,2,2,34.789,79.812,6.624750298704072,187,Hexagonal,AB,0.0,False,True,True,True,
mp-aaaaaebr,TbPd3,Pd3-Tb1,Pd-Tb,Pd;Tb,2,4,45.911,126.101,11.199104218654076,221,Cubic,AB3,0.0,False,True,True,True,
mp-aaaaaebs,CeAs,As1-Ce1,As-Ce,As;Ce,2,2,44.203,62.335,6.643034960591209,225,Cubic,AB,0.0,False,False,False,True,As;Ce
mp-aaaaaebt,TiBe2,Be2-Ti1,Be-Ti,Be;Ti,2,6,108.384,124.06,3.291835685831174,227,Cubic,AB2,0.0,False,True,True,True,
mp-aaaaaebu,Cr2Te3,Cr2-Te3,Cr-Te,Cr;Te,2,20,25.838,42.043,6.382481025012233,163,Trigonal,A2B3,0.0,False,False,False,True,Cr;Te
mp-aaaaaebw,Nb3Au,Au1-Nb3,Au-Nb,Au;Nb,2,8,64.46,184.705,10.880816447338756,223,Cubic,AB3,0.003468576250003963,False,False,False,True,Nb
mp-aaaaaecb,CdAu,Au1-Cd1,Au-Cd,Au;Cd,2,2,31.869,90.157,13.072068149728635,221,Cubic,AB,0.011665960555554022,False,True,True,True,
mp-aaaaaecg,YIr2,Ir2-Y1,Ir-Y,Ir;Y,2,6,88.026,196.294,14.356490523813179,227,Cubic,AB2,0.0,False,True,True,True,
mp-aaaaaecl,TiGa,Ga1-Ti1,Ga-Ti,Ga;Ti,2,2,80.336,116.187,6.192513509589532,123,Tetragonal,AB,0.0,False,False,False,True,Ga
mp-aaaaaecm,Ba2As,As1-Ba2,As-Ba,As;Ba,2,6,14.75,24.595,4.952152678630498,139,Tetragonal,AB2,0.06947440410256478,False,False,False,True,As
mp-aaaaaecq,ZrAl2,Al2-Zr1,Al-Zr,Al;Zr,2,12,89.522,113.59,4.520627476185482,194,Hexagonal,AB2,0.0,False,True,True,True,
mp-aaaaaecr,BeCo,Be1-Co1,Be-Co,Be;Co,2,2,120.555,196.762,6.463919605698916,221,Cubic,AB,0.0,False,True,True,True,
mp-aaaaaect,SrAl4,Al4-Sr1,Al-Sr,Al;Sr,2,5,19.453,54.006,2.898776180568381,139,Tetragonal,AB4,0.0,False,True,True,True,
mp-aaaaaecu,Ga2Au,Au1-Ga2,Au-Ga,Au;Ga,2,3,11.065,65.975,9.272755752258217,225,Cubic,AB2,0.0,False,False,False,True,Ga
mp-aaaaaecw,HoAg,Ag1-Ho1,Ag-Ho,Ag;Ho,2,2,18.274,68.602,9.518869115890283,221,Cubic,AB,0.0,False,True,True,True,
mp-aaaaaecz,ScPd,Pd1-Sc1,Pd-Sc,Pd;Sc,2,2,32.904,110.671,6.875144287787027,221,Cubic,AB,0.0,False,True,True,True,
mp-aaaaaede,Ca5Zn3,Ca5-Zn3,Ca-Zn,Ca;Zn,2,16,11.457,27.439,2.7614001546685483,140,Tetragonal,A3B5,0.0,False,True,True,True,
mp-aaaaaedp,YCu5,Cu5-Y1,Cu-Y,Cu;Y,2,6,42.488,108.45,7.444590529342765,191,Hexagonal,AB5,0.0,False,True,True,True,
mp-aaaaaedu,HfRu,Hf1-Ru1,Hf-Ru,Hf;Ru,2,2,98.917,198.115,13.558851452968053,221,Cubic,AB,0.0,False,True,True,True,
mp-aaaaaeea,ZrRh,Rh1-Zr1,Rh-Zr,Rh;Zr,2,2,42.54,164.388,8.91354132622113,221,Cubic,AB,0.08393397999999763,False,True,True,True,
mp-aaaaaeee,HoFe5,Fe5-Ho1,Fe-Ho,Fe;Ho,2,6,72.045,122.739,8.682912601888637,191,Hexagonal,AB5,0.0022928855555548466,False,True,True,True,
mp-aaaaaeei,Nd2Tl,Nd2-Tl1,Nd-Tl,Nd;Tl,2,6,17.053,45.139,8.667220107325052,194,Hexagonal,AB2,0.0158338397222213,False,True,True,True,
mp-aaaaaeel,InTe,In1-Te1,In-Te,In;Te,2,2,2.024,37.644,6.871182242076754,221,Cubic,AB,0.21814349000000277,False,False,False,True,Te
mp-aaaaaeeq,AlPd2,Al1-Pd2,Al-Pd,Al;Pd,2,12,52.588,157.601,8.974455079887758,62,Orthorhombic,AB2,0.0,False,True,True,True,
mp-aaaaaeer,ErPd3,Er1-Pd3,Er-Pd,Er;Pd,2,4,49.925,129.717,11.638337879572584,221,Cubic,AB3,0.0,False,True,True,True,
mp-aaaaaeet,YCo5,Co5-Y1,Co-Y,Co;Y,2,6,50.237,170.478,7.681721843734104,191,Hexagonal,AB5,0.011988457820512721,False,True,True,True,
mp-aaaaaeex,FePd,Fe1-Pd1,Fe-Pd,Fe;Pd,2,2,77.686,168.069,9.66273326164421,123,Tetragonal,AB,0.008477096666666739,False,True,True,True,
mp-aaaaaefe,UNi5,Ni5-U1,Ni-U,Ni;U,2,6,76.268,183.584,11.351161505727982,216,Cubic,AB5,0.0,False,True,True,True,
mp-aaaaaefl,SbPt,Pt1-Sb1,Pt-Sb,Pt;Sb,2,4,33.728,121.63,12.25321609995622,194,Hexagonal,AB,0.005804035624997539,False,True,True,True,
mp-aaaaaefr,VSb2,Sb2-V1,Sb-V,Sb;V,2,6,47.367,99.681,8.01416769908019,140,Tetragonal,AB2,0.05616110555555309,False,True,True,True,
mp-aaaaaefw,Mn4Al11,Al11-Mn4,Al-Mn,Al;Mn,2,15,86.605,123.19,4.06778874734922,2,Triclinic,A4B11,0.0,False,True,True,True,
mp-aaaaaegd,CeCd3,Cd3-Ce1,Cd-Ce,Cd;Ce,2,4,27.145,41.295,7.937524518241099,225,Cubic,AB3,0.0,False,False,False,True,Ce
mp-aaaaaehx,HoAlNi,Al1-Ho1-Ni1,Al-Ho-Ni,Al;Ho;Ni,3,9,39.228,87.429,7.689712135166564,189,Hexagonal,ABC,0.0,False,True,True,True,
mp-aaaaaeip,LiAg2Sn,Ag2-Li1-Sn1,Ag-Li-Sn,Ag;Li;Sn,3,4,23.975,59.483,7.533092152764294,225,Cubic,ABC2,0.0,False,True,True,True,
mp-aaaaaeix,Li2GeAu,Au1-Ge1-Li2,Au-Ge-Li,Au;Ge;Li,3,4,28.556,61.01,7.678026323477988,216,Cubic,ABC2,0.0,False,True,True,True,
mp-aaaaaejl,Ca(NiGe)2,Ca1-Ge2-Ni2,Ca-Ge-Ni,Ca;Ge;Ni,3,5,40.148,80.39,5.952879885567141,139,Tetragonal,AB2C2,0.0,False,True,True,True,
mp-aaaaaejw,HfSnRh,Hf1-Rh1-Sn1,Hf-Rh-Sn,Hf;Rh;Sn,3,18,64.218,148.752,11.63924987474172,190,Hexagonal,ABC,0.0,False,True,True,True,
mp-aaaaaeke,Sr(MnSb)2,Mn2-Sb2-Sr1,Mn-Sb-Sr,Mn;Sb;Sr,3,5,17.37,30.716,5.1856430403266,164,Trigonal,AB2C2,0.20547489399568875,False,True,True,True,
mp-aaaaaekn,CuAgTe2,Ag1-Cu1-Te2,Ag-Cu-Te,Ag;Cu;Te,3,4,10.103,20.693,6.777667393749177,25,Orthorhombic,ABC2,0.053611890937503404,False,False,False,True,Te
mp-aaaaaekx,Li2MgTl,Li2-Mg1-Tl1,Li-Mg-Tl,Li;Mg;Tl,3,4,14.225,27.001,5.157213118310124,225,Cubic,ABC2,0.02466964500000124,False,True,True,True,
mp-aaaaaeky,Li2GaRh,Ga1-Li2-Rh1,Ga-Li-Rh,Ga;Li;Rh,3,4,35.873,81.563,5.705629832289561,216,Cubic,ABC2,0.0,False,False,False,True,Ga
mp-aaaaaela,TmAgSn,Ag1-Sn1-Tm1,Ag-Sn-Tm,Ag;Sn;Tm,3,9,40.242,75.464,9.37918555698546,189,Hexagonal,ABC,0.019299092777777638,False,True,True,True,
mp-aaaaaelv,Th(GeRh)2,Ge2-Rh2-Th1,Ge-Rh-Th,Ge;Rh;Th,3,5,68.15,145.97,10.472321837626025,139,Tetragonal,AB2C2,0.0,False,True,True,True,
mp-aaaaaelz,HoInCu,Cu1-Ho1-In1,Cu-Ho-In,Cu;Ho;In,3,9,45.737,80.4,9.003735825934182,189,Hexagonal,ABC,0.0,False,True,True,True,
mp-aaaaaems,MgAl2Cu,Al2-Cu1-Mg1,Al-Cu-Mg,Al;Cu;Mg,3,8,48.745,76.205,3.538886801061118,63,Orthorhombic,ABC2,0.0,False,True,True,True,
mp-aaaaaepp,UGeTe,Ge1-Te1-U1,Ge-Te-U,Ge;Te;U,3,6,40.783,70.542,9.802318544901484,139,Tetragonal,ABC,0.0,False,False,False,True,Te
mp-aaaaaerm,Li2SbPt,Li2-Pt1-Sb1,Li-Pt-Sb,Li;Pt;Sb,3,4,28.96,79.179,8.527721723282434,216,Cubic,ABC2,0.0,False,True,True,True,
mp-aaaaaesz,TbAlPd,Al1-Pd1-Tb1,Al-Pd-Tb,Al;Pd;Tb,3,9,33.168,93.543,8.005247336907477,189,Hexagonal,ABC,0.011631128888886622,False,True,True,True,
mp-aaaaaetd,Li2GaPd,Ga1-Li2-Pd1,Ga-Li-Pd,Ga;Li;Pd,3,4,26.29,67.604,5.534852338816111,216,Cubic,ABC2,0.0,False,False,False,True,Ga
mp-aaaaaetj,Sr(NiGe)2,Ge2-Ni2-Sr1,Ge-Ni-Sr,Ge;Ni;Sr,3,5,34.524,62.062,6.364834631752363,139,Tetragonal,AB2C2,0.0,False,True,True,True,
mp-aaaaaetk,ZrGeTe,Ge1-Te1-Zr1,Ge-Te-Zr,Ge;Te;Zr,3,6,43.277,52.592,7.065898406974671,129,Tetragonal,ABC,0.0,False,False,False,True,Te
mp-aaaaaeur,Sr(CuGe)2,Cu2-Ge2-Sr1,Cu-Ge-Sr,Cu;Ge;Sr,3,5,40.884,77.539,6.281205221797094,139,Tetragonal,AB2C2,0.0,False,True,True,True,
mp-aaaaaeva,Ni2SbTe2,Ni2-Sb1-Te2,Ni-Sb-Te,Ni;Sb;Te,3,10,21.669,33.489,7.6113673640073305,194,Hexagonal,AB2C2,0.020720938999997607,False,False,False,True,Te
mp-aaaaaevo,Th(NiGe)2,Ge2-Ni2-Th1,Ge-Ni-Th,Ge;Ni;Th,3,5,22.613,115.166,9.609514965763164,139,Tetragonal,AB2C2,0.0,False,True,True,True,
mp-aaaaaevy,NiGePd,Ge1-Ni1-Pd1,Ge-Ni-Pd,Ge;Ni;Pd,3,6,51.908,165.803,9.426379835750751,129,Tetragonal,ABC,0.0,False,True,True,True,
mp-aaaaaewk,Ce(AlZn)2,Al2-Ce1-Zn2,Al-Ce-Zn,Al;Ce;Zn,3,5,50.611,72.027,5.573159949932709,139,Tetragonal,AB2C2,0.0,False,False,False,True,Ce
mp-aaaaaeyb,Tb(NiGe)2,Ge2-Ni2-Tb1,Ge-Ni-Tb,Ge;Ni;Tb,3,5,46.914,112.504,8.56019860238762,139,Tetragonal,AB2C2,0.0,False,True,True,True,
mp-aaaaaeym,TaAlCo2,Al1-Co2-Ta1,Al-Co-Ta,Al;Co;Ta,3,4,103.041,203.111,10.23174410115988,225,Cubic,ABC2,0.0,False,True,True,True,
mp-aaaaaeys,HoZrSb,Ho1-Sb1-Zr1,Ho-Sb-Zr,Ho;Sb;Zr,3,6,39.455,80.205,8.295400081835199,139,Tetragonal,ABC,0.0,False,True,True,True,
mp-aaaaaezj,Sc2Ni2Sn,Ni2-Sc2-Sn1,Ni-Sc-Sn,Ni;Sc;Sn,3,10,41.918,105.02,6.27902184304009,127,Tetragonal,AB2C2,0.0,False,True,True,True,
mp-aaaaafas,Ho2Ni2Pb,Ho2-Ni2-Pb1,Ho-Ni-Pb,Ho;Ni;Pb,3,5,28.014,74.964,10.394335144629558,65,Orthorhombic,AB2C2,0.0,False,True,True,True,
mp-aaaaafau,Lu(MnGe)6,Ge6-Lu1-Mn6,Ge-Lu-Mn,Ge;Lu;Mn,3,13,96.788,141.054,8.33214046250782,191,Hexagonal,AB6C6,0.0,False,True,True,True,
mp-aaaaafcb,YMgNi4,Mg1-Ni4-Y1,Mg-Ni-Y,Mg;Ni;Y,3,6,57.883,90.883,6.680173203041885,216,Cubic,ABC4,0.0,False,True,True,True,
mp-aaaaafdl,ZrNi2Sb,Ni2-Sb1-Zr1,Ni-Sb-Zr,Ni;Sb;Zr,3,8,60.623,145.512,8.45509184883192,194,Hexagonal,ABC2,0.0,False,True,True,True,
mp-aaaaafek,CeGa3Pd2,Ce1-Ga3-Pd2,Ce-Ga-Pd,Ce;Ga;Pd,3,6,53.223,101.993,8.518983229475594,191,Hexagonal,AB2C3,0.0,False,False,False,True,Ce;Ga
mp-aaaaafeo,HfGaNi2,Ga1-Hf1-Ni2,Ga-Hf-Ni,Ga;Hf;Ni,3,4,22.94,128.242,10.778701288820107,225,Cubic,ABC2,0.008806291032255942,False,False,False,True,Ga
mp-aaaaafeu,NbNi2Sn,Nb1-Ni2-Sn1,Nb-Ni-Sn,Nb;Ni;Sn,3,4,39.414,156.967,9.114305957787922,225,Cubic,ABC2,0.051920869838712136,False,False,False,True,Nb
mp-aaaaaffm,MgCuSb,Cu1-Mg1-Sb1,Cu-Mg-Sb,Cu;Mg;Sb,3,3,36.515,66.779,5.689033411516791,216,Cubic,ABC,0.0,False,True,True,True,
mp-aaaaaffy,Ge2Sb2Te5,Ge2-Sb2-Te5,Ge-Sb-Te,Ge;Sb;Te,3,9,15.452,22.025,6.010430185659537,164,Trigonal,A2B2C5,0.0231539577777804,False,False,False,True,Te
mp-aaaaafgd,NbGaNi2,Ga1-Nb1-Ni2,Ga-Nb-Ni,Ga;Nb;Ni,3,4,37.235,186.563,8.60140648797215,225,Cubic,ABC2,0.011909727114487012,False,False,False,True,Ga;Nb
mp-aaaaafgr,KTeAu,Au1-K1-Te1,Au-K-Te,Au;K;Te,3,6,13.392,27.321,6.107561787523314,194,Hexagonal,ABC,0.0,False,False,False,True,Te
mp-aaaaafhh,Nd(Sb3Os)4,Nd1-Os4-Sb12,Nd-Os-Sb,Nd;Os;Sb,3,17,52.211,100.469,9.397424040767019,204,Cubic,AB4C12,0.0,False,True,True,True,
mp-aaaaafhm,MnAlCu2,Al1-Cu2-Mn1,Al-Cu-Mn,Al;Cu;Mn,3,4,47.176,125.381,6.637013127695491,225,Cubic,ABC2,0.040840364511494975,False,True,True,True,
mp-aaaaafho,HfGaCo2,Co2-Ga1-Hf1,Co-Ga-Hf,Co;Ga;Hf,3,4,77.795,172.836,11.09168861063993,225,Cubic,ABC2,0.0,False,False,False,True,Ga
mp-aaaaafio,YAl4Ni,Al4-Ni1-Y1,Al-Ni-Y,Al;Ni;Y,3,12,59.11,92.48,4.074267745587293,63,Orthorhombic,ABC4,0.0,False,True,True,True,
mp-aaaaafir,Th(CoGe)2,Co2-Ge2-Th1,Co-Ge-Th,Co;Ge;Th,3,5,66.96,142.488,9.729696570306723,139,Tetragonal,AB2C2,0.0,False,True,True,True,
mp-aaaaafjj,MnAlCo2,Al1-Co2-Mn1,Al-Co-Mn,Al;Co;Mn,3,4,102.715,188.169,7.163443736236191,225,Cubic,ABC2,0.0,False,True,True,True,
mp-aaaaafki,Zn2CuAu,Au1-Cu1-Zn2,Au-Cu-Zn,Au;Cu;Zn,3,4,18.83,112.628,10.961701338487796,225,Cubic,ABC2,0.011148087500000514,False,True,True,True,
mp-aaaaaflk,MgCu4Sn,Cu4-Mg1-Sn1,Cu-Mg-Sn,Cu;Mg;Sn,3,6,58.121,97.854,7.4017073571735335,216,Cubic,ABC4,0.0,False,True,True,True,
mp-aaaaafmj,Sc(Al2Fe)4,Al8-Fe4-Sc1,Al-Fe-Sc,Al;Fe;Sc,3,13,85.544,128.938,4.34143222320363,139,Tetragonal,AB4C8,0.0,False,True,True,True,
mp-aaaaafmk,FeCuPt2,Cu1-Fe1-Pt2,Cu-Fe-Pt,Cu;Fe;Pt,3,4,71.301,197.434,14.995910317482615,123,Tetragonal,ABC2,0.01835553999999817,False,True,True,True,
mp-aaaaafni,Li2GaPt,Ga1-Li2-Pt1,Ga-Li-Pt,Ga;Li;Pt,3,4,28.95,82.351,8.249333308428755,216,Cubic,ABC2,0.0,False,False,False,True,Ga
mp-aaaaafns,ZrAlCu2,Al1-Cu2-Zr1,Al-Cu-Zr,Al;Cu;Zr,3,4,49.2,127.356,6.631537821697425,225,Cubic,ABC2,0.0031096151376130976,False,True,True,True,
mp-aaaaafnw,TiNi2Sn,Ni2-Sn1-Ti1,Ni-Sn-Ti,Ni;Sn;Ti,3,4,36.868,159.419,8.198898401941538,225,Cubic,ABC2,0.03585484116071225,False,True,True,True,
mp-aaaaafpv,ScCo2Sn,Co2-Sc1-Sn1,Co-Sc-Sn,Co;Sc;Sn,3,4,75.57,137.52,7.792784172252609,225,Cubic,ABC2,0.0,False,True,True,True,
mp-aaaaafso,Ca(AlGe)2,Al2-Ca1-Ge2,Al-Ca-Ge,Al;Ca;Ge,3,5,37.748,59.086,3.616389699526157,164,Trigonal,AB2C2,0.0,False,True,True,True,
mp-aaaaafuj,ZrAlCo2,Al1-Co2-Zr1,Al-Co-Zr,Al;Co;Zr,3,4,79.114,162.789,6.965502781229015,225,Cubic,ABC2,0.0,False,True,True,True,
mp-aaaaafvb,CaAsAu,As1-Au1-Ca1,As-Au-Ca,As;Au;Ca,3,6,27.657,60.978,7.484542682793935,194,Hexagonal,ABC,0.0,False,False,False,True,As
mp-aaaaafvq,TmSnPd2,Pd2-Sn1-Tm1,Pd-Sn-Tm,Pd;Sn;Tm,3,4,28.127,113.153,10.815180036619477,225,Cubic,ABC2,0.0,False,True,True,True,
mp-aaaaafye,ZnGeAs2,As2-Ge1-Zn1,As-Ge-Zn,As;Ge;Zn,3,8,37.29,59.569,5.073638810844215,122,Tetragonal,ABC2,0.0,False,False,False,True,As
mp-aaaaafzy,YAl3Ni,Al3-Ni1-Y1,Al-Ni-Y,Al;Ni;Y,3,20,59.711,96.501,4.304030653002227,62,Orthorhombic,ABC3,0.0,False,True,True,True,
mp-aaaaagat,TbZrSb,Sb1-Tb1-Zr1,Sb-Tb-Zr,Sb;Tb;Zr,3,6,40.544,79.598,8.042862503956776,139,Tetragonal,ABC,0.0,False,True,True,True,
mp-aaaaagau,VCoSb,Co1-Sb1-V1,Co-Sb-V,Co;Sb;V,3,3,55.213,141.89,7.772811547429685,216,Cubic,ABC,0.0,False,True,True,True,
mp-aaaaagbb,MgCuAs,As1-Cu1-Mg1,As-Cu-Mg,As;Cu;Mg,3,6,31.327,65.78,5.32381946661336,129,Tetragonal,ABC,0.023717741291665817,False,False,False,True,As
mp-aaaaagcb,Ba(AsRu)2,As2-Ba1-Ru2,As-Ba-Ru,As;Ba;Ru,3,5,39.593,76.622,7.41177692063669,139,Tetragonal,AB2C2,0.0,False,False,False,True,As
mp-aaaaagcm,CaCuAs,As1-Ca1-Cu1,As-Ca-Cu,As;Ca;Cu,3,6,42.103,64.433,4.853958856793669,194,Hexagonal,ABC,0.0,False,False,False,True,As
mp-aaaaagdq,Ca(MnSb)2,Ca1-Mn2-Sb2,Ca-Mn-Sb,Ca;Mn;Sb,3,5,19.476,43.915,5.067356927814286,164,Trigonal,AB2C2,0.07462379275985143,False,True,True,True,
mp-aaaaagfd,Dy6FeSb2,Dy6-Fe1-Sb2,Dy-Fe-Sb,Dy;Fe;Sb,3,9,34.383,39.048,8.721391850091514,189,Hexagonal,AB2C6,0.010243795802469258,False,True,True,True,
mp-aaaaagfj,Tm(NiGe)2,Ge2-Ni2-Tm1,Ge-Ni-Tm,Ge;Ni;Tm,3,5,44.072,108.431,8.960456181120463,139,Tetragonal,AB2C2,0.0,False,True,True,True,
mp-aaaaagfu,UAs2Pd,As2-Pd1-U1,As-Pd-U,As;Pd;U,3,8,51.105,117.844,10.743677828774937,129,Tetragonal,ABC2,0.0,False,False,False,True,As
mp-aaaaaggr,Nd(AgGe)2,Ag2-Ge2-Nd1,Ag-Ge-Nd,Ag;Ge;Nd,3,5,42.854,81.818,8.06090463590589,139,Tetragonal,AB2C2,0.0,False,True,True,True,
mp-aaaaaggv,KMnSb,K1-Mn1-Sb1,K-Mn-Sb,K;Mn;Sb,3,6,12.876,22.579,3.96713038875423,129,Tetragonal,ABC,0.1469885444396546,False,True,True,True,
mp-aaaaagha,MnFeAs,As1-Fe1-Mn1,As-Fe-Mn,As;Fe;Mn,3,9,74.317,159.384,7.861648980623807,189,Hexagonal,ABC,0.0,False,False,False,True,As
mp-aaaaaghn,Pr(Sb3Os)4,Os4-Pr1-Sb12,Os-Pr-Sb,Os;Pr;Sb,3,17,49.953,100.522,9.376355925250632,204,Cubic,AB4C12,0.0,False,True,True,True,
mp-aaaaaghv,Ca(CoGe)2,Ca1-Co2-Ge2,Ca-Co-Ge,Ca;Co;Ge,3,5,61.567,73.576,6.141755700073045,139,Tetragonal,AB2C2,0.0,False,True,True,True,
mp-aaaaagiy,TbNiGe2,Ge2-Ni1-Tb1,Ge-Ni-Tb,Ge;Ni;Tb,3,8,42.414,95.826,8.328679027911468,63,Orthorhombic,ABC2,0.0,False,True,True,True,
mp-aaaaagjb,Ho(NiGe)2,Ge2-Ho1-Ni2,Ge-Ho-Ni,Ge;Ho;Ni,3,5,46.459,115.228,8.775122802330555,139,Tetragonal,AB2C2,0.0,False,True,True,True,
mp-aaaaagjm,Nd(NiGe)2,Ge2-Nd1-Ni2,Ge-Nd-Ni,Ge;Nd;Ni,3,5,48.011,111.919,7.915884934186764,139,Tetragonal,AB2C2,0.0,False,True,True,True,
mp-aaaaagjs,PrAgAs2,Ag1-As2-Pr1,Ag-As-Pr,Ag;As;Pr,3,16,42.754,74.255,7.345802636213772,62,Orthorhombic,ABC2,0.0,False,False,False,True,As
mp-aaaaagka,Sr(NiAs)2,As2-Ni2-Sr1,As-Ni-Sr,As;Ni;Sr,3,5,28.001,45.823,6.439468616072366,139,Tetragonal,AB2C2,0.0,False,False,False,True,As
mp-aaaaaglb,Sr(MnAs)2,As2-Mn2-Sr1,As-Mn-Sr,As;Mn;Sr,3,5,31.048,52.687,5.483630576349477,164,Trigonal,AB2C2,0.09032637441379521,False,False,False,True,As
mp-aaaaaglw,NbGaCo2,Co2-Ga1-Nb1,Co-Ga-Nb,Co;Ga;Nb,3,4,82.303,193.763,8.739641551378831,225,Cubic,ABC2,0.0,False,False,False,True,Ga;Nb
mp-aaaaagmc,Sr(AsPd)2,As2-Pd2-Sr1,As-Pd-Sr,As;Pd;Sr,3,5,32.583,79.52,7.307806168434893,139,Tetragonal,AB2C2,0.0,False,False,False,True,As
mp-aaaaagnb,TbScGe,Ge1-Sc1-Tb1,Ge-Sc-Tb,Ge;Sc;Tb,3,6,45.392,71.319,6.5005467285575715,139,Tetragonal,ABC,0.0,False,True,True,True,
mp-aaaaagnv,Ho(CoGe)2,Co2-Ge2-Ho1,Co-Ge-Ho,Co;Ge;Ho,3,5,69.868,135.84,9.004253292609482,139,Tetragonal,AB2C2,0.0,False,True,True,True,
mp-aaaaagov,Ca(CuGe)2,Ca1-Cu2-Ge2,Ca-Cu-Ge,Ca;Cu;Ge,3,5,42.085,79.246,5.8217516646068095,139,Tetragonal,AB2C2,0.0,False,True,True,True,
mp-aaaaagqq,Sr(FeAs)2,As2-Fe2-Sr1,As-Fe-Sr,As;Fe;Sr,3,5,42.202,84.292,6.337956191724766,139,Tetragonal,AB2C2,0.0,False,False,False,True,As
mp-aaaaagrk,ErInPd,Er1-In1-Pd1,Er-In-Pd,Er;In;Pd,3,9,31.411,89.71,9.861462311790872,189,Hexagonal,ABC,0.0,False,True,True,True,
mp-aaaaagrw,Y(CuGe)2,Cu2-Ge2-Y1,Cu-Ge-Y,Cu;Ge;Y,3,5,55.688,103.38,7.004757672988842,139,Tetragonal,AB2C2,0.0,False,True,True,True,
mp-aaaaagsm,ScNi2Sn,Ni2-Sc1-Sn1,Ni-Sc-Sn,Ni;Sc;Sn,3,4,50.791,126.056,7.565971247611433,225,Cubic,ABC2,0.0,False,True,True,True,
mp-aaaaagtc,ErInCu2,Cu2-Er1-In1,Cu-Er-In,Cu;Er;In,3,4,42.728,88.491,9.397385167220607,225,Cubic,ABC2,0.023198708333332263,False,True,True,True,
mp-aaaaagtl,UAl3Pd2,Al3-Pd2-U1,Al-Pd-U,Al;Pd;U,3,6,63.137,116.197,8.27707558935673,191,Hexagonal,AB2C3,0.07963144729166771,False,True,True,True,
mp-aaaaagvk,TiCo2Ge,Co2-Ge1-Ti1,Co-Ge-Ti,Co;Ge;Ti,3,4,84.07,188.455,7.923029531748973,225,Cubic,ABC2,0.0,False,True,True,True,
mp-aaaaagwk,TlCrTe2,Cr1-Te2-Tl1,Cr-Te-Tl,Cr;Te;Tl,3,4,20.607,34.601,7.266255113611093,164,Trigonal,ABC2,0.0,False,False,False,True,Cr;Te
mp-aaaaagwy,MnRh2Pb,Mn1-Pb1-Rh2,Mn-Pb-Rh,Mn;Pb;Rh,3,4,28.127,151.048,11.772699704211496,225,Cubic,ABC2,0.023400835000000342,False,True,True,True,
mp-aaaaagxc,Y(Al2Fe)4,Al8-Fe4-Y1,Al-Fe-Y,Al;Fe;Y,3,13,84.62,123.771,4.602917417557537,139,Tetragonal,AB4C8,0.0,False,True,True,True,
mp-aaaaagzt,Nd(GePd)2,Ge2-Nd1-Pd2,Ge-Nd-Pd,Ge;Nd;Pd,3,5,38.891,107.798,8.632386054161282,139,Tetragonal,AB2C2,0.0,False,True,True,True,
mp-aaaaahaa,UGa5Co,Co1-Ga5-U1,Co-Ga-U,Co;Ga;U,3,7,75.021,105.256,8.88244261367669,123,Tetragonal,ABC5,0.0,False,False,False,True,Ga
mp-aaaaahag,PrScGe,Ge1-Pr1-Sc1,Ge-Pr-Sc,Ge;Pr;Sc,3,6,39.785,64.503,5.637672495685068,139,Tetragonal,ABC,0.0,False,True,True,True,
mp-aaaaahal,ErTiGe,Er1-Ge1-Ti1,Er-Ge-Ti,Er;Ge;Ti,3,6,52.162,90.675,7.699672887028265,129,Tetragonal,ABC,0.0,False,True,True,True,
mp-aaaaaham,Ca(NiAs)2,As2-Ca1-Ni2,As-Ca-Ni,As;Ca;Ni,3,5,39.082,84.598,6.055289810894618,139,Tetragonal,AB2C2,0.0,False,False,False,True,As
mp-aaaaahay,ZnSnSb2,Sb2-Sn1-Zn1,Sb-Sn-Zn,Sb;Sn;Zn,3,8,22.498,40.984,5.418031973964303,122,Tetragonal,ABC2,0.0,False,True,True,True,
mp-aaaaahbn,TiAlCu2,Al1-Cu2-Ti1,Al-Cu-Ti,Al;Cu;Ti,3,4,58.316,134.483,6.097624499911197,225,Cubic,ABC2,0.0,False,True,True,True,
mp-aaaaahcb,CeAl3Pd2,Al3-Ce1-Pd2,Al-Ce-Pd,Al;Ce;Pd,3,6,61.657,108.295,6.583902861868322,191,Hexagonal,AB2C3,0.0,False,False,False,True,Ce
mp-aaaaahdd,NbAlNi2,Al1-Nb1-Ni2,Al-Nb-Ni,Al;Nb;Ni,3,4,49.39,181.822,7.274793775010678,225,Cubic,ABC2,0.00719846491666587,False,False,False,True,Nb
mp-aaaaahdh,CeAl5Ni2,Al5-Ce1-Ni2,Al-Ce-Ni,Al;Ce;Ni,3,8,61.918,96.912,4.862962914886505,71,Orthorhombic,AB2C5,0.0,False,False,False,True,Ce
mp-aaaaahds,HfNi2Sn,Hf1-Ni2-Sn1,Hf-Ni-Sn,Hf;Ni;Sn,3,4,48.08,153.406,11.091275459404473,225,Cubic,ABC2,0.04730787291071081,False,True,True,True,
mp-aaaaahea,Yb(MnSb)2,Mn2-Sb2-Yb1,Mn-Sb-Yb,Mn;Sb;Yb,3,5,18.882,43.87,6.723343407500246,164,Trigonal,AB2C2,0.115981479000002,False,True,True,True,
mp-aaaaahek,MnSbRh,Mn1-Rh1-Sb1,Mn-Rh-Sb,Mn;Rh;Sb,3,3,31.097,112.852,8.138479788084,216,Cubic,ABC,0.06622798818965592,False,True,True,True,
mp-aaaaahes,NdScGe,Ge1-Nd1-Sc1,Ge-Nd-Sc,Ge;Nd;Sc,3,6,40.817,65.782,5.799028377040963,139,Tetragonal,ABC,0.0,False,True,True,True,
mp-aaaaaheu,HoGa5Co,Co1-Ga5-Ho1,Co-Ga-Ho,Co;Ga;Ho,3,7,53.558,86.145,7.8334877866817205,123,Tetragonal,ABC5,0.0,False,False,False,True,Ga
mp-aaaaahez,Sr(CuAs)2,As2-Cu2-Sr1,As-Cu-Sr,As;Cu;Sr,3,5,20.546,56.86,6.203044506941965,139,Tetragonal,AB2C2,0.0,False,False,False,True,As
mp-aaaaahfc,CaMgSn,Ca1-Mg1-Sn1,Ca-Mg-Sn,Ca;Mg;Sn,3,12,28.662,40.739,3.705315402463105,62,Orthorhombic,ABC,0.0,False,True,True,True,
mp-aaaaahfd,Er(NiGe)2,Er1-Ge2-Ni2,Er-Ge-Ni,Er;Ge;Ni,3,5,47.358,122.05,8.874006040046465,139,Tetragonal,AB2C2,0.0,False,True,True,True,
mp-aaaaahgb,Y(GeRh)2,Ge2-Rh2-Y1,Ge-Rh-Y,Ge;Rh;Y,3,5,62.331,132.96,8.176002820315581,139,Tetragonal,AB2C2,0.0,False,True,True,True,
mp-aaaaahgh,UTeAs,As1-Te1-U1,As-Te-U,As;Te;U,3,6,29.644,71.159,9.761182570438638,139,Tetragonal,ABC,0.0,False,False,False,True,As;Te
mp-aaaaahgj,ScSnPd2,Pd2-Sc1-Sn1,Pd-Sc-Sn,Pd;Sc;Sn,3,4,34.491,123.983,8.712137162887736,225,Cubic,ABC2,0.0,False,True,True,True,
mp-aaaaahgn,Y2MgCu2,Cu2-Mg1-Y2,Cu-Mg-Y,Cu;Mg;Y,3,10,10.28,62.66,5.001392641124987,127,Tetragonal,AB2C2,0.0,False,True,True,True,
mp-aaaaahgu,Y(CoGe)2,Co2-Ge2-Y1,Co-Ge-Y,Co;Ge;Y,3,5,70.145,136.227,7.333080976034431,139,Tetragonal,AB2C2,0.0,False,True,True,True,
mp-aaaaahgz,LiGa2Rh,Ga2-Li1-Rh1,Ga-Li-Rh,Ga;Li;Rh,3,4,33.902,103.896,7.3323944372715815,225,Cubic,ABC2,0.0,False,False,False,True,Ga
mp-aaaaahhg,Nd(GeRh)2,Ge2-Nd1-Rh2,Ge-Nd-Rh,Ge;Nd;Rh,3,5,64.855,123.385,8.886333660252323,139,Tetragonal,AB2C2,0.0,False,True,True,True,
mp-aaaaahhi,MnAlNi2,Al1-Mn1-Ni2,Al-Mn-Ni,Al;Mn;Ni,3,4,52.165,158.539,6.797645250973625,225,Cubic,ABC2,0.0,False,True,True,True,
mp-aaaaahhk,Pr(CuGe)2,Cu2-Ge2-Pr1,Cu-Ge-Pr,Cu;Ge;Pr,3,5,53.319,95.907,7.59743627354513,139,Tetragonal,AB2C2,0.0,False,True,True,True,
mp-aaaaahip,AlVCo2,Al1-Co2-V1,Al-Co-V,Al;Co;V,3,4,101.019,195.177,6.81754014097704,225,Cubic,ABC2,0.0,False,True,True,True,
mp-aaaaahjg,LuInCu2,Cu2-In1-Lu1,Cu-In-Lu,Cu;In;Lu,3,4,42.279,89.584,9.779161868081511,225,Cubic,ABC2,0.0,False,True,True,True,
mp-aaaaahjx,CrNiAs,As1-Cr1-Ni1,As-Cr-Ni,As;Cr;Ni,3,9,61.789,130.106,7.594293535877512,189,Hexagonal,ABC,0.0,False,False,False,True,As;Cr
mp-aaaaahjy,MnSnRh2,Mn1-Rh2-Sn1,Mn-Rh-Sn,Mn;Rh;Sn,3,4,39.345,169.635,10.048525917471903,225,Cubic,ABC2,0.0,False,True,True,True,
mp-aaaaahkh,Nd(CoGe)2,Co2-Ge2-Nd1,Co-Ge-Nd,Co;Ge;Nd,3,5,67.306,111.275,8.100743699937746,139,Tetragonal,AB2C2,0.0,False,True,True,True,
mp-aaaaahkx,UAlRh,Al1-Rh1-U1,Al-Rh-U,Al;Rh;U,3,9,43.274,130.046,10.861332884517052,189,Hexagonal,ABC,0.16570290111111063,False,True,True,True,
mp-aaaaahly,YTiGe,Ge1-Ti1-Y1,Ge-Ti-Y,Ge;Ti;Y,3,6,49.263,86.156,5.471245257324505,129,Tetragonal,ABC,0.0,False,True,True,True,
mp-aaaaahmt,YAl3Ni2,Al3-Ni2-Y1,Al-Ni-Y,Al;Ni;Y,3,18,68.926,110.087,4.960564345587628,191,Hexagonal,AB2C3,0.0,False,True,True,True,
mp-aaaaahmy,DyZrSb,Dy1-Sb1-Zr1,Dy-Sb-Zr,Dy;Sb;Zr,3,6,39.479,79.781,8.184643059420281,139,Tetragonal,ABC,0.0,False,True,True,True,
mp-aaaaahon,Y(NiGe)2,Ge2-Ni2-Y1,Ge-Ni-Y,Ge;Ni;Y,3,5,47.692,102.131,7.144884478767465,139,Tetragonal,AB2C2,0.0,False,True,True,True,
mp-aaaaahqb,NbAlCo2,Al1-Co2-Nb1,Al-Co-Nb,Al;Co;Nb,3,4,94.077,195.157,7.40891832677304,225,Cubic,ABC2,0.0,False,False,False,True,Nb
mp-aaaaahql,LiGa2Pd,Ga2-Li1-Pd1,Ga-Li-Pd,Ga;Li;Pd,3,4,20.021,83.371,7.072499568132849,225,Cubic,ABC2,0.0,False,False,False,True,Ga
mp-aaaaahqs,Ca(AsPd)2,As2-Ca1-Pd2,As-Ca-Pd,As;Ca;Pd,3,5,26.838,88.276,6.852179957263677,139,Tetragonal,AB2C2,0.017494350791668722,False,False,False,True,As
mp-aaaaahqt,Sm(NiGe)2,Ge2-Ni2-Sm1,Ge-Ni-Sm,Ge;Ni;Sm,3,5,47.319,101.792,8.186420244583976,139,Tetragonal,AB2C2,0.0,False,True,True,True,
mp-aaaaahrm,ScNiSn,Ni1-Sc1-Sn1,Ni-Sc-Sn,Ni;Sc;Sn,3,12,38.313,93.391,6.694377988114447,62,Orthorhombic,ABC,0.008884626666667117,False,True,True,True,
mp-aaaaahrq,ZnSnAs2,As2-Sn1-Zn1,As-Sn-Zn,As;Sn;Zn,3,8,29.953,53.372,5.257182385766762,122,Tetragonal,ABC2,0.0,False,False,False,True,As
mp-aaaaahsp,NdNiGe2,Ge2-Nd1-Ni1,Ge-Nd-Ni,Ge;Nd;Ni,3,8,47.553,100.569,7.62827488504121,63,Orthorhombic,ABC2,0.0,False,True,True,True,
mp-aaaaahsv,HfAlCo2,Al1-Co2-Hf1,Al-Co-Hf,Al;Co;Hf,3,4,89.886,172.038,9.776490276610497,225,Cubic,ABC2,0.0,False,True,True,True,
mp-aaaaahui,Ho(GeRu)2,Ge2-Ho1-Ru2,Ge-Ho-Ru,Ge;Ho;Ru,3,5,57.245,135.733,9.492924871584727,139,Tetragonal,AB2C2,0.0,False,True,True,True,
mp-aaaaahwo,MnCoSb,Co1-Mn1-Sb1,Co-Mn-Sb,Co;Mn;Sb,3,3,56.542,116.415,7.9222077505032615,216,Cubic,ABC,0.046553668750000554,False,True,True,True,
mp-aaaaahzo,MnCo2Sb,Co2-Mn1-Sb1,Co-Mn-Sb,Co;Mn;Sb,3,4,76.297,174.535,8.950858737756269,225,Cubic,ABC2,0.0,False,True,True,True,
mp-aaaaahzz,TiAlCo2,Al1-Co2-Ti1,Al-Co-Ti,Al;Co;Ti,3,4,98.873,179.963,6.444219356894906,225,Cubic,ABC2,0.0,False,True,True,True,
mp-aaaaaial,LiGa2Ir,Ga2-Ir1-Li1,Ga-Ir-Li,Ga;Ir;Li,3,4,40.935,121.949,9.915488171614907,225,Cubic,ABC2,0.0,False,False,False,True,Ga
mp-aaaaaibr,Er(FeGe)2,Er1-Fe2-Ge2,Er-Fe-Ge,Er;Fe;Ge,3,5,48.299,134.12,8.831954677773114,139,Tetragonal,AB2C2,0.0,False,True,True,True,
mp-aaaaaidf,MnAlAu2,Al1-Au2-Mn1,Al-Au-Mn,Al;Au;Mn,3,4,15.261,121.118,12.044711844847836,225,Cubic,ABC2,0.0,False,True,True,True,
mp-aaaaaidl,Er(CoGe)2,Co2-Er1-Ge2,Co-Er-Ge,Co;Er;Ge,3,5,69.45,134.9,9.105683517805947,139,Tetragonal,AB2C2,0.0,False,True,True,True,
mp-aaaaaidm,Ca(MnAs)2,As2-Ca1-Mn2,As-Ca-Mn,As;Ca;Mn,3,5,34.526,63.206,5.143688362070546,164,Trigonal,AB2C2,0.0788424023669938,False,False,False,True,As
mp-aaaaaieh,HoGeAu,Au1-Ge1-Ho1,Au-Ge-Ho,Au;Ge;Ho,3,6,45.301,93.299,11.419598835936908,186,Hexagonal,ABC,0.0,False,True,True,True,
mp-aaaaaifa,YSnPd2,Pd2-Sn1-Y1,Pd-Sn-Y,Pd;Sn;Y,3,4,14.252,107.794,8.843636957671634,225,Cubic,ABC2,0.0,False,True,True,True,
mp-aaaaaifl,MgSnAu,Au1-Mg1-Sn1,Au-Mg-Sn,Au;Mg;Sn,3,3,28.043,65.619,8.133761591762651,216,Cubic,ABC,0.0,False,True,True,True,
mp-aaaaaiga,Pr(AgGe)2,Ag2-Ge2-Pr1,Ag-Ge-Pr,Ag;Ge;Pr,3,5,43.123,81.263,7.934448830135713,139,Tetragonal,AB2C2,0.0,False,True,True,True,
mp-aaaaaign,Ce(GeRh)2,Ce1-Ge2-Rh2,Ce-Ge-Rh,Ce;Ge;Rh,3,5,65.086,129.851,8.888603229319454,139,Tetragonal,AB2C2,0.0,False,False,False,True,Ce
mp-aaaaaiha,YMgGa,Ga1-Mg1-Y1,Ga-Mg-Y,Ga;Mg;Y,3,9,48.769,59.971,4.44753880985831,189,Hexagonal,ABC,0.0,False,False,False,True,Ga
mp-aaaaaiki,MnSbPt,Mn1-Pt1-Sb1,Mn-Pt-Sb,Mn;Pt;Sb,3,3,29.228,110.879,10.196616071553626,216,Cubic,ABC,0.0,False,True,True,True,
mp-aaaaaimd,ZrAlNi,Al1-Ni1-Zr1,Al-Ni-Zr,Al;Ni;Zr,3,9,73.136,130.593,6.05524722016723,189,Hexagonal,ABC,0.0,False,True,True,True,
mp-aaaaaimj,YAgSn,Ag1-Sn1-Y1,Ag-Sn-Y,Ag;Sn;Y,3,6,41.828,71.171,7.212732192875463,186,Hexagonal,ABC,0.0,False,True,True,True,
mp-aaaaainc,HfAlNi2,Al1-Hf1-Ni2,Al-Hf-Ni,Al;Hf;Ni,3,4,37.535,160.645,9.482441698656237,225,Cubic,ABC2,0.0,False,True,True,True,
mp-aaaaaiog,AlVFe2,Al1-Fe2-V1,Al-Fe-V,Al;Fe;V,3,4,137.797,220.899,6.770747234769847,225,Cubic,ABC2,0.0,False,True,True,True,
mp-aaaaaipv,Pr(NiGe)2,Ge2-Ni2-Pr1,Ge-Ni-Pr,Ge;Ni;Pr,3,5,45.239,116.144,7.759608340042972,139,Tetragonal,AB2C2,0.0,False,True,True,True,
mp-aaaaaiqy,ErZrSb,Er1-Sb1-Zr1,Er-Sb-Zr,Er;Sb;Zr,3,6,38.697,80.18,8.40123636720228,139,Tetragonal,ABC,0.0,False,True,True,True,
mp-aaaaairq,MnCuSb,Cu1-Mn1-Sb1,Cu-Mn-Sb,Cu;Mn;Sb,3,3,30.067,75.954,7.048331053447537,216,Cubic,ABC,0.11728219833333142,False,True,True,True,
mp-aaaaaiti,CaCuSb,Ca1-Cu1-Sb1,Ca-Cu-Sb,Ca;Cu;Sb,3,6,33.921,52.044,5.237724908922858,194,Hexagonal,ABC,0.0,False,True,True,True,
mp-aaaaaitt,TaAlNi2,Al1-Ni2-Ta1,Al-Ni-Ta,Al;Ni;Ta,3,4,53.507,192.409,10.052929411753821,225,Cubic,ABC2,0.01263121712500137,False,True,True,True,
mp-aaaaaiuq,MnSbAu,Au1-Mn1-Sb1,Au-Mn-Sb,Au;Mn;Sb,3,3,12.833,77.433,9.201836160489016,216,Cubic,ABC,0.1602781441666643,False,True,True,True,
mp-aaaaaiwc,La(NiAs)2,As2-La1-Ni2,As-La-Ni,As;La;Ni,3,5,49.769,113.37,7.6959787707961755,139,Tetragonal,AB2C2,0.03445215199999918,False,False,False,True,As
mp-aaaaaiwd,Tm(CoGe)2,Co2-Ge2-Tm1,Co-Ge-Tm,Co;Ge;Tm,3,5,68.577,131.945,9.194435414232657,139,Tetragonal,AB2C2,0.0,False,True,True,True,
mp-aaaaakfw,Mn2Sb,Mn2-Sb1,Mn-Sb,Mn;Sb,2,6,25.283,62.221,7.850471657214306,194,Hexagonal,AB2,0.22937961235632187,False,True,True,True,
mp-aaaaakfy,CaGa,Ca1-Ga1,Ca-Ga,Ca;Ga,2,4,27.264,37.038,3.491369134963166,63,Orthorhombic,AB,0.0,False,False,False,True,Ga
mp-aaaaakgb,TmAgSn,Ag1-Sn1-Tm1,Ag-Sn-Tm,Ag;Sn;Tm,3,6,40.715,73.521,9.293830697606486,186,Hexagonal,ABC,0.0,False,True,True,True,
mp-aaaaakgd,ScSnAu,Au1-Sc1-Sn1,Au-Sc-Sn,Au;Sc;Sn,3,6,37.389,81.571,9.091397523297776,186,Hexagonal,ABC,0.06907755499999979,False,True,True,True,
mp-aaaaakgw,ZnRh,Rh1-Zn1,Rh-Zn,Rh;Zn,2,2,74.335,171.239,10.051212621690315,221,Cubic,AB,0.0,False,True,True,True,
mp-aaaaakhi,BaSb3,Ba1-Sb3,Ba-Sb,Ba;Sb,2,8,16.98,27.116,5.816284390596509,12,Monoclinic,AB3,0.0,False,True,True,True,
mp-aaaaakhm,SrAgAs,Ag1-As1-Sr1,Ag-As-Sr,Ag;As;Sr,3,6,29.294,48.889,5.8379237910146955,194,Hexagonal,ABC,0.0,False,False,False,True,As
mp-aaaaakhu,Ba(AsPd)2,As2-Ba1-Pd2,As-Ba-Pd,As;Ba;Pd,3,5,33.454,63.365,7.565686077413702,139,Tetragonal,AB2C2,0.02687483300000082,False,False,False,True,As
mp-aaaaaklu,ScNiGe,Ge1-Ni1-Sc1,Ge-Ni-Sc,Ge;Ni;Sc,3,12,63.254,124.163,6.190807785156418,62,Orthorhombic,ABC,0.0,False,True,True,True,
mp-aaaaakmv,HoAgGe,Ag1-Ge1-Ho1,Ag-Ge-Ho,Ag;Ge;Ho,3,9,26.085,78.153,8.954359086744686,189,Hexagonal,ABC,0.165098475555558,False,True,True,True,
mp-aaaaakoh,PrTe,Pr1-Te1,Pr-Te,Pr;Te,2,2,35.887,58.128,7.472847652491825,221,Cubic,AB,0.09212754000000345,False,False,False,True,Te
mp-aaaaakqk,NdAl3Ni2,Al3-Nd1-Ni2,Al-Nd-Ni,Al;Nd;Ni,3,6,67.155,105.597,5.695861630370664,191,Hexagonal,AB2C3,0.0,False,True,True,True,
mp-aaaaakql,TiAlNi2,Al1-Ni2-Ti1,Al-Ni-Ti,Al;Ni;Ti,3,4,62.108,164.644,6.214462007256746,225,Cubic,ABC2,0.0,False,True,True,True,
mp-aaaaakqn,AlPd,Al1-Pd1,Al-Pd,Al;Pd,2,8,67.929,149.85,7.488205962541305,198,Cubic,AB,0.0,False,True,True,True,
mp-aaaaakqq,Sc2Sb,Sb1-Sc2,Sb-Sc,Sb;Sc,2,6,41.139,72.039,4.99833466397323,129,Tetragonal,AB2,0.0,False,True,True,True,
mp-aaaaakry,V3Ni,Ni1-V3,Ni-V,Ni;V,2,8,96.268,202.988,6.88903376413395,223,Cubic,AB3,0.0,False,True,True,True,
mp-aaaaaksl,PrMgGa,Ga1-Mg1-Pr1,Ga-Mg-Pr,Ga;Mg;Pr,3,9,37.828,53.714,5.221971685272384,189,Hexagonal,ABC,0.0,False,False,False,True,Ga
mp-aaaaaksp,LiSnPd2,Li1-Pd2-Sn1,Li-Pd-Sn,Li;Pd;Sn,3,4,25.46,108.005,8.747425390433179,225,Cubic,ABC2,0.0,False,True,True,True,
mp-aaaaaksw,Nb6Co7,Co7-Nb6,Co-Nb,Co;Nb,2,13,89.264,220.75,8.94849780366197,166,Trigonal,A6B7,0.005622903410255731,False,False,False,True,Nb
mp-aaaaakuf,HfNi3,Hf1-Ni3,Hf-Ni,Hf;Ni,2,12,75.969,176.825,11.350309498458843,166,Trigonal,AB3,0.002178646916664917,False,True,True,True,
mp-aaaaakux,ErCd3,Cd3-Er1,Cd-Er,Cd;Er,2,8,29.141,57.028,8.846960671985602,63,Orthorhombic,AB3,0.0,False,True,True,True,
mp-aaaaakwl,Y3Pt,Pt1-Y3,Pt-Y,Pt;Y,2,16,17.134,55.615,6.865111099505529,62,Orthorhombic,AB3,0.0,False,True,True,True,
mp-aaaaakxb,BaAgAs,Ag1-As1-Ba1,Ag-As-Ba,Ag;As;Ba,3,6,28.524,44.723,6.170478207566517,194,Hexagonal,ABC,0.0,False,False,False,True,As
mp-aaaaakxd,Sr(CoGe)2,Co2-Ge2-Sr1,Co-Ge-Sr,Co;Ge;Sr,3,5,52.128,71.077,6.5233320784587026,139,Tetragonal,AB2C2,0.0,False,True,True,True,
mp-aaaaakxs,Sr3(AlSn)2,Al2-Sn2-Sr3,Al-Sn-Sr,Al;Sn;Sr,3,7,25.252,36.254,4.082692649779447,71,Orthorhombic,A2B2C3,0.0,False,True,True,True,
mp-aaaaakxt,Ba3(AlSn)2,Al2-Ba3-Sn2,Al-Ba-Sn,Al;Ba;Sn,3,7,20.566,31.429,4.580629779435505,71,Orthorhombic,A2B2C3,0.0,False,True,True,True,
mp-aaaaakxx,TbMg3,Mg3-Tb1,Mg-Tb,Mg;Tb,2,4,24.883,40.267,3.912966885838511,225,Cubic,AB3,0.0,False,True,True,True,
mp-aaaaakyg,SrGe2,Ge2-Sr1,Ge-Sr,Ge;Sr,2,3,25.775,46.921,4.9418773638563644,164,Trigonal,AB2,0.0,False,True,True,True,
mp-aaaaakym,Li3Tl,Li3-Tl1,Li-Tl,Li;Tl,2,4,14.643,23.258,4.995599992388231,225,Cubic,AB3,0.0,False,True,True,True,
mp-aaaaakyq,NaAlGe,Al1-Ge1-Na1,Al-Ge-Na,Al;Ge;Na,3,6,17.053,39.291,3.124165369034597,129,Tetragonal,ABC,0.0,False,True,True,True,
mp-aaaaakzk,KHgAs,As1-Hg1-K1,As-Hg-K,As;Hg;K,3,6,14.645,25.11,5.50165635593892,194,Hexagonal,ABC,0.0,False,False,False,True,As;Hg
mp-aaaaakzt,Ca(ZnSb)2,Ca1-Sb2-Zn2,Ca-Sb-Zn,Ca;Sb;Zn,3,5,14.186,43.544,5.249309228070207,164,Trigonal,AB2C2,0.0,False,True,True,True,
mp-aaaaakzv,Sr(ZnSb)2,Sb2-Sr1-Zn2,Sb-Sr-Zn,Sb;Sr;Zn,3,5,12.806000000000001,42.07,5.481742025885561,164,Trigonal,AB2C2,0.0,False,True,True,True,
mp-aaaaakzw,Sr(CdSb)2,Cd2-Sb2-Sr1,Cd-Sb-Sr,Cd;Sb;Sr,3,5,17.071,37.561,5.853708478333302,164,Trigonal,AB2C2,0.0,False,True,True,True,
mp-aaaaalax,Te2Mo,Mo1-Te2,Mo-Te,Mo;Te,2,12,10.737,18.341,6.722156282321606,11,Monoclinic,AB2,0.013889071666667974,False,False,False,True,Te
mp-aaaaalbm,Cu2As,As1-Cu2,As-Cu,As;Cu,2,6,26.428,110.379,7.718520145362721,129,Tetragonal,AB2,0.016657334166668036,False,False,False,True,As
mp-aaaaalcf,CaSb2,Ca1-Sb2,Ca-Sb,Ca;Sb,2,6,17.996,34.216,5.44550351814789,11,Monoclinic,AB2,0.0,False,True,True,True,
mp-aaaaalck,Ti5Te4,Te4-Ti5,Te-Ti,Te;Ti,2,9,38.922,68.104,6.377049412098481,87,Tetragonal,A4B5,0.0,False,False,False,True,Te
mp-aaaaaleo,LiMgSnAu,Au1-Li1-Mg1-Sn1,Au-Li-Mg-Sn,Au;Li;Mg;Sn,4,4,16.802,61.1,7.619968730582489,216,Cubic,ABCD,0.05829873354166626,False,True,True,True,
mp-aaaaalep,LiMgSnPd,Li1-Mg1-Pd1-Sn1,Li-Mg-Pd-Sn,Li;Mg;Pd;Sn,4,4,33.072,73.754,6.145640298427833,216,Cubic,ABCD,0.0,False,True,True,True,
mp-aaaaales,TaGe2,Ge2-Ta1,Ge-Ta,Ge;Ta,2,9,108.018,148.824,10.980437770264858,180,Hexagonal,AB2,0.02543465666666833,False,True,True,True,
mp-aaaaalfc,ThSb2,Sb2-Th1,Sb-Th,Sb;Th,2,6,31.269,73.11,8.831005023304066,129,Tetragonal,AB2,0.0,False,True,True,True,
mp-aaaaalfz,GeAs,As1-Ge1,As-Ge,As;Ge,2,2,36.685,68.076,5.815177552448838,107,Tetragonal,AB,0.10544380666666875,False,False,False,True,As
mp-aaaaalgg,NbAs2,As2-Nb1,As-Nb,As;Nb,2,6,90.659,125.156,7.263642797099256,12,Monoclinic,AB2,0.0,False,False,False,True,As;Nb
mp-aaaaalmf,MgPd3,Mg1-Pd3,Mg-Pd,Mg;Pd,2,4,41.213,128.765,9.069835359226014,221,Cubic,AB3,0.01137175124999068,False,True,True,True,
mp-aaaaalmm,AlSn,Al1-Sn1,Al-Sn,Al;Sn,2,2,28.861,49.054,4.769691198655474,187,Hexagonal,AB,0.2070903175000005,False,True,True,True,
mp-aaaaalnf,Li2NdAs2,As2-Li2-Nd1,As-Li-Nd,As;Li;Nd,3,5,19.862,44.285,4.570545381190231,164,Trigonal,AB2C2,0.11416148100000179,False,False,False,True,As
mp-aaaaalov,VSb,Sb1-V1,Sb-V,Sb;V,2,4,45.452,91.597,6.90751976322501,194,Hexagonal,AB,0.11945979000000051,False,True,True,True,
mp-aaaaalpt,Zn3As2,As2-Zn3,As-Zn,As;Zn,2,10,22.843,56.943,5.437369372024955,224,Cubic,A2B3,0.1592259510624996,False,False,False,True,As
mp-aaaaalqy,Ba(MgGe)2,Ba1-Ge2-Mg2,Ba-Ge-Mg,Ba;Ge;Mg,3,5,32.923,43.231,4.336024608048534,139,Tetragonal,AB2C2,0.0,False,True,True,True,
mp-aaaaalra,Ca(AgGe)2,Ag2-Ca1-Ge2,Ag-Ca-Ge,Ag;Ca;Ge,3,5,26.011,64.213,6.311892518783512,139,Tetragonal,AB2C2,0.00841734999999666,False,True,True,True,
mp-aaaaalrb,Sr(AgGe)2,Ag2-Ge2-Sr1,Ag-Ge-Sr,Ag;Ge;Sr,3,5,31.348,59.767,6.703222275931093,139,Tetragonal,AB2C2,0.0,False,True,True,True,
mp-aaaaalru,Rb3As,As1-Rb3,As-Rb,As;Rb,2,8,3.5700000000000003,10.489,3.054897666623532,194,Hexagonal,AB3,0.0,False,False,False,True,As
mp-aaaaalsu,Li2Sn5,Li2-Sn5,Li-Sn,Li;Sn,2,14,18.289,41.724,5.953948282477932,127,Tetragonal,A2B5,0.0046469228571428545,False,True,True,True,
mp-aaaaaltf,USbTe,Sb1-Te1-U1,Sb-Te-U,Sb;Te;U,3,6,39.772,61.912,9.488984722748063,129,Tetragonal,ABC,0.0,False,False,False,True,Te
mp-aaaaalxt,YCo,Co1-Y1,Co-Y,Co;Y,2,4,27.181,73.704,6.00264981627325,63,Orthorhombic,AB,0.031467607499997996,False,True,True,True,
mp-aaaaalyn,AsPd2,As1-Pd2,As-Pd,As;Pd,2,12,28.671,124.288,9.951009933443224,36,Orthorhombic,AB2,0.0,False,False,False,True,As
mp-aaaaalzh,Ba2Cd,Ba2-Cd1,Ba-Cd,Ba;Cd,2,3,9.934,14.827,4.498135129710312,139,Tetragonal,AB2,0.0,False,True,True,True,
mp-aaaaalzi,Ba2Hg,Ba2-Hg1,Ba-Hg,Ba;Hg,2,3,9.961,16.104,5.663371164979381,139,Tetragonal,AB2,0.0,False,False,False,True,Hg
mp-aaaaambm,Ba(CdSb)2,Ba1-Cd2-Sb2,Ba-Cd-Sb,Ba;Cd;Sb,3,5,16.34,35.993,5.982621244275512,164,Trigonal,AB2C2,0.0,False,True,True,True,
mp-aaaaamcs,As3Rh,As3-Rh1,As-Rh,As;Rh,2,16,71.782,115.538,6.884442181969533,204,Cubic,AB3,0.0,False,False,False,True,As
mp-aaaaamef,ZrAsRu,As1-Ru1-Zr1,As-Ru-Zr,As;Ru;Zr,3,9,85.07,186.495,8.830370602757476,189,Hexagonal,ABC,0.0,False,False,False,True,As
mp-aaaaamev,Ba(AsPd)2,As2-Ba1-Pd2,As-Ba-Pd,As;Ba;Pd,3,5,29.71,58.202,7.315701036861328,123,Tetragonal,AB2C2,0.020005011000001183,False,False,False,True,As
mp-aaaaamng,SrAsPt,As1-Pt1-Sr1,As-Pt-Sr,As;Pt;Sr,3,6,29.338,72.367,8.144859360216238,194,Hexagonal,ABC,0.0,False,False,False,True,As
mp-aaaaamni,BaAsPt,As1-Ba1-Pt1,As-Ba-Pt,As;Ba;Pt,3,12,23.705,68.239,8.496469536588497,198,Cubic,ABC,0.0,False,False,False,True,As
mp-aaaaamnm,Hf3Al2,Al2-Hf3,Al-Hf,Al;Hf,2,20,68.275,116.6,9.88714531581666,136,Tetragonal,A2B3,0.03970273833332527,False,True,True,True,
mp-aaaaamof,LiPrGe,Ge1-Li1-Pr1,Ge-Li-Pr,Ge;Li;Pr,3,9,37.085,53.023,5.301377738037384,189,Hexagonal,ABC,0.0,False,True,True,True,
mp-aaaaamol,CaSbPt,Ca1-Pt1-Sb1,Ca-Pt-Sb,Ca;Pt;Sb,3,12,35.587,81.669,8.65495549470526,62,Orthorhombic,ABC,0.0,False,True,True,True,
mp-aaaaamsz,SrSbPt,Pt1-Sb1-Sr1,Pt-Sb-Sr,Pt;Sb;Sr,3,3,15.928,58.536,8.146276020286813,187,Hexagonal,ABC,0.0,False,True,True,True,
mp-aaaaamta,BaSbPt,Ba1-Pt1-Sb1,Ba-Pt-Sb,Ba;Pt;Sb,3,3,21.965,57.332,8.236818806387612,187,Hexagonal,ABC,0.0,False,True,True,True,
mp-aaaaamtc,K(Cu2As)2,As2-Cu4-K1,As-Cu-K,As;Cu;K,3,7,20.635,51.763,5.670345329105553,166,Trigonal,AB2C4,0.0,False,False,False,True,As
mp-aaaaamtw,Te4Pt3,Pt3-Te4,Pt-Te,Pt;Te,2,7,24.441,47.518,10.521290095779348,166,Trigonal,A3B4,0.0,False,False,False,True,Te
mp-aaaaamvt,ZrTiTe4,Te4-Ti1-Zr1,Te-Ti-Zr,Te;Ti;Zr,3,6,12.148,14.309,5.975282568745624,10,Monoclinic,ABC4,0.014352373333331059,False,False,False,True,Te
mp-aaaaamwq,K2Au3,Au3-K2,Au-K,Au;K,2,5,14.542,33.183,7.7972370266003,71,Orthorhombic,A2B3,0.0,False,True,True,True,
mp-aaaaamzy,Zr2NiAs2,As2-Ni1-Zr2,As-Ni-Zr,As;Ni;Zr,3,10,68.334,138.277,7.283162871450982,194,Hexagonal,AB2C2,0.0,False,False,False,True,As
mp-aaaaanqt,ScGeRu,Ge1-Ru1-Sc1,Ge-Ru-Sc,Ge;Ru;Sc,3,9,82.265,147.039,7.360620560314224,189,Hexagonal,ABC,0.0,False,True,True,True,
mp-aaaaanrr,Ba(CuAs)2,As2-Ba1-Cu2,As-Ba-Cu,As;Ba;Cu,3,5,26.516,58.575,6.497676769866544,139,Tetragonal,AB2C2,0.0,False,False,False,True,As
mp-aaaaanrv,TlTe3Pt2,Pt2-Te3-Tl1,Pt-Te-Tl,Pt;Te;Tl,3,12,15.407,23.076,9.492026821438163,164,Trigonal,AB2C3,0.0,False,False,False,True,Te
mp-aaaaansi,NaTeAu,Au1-Na1-Te1,Au-Na-Te,Au;Na;Te,3,6,9.325,31.246,6.90882798409671,194,Hexagonal,ABC,0.0,False,False,False,True,Te
mp-aaaaanth,ZrSnTe,Sn1-Te1-Zr1,Sn-Te-Zr,Sn;Te;Zr,3,6,53.344,81.945,7.534937046047535,129,Tetragonal,ABC,0.0,False,False,False,True,Te
mp-aaaaanvq,ScGeAu,Au1-Ge1-Sc1,Au-Ge-Sc,Au;Ge;Sc,3,6,44.379,100.236,9.106001918013085,186,Hexagonal,ABC,0.0,False,True,True,True,
mp-aaaaanvr,LuGeAu,Au1-Ge1-Lu1,Au-Ge-Lu,Au;Ge;Lu,3,6,42.974,95.16,12.042538285611403,186,Hexagonal,ABC,0.0,False,True,True,True,
mp-aaaaanwv,Zr6FeTe2,Fe1-Te2-Zr6,Fe-Te-Zr,Fe;Te;Zr,3,9,60.855,114.77,7.415277521748796,189,Hexagonal,AB2C6,0.0,False,False,False,True,Te
mp-aaaaanxb,TbCuGe,Cu1-Ge1-Tb1,Cu-Ge-Tb,Cu;Ge;Tb,3,6,53.608,86.002,8.444580980206702,186,Hexagonal,ABC,0.0,False,True,True,True,
mp-aaaaanxd,HoCuGe,Cu1-Ge1-Ho1,Cu-Ge-Ho,Cu;Ge;Ho,3,6,56.64,89.851,8.839083179143193,186,Hexagonal,ABC,0.0,False,True,True,True,
mp-aaaaanxf,TaNi2Te3,Ni2-Ta1-Te3,Ni-Ta-Te,Ni;Ta;Te,3,12,10.537,21.521,7.6163844830953185,11,Monoclinic,AB2C3,0.0,False,False,False,True,Te
mp-aaaaanxn,SmTe3,Sm1-Te3,Sm-Te,Sm;Te,2,8,12.107,22.055,6.736992325269407,63,Orthorhombic,AB3,0.0,False,False,False,True,Te
mp-aaaaanzz,ZrGeSb,Ge1-Sb1-Zr1,Ge-Sb-Zr,Ge;Sb;Zr,3,6,74.614,98.407,7.362533688347403,129,Tetragonal,ABC,0.0,False,True,True,True,
mp-aaaaaoai,LiAg2Ge,Ag2-Ge1-Li1,Ag-Ge-Li,Ag;Ge;Li,3,4,17.417,64.676,7.308256502207339,225,Cubic,ABC2,0.0,False,True,True,True,
mp-aaaaaodh,ScFeGe,Fe1-Ge1-Sc1,Fe-Ge-Sc,Fe;Ge;Sc,3,9,37.767,98.654,5.975143289700762,189,Hexagonal,ABC,0.0,False,True,True,True,
mp-aaaaaoea,Li3Ga2,Ga2-Li3,Ga-Li,Ga;Li,2,5,28.594,38.44,3.480770804298084,166,Trigonal,A2B3,0.0,False,False,False,True,Ga
mp-aaaaaoey,Yb(MnAs)2,As2-Mn2-Yb1,As-Mn-Yb,As;Mn;Yb,3,5,35.334,64.678,7.552070337093781,164,Trigonal,AB2C2,0.05045260460344991,False,False,False,True,As
mp-aaaaaois,Ca(AlGa)2,Al2-Ca1-Ga2,Al-Ca-Ga,Al;Ca;Ga,3,5,11.435,58.788,3.8268303204443663,139,Tetragonal,AB2C2,0.0,False,False,False,True,Ga
mp-aaaaaokt,SrAsPd,As1-Pd1-Sr1,As-Pd-Sr,As;Pd;Sr,3,6,27.956,64.685,6.112156467640909,194,Hexagonal,ABC,0.0,False,False,False,True,As
mp-aaaaaoku,BaAsPd,As1-Ba1-Pd1,As-Ba-Pd,As;Ba;Pd,3,3,26.11,58.991,6.548680392049085,187,Hexagonal,ABC,0.0,False,False,False,True,As
mp-aaaaaols,BaSb2Pd,Ba1-Pd1-Sb2,Ba-Pd-Sb,Ba;Pd;Sb,3,8,21.62,54.789,6.9621718544622055,63,Orthorhombic,ABC2,0.010723164166666521,False,True,True,True,
mp-aaaaaoma,YbAgGe,Ag1-Ge1-Yb1,Ag-Ge-Yb,Ag;Ge;Yb,3,9,30.788,60.397,9.171831021024515,189,Hexagonal,ABC,0.0,False,True,True,True,
mp-aaaaaomz,HfCoAs,As1-Co1-Hf1,As-Co-Hf,As;Co;Hf,3,12,92.377,177.383,11.546958213404462,62,Orthorhombic,ABC,0.0,False,False,False,True,As
mp-aaaaaonz,RbHg2,Hg2-Rb1,Hg-Rb,Hg;Rb,2,6,4.682,10.747,7.080731955700461,74,Orthorhombic,AB2,0.0,False,False,False,True,Hg
mp-aaaaaooh,CoSb2,Co1-Sb2,Co-Sb,Co;Sb,2,6,63.715,99.768,8.182637854465513,58,Orthorhombic,AB2,0.04056995777777672,False,True,True,True,
mp-aaaaaopt,EuZnGe,Eu1-Ge1-Zn1,Eu-Ge-Zn,Eu;Ge;Zn,3,6,36.396,52.444,6.887997498821327,194,Hexagonal,ABC,0.0,False,True,True,True,
mp-aaaaaoqs,BaCuAs,As1-Ba1-Cu1,As-Ba-Cu,As;Ba;Cu,3,6,33.441,51.12,5.906812811085196,194,Hexagonal,ABC,0.0,False,False,False,True,As
mp-aaaaaorb,SrAs3,As3-Sr1,As-Sr,As;Sr,2,8,22.866,37.824,5.019195753552683,12,Monoclinic,AB3,0.0,False,False,False,True,As
mp-aaaaaorm,LiGe,Ge1-Li1,Ge-Li,Ge;Li,2,16,21.135,39.993,3.764645959549442,88,Tetragonal,AB,0.0,False,True,True,True,
mp-aaaaaort,Ca2Sb,Ca2-Sb1,Ca-Sb,Ca;Sb,2,6,25.74,34.964,3.490563984720286,139,Tetragonal,AB2,0.0,False,True,True,True,
mp-aaaaaosd,GeSb,Ge1-Sb1,Ge-Sb,Ge;Sb,2,2,22.852,60.206,6.537100967282913,225,Cubic,AB,0.04942549249999928,False,True,True,True,
mp-aaaaaosh,Hf2Ge,Ge1-Hf2,Ge-Hf,Ge;Hf,2,6,91.279,133.014,12.214303287714866,140,Tetragonal,AB2,0.0,False,True,True,True,
mp-aaaaaosn,CoTe2,Co1-Te2,Co-Te,Co;Te,2,6,44.805,74.058,7.905461442890996,58,Orthorhombic,AB2,0.0,False,False,False,True,Te
mp-aaaaaost,MnNbGe,Ge1-Mn1-Nb1,Ge-Mn-Nb,Ge;Mn;Nb,3,9,81.575,182.253,8.203689134222527,189,Hexagonal,ABC,0.0,False,False,False,True,Nb
mp-aaaaaosw,HfAs,As1-Hf1,As-Hf,As;Hf,2,8,65.141,127.118,10.509708998342619,194,Hexagonal,AB,0.0,False,False,False,True,As
mp-aaaaaotm,ScGe,Ge1-Sc1,Ge-Sc,Ge;Sc,2,4,57.039,89.435,5.041696291267428,63,Orthorhombic,AB,0.0,False,True,True,True,
mp-aaaaaotn,YGe,Ge1-Y1,Ge-Y,Ge;Y,2,4,54.513,78.14,5.83355988105188,63,Orthorhombic,AB,0.0,False,True,True,True,
mp-aaaaaovq,ScTe,Sc1-Te1,Sc-Te,Sc;Te,2,4,33.162,62.614,5.554743453794674,194,Hexagonal,AB,0.0,False,False,False,True,Te
mp-aaaaaown,MnAsRu,As1-Mn1-Ru1,As-Mn-Ru,As;Mn;Ru,3,9,65.328,164.876,8.581044399694274,189,Hexagonal,ABC,0.0,False,False,False,True,As
mp-aaaaaowp,TeAs,As1-Te1,As-Te,As;Te,2,2,28.154,62.239,6.427158375289789,225,Cubic,AB,0.09081345583333444,False,False,False,True,As;Te
mp-aaaaaowq,TiAs,As1-Ti1,As-Ti,As;Ti,2,4,62.395,115.242,5.720816307535527,194,Hexagonal,AB,0.011023386250000655,False,False,False,True,As
mp-aaaaaows,ZrAs,As1-Zr1,As-Zr,As;Zr,2,2,51.514,117.397,6.696895606636586,225,Cubic,AB,0.06273761874999906,False,False,False,True,As
mp-aaaaaoxb,CdSnSb2,Cd1-Sb2-Sn1,Cd-Sb-Sn,Cd;Sb;Sn,3,8,18.173,36.646,5.435605494705679,122,Tetragonal,ABC2,0.0,False,True,True,True,
mp-aaaaaoxo,Hf3(NiGe)4,Ge4-Hf3-Ni4,Ge-Hf-Ni,Ge;Hf;Ni,3,11,87.552,157.766,10.637521600292928,71,Orthorhombic,A3B4C4,0.0,False,True,True,True,
mp-aaaaaoxq,TbTiGe,Ge1-Tb1-Ti1,Ge-Tb-Ti,Ge;Tb;Ti,3,6,52.086,83.674,7.233507935559814,139,Tetragonal,ABC,0.022427913333334715,False,True,True,True,
mp-aaaaaoyr,UTeAs,As1-Te1-U1,As-Te-U,As;Te;U,3,6,30.159,68.521,9.594042517136382,129,Tetragonal,ABC,0.14753842666666372,False,False,False,True,As;Te
mp-aaaaaoys,Ca2As,As1-Ca2,As-Ca,As;Ca,2,6,29.961,37.761,3.096708085758598,139,Tetragonal,AB2,0.04712873611111057,False,False,False,True,As
mp-aaaaaozl,SbIr,Ir1-Sb1,Ir-Sb,Ir;Sb,2,4,61.559,160.755,13.022084596424227,194,Hexagonal,AB,0.08117798062500015,False,True,True,True,
mp-aaaaaozo,ThGe2,Ge2-Th1,Ge-Th,Ge;Th,2,6,33.162,85.821,9.002844090930493,141,Tetragonal,AB2,0.11221034999999802,False,True,True,True,
mp-aaaaapaj,InSb,In1-Sb1,In-Sb,In;Sb,2,2,13.854,48.001,6.759645916105285,225,Cubic,AB,0.1379904449999998,False,True,True,True,
mp-aaaaapao,MnSbIr,Ir1-Mn1-Sb1,Ir-Mn-Sb,Ir;Mn;Sb,3,3,42.613,131.258,10.714483227972947,216,Cubic,ABC,0.06265877833333366,False,True,True,True,
mp-aaaaapbo,Li2SbPd,Li2-Pd1-Sb1,Li-Pd-Sb,Li;Pd;Sb,3,4,27.178,68.437,6.158212271467017,216,Cubic,ABC2,0.0,False,True,True,True,
mp-aaaaapbr,MgSbPd,Mg1-Pd1-Sb1,Mg-Pd-Sb,Mg;Pd;Sb,3,3,29.553,79.924,6.546814796632141,216,Cubic,ABC,0.0,False,True,True,True,
mp-aaaaapbs,MgSbPt,Mg1-Pt1-Sb1,Mg-Pt-Sb,Mg;Pt;Sb,3,3,35.31,88.916,8.831352384903914,216,Cubic,ABC,0.0,False,True,True,True,
mp-aaaaapbv,TeIr,Ir1-Te1,Ir-Te,Ir;Te,2,4,28.444,144.366,12.794975769587605,194,Hexagonal,AB,0.2851031987499937,False,False,False,True,Te
mp-aaaaapbx,LiTiTe2,Li1-Te2-Ti1,Li-Te-Ti,Li;Te;Ti,3,4,27.015,35.309,5.435338958799276,164,Trigonal,ABC2,0.015930677187509623,False,False,False,True,Te
mp-aaaaapcc,LuSbPt,Lu1-Pt1-Sb1,Lu-Pt-Sb,Lu;Pt;Sb,3,3,50.093,104.751,11.69987773633933,216,Cubic,ABC,0.0,False,True,True,True,
mp-aaaaapcj,Ge2Mo,Ge2-Mo1,Ge-Mo,Ge;Mo,2,3,138.022,171.888,8.658384125892795,139,Tetragonal,AB2,0.04528760166666501,False,True,True,True,
mp-aaaaapcu,ScGe2,Ge2-Sc1,Ge-Sc,Ge;Sc,2,6,56.949,80.354,5.643122962058317,63,Orthorhombic,AB2,0.019243668333334796,False,True,True,True,
mp-aaaaapcv,YGe2,Ge2-Y1,Ge-Y,Ge;Y,2,6,21.049,68.32,5.85371825897292,141,Tetragonal,AB2,0.10856022666666831,False,True,True,True,
mp-aaaaapcw,Y2GeRh3,Ge1-Rh3-Y2,Ge-Rh-Y,Ge;Rh;Y,3,6,50.308,136.722,8.52334072787315,166,Trigonal,AB2C3,0.0,False,True,True,True,
mp-aaaaapem,VTe,Te1-V1,Te-V,Te;V,2,4,40.094,62.066,6.685771140841936,194,Hexagonal,AB,0.1504142957499992,False,False,False,True,Te
mp-aaaaaper,TiNi2Sb,Ni2-Sb1-Ti1,Ni-Sb-Ti,Ni;Sb;Ti,3,4,27.593,137.552,8.269679108886216,225,Cubic,ABC2,0.09822099895833247,False,True,True,True,
mp-aaaaapeu,NiTe,Ni1-Te1,Ni-Te,Ni;Te,2,4,15.722,34.863,7.067873586438798,166,Trigonal,AB,0.0,False,False,False,True,Te
mp-aaaaapgp,ZrVGe,Ge1-V1-Zr1,Ge-V-Zr,Ge;V;Zr,3,6,72.062,144.113,6.9479555848160555,139,Tetragonal,ABC,0.0,False,True,True,True,
mp-aaaaapgq,HfVGe,Ge1-Hf1-V1,Ge-Hf-V,Ge;Hf;V,3,6,74.585,154.643,10.017724798148409,139,Tetragonal,ABC,0.010549921666667572,False,True,True,True,
mp-aaaaapjf,Hf3(Cu2Ge)2,Cu4-Ge2-Hf3,Cu-Ge-Hf,Cu;Ge;Hf,3,9,73.151,137.085,10.929706262095792,189,Hexagonal,A2B3C4,0.0,False,True,True,True,
mp-aaaaapju,CrCoGe,Co1-Cr1-Ge1,Co-Cr-Ge,Co;Cr;Ge,3,6,74.08,183.828,8.195796841007052,194,Hexagonal,ABC,0.06450866249999976,False,False,False,True,Cr
mp-aaaaaplu,Sc6NiTe2,Ni1-Sc6-Te2,Ni-Sc-Te,Ni;Sc;Te,3,9,15.21,71.461,4.925678766747905,189,Hexagonal,AB2C6,0.0,False,False,False,True,Te
mp-aaaaapmd,YTiGe,Ge1-Ti1-Y1,Ge-Ti-Y,Ge;Ti;Y,3,6,52.547,82.596,5.453328251499966,139,Tetragonal,ABC,0.025507016666669102,False,True,True,True,
mp-aaaaapor,Y(AlGe)2,Al2-Ge2-Y1,Al-Ge-Y,Al;Ge;Y,3,5,38.044,70.326,4.530898760053739,164,Trigonal,AB2C2,0.0,False,True,True,True,
mp-aaaaaprq,CuSn,Cu1-Sn1,Cu-Sn,Cu;Sn,2,4,40.891,76.069,7.805540786628961,194,Hexagonal,AB,0.009223705000000137,False,True,True,True,
mp-aaaaapso,PrAs,As1-Pr1,As-Pr,As;Pr,2,2,44.49,70.29,6.331624464379917,225,Cubic,AB,0.0,False,False,False,True,As
mp-aaaaapsq,USbRh,Rh1-Sb1-U1,Rh-Sb-U,Rh;Sb;U,3,3,36.636,134.411,10.85351614900377,216,Cubic,ABC,0.006996580694451637,False,True,True,True,
mp-aaaaaptb,SnSb,Sb1-Sn1,Sb-Sn,Sb;Sn,2,2,24.656,51.179,6.732892984853384,225,Cubic,AB,0.03763386499999655,False,True,True,True,
mp-aaaaaptc,SrSb2,Sb2-Sr1,Sb-Sr,Sb;Sr,2,6,13.043,29.551,5.642689050570651,11,Monoclinic,AB2,0.0,False,True,True,True,
mp-aaaaaptd,ThSb,Sb1-Th1,Sb-Th,Sb;Th,2,2,31.802,81.728,10.197667091659724,221,Cubic,AB,0.08840687000000713,False,True,True,True,
mp-aaaaapte,ZrSb,Sb1-Zr1,Sb-Zr,Sb;Zr,2,12,58.065,94.274,7.409497214727158,63,Orthorhombic,AB,0.0,False,True,True,True,
mp-aaaaapts,SmTe,Sm1-Te1,Sm-Te,Sm;Te,2,2,37.283,62.478,8.12524034736596,221,Cubic,AB,0.10617547500000057,False,False,False,True,Te
mp-aaaaapuj,Ba3(AlGe)2,Al2-Ba3-Ge2,Al-Ba-Ge,Al;Ba;Ge,3,7,21.056,33.114,4.451730852554977,71,Orthorhombic,A2B2C3,0.0,False,True,True,True,
mp-aaaaapuk,Ca3(AlGe)2,Al2-Ca3-Ge2,Al-Ca-Ge,Al;Ca;Ge,3,7,34.119,45.848,3.016066003194795,71,Orthorhombic,A2B2C3,0.0,False,True,True,True,
mp-aaaaapul,Sr3(AlGe)2,Al2-Ge2-Sr3,Al-Ge-Sr,Al;Ge;Sr,3,7,29.986,40.325,3.823458104044834,71,Orthorhombic,A2B2C3,0.0,False,True,True,True,
mp-aaaaapva,Li2CdGe,Cd1-Ge1-Li2,Cd-Ge-Li,Cd;Ge;Li,3,4,20.058,40.135,4.9020619301298325,225,Cubic,ABC2,0.018787014458332862,False,True,True,True,
mp-aaaaapvl,Sr(GeRh)2,Ge2-Rh2-Sr1,Ge-Rh-Sr,Ge;Rh;Sr,3,5,53.198,80.352,7.43664102234914,139,Tetragonal,AB2C2,0.0,False,True,True,True,
mp-aaaaapvm,Ba(GeRh)2,Ba1-Ge2-Rh2,Ba-Ge-Rh,Ba;Ge;Rh,3,5,39.426,65.958,7.415898537386268,139,Tetragonal,AB2C2,0.0,False,True,True,True,
mp-aaaaapxl,SrCuSb,Cu1-Sb1-Sr1,Cu-Sb-Sr,Cu;Sb;Sr,3,6,32.93,47.985,5.672653932064286,194,Hexagonal,ABC,0.0,False,True,True,True,
mp-aaaaapxr,TiFeSb,Fe1-Sb1-Ti1,Fe-Sb-Ti,Fe;Sb;Ti,3,3,56.301,119.461,7.049305133711549,216,Cubic,ABC,0.0,False,True,True,True,
mp-aaaaapxs,VFeSb,Fe1-Sb1-V1,Fe-Sb-V,Fe;Sb;V,3,3,11.035,83.654,6.774729069572455,216,Cubic,ABC,0.4440552433333327,False,True,True,True,
mp-aaaaapxx,FeTe,Fe1-Te1,Fe-Te,Fe;Te,2,4,46.767,61.5,8.180218163222692,194,Hexagonal,AB,0.18379451125000124,False,False,False,True,Te
mp-aaaaapxy,Cd3As2,As2-Cd3,As-Cd,As;Cd,2,10,14.071,45.328,5.95111379380545,224,Cubic,A2B3,0.16103511887499966,False,False,False,True,As
mp-aaaaaqbc,Te2Ir,Ir1-Te2,Ir-Te,Ir;Te,2,12,53.591,111.463,10.603903323870785,205,Cubic,AB2,0.07223242000000596,False,False,False,True,Te
mp-aaaaaqbi,SbTePd,Pd1-Sb1-Te1,Pd-Sb-Te,Pd;Sb;Te,3,12,32.354,79.387,8.06297175624695,198,Cubic,ABC,0.04082818937500132,False,False,False,True,Te
mp-aaaaaqce,HfAlAu2,Al1-Au2-Hf1,Al-Au-Hf,Al;Au;Hf,3,4,22.112,142.057,13.694699070654861,225,Cubic,ABC2,0.018337413333334496,False,True,True,True,
mp-aaaaaqcf,ScAlAu2,Al1-Au2-Sc1,Al-Au-Sc,Al;Au;Sc,3,4,18.822,114.629,10.717967855008533,225,Cubic,ABC2,0.0002448165277781911,False,True,True,True,
mp-aaaaaqci,Ca3Al7Cu2,Al7-Ca3-Cu2,Al-Ca-Cu,Al;Ca;Cu,3,12,42.193,70.706,3.108726699349753,166,Trigonal,A2B3C7,0.0,False,True,True,True,
mp-aaaaaqcj,Ca(Al2Cu)4,Al8-Ca1-Cu4,Al-Ca-Cu,Al;Ca;Cu,3,13,60.736,81.186,4.19033343093784,139,Tetragonal,AB4C8,0.0,False,True,True,True,
mp-aaaaaqcp,AlCrCo2,Al1-Co2-Cr1,Al-Co-Cr,Al;Co;Cr,3,4,96.223,199.303,7.016654324750789,225,Cubic,ABC2,0.05759880625000058,False,False,False,True,Cr
mp-aaaaaqcq,AlFeCo2,Al1-Co2-Fe1,Al-Co-Fe,Al;Co;Fe,3,4,103.489,187.706,7.179756304068646,225,Cubic,ABC2,0.0,False,True,True,True,
mp-aaaaaqcr,AlCrNi2,Al1-Cr1-Ni2,Al-Cr-Ni,Al;Cr;Ni,3,4,41.844,160.697,6.688982502629636,225,Cubic,ABC2,0.12931124062500032,False,False,False,True,Cr
mp-aaaaaqcs,Al3Cu2,Al3-Cu2,Al-Cu,Al;Cu,2,5,49.461,97.903,4.6007456809220955,164,Trigonal,A2B3,0.029272975999999673,False,True,True,True,
mp-aaaaaqct,HfAlCu2,Al1-Cu2-Hf1,Al-Cu-Hf,Al;Cu;Hf,3,4,56.709,134.159,9.202299860574911,225,Cubic,ABC2,0.0,False,True,True,True,
mp-aaaaaqcv,La3Al,Al1-La3,Al-La,Al;La,2,4,20.182,33.748,5.968951184315938,221,Cubic,AB3,0.04054629000000176,False,True,True,True,
mp-aaaaaqcw,LiAl3,Al3-Li1,Al-Li,Al;Li,2,4,40.501,63.994,2.235469446093988,221,Cubic,AB3,0.0109495750000006,False,True,True,True,
mp-aaaaaqcx,MnAlPd2,Al1-Mn1-Pd2,Al-Mn-Pd,Al;Mn;Pd,3,4,43.389,145.343,8.270324825564462,225,Cubic,ABC2,0.030336939267240126,False,True,True,True,
mp-aaaaaqcy,MnAlPt,Al1-Mn1-Pt1,Al-Mn-Pt,Al;Mn;Pt,3,6,43.816,102.361,10.38355843186958,194,Hexagonal,ABC,0.05841015318965592,False,True,True,True,
mp-aaaaaqda,MnAlRh2,Al1-Mn1-Rh2,Al-Mn-Rh,Al;Mn;Rh,3,4,94.704,185.161,8.6440020184558,225,Cubic,ABC2,0.0,False,True,True,True,
mp-aaaaaqdb,Mn2AlV,Al1-Mn2-V1,Al-Mn-V,Al;Mn;V,3,4,96.779,185.386,6.338817324457331,225,Cubic,ABC2,0.0,False,True,True,True,
mp-aaaaaqdd,PrAl2Ni3,Al2-Ni3-Pr1,Al-Ni-Pr,Al;Ni;Pr,3,6,59.669,108.679,6.511037614110451,191,Hexagonal,AB2C3,0.008323776666668614,False,True,True,True,
mp-aaaaaqde,ScAlNi2,Al1-Ni2-Sc1,Al-Ni-Sc,Al;Ni;Sc,3,4,57.619,129.687,5.6324339031602975,225,Cubic,ABC2,0.0,False,True,True,True,
mp-aaaaaqdf,AlVNi2,Al1-Ni2-V1,Al-Ni-V,Al;Ni;V,3,4,55.002,167.301,6.63461340142049,225,Cubic,ABC2,0.04628494739583289,False,True,True,True,
mp-aaaaaqdh,Al3Pd2,Al3-Pd2,Al-Pd,Al;Pd,2,5,63.127,127.891,5.988497148602997,164,Trigonal,A2B3,0.0,False,True,True,True,
mp-aaaaaqdj,AlPt,Al1-Pt1,Al-Pt,Al;Pt,2,2,46.699,184.169,12.478464156876095,221,Cubic,AB,0.11073247875000192,False,True,True,True,
mp-aaaaaqdk,AlPt,Al1-Pt1,Al-Pt,Al;Pt,2,8,74.581,179.259,12.398456826935002,198,Cubic,AB,0.0,False,True,True,True,
mp-aaaaaqdl,Al3Pt2,Al3-Pt2,Al-Pt,Al;Pt,2,5,77.09,150.267,9.592721873092538,164,Trigonal,A2B3,0.0,False,True,True,True,
mp-aaaaaqdo,AlRe,Al1-Re1,Al-Re,Al;Re,2,2,52.218,218.955,12.308462602379015,221,Cubic,AB,0.3053620925000011,False,True,True,True,
mp-aaaaaqdp,AlRe2,Al1-Re2,Al-Re,Al;Re,2,3,139.655,244.694,15.213980640685415,139,Tetragonal,AB2,0.0,False,True,True,True,
mp-aaaaaqdr,Sc2Al3Ru,Al3-Ru1-Sc2,Al-Ru-Sc,Al;Ru;Sc,3,12,67.526,111.883,4.329612704102036,194,Hexagonal,AB2C3,0.0,False,True,True,True,
mp-aaaaaqft,DyAgSb2,Ag1-Dy1-Sb2,Ag-Dy-Sb,Ag;Dy;Sb,3,8,36.442,67.671,8.65778602931036,129,Tetragonal,ABC2,0.0,False,True,True,True,
mp-aaaaaqgt,YCuAs2,As2-Cu1-Y1,As-Cu-Y,As;Cu;Y,3,8,47.451,96.439,6.598960715497649,129,Tetragonal,ABC2,0.0,False,False,False,True,As
mp-aaaaaqif,Y(Al2Cu)4,Al8-Cu4-Y1,Al-Cu-Y,Al;Cu;Y,3,13,61.012,104.534,4.636152211644892,139,Tetragonal,AB4C8,0.0,False,True,True,True,
mp-aaaaaqio,Zr6Al2Fe,Al2-Fe1-Zr6,Al-Fe-Zr,Al;Fe;Zr,3,9,46.35,101.192,5.981493563732432,189,Hexagonal,AB2C6,0.009750137222219735,False,True,True,True,
mp-aaaaaqjx,Ti3In3Rh2,In3-Rh2-Ti3,In-Rh-Ti,In;Rh;Ti,3,8,57.386,123.289,7.992311633573503,189,Hexagonal,A2B3C3,0.0,False,True,True,True,
mp-aaaaaqkp,NdMgPt,Mg1-Nd1-Pt1,Mg-Nd-Pt,Mg;Nd;Pt,3,9,26.504,77.781,8.786631991134458,189,Hexagonal,ABC,0.0,False,True,True,True,
mp-aaaaaqlc,HoInRh,Ho1-In1-Rh1,Ho-In-Rh,Ho;In;Rh,3,9,30.802,98.675,9.924595461248424,189,Hexagonal,ABC,0.0,False,True,True,True,
mp-aaaaaqll,TiTeAs,As1-Te1-Ti1,As-Te-Ti,As;Te;Ti,3,6,60.194,77.175,6.763236724249496,71,Orthorhombic,ABC,0.012755791666666738,False,False,False,True,As;Te
mp-aaaaaqnb,NdMgGa,Ga1-Mg1-Nd1,Ga-Mg-Nd,Ga;Mg;Nd,3,9,39.928,54.881,5.387832621289172,189,Hexagonal,ABC,0.0,False,False,False,True,Ga
mp-aaaaaqnd,SmMgGa,Ga1-Mg1-Sm1,Ga-Mg-Sm,Ga;Mg;Sm,3,9,43.313,57.196,5.688046384193948,189,Hexagonal,ABC,0.0,False,False,False,True,Ga
mp-aaaaaqoo,NdMgNi4,Mg1-Nd1-Ni4,Mg-Nd-Ni,Mg;Nd;Ni,3,6,50.0,122.846,7.484489014975183,216,Cubic,ABC4,0.0,False,True,True,True,
mp-aaaaaqov,Sc6FeSb2,Fe1-Sb2-Sc6,Fe-Sb-Sc,Fe;Sb;Sc,3,9,45.625,71.045,4.758512718806722,189,Hexagonal,AB2C6,0.0,False,True,True,True,
mp-aaaaaqow,Y6FeSb2,Fe1-Sb2-Y6,Fe-Sb-Y,Fe;Sb;Y,3,9,36.168,60.461,5.627560198826166,189,Hexagonal,AB2C6,0.019429582037037818,False,True,True,True,
mp-aaaaaqpd,AlAs,Al1-As1,Al-As,Al;As,2,4,37.331,82.001,4.5446496530371085,194,Hexagonal,AB,0.24829750500000003,False,False,False,True,As
mp-aaaaaqpo,Sc2Al,Al1-Sc2,Al-Sc,Al;Sc,2,6,45.946,70.371,3.027685589879678,194,Hexagonal,AB2,0.0,False,True,True,True,
mp-aaaaaqpq,Sm3Al,Al1-Sm3,Al-Sm,Al;Sm,2,4,25.657,44.626,6.965268161212731,221,Cubic,AB3,0.029456104062500543,False,True,True,True,
mp-aaaaaqpv,Al12W,Al12-W1,Al-W,Al;W,2,13,58.228,92.968,3.857636787826879,204,Cubic,AB12,0.01520368538461625,False,True,True,True,
mp-aaaaaqpw,YAl,Al1-Y1,Al-Y,Al;Y,2,4,28.791,53.421,3.882236547438887,63,Orthorhombic,AB,0.0,False,True,True,True,
mp-aaaaaqpx,YAl,Al1-Y1,Al-Y,Al;Y,2,2,34.161,63.427,4.102248483385812,221,Cubic,AB,0.030594507500000034,False,True,True,True,
mp-aaaaaqpy,Y2Al,Al1-Y2,Al-Y,Al;Y,2,12,30.684,54.836,4.241405602500842,62,Orthorhombic,AB2,0.0,False,True,True,True,
mp-aaaaaqpz,YAl3,Al3-Y1,Al-Y,Al;Y,2,4,58.719,75.089,3.6453799450274573,221,Cubic,AB3,0.03499018499999984,False,True,True,True,
mp-aaaaaqqb,ZrAl,Al1-Zr1,Al-Zr,Al;Zr,2,4,70.301,108.913,4.955272566136876,63,Orthorhombic,AB,0.018204155999997695,False,True,True,True,
mp-aaaaaqqc,PrMg2Ag,Ag1-Mg2-Pr1,Ag-Mg-Pr,Ag;Mg;Pr,3,4,17.459,45.818,5.257562659754952,225,Cubic,ABC2,0.089976424722221,False,True,True,True,
mp-aaaaaqqd,SmMg2Ag,Ag1-Mg2-Sm1,Ag-Mg-Sm,Ag;Mg;Sm,3,4,17.019,47.298,5.603663131687043,225,Cubic,ABC2,0.10093057111111081,False,True,True,True,
mp-aaaaaqqe,MgZnAg2,Ag2-Mg1-Zn1,Ag-Mg-Zn,Ag;Mg;Zn,3,4,24.529,75.529,7.348015657396194,225,Cubic,ABC2,0.0,False,True,True,True,
mp-aaaaaqqf,ScAg,Ag1-Sc1,Ag-Sc,Ag;Sc,2,2,29.349,80.1,6.218624613540136,221,Cubic,AB,0.0,False,True,True,True,
mp-aaaaaqqh,ZrAg,Ag1-Zr1,Ag-Zr,Ag;Zr,2,4,47.55,105.282,8.078923573906966,129,Tetragonal,AB,0.0,False,True,True,True,
mp-aaaaaqql,ErAu,Au1-Er1,Au-Er,Au;Er,2,4,16.141,85.251,12.84463293019573,63,Orthorhombic,AB,0.0,False,True,True,True,
mp-aaaaaqqp,Li3Au,Au1-Li3,Au-Li,Au;Li,2,4,9.25,33.973,5.746365133619023,225,Cubic,AB3,0.0,False,True,True,True,
mp-aaaaaqqq,LiAu3,Au3-Li1,Au-Li,Au;Li,2,4,10.927,98.057,14.641897501486728,221,Cubic,AB3,0.0,False,True,True,True,
mp-aaaaaqqr,LuAu,Au1-Lu1,Au-Lu,Au;Lu,2,2,19.139,96.113,14.021519059366105,221,Cubic,AB,0.0,False,True,True,True,
mp-aaaaaqqt,Mg3Au,Au1-Mg3,Au-Mg,Au;Mg,2,8,9.418,43.494,5.062806247790299,194,Hexagonal,AB3,0.21598772541666467,False,True,True,True,
mp-aaaaaqqu,MnAu2,Au2-Mn1,Au-Mn,Au;Mn,2,3,28.325,121.429,14.561153982919485,139,Tetragonal,AB2,0.0,False,True,True,True,
mp-aaaaaqqy,ScAu,Au1-Sc1,Au-Sc,Au;Sc,2,2,41.675,103.841,10.123018218687244,221,Cubic,AB,0.0,False,True,True,True,
mp-aaaaaqrb,TiAu,Au1-Ti1,Au-Ti,Au;Ti,2,2,34.832,133.377,11.52407695725805,221,Cubic,AB,0.10841457000000077,False,True,True,True,
mp-aaaaaqrc,Ti3Au,Au1-Ti3,Au-Ti,Au;Ti,2,4,20.319,134.279,8.35016745009543,221,Cubic,AB3,0.12363305124999968,False,True,True,True,
mp-aaaaaqrf,Zr3Au,Au1-Zr3,Au-Zr,Au;Zr,2,8,53.078,117.118,9.204836841416169,223,Cubic,AB3,0.0,False,True,True,True,
mp-aaaaaqri,BaCd2,Ba1-Cd2,Ba-Cd,Ba;Cd,2,6,7.8100000000000005,26.527,6.069942209320581,74,Orthorhombic,AB2,0.0,False,True,True,True,
mp-aaaaaqrj,BaHg2,Ba1-Hg2,Ba-Hg,Ba;Hg,2,3,5.763,23.258,8.801390925198161,191,Hexagonal,AB2,0.0,False,False,False,True,Hg
mp-aaaaaqrl,BaSn3Pd,Ba1-Pd1-Sn3,Ba-Pd-Sn,Ba;Pd;Sn,3,5,23.411,55.006,7.097593640186901,107,Tetragonal,ABC3,0.0,False,True,True,True,
mp-aaaaaqro,Be2Nb3,Be2-Nb3,Be-Nb,Be;Nb,2,10,74.026,166.723,6.850281779376382,127,Tetragonal,A2B3,0.0,False,False,False,True,Nb
mp-aaaaaqrp,Be3Nb,Be3-Nb1,Be-Nb,Be;Nb,2,12,115.023,153.691,4.7062222771752555,166,Trigonal,AB3,0.0,False,False,False,True,Nb
mp-aaaaaqrr,Be2Re,Be2-Re1,Be-Re,Be;Re,2,12,173.672,241.539,11.40955242685092,194,Hexagonal,AB2,0.0,False,True,True,True,
mp-aaaaaqrs,BeRh,Be1-Rh1,Be-Rh,Be;Rh,2,2,99.333,207.982,8.57037777639029,221,Cubic,AB,0.0,False,True,True,True,
mp-aaaaaqrt,ScBe5,Be5-Sc1,Be-Sc,Be;Sc,2,6,103.678,108.626,2.393328810881218,191,Hexagonal,AB5,0.0,False,True,True,True,
mp-aaaaaqru,Ta2Be,Be1-Ta2,Be-Ta,Be;Ta,2,6,111.426,185.869,13.746885662883031,140,Tetragonal,AB2,0.0,False,True,True,True,
mp-aaaaaqrv,TiBe,Be1-Ti1,Be-Ti,Be;Ti,2,2,73.705,124.845,3.7454638684140242,221,Cubic,AB,0.005038837916666594,False,True,True,True,
mp-aaaaaqrw,TiBe12,Be12-Ti1,Be-Ti,Be;Ti,2,13,39.713,122.106,2.278009794348749,191,Hexagonal,AB12,0.08558260846153765,False,True,True,True,
mp-aaaaaqrx,Be2V,Be2-V1,Be-V,Be;V,2,12,137.179,158.028,3.93353612575072,194,Hexagonal,AB2,0.0,False,True,True,True,
mp-aaaaaqry,Be2W,Be2-W1,Be-W,Be;W,2,12,168.39,217.897,10.61237249099387,194,Hexagonal,AB2,0.0,False,True,True,True,
mp-aaaaaqrz,ZrBe5,Be5-Zr1,Be-Zr,Be;Zr,2,6,114.539,126.39,3.6182829098569,191,Hexagonal,AB5,0.0,False,True,True,True,
mp-aaaaaqsa,CaGa2,Ca1-Ga2,Ca-Ga,Ca;Ga,2,6,41.853,46.436,4.585924197394305,194,Hexagonal,AB2,0.0,False,False,False,True,Ga
mp-aaaaaqsb,Ca3(GaNi)4,Ca3-Ga4-Ni4,Ca-Ga-Ni,Ca;Ga;Ni,3,11,34.84,59.548,5.168948428140951,217,Cubic,A3B4C4,0.0,False,False,False,True,Ga
mp-aaaaaqsc,CaHg,Ca1-Hg1,Ca-Hg,Ca;Hg,2,2,19.466,36.327,7.235576740206135,221,Cubic,AB,0.0,False,False,False,True,Hg
mp-aaaaaqsd,CaHg2,Ca1-Hg2,Ca-Hg,Ca;Hg,2,3,17.551,38.37,9.230909250304208,191,Hexagonal,AB2,0.0,False,False,False,True,Hg
mp-aaaaaqse,Ca3Hg2,Ca3-Hg2,Ca-Hg,Ca;Hg,2,10,10.343,30.44,5.574071609891828,127,Tetragonal,A2B3,0.0,False,False,False,True,Hg
mp-aaaaaqsg,CaSn3,Ca1-Sn3,Ca-Sn,Ca;Sn,2,4,23.071,44.225,6.028707663732357,221,Cubic,AB3,0.0,False,True,True,True,
mp-aaaaaqsj,ZrCdCu2,Cd1-Cu2-Zr1,Cd-Cu-Zr,Cd;Cu;Zr,3,4,50.865,113.193,8.2807629859585,225,Cubic,ABC2,0.0,False,True,True,True,
mp-aaaaaqsk,DyCd2,Cd2-Dy1,Cd-Dy,Cd;Dy,2,3,32.037,57.069,8.682188499011136,191,Hexagonal,AB2,0.0,False,True,True,True,
mp-aaaaaqsp,Cd2Hg,Cd2-Hg1,Cd-Hg,Cd;Hg,2,3,13.28,37.856,9.780253817198462,139,Tetragonal,AB2,0.004843204166668613,False,False,False,True,Hg
mp-aaaaaqsq,TiCdHg2,Cd1-Hg2-Ti1,Cd-Hg-Ti,Cd;Hg;Ti,3,4,27.827,72.925,11.266734089267256,123,Tetragonal,ABC2,0.08908033250000358,False,False,False,True,Hg
mp-aaaaaqsr,HoCd2,Cd2-Ho1,Cd-Ho,Cd;Ho,2,3,33.057,57.077,8.80259065653778,191,Hexagonal,AB2,0.0,False,True,True,True,
mp-aaaaaqss,HoCd3,Cd3-Ho1,Cd-Ho,Cd;Ho,2,8,27.83,56.766,8.754234071151519,63,Orthorhombic,AB3,0.0,False,True,True,True,
mp-aaaaaqsu,Li2CdPb,Cd1-Li2-Pb1,Cd-Li-Pb,Cd;Li;Pb,3,4,11.955,32.005,6.431141375301912,216,Cubic,ABC2,0.030670387499998508,False,True,True,True,
mp-aaaaaqsx,MgCd,Cd1-Mg1,Cd-Mg,Cd;Mg,2,4,21.298,42.673,5.235832553669931,51,Orthorhombic,AB,0.0,False,True,True,True,
mp-aaaaaqsz,NbCd3,Cd3-Nb1,Cd-Nb,Cd;Nb,2,4,48.102,93.666,8.869412884956406,221,Cubic,AB3,0.14487106500000024,False,False,False,True,Nb
mp-aaaaaqtd,ZrCd3,Cd3-Zr1,Cd-Zr,Cd;Zr,2,4,27.666,78.411,8.174427539656673,221,Cubic,AB3,0.0,False,True,True,True,
mp-aaaaaquo,CaAl9Co2,Al9-Ca1-Co2,Al-Ca-Co,Al;Ca;Co,3,12,56.558,87.08,3.196759807279236,191,Hexagonal,AB2C9,0.0,False,True,True,True,
mp-aaaaaqup,CeAlNi,Al1-Ce1-Ni1,Al-Ce-Ni,Al;Ce;Ni,3,9,38.825,87.249,6.710021240776464,189,Hexagonal,ABC,0.0,False,False,False,True,Ce
mp-aaaaaquw,TaCo3,Co3-Ta1,Co-Ta,Co;Ta,2,4,141.455,242.198,12.33766356201619,221,Cubic,AB3,0.0,False,True,True,True,
mp-aaaaaqux,Ga2Cu,Cu1-Ga2,Cu-Ga,Cu;Ga,2,3,30.62,70.807,7.029561627523543,123,Tetragonal,AB2,0.0,False,False,False,True,Ga
mp-aaaaaquy,ScGaCu2,Cu2-Ga1-Sc1,Cu-Ga-Sc,Cu;Ga;Sc,3,4,47.008,107.905,6.720513968671392,225,Cubic,ABC2,0.0,False,False,False,True,Ga
mp-aaaaaquz,MgCuSn,Cu1-Mg1-Sn1,Cu-Mg-Sn,Cu;Mg;Sn,3,3,38.37,78.29,5.626688792029442,216,Cubic,ABC,0.0,False,True,True,True,
mp-aaaaaqvb,TbCu5,Cu5-Tb1,Cu-Tb,Cu;Tb,2,6,39.212,109.637,8.731327062122634,191,Hexagonal,AB5,0.0,False,True,True,True,
mp-aaaaaqvc,TiCu,Cu1-Ti1,Cu-Ti,Cu;Ti,2,2,49.243,129.327,6.2922202395945135,221,Cubic,AB,0.0826696000000009,False,True,True,True,
mp-aaaaaqve,ZrZnCu2,Cu2-Zn1-Zr1,Cu-Zn-Zr,Cu;Zn;Zr,3,4,42.491,121.262,7.773695269575028,225,Cubic,ABC2,0.0,False,True,True,True,
mp-aaaaaqvf,DyHg2,Dy1-Hg2,Dy-Hg,Dy;Hg,2,3,28.091,63.191,12.764637579668516,191,Hexagonal,AB2,0.0199621258333309,False,False,False,True,Hg
mp-aaaaaqvh,ErHg2,Er1-Hg2,Er-Hg,Er;Hg,2,3,27.641,66.229,13.053147971505885,191,Hexagonal,AB2,0.025902736666658654,False,False,False,True,Hg
mp-aaaaaqvm,DyTl,Dy1-Tl1,Dy-Tl,Dy;Tl,2,2,14.909,53.012,11.091210540835108,221,Cubic,AB,0.0,False,True,True,True,
mp-aaaaaqvn,EuHg,Eu1-Hg1,Eu-Hg,Eu;Hg,2,2,17.948,41.48,9.735521104061204,221,Cubic,AB,0.0,False,False,False,True,Hg
mp-aaaaaqvu,NdFe5,Fe5-Nd1,Fe-Nd,Fe;Nd,2,6,56.671,102.413,7.789357218486739,191,Hexagonal,AB5,0.03966501541666556,False,True,True,True,
mp-aaaaaqvz,HfGa3,Ga3-Hf1,Ga-Hf,Ga;Hf,2,4,71.102,100.608,9.296638528939189,139,Tetragonal,AB3,0.0,False,False,False,True,Ga
mp-aaaaaqwa,GaIr,Ga1-Ir1,Ga-Ir,Ga;Ir,2,2,42.667,215.702,15.17575140883733,221,Cubic,AB,0.0,False,False,False,True,Ga
mp-aaaaaqwe,TmGa2Pd,Ga2-Pd1-Tm1,Ga-Pd-Tm,Ga;Pd;Tm,3,8,49.426,100.437,9.38782646711729,63,Orthorhombic,ABC2,0.0,False,False,False,True,Ga
mp-aaaaaqwf,Nb3Ga2,Ga2-Nb3,Ga-Nb,Ga;Nb,2,10,99.899,167.906,8.138316692448377,127,Tetragonal,A2B3,0.0,False,False,False,True,Ga;Nb
mp-aaaaaqwj,Ga3Ni2,Ga3-Ni2,Ga-Ni,Ga;Ni,2,5,64.945,118.283,7.647362953878992,164,Trigonal,A2B3,0.0,False,False,False,True,Ga
mp-aaaaaqwm,ScGaNi2,Ga1-Ni2-Sc1,Ga-Ni-Sc,Ga;Ni;Sc,3,4,50.343,128.473,6.940323348570625,225,Cubic,ABC2,0.0,False,False,False,True,Ga
mp-aaaaaqwn,ScGa2Ni,Ga2-Ni1-Sc1,Ga-Ni-Sc,Ga;Ni;Sc,3,8,60.478,101.551,6.401002385139067,63,Orthorhombic,ABC2,0.0,False,False,False,True,Ga
mp-aaaaaqwt,GaPt3,Ga1-Pt3,Ga-Pt,Ga;Pt,2,4,77.72,215.396,17.68037118024805,221,Cubic,AB3,0.014427044999997918,False,False,False,True,Ga
mp-aaaaaqwx,ScGa,Ga1-Sc1,Ga-Sc,Ga;Sc,2,4,43.659,76.65,4.703733541259982,63,Orthorhombic,AB,0.0,False,False,False,True,Ga
mp-aaaaaqwy,ScGa2,Ga2-Sc1,Ga-Sc,Ga;Sc,2,6,49.437,79.908,5.613904492688128,74,Orthorhombic,AB2,0.0,False,False,False,True,Ga
mp-aaaaaqwz,ScGa2,Ga2-Sc1,Ga-Sc,Ga;Sc,2,6,51.181,75.019,5.628313844172132,65,Orthorhombic,AB2,0.03969511500000067,False,False,False,True,Ga
mp-aaaaaqxc,TaGa3,Ga3-Ta1,Ga-Ta,Ga;Ta,2,4,77.813,125.826,10.067763739436591,139,Tetragonal,AB3,0.0,False,False,False,True,Ga
mp-aaaaaqxe,TbGa3,Ga3-Tb1,Ga-Tb,Ga;Tb,2,4,43.497,72.033,7.746588397101323,221,Cubic,AB3,0.05165591625000232,False,False,False,True,Ga
mp-aaaaaqxq,Ca3Al7Ag2,Ag2-Al7-Ca3,Ag-Al-Ca,Ag;Al;Ca,3,12,35.969,62.159,3.5271137533813333,166,Trigonal,A2B3C7,0.0,False,True,True,True,
mp-aaaaaqxr,CaGa3Ni2,Ca1-Ga3-Ni2,Ca-Ga-Ni,Ca;Ga;Ni,3,12,38.686,90.845,6.070845217629332,63,Orthorhombic,AB2C3,0.0,False,False,False,True,Ga
mp-aaaaaqxv,Er(TiGa2)2,Er1-Ga4-Ti2,Er-Ga-Ti,Er;Ga;Ti,3,7,61.377,98.06,7.239518384181021,139,Tetragonal,AB2C4,0.0010784319047614233,False,False,False,True,Ga
mp-aaaaaqxw,Er(VGa2)2,Er1-Ga4-V2,Er-Ga-V,Er;Ga;V,3,7,76.361,115.021,7.949695140040202,139,Tetragonal,AB2C4,0.0,False,False,False,True,Ga
mp-aaaaaqyb,Hf2Ga3,Ga3-Hf2,Ga-Hf,Ga;Hf,2,10,64.955,116.63,10.553058017659234,43,Orthorhombic,A2B3,0.0,False,False,False,True,Ga
mp-aaaaaqye,YGa2Ni,Ga2-Ni1-Y1,Ga-Ni-Y,Ga;Ni;Y,3,8,51.773,91.18,6.788045258954651,63,Orthorhombic,ABC2,0.0,False,False,False,True,Ga
mp-aaaaaqyf,Y(TiGa2)2,Ga4-Ti2-Y1,Ga-Ti-Y,Ga;Ti;Y,3,7,60.055,94.316,6.12888815430379,139,Tetragonal,AB2C4,0.012414277142856811,False,False,False,True,Ga
mp-aaaaaqym,HfOs,Hf1-Os1,Hf-Os,Hf;Os,2,2,114.202,225.228,17.693784099414728,221,Cubic,AB,0.0,False,True,True,True,
mp-aaaaaqyn,HfPd3,Hf1-Pd3,Hf-Pd,Hf;Pd,2,16,84.487,178.957,12.75781308100753,194,Hexagonal,AB3,0.0,False,True,True,True,
mp-aaaaaqyo,Hf2Pd,Hf2-Pd1,Hf-Pd,Hf;Pd,2,3,56.325,136.094,13.098068803842098,139,Tetragonal,AB2,0.0,False,True,True,True,
mp-aaaaaqyp,HfPt,Hf1-Pt1,Hf-Pt,Hf;Pt,2,2,32.338,179.474,16.778911288098257,221,Cubic,AB,0.17259653499999672,False,True,True,True,
mp-aaaaaqyq,HfPt3,Hf1-Pt3,Hf-Pt,Hf;Pt,2,16,105.973,230.018,19.290406230818576,194,Hexagonal,AB3,0.0,False,True,True,True,
mp-aaaaaqyr,HfRh,Hf1-Rh1,Hf-Rh,Hf;Rh,2,2,52.643,180.032,13.324425691828099,221,Cubic,AB,0.0116489814423133,False,True,True,True,
mp-aaaaaqyu,HfTc,Hf1-Tc1,Hf-Tc,Hf;Tc,2,2,83.13,188.407,13.1697789673421,221,Cubic,AB,0.0,False,True,False,True,
mp-aaaaaqyv,HoHg2,Hg2-Ho1,Hg-Ho,Hg;Ho,2,3,27.217,63.968,12.914244803103553,191,Hexagonal,AB2,0.022564549166666836,False,False,False,True,Hg
mp-aaaaaqyy,MgHg2,Hg2-Mg1,Hg-Mg,Hg;Mg,2,3,14.936,40.223,10.25917811640577,139,Tetragonal,AB2,0.022827782499999727,False,False,False,True,Hg
mp-aaaaaqyz,Mg5Hg3,Hg3-Mg5,Hg-Mg,Hg;Mg,2,16,19.557,42.841,6.706900951233792,193,Hexagonal,A3B5,0.0,False,False,False,True,Hg
mp-aaaaaqza,NaHg2,Hg2-Na1,Hg-Na,Hg;Na,2,3,8.158,18.769,9.00577458419069,191,Hexagonal,AB2,0.0,False,False,False,True,Hg
mp-aaaaaqzb,NdHg,Hg1-Nd1,Hg-Nd,Hg;Nd,2,2,17.642,55.951,10.084794755334446,221,Cubic,AB,0.0,False,False,False,True,Hg
mp-aaaaaqzc,NdHg2,Hg2-Nd1,Hg-Nd,Hg;Nd,2,3,23.982,55.521,11.598221595487841,191,Hexagonal,AB2,0.0,False,False,False,True,Hg
mp-aaaaaqzd,PrHg,Hg1-Pr1,Hg-Pr,Hg;Pr,2,2,18.135,54.378,9.772945837167189,221,Cubic,AB,0.0,False,False,False,True,Hg
mp-aaaaaqze,Hg2Pt,Hg2-Pt1,Hg-Pt,Hg;Pt,2,3,25.105,82.793,14.120958247439612,123,Tetragonal,AB2,0.022148594999990223,False,False,False,True,Hg
mp-aaaaaqzf,ScHg,Hg1-Sc1,Hg-Sc,Hg;Sc,2,2,26.456,76.842,9.263572173824159,221,Cubic,AB,0.0,False,False,False,True,Hg
mp-aaaaaqzg,SrHg2,Hg2-Sr1,Hg-Sr,Hg;Sr,2,3,11.573,30.199,8.959492199689974,191,Hexagonal,AB2,0.0031802333333292854,False,False,False,True,Hg
mp-aaaaaqzk,HoIr,Ho1-Ir1,Ho-Ir,Ho;Ir,2,2,51.619,137.797,14.898217458426855,221,Cubic,AB,0.0,False,True,True,True,
mp-aaaaaqzm,GaAg,Ag1-Ga1,Ag-Ga,Ag;Ga,2,2,7.734,65.386,8.087595950768502,221,Cubic,AB,0.08855271229166561,False,False,False,True,Ga
mp-aaaaaqzp,MoIr,Ir1-Mo1,Ir-Mo,Ir;Mo,2,4,182.715,309.568,15.8807841300872,51,Orthorhombic,AB,0.0,False,True,True,True,
mp-aaaaaqzq,MoIr3,Ir3-Mo1,Ir-Mo,Ir;Mo,2,8,189.314,337.003,18.95418924317867,194,Hexagonal,AB3,0.0,False,True,True,True,
mp-aaaaaqzs,ZrIr,Ir1-Zr1,Ir-Zr,Ir;Zr,2,2,54.929,191.238,12.910155216269047,221,Cubic,AB,0.08134236125000172,False,True,True,True,
mp-aaaaaqzu,Y2(Al3Co)3,Al9-Co3-Y2,Al-Co-Y,Al;Co;Y,3,28,76.465,106.898,4.471545244094254,63,Orthorhombic,A2B3C9,0.0,False,True,True,True,
mp-aaaaaqzv,LaPt3,La1-Pt3,La-Pt,La;Pt,2,4,49.969,138.513,15.784325389046062,221,Cubic,AB3,0.14129061907894425,False,True,True,True,
mp-aaaaaqzw,LaTl,La1-Tl1,La-Tl,La;Tl,2,2,15.837,46.826,8.927214236663373,221,Cubic,AB,0.0,False,True,True,True,
mp-aaaaaqzx,Li3Pd,Li3-Pd1,Li-Pd,Li;Pd,2,4,15.968,36.429,3.5697215620536182,225,Cubic,AB3,0.007513318035715422,False,True,True,True,
mp-aaaaaqzy,Li2ZnSn,Li2-Sn1-Zn1,Li-Sn-Zn,Li;Sn;Zn,3,4,27.734,37.548,4.763757678380791,225,Cubic,ABC2,0.04711050750000023,False,True,True,True,
mp-aaaaaraa,LuNi2Sn,Lu1-Ni2-Sn1,Lu-Ni-Sn,Lu;Ni;Sn,3,4,40.276,100.82,10.383064633702295,225,Cubic,ABC2,0.017926692656251575,False,True,True,True,
mp-aaaaarae,LuZn,Lu1-Zn1,Lu-Zn,Lu;Zn,2,2,40.231,67.899,9.344227263449595,221,Cubic,AB,0.0,False,True,True,True,
mp-aaaaarag,MgTl,Mg1-Tl1,Mg-Tl,Mg;Tl,2,2,4.18,33.764,7.555179370318042,221,Cubic,AB,0.0,False,True,True,True,
mp-aaaaarah,YMg2,Mg2-Y1,Mg-Y,Mg;Y,2,12,22.125,42.792,2.9211893731575183,194,Hexagonal,AB2,0.01142841416666629,False,True,True,True,
mp-aaaaarai,MnNi,Mn1-Ni1,Mn-Ni,Mn;Ni,2,2,38.385,149.255,7.562584464218727,221,Cubic,AB,0.0,False,True,True,True,
mp-aaaaaram,MnZn3,Mn1-Zn3,Mn-Zn,Mn;Zn,2,4,48.083,80.961,7.45097587011654,221,Cubic,AB3,0.0,False,True,True,True,
mp-aaaaarao,Ni3Mo,Mo1-Ni3,Mo-Ni,Mo;Ni,2,8,91.253,214.444,9.437727104212946,59,Orthorhombic,AB3,0.0,False,True,True,True,
mp-aaaaarap,Ni4Mo,Mo1-Ni4,Mo-Ni,Mo;Ni,2,5,92.581,209.68,9.344275303139487,87,Tetragonal,AB4,0.007206371000000544,False,True,True,True,
mp-aaaaarat,LaAlGe,Al1-Ge1-La1,Al-Ge-La,Al;Ge;La,3,6,47.27,70.446,5.57886529942892,109,Tetragonal,ABC,0.0,False,True,True,True,
mp-aaaaarau,LiAl2Ir,Al2-Ir1-Li1,Al-Ir-Li,Al;Ir;Li,3,4,52.607,135.916,7.607519484613411,225,Cubic,ABC2,0.0,False,True,True,True,
mp-aaaaarav,NbNi3,Nb1-Ni3,Nb-Ni,Nb;Ni,2,4,90.468,197.229,8.921663469285145,139,Tetragonal,AB3,0.00901634874999857,False,False,False,True,Nb
mp-aaaaaraw,NbPt2,Nb1-Pt2,Nb-Pt,Nb;Pt,2,3,110.128,241.924,16.479873710571358,71,Orthorhombic,AB2,0.0,False,False,False,True,Nb
mp-aaaaaraz,NbRu3,Nb1-Ru3,Nb-Ru,Nb;Ru,2,4,135.775,254.366,11.000386904672066,221,Cubic,AB3,0.03854934750000183,False,False,False,True,Nb
mp-aaaaarbd,ScNi,Ni1-Sc1,Ni-Sc,Ni;Sc,2,2,43.86,106.024,5.385356539160708,221,Cubic,AB,0.0,False,True,True,True,
mp-aaaaarbe,Ni3Sn,Ni3-Sn1,Ni-Sn,Ni;Sn,2,4,76.925,166.201,9.37777300750865,221,Cubic,AB3,0.0,False,True,True,True,
mp-aaaaarbi,TmNi5,Ni5-Tm1,Ni-Tm,Ni;Tm,2,6,75.801,155.253,9.519391964463285,191,Hexagonal,AB5,0.0,False,True,True,True,
mp-aaaaarbn,VNi2,Ni2-V1,Ni-V,Ni;V,2,3,85.56,229.507,8.105465580016212,71,Orthorhombic,AB2,0.0,False,True,True,True,
mp-aaaaarbp,ZrZnNi4,Ni4-Zn1-Zr1,Ni-Zn-Zr,Ni;Zn;Zr,3,6,70.469,162.623,8.275415435860264,216,Cubic,ABC4,0.0,False,True,True,True,
mp-aaaaarbs,NpRh3,Np1-Rh3,Np-Rh,Np;Rh,2,4,71.946,215.446,14.053314331432565,221,Cubic,AB3,0.0,False,False,False,True,Np
mp-aaaaarbt,NbAlRu2,Al1-Nb1-Ru2,Al-Nb-Ru,Al;Nb;Ru,3,4,116.78,230.476,8.951369461251955,225,Cubic,ABC2,0.0,False,False,False,True,Nb
mp-aaaaarbv,SmAl3Pd2,Al3-Pd2-Sm1,Al-Pd-Sm,Al;Pd;Sm,3,6,63.557,111.237,6.767924666472114,191,Hexagonal,AB2C3,0.0,False,True,True,True,
mp-aaaaarbx,ZrOs,Os1-Zr1,Os-Zr,Os;Zr,2,2,98.481,208.008,13.106036902272214,221,Cubic,AB,0.0,False,True,True,True,
mp-aaaaarcc,TiPd,Pd1-Ti1,Pd-Ti,Pd;Ti,2,2,19.089,153.552,7.98651737329921,221,Cubic,AB,0.07338960750000112,False,True,True,True,
mp-aaaaarcd,YTlPd,Pd1-Tl1-Y1,Pd-Tl-Y,Pd;Tl;Y,3,9,25.047,81.983,9.714271725345478,189,Hexagonal,ABC,0.0,False,True,True,True,
mp-aaaaarcf,VPd2,Pd2-V1,Pd-V,Pd;V,2,3,78.469,192.283,10.035899053747192,71,Orthorhombic,AB2,0.0,False,True,True,True,
mp-aaaaarcg,Sc2Pt,Pt1-Sc2,Pt-Sc,Pt;Sc,2,12,27.047,90.609,7.6558714546869755,62,Orthorhombic,AB2,0.0,False,True,True,True,
mp-aaaaarci,TiPt,Pt1-Ti1,Pt-Ti,Pt;Ti,2,2,25.456,185.077,12.53766761016841,221,Cubic,AB,0.1356873574999966,False,True,True,True,
mp-aaaaarcn,ScRe2,Re2-Sc1,Re-Sc,Re;Sc,2,12,75.273,226.157,13.228249104975717,194,Hexagonal,AB2,0.0,False,True,True,True,
mp-aaaaarcr,TbRh,Rh1-Tb1,Rh-Tb,Rh;Tb,2,2,37.508,109.058,10.609762230966258,221,Cubic,AB,0.0,False,True,True,True,
mp-aaaaarcs,TbRh5,Rh5-Tb1,Rh-Tb,Rh;Tb,2,6,76.027,179.088,10.807538318590026,191,Hexagonal,AB5,0.070092093333332,False,True,True,True,
mp-aaaaarcu,TmRh,Rh1-Tm1,Rh-Tm,Rh;Tm,2,2,47.637,118.772,11.65724025656129,221,Cubic,AB,0.0,False,True,True,True,
mp-aaaaarcv,YRh5,Rh5-Y1,Rh-Y,Rh;Y,2,6,76.122,178.749,9.684918629827644,191,Hexagonal,AB5,0.08311612055555528,False,True,True,True,
mp-aaaaarcw,ScZn,Sc1-Zn1,Sc-Zn,Sc;Zn,2,2,45.806,75.344,4.847190835192038,221,Cubic,AB,0.0,False,True,True,True,
mp-aaaaarcx,ScZn12,Sc1-Zn12,Sc-Zn,Sc;Zn,2,13,49.667,81.144,6.857570625527103,139,Tetragonal,AB12,0.0,False,True,True,True,
mp-aaaaarcy,SmTl,Sm1-Tl1,Sm-Tl,Sm;Tl,2,2,17.365,52.78,10.184528155955569,221,Cubic,AB,0.005274790000000085,False,True,True,True,
mp-aaaaardc,TaTc,Ta1-Tc1,Ta-Tc,Ta;Tc,2,2,128.64,257.672,14.254966851544363,221,Cubic,AB,0.0,False,True,False,True,
mp-aaaaardd,TiTc,Tc1-Ti1,Tc-Ti,Tc;Ti,2,2,80.038,204.076,8.06280630482323,221,Cubic,AB,0.0,False,True,False,True,
mp-aaaaardg,YbTl,Tl1-Yb1,Tl-Yb,Tl;Yb,2,2,25.063,32.524,10.898283073161675,221,Cubic,AB,0.0,False,True,True,True,
mp-aaaaardi,VZn3,V1-Zn3,V-Zn,V;Zn,2,4,65.384,117.948,7.298637624892935,221,Cubic,AB3,0.0,False,True,True,True,
mp-aaaaardo,Lu8Te,Lu8-Te1,Lu-Te,Lu;Te,2,9,35.782,49.878,9.714194603460204,189,Hexagonal,AB8,0.0,False,False,False,True,Te
mp-aaaaaret,TmMnGe,Ge1-Mn1-Tm1,Ge-Mn-Tm,Ge;Mn;Tm,3,9,62.325,97.514,9.001641506687932,189,Hexagonal,ABC,0.03874591180077047,False,True,True,True,
mp-aaaaarey,ZnNi3Sb2,Ni3-Sb2-Zn1,Ni-Sb-Zn,Ni;Sb;Zn,3,6,16.841,93.503,8.384626832369511,164,Trigonal,AB2C3,0.21774195833333287,False,True,True,True,
mp-aaaaarez,ZnNiSb,Ni1-Sb1-Zn1,Ni-Sb-Zn,Ni;Sb;Zn,3,3,40.075,96.917,7.733945254524664,216,Cubic,ABC,0.0,False,True,True,True,
mp-aaaaarfw,Li2Ca,Ca1-Li2,Ca-Li,Ca;Li,2,6,8.546,16.117,1.075361397726381,227,Cubic,AB2,0.004267985833332766,False,True,True,True,
mp-aaaaargt,Nd2(Zn2Ge)3,Ge3-Nd2-Zn6,Ge-Nd-Zn,Ge;Nd;Zn,3,11,51.194,75.88,7.102791260182994,189,Hexagonal,A2B3C6,0.0,False,True,True,True,
mp-aaaaarhb,NbTe2,Nb1-Te2,Nb-Te,Nb;Te,2,9,19.583,28.028,6.985991351569308,12,Monoclinic,AB2,0.0,False,False,False,True,Nb;Te
mp-aaaaarhn,VTe2,Te2-V1,Te-V,Te;V,2,9,17.848,25.137,6.653894796422343,12,Monoclinic,AB2,0.0,False,False,False,True,Te
mp-aaaaarht,TePt,Pt1-Te1,Pt-Te,Pt;Te,2,4,19.788,46.872,11.191748787824361,166,Trigonal,AB,0.0,False,False,False,True,Te
mp-aaaaarhw,As3W2,As3-W2,As-W,As;W,2,10,76.425,134.969,11.061247122326654,12,Monoclinic,A2B3,0.0,False,False,False,True,As
mp-aaaaarhx,TaSb2,Sb2-Ta1,Sb-Ta,Sb;Ta,2,6,72.515,101.369,10.194760757875619,12,Monoclinic,AB2,0.0,False,True,True,True,
mp-aaaaaria,BaCuSb,Ba1-Cu1-Sb1,Ba-Cu-Sb,Ba;Cu;Sb,3,6,29.179,43.743,5.97632424308273,194,Hexagonal,ABC,0.0,False,True,True,True,
mp-aaaaariw,PrGe2,Ge2-Pr1,Ge-Pr,Ge;Pr,2,6,22.802,64.615,6.647131016553657,141,Tetragonal,AB2,0.043675864444441714,False,True,True,True,
mp-aaaaarka,Lu7(NiTe)2,Lu7-Ni2-Te2,Lu-Ni-Te,Lu;Ni;Te,3,11,35.549,66.909,9.734545880162731,44,Orthorhombic,A2B2C7,0.0,False,False,False,True,Te
mp-aaaaarkc,Sc6Te2Os,Os1-Sc6-Te2,Os-Sc-Te,Os;Sc;Te,3,9,26.817,72.034,5.883375544869299,189,Hexagonal,AB2C6,0.07380752831018622,False,False,False,True,Te
mp-aaaaarkd,Lu6Sb2Mo,Lu6-Mo1-Sb2,Lu-Mo-Sb,Lu;Mo;Sb,3,9,37.541,64.762,9.702979647560397,189,Hexagonal,AB2C6,0.0,False,True,True,True,
mp-aaaaarmc,LiMgSnPt,Li1-Mg1-Pt1-Sn1,Li-Mg-Pt-Sn,Li;Mg;Pt;Sn,4,4,37.269,86.934,8.353377398169528,216,Cubic,ABCD,0.0,False,True,True,True,
mp-aaaaarmd,LiPt,Li1-Pt1,Li-Pt,Li;Pt,2,2,51.982,113.442,11.948948011445603,187,Hexagonal,AB,0.0,False,True,True,True,
mp-aaaaarme,ScNi4Sn,Ni4-Sc1-Sn1,Ni-Sc-Sn,Ni;Sc;Sn,3,6,57.323,140.435,7.987294815732556,216,Cubic,ABC4,0.0,False,True,True,True,
mp-aaaaarmf,TiAl2,Al2-Ti1,Al-Ti,Al;Ti,2,6,82.494,109.309,3.532665205657611,65,Orthorhombic,AB2,0.0030881258333330663,False,True,True,True,
mp-aaaaarmm,BaCdGe,Ba1-Cd1-Ge1,Ba-Cd-Ge,Ba;Cd;Ge,3,6,23.72,34.647,5.645488478126972,194,Hexagonal,ABC,0.0,False,True,True,True,
mp-aaaaarmo,BaZnGe,Ba1-Ge1-Zn1,Ba-Ge-Zn,Ba;Ge;Zn,3,6,29.175,39.873,5.354167065504097,194,Hexagonal,ABC,0.0,False,True,True,True,
mp-aaaaarmp,BaSnHg,Ba1-Hg1-Sn1,Ba-Hg-Sn,Ba;Hg;Sn,3,6,19.584,30.976,7.162499707603155,194,Hexagonal,ABC,0.0,False,False,False,True,Hg
mp-aaaaarmq,BaNa2,Ba1-Na2,Ba-Na,Ba;Na,2,12,5.631,8.587,2.217636260409266,194,Hexagonal,AB2,0.0096082950957872,False,True,True,True,
mp-aaaaarmw,CaPd5,Ca1-Pd5,Ca-Pd,Ca;Pd,2,6,50.004,115.09,8.53527596549026,191,Hexagonal,AB5,0.0,False,True,True,True,
mp-aaaaarne,CuNiSb2,Cu1-Ni1-Sb2,Cu-Ni-Sb,Cu;Ni;Sb,3,4,38.407,81.671,8.072300038651813,164,Trigonal,ABC2,0.014259523749998948,False,True,True,True,
mp-aaaaarnl,CeAg,Ag1-Ce1,Ag-Ce,Ag;Ce,2,2,26.525,39.055,8.606153432481074,123,Tetragonal,AB,0.06942032375000018,False,False,False,True,Ce
mp-aaaaaroo,Hg2Rh,Hg2-Rh1,Hg-Rh,Hg;Rh,2,3,38.861,88.269,12.515728467253975,123,Tetragonal,AB2,0.0,False,False,False,True,Hg
mp-aaaaaror,TlAsPd5,As1-Pd5-Tl1,As-Pd-Tl,As;Pd;Tl,3,7,48.595,136.553,11.289614525181179,123,Tetragonal,ABC5,0.0,False,False,False,True,As
mp-aaaaarox,BaNiSn3,Ba1-Ni1-Sn3,Ba-Ni-Sn,Ba;Ni;Sn,3,5,31.724,46.496,6.954439549753624,107,Tetragonal,ABC3,0.0,False,True,True,True,
mp-aaaaarpb,MgIr2,Ir2-Mg1,Ir-Mg,Ir;Mg,2,12,57.181,197.34,13.64659123020756,194,Hexagonal,AB2,0.0,False,True,True,True,
mp-aaaaarrn,LiAlAg2,Ag2-Al1-Li1,Ag-Al-Li,Ag;Al;Li,3,4,32.565,71.27,6.463470588407532,225,Cubic,ABC2,0.0,False,True,True,True,
mp-aaaaarrx,CaSn2Ir,Ca1-Ir1-Sn2,Ca-Ir-Sn,Ca;Ir;Sn,3,8,38.941,75.338,8.543775406055364,63,Orthorhombic,ABC2,0.0,False,True,True,True,
mp-aaaaarry,CaSn2Pd,Ca1-Pd1-Sn2,Ca-Pd-Sn,Ca;Pd;Sn,3,8,22.729,58.694,6.669715827975257,63,Orthorhombic,ABC2,0.0,False,True,True,True,
mp-aaaaarrz,CaSn2Rh,Ca1-Rh1-Sn2,Ca-Rh-Sn,Ca;Rh;Sn,3,8,32.392,66.913,6.907015685097505,63,Orthorhombic,ABC2,0.0,False,True,True,True,
mp-aaaaarse,Ce2CdPt2,Cd1-Ce2-Pt2,Cd-Ce-Pt,Cd;Ce;Pt,3,10,32.529,80.182,11.164953303353391,127,Tetragonal,AB2C2,0.0,False,False,False,True,Ce
mp-aaaaarsl,HoSnRh,Ho1-Rh1-Sn1,Ho-Rh-Sn,Ho;Rh;Sn,3,9,45.248,108.644,10.14299381425742,189,Hexagonal,ABC,0.0,False,True,True,True,
mp-aaaaarsn,YbSnRh,Rh1-Sn1-Yb1,Rh-Sn-Yb,Rh;Sn;Yb,3,9,25.415,82.861,10.273293276069982,189,Hexagonal,ABC,0.0,False,True,True,True,
mp-aaaaarso,TmSnRh,Rh1-Sn1-Tm1,Rh-Sn-Tm,Rh;Sn;Tm,3,9,48.404,111.197,10.413267227826438,189,Hexagonal,ABC,0.0,False,True,True,True,
mp-aaaaarsr,LiSnAu,Au1-Li1-Sn1,Au-Li-Sn,Au;Li;Sn,3,6,14.507,58.955,8.920720019564143,194,Hexagonal,ABC,0.0,False,True,True,True,
mp-aaaaarsy,YMgTl,Mg1-Tl1-Y1,Mg-Tl-Y,Mg;Tl;Y,3,9,39.795,53.855,6.800260019721281,189,Hexagonal,ABC,0.0,False,True,True,True,
mp-aaaaartu,CeCdNi4,Cd1-Ce1-Ni4,Cd-Ce-Ni,Cd;Ce;Ni,3,6,53.332,121.691,9.07894204398419,216,Cubic,ABC4,0.0,False,False,False,True,Ce
mp-aaaaartv,HoCdCu4,Cd1-Cu4-Ho1,Cd-Cu-Ho,Cd;Cu;Ho,3,6,51.211,104.872,9.380323893142387,216,Cubic,ABC4,0.0,False,True,True,True,
mp-aaaaartw,ErCdCu4,Cd1-Cu4-Er1,Cd-Cu-Er,Cd;Cu;Er,3,6,52.422,101.387,9.46890370206829,216,Cubic,ABC4,0.0,False,True,True,True,
mp-aaaaarvr,LaCd2,Cd2-La1,Cd-La,Cd;La,2,3,26.186,45.263,7.38966051754067,191,Hexagonal,AB2,0.0,False,True,True,True,
mp-aaaaarvz,Ce(AgGe)2,Ag2-Ce1-Ge2,Ag-Ce-Ge,Ag;Ce;Ge,3,5,36.15,74.431,7.982828847261673,139,Tetragonal,AB2C2,0.16030778444444405,False,False,False,True,Ce
mp-aaaaarwb,Ag3Pt,Ag3-Pt1,Ag-Pt,Ag;Pt,2,4,34.758,121.006,12.471489536806953,221,Cubic,AB3,0.020805422500000503,False,True,True,True,
mp-aaaaarwg,CuAs,As1-Cu1,As-Cu,As;Cu,2,4,24.932,106.034,7.053737529637606,194,Hexagonal,AB,0.05318807624999877,False,False,False,True,As
mp-aaaaarwh,Ti3As,As1-Ti3,As-Ti,As;Ti,2,8,44.714,126.897,5.720891353378648,223,Cubic,AB3,0.16478765562500008,False,False,False,True,As
mp-aaaaarwi,UAu2,Au2-U1,Au-U,Au;U,2,3,48.418,111.096,16.82309006645521,191,Hexagonal,AB2,0.0,False,True,True,True,
mp-aaaaarwt,CrIr3,Cr1-Ir3,Cr-Ir,Cr;Ir,2,4,214.386,307.958,18.64708447109166,221,Cubic,AB3,0.0,False,False,False,True,Cr
mp-aaaaarww,Cu3Pt,Cu3-Pt1,Cu-Pt,Cu;Pt,2,4,55.578,169.333,12.323941352648655,221,Cubic,AB3,0.0,False,True,True,True,
mp-aaaaarxr,TiPt3,Pt3-Ti1,Pt-Ti,Pt;Ti,2,4,106.959,238.047,17.025458523116704,221,Cubic,AB3,0.004863833214280078,False,True,True,True,
mp-aaaaarxs,VPt2,Pt2-V1,Pt-V,Pt;V,2,3,114.484,246.671,16.52875738159329,71,Orthorhombic,AB2,0.0,False,True,True,True,
mp-aaaaarxt,ZrRe2,Re2-Zr1,Re-Zr,Re;Zr,2,12,75.042,252.922,14.498979769462016,194,Hexagonal,AB2,0.0,False,True,True,True,
mp-aaaaarym,Li2MgIn,In1-Li2-Mg1,In-Li-Mg,In;Li;Mg,3,4,20.946,29.856,3.341377503675337,225,Cubic,ABC2,0.0,False,True,True,True,
mp-aaaaasel,Li5Tl2,Li5-Tl2,Li-Tl,Li;Tl,2,7,16.195,24.305,5.531010925230309,166,Trigonal,A2B5,0.0,False,True,True,True,
mp-aaaaashj,AgSbTe2,Ag1-Sb1-Te2,Ag-Sb-Te,Ag;Sb;Te,3,4,18.779,52.694,7.01825989241234,123,Tetragonal,ABC2,0.06122714625000203,False,False,False,True,Te
mp-aaaaashk,AgSbTe2,Ag1-Sb1-Te2,Ag-Sb-Te,Ag;Sb;Te,3,4,16.926,48.782,7.001555707055925,166,Trigonal,ABC2,0.02141262375000208,False,False,False,True,Te
mp-aaaaasif,PrSnRh,Pr1-Rh1-Sn1,Pr-Rh-Sn,Pr;Rh;Sn,3,9,33.42,96.952,8.734716187516476,189,Hexagonal,ABC,0.0,False,True,True,True,
mp-aaaaasim,Er3Al3NiGe2,Al3-Er3-Ge2-Ni1,Al-Er-Ge-Ni,Al;Er;Ge;Ni,4,9,61.119,85.284,7.629034849107508,189,Hexagonal,AB2C3D3,0.0,False,True,True,True,
mp-aaaaasjj,Li2ZnGe,Ge1-Li2-Zn1,Ge-Li-Zn,Ge;Li;Zn,3,4,38.377,48.483,4.282174959637202,216,Cubic,ABC2,0.01721783624999995,False,True,True,True,
mp-aaaaasln,Ca5Sb3,Ca5-Sb3,Ca-Sb,Ca;Sb,2,16,25.807,36.153,3.751923727929554,193,Hexagonal,A3B5,0.011565094999999914,False,True,True,True,
mp-aaaaasmz,LuAgSn,Ag1-Lu1-Sn1,Ag-Lu-Sn,Ag;Lu;Sn,3,6,39.843,74.223,9.547427841254958,186,Hexagonal,ABC,0.0,False,True,True,True,
mp-aaaaasno,SrNi2Ge,Ge1-Ni2-Sr1,Ge-Ni-Sr,Ge;Ni;Sr,3,8,31.853,69.921,5.889721591575706,194,Hexagonal,ABC2,0.0,False,True,True,True,
mp-aaaaasnp,SrNi3Ge2,Ge2-Ni3-Sr1,Ge-Ni-Sr,Ge;Ni;Sr,3,12,27.896,92.315,6.636692128174875,194,Hexagonal,AB2C3,0.0,False,True,True,True,
mp-aaaaasoo,TiCu3,Cu3-Ti1,Cu-Ti,Cu;Ti,2,8,51.729,141.202,7.572466306541196,59,Orthorhombic,AB3,0.005902016874999916,False,True,True,True,
mp-aaaaasor,BaAl9Ni2,Al9-Ba1-Ni2,Al-Ba-Ni,Al;Ba;Ni,3,12,43.997,85.769,3.780712858152641,191,Hexagonal,AB2C9,0.004556505555559198,False,True,True,True,
mp-aaaaasos,AlCuPt2,Al1-Cu1-Pt2,Al-Cu-Pt,Al;Cu;Pt,3,4,83.607,194.163,14.095833070243295,123,Tetragonal,ABC2,0.0,False,True,True,True,
mp-aaaaasov,PrAl3,Al3-Pr1,Al-Pr,Al;Pr,2,8,44.296,65.851,4.27017713683524,194,Hexagonal,AB3,0.0,False,True,True,True,
mp-aaaaaspd,TaAs2,As2-Ta1,As-Ta,As;Ta,2,6,96.926,133.144,9.967935236315267,12,Monoclinic,AB2,0.0,False,False,False,True,As
mp-aaaaaspg,LiSbAu,Au1-Li1-Sb1,Au-Li-Sb,Au;Li;Sb,3,3,8.279,53.85,8.075323870368798,216,Cubic,ABC,0.06825311037878734,False,True,True,True,
mp-aaaaasph,MnAu4,Au4-Mn1,Au-Mn,Au;Mn,2,5,30.71,130.268,16.002487355839108,87,Tetragonal,AB4,0.0,False,True,True,True,
mp-aaaaaspw,Li2CdSn,Cd1-Li2-Sn1,Cd-Li-Sn,Cd;Li;Sn,3,4,23.104,35.899,5.307794772405619,225,Cubic,ABC2,0.0,False,True,True,True,
mp-aaaaasqb,CrRh3,Cr1-Rh3,Cr-Rh,Cr;Rh,2,4,154.192,230.758,10.85117582060393,221,Cubic,AB3,0.0,False,False,False,True,Cr
mp-aaaaasqj,ScIr3,Ir3-Sc1,Ir-Sc,Ir;Sc,2,4,111.389,243.259,16.763121748927713,221,Cubic,AB3,0.0,False,True,True,True,
mp-aaaaasql,MoRh,Mo1-Rh1,Mo-Rh,Mo;Rh,2,4,132.684,265.285,11.081780466250835,51,Orthorhombic,AB,0.0,False,True,True,True,
mp-aaaaasqo,PrPt3,Pr1-Pt3,Pr-Pt,Pr;Pt,2,4,58.109,153.052,15.987783153097048,221,Cubic,AB3,0.05197031750000303,False,True,True,True,
mp-aaaaasqq,Pr2Tl,Pr2-Tl1,Pr-Tl,Pr;Tl,2,6,16.519,44.062,8.38893612103487,194,Hexagonal,AB2,0.014744817592593051,False,True,True,True,
mp-aaaaasqs,PrZn5,Pr1-Zn5,Pr-Zn,Pr;Zn,2,6,34.33,73.779,7.146767973710423,191,Hexagonal,AB5,0.007804855052085724,False,True,True,True,
mp-aaaaasqy,CuPt7,Cu1-Pt7,Cu-Pt,Cu;Pt,2,8,67.266,229.485,19.380459365489244,225,Cubic,AB7,0.0,False,True,True,True,
mp-aaaaasrd,LaNiSn,La1-Ni1-Sn1,La-Ni-Sn,La;Ni;Sn,3,12,31.135,73.286,7.690568789088305,62,Orthorhombic,ABC,0.0,False,True,True,True,
mp-aaaaasre,Ca2Cu,Ca2-Cu1,Ca-Cu,Ca;Cu,2,12,12.724,24.15,2.5986317877692118,62,Orthorhombic,AB2,0.0,False,True,True,True,
mp-aaaaasrz,TiAu4,Au4-Ti1,Au-Ti,Au;Ti,2,5,39.965,146.22,15.850203190359345,87,Tetragonal,AB4,0.0,False,True,True,True,
mp-aaaaassm,Ti2Be17,Be17-Ti2,Be-Ti,Be;Ti,2,19,144.287,126.701,2.474070362775093,166,Trigonal,A2B17,0.0001682199999999412,False,True,True,True,
mp-aaaaassv,HfAl2,Al2-Hf1,Al-Hf,Al;Hf,2,12,89.118,119.513,7.418633410757142,194,Hexagonal,AB2,0.0,False,True,True,True,
mp-aaaaassx,Mn2Nb,Mn2-Nb1,Mn-Nb,Mn;Nb,2,12,77.447,223.474,8.454838072257473,194,Hexagonal,AB2,0.0,False,False,False,True,Nb
mp-aaaaassz,Cd3In,Cd3-In1,Cd-In,Cd;In,2,4,15.689,36.705,7.774428773378913,221,Cubic,AB3,0.04173347250000248,False,True,True,True,
mp-aaaaastm,MnAu,Au1-Mn1,Au-Mn,Au;Mn,2,2,35.386,113.61,12.494885176673849,221,Cubic,AB,0.0,False,True,True,True,
mp-aaaaastw,LaAl,Al1-La1,Al-La,Al;La,2,8,34.891,52.592,5.191803766847111,63,Orthorhombic,AB,0.0,False,True,True,True,
mp-aaaaasuf,Mg2Rh,Mg2-Rh1,Mg-Rh,Mg;Rh,2,3,43.121,63.8,4.823865302302468,139,Tetragonal,AB2,0.0,False,True,True,True,
mp-aaaaasui,YMgPd,Mg1-Pd1-Y1,Mg-Pd-Y,Mg;Pd;Y,3,9,21.372,71.355,5.529747421851501,189,Hexagonal,ABC,0.0,False,True,True,True,
mp-aaaaasul,Ca3Au4,Au4-Ca3,Au-Ca,Au;Ca,2,14,16.615,51.992,8.975885195771442,148,Trigonal,A3B4,0.0,False,True,True,True,
mp-aaaaasum,NbPt3,Nb1-Pt3,Nb-Pt,Nb;Pt,2,16,101.745,249.254,17.533064228149435,11,Monoclinic,AB3,0.0,False,False,False,True,Nb
mp-aaaaasun,NdSn2,Nd1-Sn2,Nd-Sn,Nd;Sn,2,6,31.099,55.135,7.500379377538875,65,Orthorhombic,AB2,0.0,False,True,True,True,
mp-aaaaasup,PrZnNi,Ni1-Pr1-Zn1,Ni-Pr-Zn,Ni;Pr;Zn,3,9,30.122,63.238,7.441304500753171,189,Hexagonal,ABC,0.0,False,True,True,True,
mp-aaaaasuw,PrZnPd,Pd1-Pr1-Zn1,Pd-Pr-Zn,Pd;Pr;Zn,3,9,29.073,77.401,7.966913768800277,189,Hexagonal,ABC,0.0,False,True,True,True,
mp-aaaaasuy,Zr3Pd4,Pd4-Zr3,Pd-Zr,Pd;Zr,2,14,30.697,144.324,8.972954441853087,148,Trigonal,A3B4,0.017021042857141566,False,True,True,True,
mp-aaaaasvc,LiTlPd2,Li1-Pd2-Tl1,Li-Pd-Tl,Li;Pd;Tl,3,4,36.325,94.163,10.52849312788321,139,Tetragonal,ABC2,0.0,False,True,True,True,
mp-aaaaasvj,CaAu,Au1-Ca1,Au-Ca,Au;Ca,2,4,18.66,47.167,7.592985155955387,63,Orthorhombic,AB,0.0,False,True,True,True,
mp-aaaaasvk,SrZn,Sr1-Zn1,Sr-Zn,Sr;Zn,2,8,8.793,24.149,3.961201905169377,62,Orthorhombic,AB,0.0,False,True,True,True,
mp-aaaaasvu,NdAl3Pd2,Al3-Nd1-Pd2,Al-Nd-Pd,Al;Nd;Pd,3,6,61.07,109.306,6.582553212820269,191,Hexagonal,AB2C3,0.0,False,True,True,True,
mp-aaaaaswb,MgPd2,Mg1-Pd2,Mg-Pd,Mg;Pd,2,12,37.951,115.038,8.292744337574245,62,Orthorhombic,AB2,0.0,False,True,True,True,
mp-aaaaaswc,MgPd3,Mg1-Pd3,Mg-Pd,Mg;Pd,2,8,40.626,129.074,9.071135545309822,139,Tetragonal,AB3,0.0,False,True,True,True,
mp-aaaaaswd,CrTe4Au,Au1-Cr1-Te4,Au-Cr-Te,Au;Cr;Te,3,6,19.236,26.69,7.345320038983211,10,Monoclinic,ABC4,0.17732360447916484,False,False,False,True,Cr;Te
mp-aaaaaswk,SmGe2,Ge2-Sm1,Ge-Sm,Ge;Sm,2,6,24.776,68.822,7.166495646819878,141,Tetragonal,AB2,0.07837539055555531,False,True,True,True,
mp-aaaaaswm,Zr4Al3,Al3-Zr4,Al-Zr,Al;Zr,2,7,78.177,107.665,5.312279469042351,191,Hexagonal,A3B4,0.0,False,True,True,True,
mp-aaaaaswt,Zn2CuAu,Au1-Cu1-Zn2,Au-Cu-Zn,Au;Cu;Zn,3,8,31.739,112.113,11.005032905200741,59,Orthorhombic,ABC2,0.0,False,True,True,True,
mp-aaaaaswu,Zr6Al2Co,Al2-Co1-Zr6,Al-Co-Zr,Al;Co;Zr,3,9,51.741,105.44,6.001875669605319,189,Hexagonal,AB2C6,0.0,False,True,True,True,
mp-aaaaaswv,BeAu2,Au2-Be1,Au-Be,Au;Be,2,3,27.364,137.288,15.105379941944143,139,Tetragonal,AB2,0.0,False,True,True,True,
mp-aaaaasxg,Hf2Al,Al1-Hf2,Al-Hf,Al;Hf,2,6,53.8,111.173,10.39999453400734,140,Tetragonal,AB2,0.03718523444443633,False,True,True,True,
mp-aaaaasxh,Zr2Al,Al1-Zr2,Al-Zr,Al;Zr,2,6,41.265,97.792,5.484355134097372,140,Tetragonal,AB2,0.04362543433332888,False,True,True,True,
mp-aaaaasxl,AlCu3,Al1-Cu3,Al-Cu,Al;Cu,2,4,47.92,138.352,7.186318854141869,225,Cubic,AB3,0.0210512025000007,False,True,True,True,
mp-aaaaasxm,VOs,Os1-V1,Os-V,Os;V,2,2,122.261,284.95,14.494010111584558,221,Cubic,AB,0.0,False,True,True,True,
mp-aaaaasxp,ScAl2Ni,Al2-Ni1-Sc1,Al-Ni-Sc,Al;Ni;Sc,3,8,65.059,95.155,4.074299067007604,63,Orthorhombic,ABC2,0.0,False,True,True,True,
mp-aaaaasxq,YbAl2Ni,Al2-Ni1-Yb1,Al-Ni-Yb,Al;Ni;Yb,3,8,42.116,63.701,6.5666088690029785,63,Orthorhombic,ABC2,0.0,False,True,True,True,
mp-aaaaasxr,Sr(CdGa)2,Cd2-Ga2-Sr1,Cd-Ga-Sr,Cd;Ga;Sr,3,5,27.739,43.715,6.164373450555543,139,Tetragonal,AB2C2,0.0,False,False,False,True,Ga
mp-aaaaasyc,Al2Cu,Al2-Cu1,Al-Cu,Al;Cu,2,3,58.974,99.432,3.976045890836626,123,Tetragonal,AB2,0.15449800333333386,False,True,True,True,
mp-aaaaasyg,Ni3Pt,Ni3-Pt1,Ni-Pt,Ni;Pt,2,4,90.94,202.169,12.564678173831231,221,Cubic,AB3,0.0,False,True,True,True,
mp-aaaaasyk,AlCu3,Al1-Cu3,Al-Cu,Al;Cu,2,8,46.444,131.586,7.206028456106963,59,Orthorhombic,AB3,0.0,False,True,True,True,
mp-aaaaasyo,Cu2GeTe3,Cu2-Ge1-Te3,Cu-Ge-Te,Cu;Ge;Te,3,6,21.715,49.734,5.815207943452002,44,Orthorhombic,AB2C3,0.00949015722222768,False,False,False,True,Te
mp-aaaaaszq,ThCu6,Cu6-Th1,Cu-Th,Cu;Th,2,28,23.0,117.353,9.658093558608478,62,Orthorhombic,AB6,0.0,False,True,True,True,
mp-aaaaatak,ZnCu2GeTe4,Cu2-Ge1-Te4-Zn1,Cu-Ge-Te-Zn,Cu;Ge;Te;Zn,4,8,22.69,47.476,5.720695751340687,121,Tetragonal,ABC2D4,0.004386481249999186,False,False,False,True,Te
mp-aaaaatbo,Hf5Te4,Hf5-Te4,Hf-Te,Hf;Te,2,9,36.907,77.308,10.628859843104655,87,Tetragonal,A4B5,0.026720308888890543,False,False,False,True,Te
mp-aaaaated,ZrGaAu,Au1-Ga1-Zr1,Au-Ga-Zr,Au;Ga;Zr,3,6,61.519,124.475,10.450536384357651,187,Hexagonal,ABC,0.0,False,False,False,True,Ga
mp-aaaaatee,HfGaAu,Au1-Ga1-Hf1,Au-Ga-Hf,Au;Ga;Hf,3,6,63.9,131.425,13.29626267932693,187,Hexagonal,ABC,0.0,False,False,False,True,Ga
mp-aaaaaten,YAlPd,Al1-Pd1-Y1,Al-Pd-Y,Al;Pd;Y,3,9,27.628,93.559,6.101406659455876,189,Hexagonal,ABC,0.01612190277777259,False,True,True,True,
mp-aaaaateo,Zr6FeSb2,Fe1-Sb2-Zr6,Fe-Sb-Zr,Fe;Sb;Zr,3,9,59.351,111.254,7.276994618911276,189,Hexagonal,AB2C6,0.0,False,True,True,True,
mp-aaaaatey,Zr6Sb2Pt,Pt1-Sb2-Zr6,Pt-Sb-Zr,Pt;Sb;Zr,3,9,60.061,118.611,8.18481494076936,189,Hexagonal,AB2C6,0.0,False,True,True,True,
mp-aaaaatgh,PrCrGe3,Cr1-Ge3-Pr1,Cr-Ge-Pr,Cr;Ge;Pr,3,10,62.104,88.559,7.153532322199808,194,Hexagonal,ABC3,0.03454473499999722,False,False,False,True,Cr
mp-aaaaatgk,YSn2,Sn2-Y1,Sn-Y,Sn;Y,2,6,37.676,59.361,6.784571736529465,63,Orthorhombic,AB2,0.0,False,True,True,True,
mp-aaaaatiw,LuNiPb,Lu1-Ni1-Pb1,Lu-Ni-Pb,Lu;Ni;Pb,3,9,47.251,86.727,11.971373357484037,189,Hexagonal,ABC,0.0,False,True,True,True,
mp-aaaaatjb,Mn2AlCo,Al1-Co1-Mn2,Al-Co-Mn,Al;Co;Mn,3,4,102.599,158.934,6.870818016316974,216,Cubic,ABC2,0.02683310853448262,False,True,True,True,
mp-aaaaatjh,Mn2CoSb,Co1-Mn2-Sb1,Co-Mn-Sb,Co;Mn;Sb,3,4,74.447,171.446,8.976248027530678,216,Cubic,ABC2,0.1275065789547405,False,True,True,True,
mp-aaaaatjl,Cu2SnTe3,Cu2-Sn1-Te3,Cu-Sn-Te,Cu;Sn;Te,3,6,19.796,46.933,5.874446021839238,44,Orthorhombic,AB2C3,0.015524191333334159,False,False,False,True,Te
mp-aaaaatjm,YMgAl,Al1-Mg1-Y1,Al-Mg-Y,Al;Mg;Y,3,9,44.769,57.528,3.261314958969112,189,Hexagonal,ABC,0.0,False,True,True,True,
mp-aaaaatjo,Zr6Al2Ni,Al2-Ni1-Zr6,Al-Ni-Zr,Al;Ni;Zr,3,9,51.435,111.94,5.959074919968629,189,Hexagonal,AB2C6,0.016527299999999023,False,True,True,True,
mp-aaaaatjq,YAl2Ni,Al2-Ni1-Y1,Al-Ni-Y,Al;Ni;Y,3,8,57.961,93.804,4.658156933368803,63,Orthorhombic,ABC2,0.0,False,True,True,True,
mp-aaaaatjr,YAlNi,Al1-Ni1-Y1,Al-Ni-Y,Al;Ni;Y,3,9,38.915,92.941,5.259450944077995,189,Hexagonal,ABC,0.0,False,True,True,True,
mp-aaaaatjw,MoPt3,Mo1-Pt3,Mo-Pt,Mo;Pt,2,4,105.846,252.326,17.938215355086292,221,Cubic,AB3,0.14886324250000627,False,True,True,True,
mp-aaaaatko,CeZn3Pd2,Ce1-Pd2-Zn3,Ce-Pd-Zn,Ce;Pd;Zn,3,6,34.678,99.644,8.419848379782305,191,Hexagonal,AB2C3,0.0,False,False,False,True,Ce
mp-aaaaatkr,CeGe3Rh,Ce1-Ge3-Rh1,Ce-Ge-Rh,Ce;Ge;Rh,3,5,40.715,95.273,7.74051533008859,107,Tetragonal,ABC3,0.0,False,False,False,True,Ce
mp-aaaaatli,Cu3Sn,Cu3-Sn1,Cu-Sn,Cu;Sn,2,8,47.503,106.478,8.762012422333733,194,Hexagonal,AB3,0.03600903500000108,False,True,True,True,
mp-aaaaatlz,Hf2Ag,Ag1-Hf2,Ag-Hf,Ag;Hf,2,3,49.936,111.1,12.356122297071526,139,Tetragonal,AB2,0.0,False,True,True,True,
mp-aaaaatma,HfAg,Ag1-Hf1,Ag-Hf,Ag;Hf,2,4,45.823,114.117,12.02998324331057,129,Tetragonal,AB,0.0,False,True,True,True,
mp-aaaaatme,YZnGe,Ge1-Y1-Zn1,Ge-Y-Zn,Ge;Y;Zn,3,12,54.248,76.81,6.125494879021545,194,Hexagonal,ABC,0.0,False,True,True,True,
mp-aaaaatmi,Ti2Pd,Pd1-Ti2,Pd-Ti,Pd;Ti,2,3,64.242,141.684,6.899046226568711,139,Tetragonal,AB2,0.0,False,True,True,True,
mp-aaaaatmp,YMgCu,Cu1-Mg1-Y1,Cu-Mg-Y,Cu;Mg;Y,3,9,22.255,60.094,4.530672169206723,189,Hexagonal,ABC,0.0,False,True,True,True,
mp-aaaaatmq,YMgCu4,Cu4-Mg1-Y1,Cu-Mg-Y,Cu;Mg;Y,3,6,45.743,90.416,6.402647170773518,216,Cubic,ABC4,0.0,False,True,True,True,
mp-aaaaatns,LuCuSn,Cu1-Lu1-Sn1,Cu-Lu-Sn,Cu;Lu;Sn,3,6,54.432,78.999,9.472320692580986,186,Hexagonal,ABC,0.0,False,True,True,True,
mp-aaaaatnu,YCuSn,Cu1-Sn1-Y1,Cu-Sn-Y,Cu;Sn;Y,3,6,52.304,77.995,6.8571540620498155,186,Hexagonal,ABC,0.0,False,True,True,True,
mp-aaaaatnv,ScCuSn,Cu1-Sc1-Sn1,Cu-Sc-Sn,Cu;Sc;Sn,3,6,54.852,89.047,6.461607197963706,186,Hexagonal,ABC,0.0,False,True,True,True,
mp-aaaaatoa,Mg2Pt,Mg2-Pt1,Mg-Pt,Mg;Pt,2,6,36.113,70.693,7.004496125737037,140,Tetragonal,AB2,0.0,False,True,True,True,
mp-aaaaatpg,ScInCu4,Cu4-In1-Sc1,Cu-In-Sc,Cu;In;Sc,3,6,60.675,114.133,7.6723345614903025,216,Cubic,ABC4,0.0,False,True,True,True,
mp-aaaaatpu,CeMgZn2,Ce1-Mg1-Zn2,Ce-Mg-Zn,Ce;Mg;Zn,3,4,33.459,51.635,5.855987160468486,225,Cubic,ABC2,0.0,False,False,False,True,Ce
mp-aaaaatqk,CaAg2,Ag2-Ca1,Ag-Ca,Ag;Ca,2,6,15.092,48.592,5.919217732233676,74,Orthorhombic,AB2,0.0,False,True,True,True,
mp-aaaaatqm,BaAlGe,Al1-Ba1-Ge1,Al-Ba-Ge,Al;Ba;Ge,3,3,34.095,43.108,4.540818491996076,187,Hexagonal,ABC,0.0,False,True,True,True,
mp-aaaaatrq,LuSnAu,Au1-Lu1-Sn1,Au-Lu-Sn,Au;Lu;Sn,3,6,40.523,79.222,11.684133453974992,186,Hexagonal,ABC,0.0632480116666656,False,True,True,True,
mp-aaaaatrr,ErSnAu,Au1-Er1-Sn1,Au-Er-Sn,Au;Er;Sn,3,6,42.379,78.252,11.312546097325873,186,Hexagonal,ABC,0.048157445000001964,False,True,True,True,
mp-aaaaatrw,HoGeAu,Au1-Ge1-Ho1,Au-Ge-Ho,Au;Ge;Ho,3,3,31.821,86.61,10.41004677100149,216,Cubic,ABC,0.07460051666666523,False,True,True,True,
mp-aaaaatrz,SrAlGe,Al1-Ge1-Sr1,Al-Ge-Sr,Al;Ge;Sr,3,3,33.949,46.288,4.02315183909807,187,Hexagonal,ABC,0.0,False,True,True,True,
mp-aaaaatsk,LiGeRh2,Ge1-Li1-Rh2,Ge-Li-Rh,Ge;Li;Rh,3,4,90.626,168.2,9.088151831432697,225,Cubic,ABC2,0.0,False,True,True,True,
mp-aaaaatua,CaZn2,Ca1-Zn2,Ca-Zn,Ca;Zn,2,12,29.598,46.953,4.657045545946765,194,Hexagonal,AB2,0.025244847500000445,False,True,True,True,
mp-aaaaatub,SrZn2,Sr1-Zn2,Sr-Zn,Sr;Zn,2,12,20.102,36.313,5.242795202302157,194,Hexagonal,AB2,0.04626954833333308,False,True,True,True,
mp-aaaaatvg,LiIn2Rh,In2-Li1-Rh1,In-Li-Rh,In;Li;Rh,3,4,37.101,90.326,8.071233589623121,225,Cubic,ABC2,0.0,False,True,True,True,
mp-aaaaatvj,Lu(NiGe)2,Ge2-Lu1-Ni2,Ge-Lu-Ni,Ge;Lu;Ni,3,5,44.0,113.636,9.149290417164273,139,Tetragonal,AB2C2,0.0,False,True,True,True,
mp-aaaaatwp,Dy2AlCo2,Al1-Co2-Dy2,Al-Co-Dy,Al;Co;Dy,3,5,30.594,82.859,8.46493726595031,71,Orthorhombic,AB2C2,0.0,False,True,True,True,
mp-aaaaatwu,PrMgNi4,Mg1-Ni4-Pr1,Mg-Ni-Pr,Mg;Ni;Pr,3,6,48.482,113.482,7.342771039057175,216,Cubic,ABC4,0.0,False,True,True,True,
mp-aaaaatxc,LiSn,Li1-Sn1,Li-Sn,Li;Sn,2,12,17.536,37.597,4.8628755322299835,141,Tetragonal,AB,0.00018131666666709734,False,True,True,True,
mp-aaaaatxf,Zn13Rh,Rh1-Zn13,Rh-Zn,Rh;Zn,2,14,40.635,88.419,7.527339369855871,12,Monoclinic,AB13,0.0,False,True,True,True,
mp-aaaaatxh,YbGa2,Ga2-Yb1,Ga-Yb,Ga;Yb,2,3,35.142,46.483,8.131876277439103,191,Hexagonal,AB2,0.0,False,False,False,True,Ga
mp-aaaaatxi,HfSb,Hf1-Sb1,Hf-Sb,Hf;Sb,2,12,59.904,100.739,10.770179430998363,63,Orthorhombic,AB,0.0,False,True,True,True,
mp-aaaaatxk,BePd2,Be1-Pd2,Be-Pd,Be;Pd,2,3,67.77,166.194,9.644516351844347,139,Tetragonal,AB2,0.0,False,True,True,True,
mp-aaaaatxl,BePd3,Be1-Pd3,Be-Pd,Be;Pd,2,8,35.489,158.862,10.099214137046252,63,Orthorhombic,AB3,0.0,False,True,True,True,
mp-aaaaatxr,NaCdSb,Cd1-Na1-Sb1,Cd-Na-Sb,Cd;Na;Sb,3,12,13.704,32.293,5.112919764503089,62,Orthorhombic,ABC,0.0,False,True,True,True,
mp-aaaaatxv,FeNiPt2,Fe1-Ni1-Pt2,Fe-Ni-Pt,Fe;Ni;Pt,3,4,92.083,211.801,15.14127821069703,123,Tetragonal,ABC2,0.0,False,True,True,True,
mp-aaaaatyg,LiErGe,Er1-Ge1-Li1,Er-Ge-Li,Er;Ge;Li,3,9,47.51,59.851,6.8318452024267025,189,Hexagonal,ABC,0.0,False,True,True,True,
mp-aaaaatzb,ZrPd,Pd1-Zr1,Pd-Zr,Pd;Zr,2,4,36.61,137.302,8.456670369113162,63,Orthorhombic,AB,0.0,False,True,True,True,
mp-aaaaatze,Tb2Mg,Mg1-Tb2,Mg-Tb,Mg;Tb,2,3,15.539,39.124,6.507749095893744,139,Tetragonal,AB2,0.01758099111110978,False,True,True,True,
mp-aaaaatzj,ScZn2,Sc1-Zn2,Sc-Zn,Sc;Zn,2,12,49.625,81.128,5.689595910487285,194,Hexagonal,AB2,0.0,False,True,True,True,
mp-aaaaatzk,CeAl4Co,Al4-Ce1-Co1,Al-Ce-Co,Al;Ce;Co,3,12,64.222,88.552,4.845400882046688,51,Orthorhombic,ABC4,0.0,False,False,False,True,Ce
mp-aaaaatzs,CaNiGe2,Ca1-Ge2-Ni1,Ca-Ge-Ni,Ca;Ge;Ni,3,8,35.772,74.289,5.383473523245408,63,Orthorhombic,ABC2,0.0,False,True,True,True,
mp-aaaaatzt,SrNiGe2,Ge2-Ni1-Sr1,Ge-Ni-Sr,Ge;Ni;Sr,3,8,37.748,66.576,5.957324708795731,63,Orthorhombic,ABC2,0.0,False,True,True,True,
mp-aaaaauaa,Na2ZnGe,Ge1-Na2-Zn1,Ge-Na-Zn,Ge;Na;Zn,3,8,15.794,23.139,3.211576587059458,63,Orthorhombic,ABC2,0.0,False,True,True,True,
mp-aaaaauaf,HoInIr,Ho1-In1-Ir1,Ho-In-Ir,Ho;In;Ir,3,9,36.26,111.539,12.191243833792402,189,Hexagonal,ABC,0.0,False,True,True,True,
mp-aaaaauap,Tb2ZnNi2,Ni2-Tb2-Zn1,Ni-Tb-Zn,Ni;Tb;Zn,3,5,31.218,70.66,8.882329876191005,71,Orthorhombic,AB2C2,0.0,False,True,True,True,
mp-aaaaauaq,TbZnNi,Ni1-Tb1-Zn1,Ni-Tb-Zn,Ni;Tb;Zn,3,9,34.647,78.188,8.645300583547497,189,Hexagonal,ABC,0.0,False,True,True,True,
mp-aaaaauby,Mg(ScGa)2,Ga2-Mg1-Sc2,Ga-Mg-Sc,Ga;Mg;Sc,3,10,43.42,69.339,4.16779758942449,127,Tetragonal,AB2C2,0.0,False,False,False,True,Ga
mp-aaaaaugh,HfGe2,Ge2-Hf1,Ge-Hf,Ge;Hf,2,6,67.117,111.883,9.871802858378354,63,Orthorhombic,AB2,0.0,False,True,True,True,
mp-aaaaaupa,Ba(AgGe)2,Ag2-Ba1-Ge2,Ag-Ba-Ge,Ag;Ba;Ge,3,5,30.515,55.955,6.970493100995447,139,Tetragonal,AB2C2,0.0,False,True,True,True,
mp-aaaaaupb,Ca(ZnGe)2,Ca1-Ge2-Zn2,Ca-Ge-Zn,Ca;Ge;Zn,3,5,15.908,57.614,5.252837491172094,139,Tetragonal,AB2C2,0.0022888275531895985,False,True,True,True,
mp-aaaaaupe,LiCo2Ge,Co2-Ge1-Li1,Co-Ge-Li,Co;Ge;Li,3,4,97.165,154.032,7.425339400977264,225,Cubic,ABC2,0.0,False,True,True,True,
mp-aaaaaupf,LiNi2Sn,Li1-Ni2-Sn1,Li-Ni-Sn,Li;Ni;Sn,3,4,29.525,112.914,7.426261587089828,225,Cubic,ABC2,0.0,False,True,True,True,
mp-aaaaaupk,Ba(ZnSn)2,Ba1-Sn2-Zn2,Ba-Sn-Zn,Ba;Sn;Zn,3,10,20.036,43.515,6.3398733239669625,129,Tetragonal,AB2C2,0.0,False,True,True,True,
mp-aaaaaurc,HfGeTe,Ge1-Hf1-Te1,Ge-Hf-Te,Ge;Hf;Te,3,6,60.152,93.679,9.693785782150833,129,Tetragonal,ABC,0.0,False,False,False,True,Te
mp-aaaaavan,LiYGe,Ge1-Li1-Y1,Ge-Li-Y,Ge;Li;Y,3,9,46.996,59.504,4.523024366419234,189,Hexagonal,ABC,0.0,False,True,True,True,
mp-aaaaavqn,NdCoGe3,Co1-Ge3-Nd1,Co-Ge-Nd,Co;Ge;Nd,3,5,53.156,92.959,7.545598881859123,107,Tetragonal,ABC3,0.0,False,True,True,True,
mp-aaaaavxv,TaTe5Pt,Pt1-Ta1-Te5,Pt-Ta-Te,Pt;Ta;Te,3,14,12.991,20.983,7.949471713734016,63,Orthorhombic,ABC5,0.17884004660714314,False,False,False,True,Te
mp-aaaaawqj,Hf6NiSb2,Hf6-Ni1-Sb2,Hf-Ni-Sb,Hf;Ni;Sb,3,9,72.06,131.265,12.19907858285818,189,Hexagonal,AB2C6,0.0,False,True,True,True,
mp-aaaaaxct,GaAs,As1-Ga1,As-Ga,As;Ga,2,16,40.993,57.058,5.476552203347391,205,Cubic,AB,0.14402356249999926,False,False,False,True,As;Ga
mp-aaaaaxcy,Sr2Sb,Sb1-Sr2,Sb-Sr,Sb;Sr,2,6,19.874,27.607,4.308243924467487,139,Tetragonal,AB2,0.02989218611111344,False,True,True,True,
mp-aaaaaxdp,CaMgGe,Ca1-Ge1-Mg1,Ca-Ge-Mg,Ca;Ge;Mg,3,12,37.809,46.805,3.215317612426862,62,Orthorhombic,ABC,0.0,False,True,True,True,
mp-aaaaaxeh,Sb2Pt3,Pt3-Sb2,Pt-Sb,Pt;Sb,2,10,20.292,135.898,13.92987546027936,72,Orthorhombic,A2B3,0.0,False,True,True,True,
mp-aaaaaxer,Ti3Te4,Te4-Ti3,Te-Ti,Te;Ti,2,7,34.865,52.172,6.3798930136596415,12,Monoclinic,A3B4,0.0,False,False,False,True,Te
mp-aaaaaxfb,CoAs,As1-Co1,As-Co,As;Co,2,4,76.351,161.139,8.041533722897785,194,Hexagonal,AB,0.030691624999999334,False,False,False,True,As
mp-aaaaaxfi,Li2CuAs,As1-Cu1-Li2,As-Cu-Li,As;Cu;Li,3,8,37.96,51.282,4.157522620708089,194,Hexagonal,ABC2,0.0,False,False,False,True,As
mp-aaaaaxfq,PaAs,As1-Pa1,As-Pa,As;Pa,2,2,54.249,116.084,10.437728446385417,225,Cubic,AB,0.0,False,False,False,True,As;Pa
mp-aaaaaxfr,YAsPt,As1-Pt1-Y1,As-Pt-Y,As;Pt;Y,3,12,47.4,111.197,9.665266344336331,194,Hexagonal,ABC,0.0,False,False,False,True,As
mp-aaaaaxft,Sr2As,As1-Sr2,As-Sr,As;Sr,2,6,22.573,31.995,4.133578703077366,139,Tetragonal,AB2,0.08000544425926037,False,False,False,True,As
mp-aaaaaxiw,MgNiSb,Mg1-Ni1-Sb1,Mg-Ni-Sb,Mg;Ni;Sb,3,3,46.001,83.144,6.012460258276609,216,Cubic,ABC,0.0,False,True,True,True,
mp-aaaaaxkm,LiHoGe,Ge1-Ho1-Li1,Ge-Ho-Li,Ge;Ho;Li,3,9,48.427,61.118,6.689364806534081,189,Hexagonal,ABC,0.0,False,True,True,True,
mp-aaaaaxkn,LiNdGe,Ge1-Li1-Nd1,Ge-Li-Nd,Ge;Li;Nd,3,9,38.814,54.525,5.496904544574215,189,Hexagonal,ABC,0.0,False,True,True,True,
mp-aaaaaxqa,Hf3Sb,Hf3-Sb1,Hf-Sb,Hf;Sb,2,16,49.685,115.025,12.13183961528122,82,Tetragonal,AB3,0.0,False,True,True,True,
mp-aaaaaxqv,Zr3(Cu2Ge)2,Cu4-Ge2-Zr3,Cu-Ge-Zr,Cu;Ge;Zr,3,9,71.657,133.221,7.659545344471641,189,Hexagonal,A2B3C4,0.0,False,True,True,True,
mp-aaaaaxtb,Mg(As2Rh3)2,As4-Mg1-Rh6,As-Mg-Rh,As;Mg;Rh,3,11,53.11,172.795,9.084358518985345,187,Hexagonal,AB4C6,0.008915014488634299,False,False,False,True,As
mp-aaaaaxtd,Sr(As2Rh3)2,As4-Rh6-Sr1,As-Rh-Sr,As;Rh;Sr,3,11,61.104,163.16,9.292946343897311,187,Hexagonal,AB4C6,0.014962500000009982,False,False,False,True,As
mp-aaaaayav,CaSbAu,Au1-Ca1-Sb1,Au-Ca-Sb,Au;Ca;Sb,3,6,22.259,52.219,7.559486280966928,194,Hexagonal,ABC,0.0,False,True,True,True,
mp-aaaaayaw,CdSbAu,Au1-Cd1-Sb1,Au-Cd-Sb,Au;Cd;Sb,3,3,14.861,69.142,9.572604625284372,216,Cubic,ABC,0.012246647037038372,False,True,True,True,
mp-aaaaaybj,Ca(GeIr)2,Ca1-Ge2-Ir2,Ca-Ge-Ir,Ca;Ge;Ir,3,5,64.491,116.99,10.26705578625635,139,Tetragonal,AB2C2,0.0,False,True,True,True,
mp-aaaaaybk,Ca(GePd)2,Ca1-Ge2-Pd2,Ca-Ge-Pd,Ca;Ge;Pd,3,5,27.195,85.58,6.824247889314248,139,Tetragonal,AB2C2,0.0,False,True,True,True,
mp-aaaaaybn,CaZnGe,Ca1-Ge1-Zn1,Ca-Ge-Zn,Ca;Ge;Zn,3,6,37.699,49.099,4.44108838372702,194,Hexagonal,ABC,0.0,False,True,True,True,
mp-aaaaaydm,TmSbPt,Pt1-Sb1-Tm1,Pt-Sb-Tm,Pt;Sb;Tm,3,3,49.592,103.205,11.41095330315616,216,Cubic,ABC,0.0,False,True,True,True,
mp-aaaaayeb,ErSbPt,Er1-Pt1-Sb1,Er-Pt-Sb,Er;Pt;Sb,3,3,49.226,101.691,11.279319440701425,216,Cubic,ABC,0.0,False,True,True,True,
mp-aaaaayeo,HoGe,Ge1-Ho1,Ge-Ho,Ge;Ho,2,4,54.586,80.872,8.751927623568536,63,Orthorhombic,AB,0.0,False,True,True,True,
mp-aaaaayep,LiInGe,Ge1-In1-Li1,Ge-In-Li,Ge;In;Li,3,3,33.386,37.377,4.927812398737315,216,Cubic,ABC,0.0,False,True,True,True,
mp-aaaaayev,LiNi2Ge,Ge1-Li1-Ni2,Ge-Li-Ni,Ge;Li;Ni,3,4,46.128,132.644,7.103846730501909,225,Cubic,ABC2,0.0,False,True,True,True,
mp-aaaaayfc,TiNiGe,Ge1-Ni1-Ti1,Ge-Ni-Ti,Ge;Ni;Ti,3,12,83.324,158.126,7.056247238550721,62,Orthorhombic,ABC,0.0,False,True,True,True,
mp-aaaaayfe,ZnNi2Ge,Ge1-Ni2-Zn1,Ge-Ni-Zn,Ge;Ni;Zn,3,4,34.806,150.684,8.60117540221207,225,Cubic,ABC2,0.04309003812499945,False,True,True,True,
mp-aaaaayfq,Th2Ge,Ge1-Th2,Ge-Th,Ge;Th,2,6,41.432,80.239,10.652845243167796,140,Tetragonal,AB2,0.0,False,True,True,True,
mp-aaaaayfr,ThGe2,Ge2-Th1,Ge-Th,Ge;Th,2,6,48.812,87.818,8.832990253501453,65,Orthorhombic,AB2,0.0,False,True,True,True,
mp-aaaaayfw,HoSbPt,Ho1-Pt1-Sb1,Ho-Pt-Sb,Ho;Pt;Sb,3,3,47.964,99.731,11.14193459675623,216,Cubic,ABC,0.0,False,True,True,True,
mp-aaaaayhp,Zr2CuSb3,Cu1-Sb3-Zr2,Cu-Sb-Zr,Cu;Sb;Zr,3,6,46.996,95.97,7.544931021168031,115,Tetragonal,AB2C3,0.05035203888888873,False,True,True,True,
mp-aaaaayjx,TiAlAu,Al1-Au1-Ti1,Al-Au-Ti,Al;Au;Ti,3,6,54.244,130.385,9.076330568745643,194,Hexagonal,ABC,0.0,False,True,True,True,
mp-aaaaayjy,TiAlAu2,Al1-Au2-Ti1,Al-Au-Ti,Al;Au;Ti,3,4,26.152,138.455,11.505452483853226,225,Cubic,ABC2,0.02832234666666622,False,True,True,True,
mp-aaaaayjz,BaAl9Fe2,Al9-Ba1-Fe2,Al-Ba-Fe,Al;Ba;Fe,3,12,44.138,79.367,3.723575056934231,191,Hexagonal,AB2C9,0.0,False,True,True,True,
mp-aaaaayke,Al9Co2,Al9-Co2,Al-Co,Al;Co,2,22,72.22,107.487,3.609501747955413,14,Monoclinic,A2B9,0.0,False,True,True,True,
mp-aaaaaykh,SrAl9Co2,Al9-Co2-Sr1,Al-Co-Sr,Al;Co;Sr,3,12,60.932,65.439,3.513218701553104,191,Hexagonal,AB2C9,0.0,False,True,True,True,
mp-aaaaaykj,YAl2Co,Al2-Co1-Y1,Al-Co-Y,Al;Co;Y,3,8,44.624,93.21,4.696120218681889,63,Orthorhombic,ABC2,0.0,False,True,True,True,
mp-aaaaaykk,AlCrCu2,Al1-Cr1-Cu2,Al-Cr-Cu,Al;Cr;Cu,3,4,48.944,119.908,6.49012421119182,225,Cubic,ABC2,0.16042296208333262,False,False,False,True,Cr
mp-aaaaaykl,AlCrFe2,Al1-Cr1-Fe2,Al-Cr-Fe,Al;Cr;Fe,3,4,92.876,223.142,6.944778823942124,225,Cubic,ABC2,0.01695240624999883,False,False,False,True,Cr
mp-aaaaaykm,Al(CuRe)2,Al1-Cu2-Re2,Al-Cu-Re,Al;Cu;Re,3,10,90.488,210.864,12.740499249985398,127,Tetragonal,AB2C2,0.5384667389999969,False,True,True,True,
mp-aaaaaykn,ScAlCu2,Al1-Cu2-Sc1,Al-Cu-Sc,Al;Cu;Sc,3,4,52.175,106.697,5.5007465268302305,225,Cubic,ABC2,0.0,False,True,True,True,
mp-aaaaaykr,HfAlPd2,Al1-Hf1-Pd2,Al-Hf-Pd,Al;Hf;Pd,3,4,7.228,156.936,10.453262972544767,225,Cubic,ABC2,0.0,False,True,True,True,
mp-aaaaaykt,HoAl2Ni,Al2-Ho1-Ni1,Al-Ho-Ni,Al;Ho;Ni,3,8,57.089,97.439,6.50474301742834,63,Orthorhombic,ABC2,0.0,False,True,True,True,
mp-aaaaaykw,Li3Al2,Al2-Li3,Al-Li,Al;Li,2,5,32.272,38.92,1.534110536051485,166,Trigonal,A2B3,0.0,False,True,True,True,
mp-aaaaayld,NdAl3,Al3-Nd1,Al-Nd,Al;Nd,2,8,39.767,66.853,4.410353817882852,194,Hexagonal,AB3,0.0,False,True,True,True,
mp-aaaaayle,Al3Ni5,Al3-Ni5,Al-Ni,Al;Ni,2,8,75.145,172.818,6.618740811196676,65,Orthorhombic,A3B5,0.0,False,True,True,True,
mp-aaaaaylg,TbAl2Ni,Al2-Ni1-Tb1,Al-Ni-Tb,Al;Ni;Tb,3,8,55.21,90.658,6.239352586831522,63,Orthorhombic,ABC2,0.0,False,True,True,True,
mp-aaaaaylh,TmAl2Ni,Al2-Ni1-Tm1,Al-Ni-Tm,Al;Ni;Tm,3,8,59.378,100.232,6.729379586456926,63,Orthorhombic,ABC2,0.0,False,True,True,True,
mp-aaaaayll,Al3Os2,Al3-Os2,Al-Os,Al;Os,2,5,117.084,202.423,10.977684183411544,139,Tetragonal,A2B3,0.007409683000005884,False,True,True,True,
mp-aaaaaylm,Al2Pd,Al2-Pd1,Al-Pd,Al;Pd,2,3,31.202,109.96,5.071368209297078,225,Cubic,AB2,0.03568099574073891,False,True,True,True,
mp-aaaaayln,Al3Pd5,Al3-Pd5,Al-Pd,Al;Pd,2,16,48.459,157.304,8.641246812030568,55,Orthorhombic,A3B5,0.0,False,True,True,True,
mp-aaaaaylo,ScAlPd2,Al1-Pd2-Sc1,Al-Pd-Sc,Al;Pd;Sc,3,4,41.369,129.942,7.236572808734556,225,Cubic,ABC2,0.0,False,True,True,True,
mp-aaaaaylq,AlPt2,Al1-Pt2,Al-Pt,Al;Pt,2,12,60.327,203.954,15.410052481771618,62,Orthorhombic,AB2,0.0022047591666662925,False,True,True,True,
mp-aaaaayls,Al6Re,Al6-Re1,Al-Re,Al;Re,2,14,72.365,112.677,5.039987001134612,63,Orthorhombic,AB6,0.013231406428570125,False,True,True,True,
mp-aaaaayqf,SmMgPt,Mg1-Pt1-Sm1,Mg-Pt-Sm,Mg;Pt;Sm,3,9,25.724,80.64,9.157143459903978,189,Hexagonal,ABC,0.0,False,True,True,True,
mp-aaaaayqg,PrMgRh,Mg1-Pr1-Rh1,Mg-Pr-Rh,Mg;Pr;Rh,3,12,27.733,72.105,6.60226835030188,62,Orthorhombic,ABC,0.0,False,True,True,True,
mp-aaaaayqi,LiSn4Rh,Li1-Rh1-Sn4,Li-Rh-Sn,Li;Rh;Sn,3,12,40.822,63.729,7.492172285258941,140,Tetragonal,ABC4,0.0,False,True,True,True,
mp-aaaaayta,Al6Tc,Al6-Tc1,Al-Tc,Al;Tc,2,14,69.162,107.586,3.792945702062048,63,Orthorhombic,AB6,0.01602835678571246,False,True,False,True,
mp-aaaaaytb,Al12Tc,Al12-Tc1,Al-Tc,Al;Tc,2,13,75.356,96.935,3.276965413444643,204,Cubic,AB12,0.0,False,True,False,True,
mp-aaaaaytc,ThAl2,Al2-Th1,Al-Th,Al;Th,2,6,50.525,80.85,7.256344034860064,227,Cubic,AB2,0.061677241666668436,False,True,True,True,
mp-aaaaaytf,Y3Al2,Al2-Y3,Al-Y,Al;Y,2,20,33.73,59.161,4.093184341673312,136,Tetragonal,A2B3,0.0034791360000010485,False,True,True,True,
mp-aaaaaytg,Zr5Al3,Al3-Zr5,Al-Zr,Al;Zr,2,16,44.441,101.787,5.363755458490626,140,Tetragonal,A3B5,0.022739610249995934,False,True,True,True,
mp-aaaaaytq,SmNiAs,As1-Ni1-Sm1,As-Ni-Sm,As;Ni;Sm,3,3,53.198,105.535,8.108232125919917,187,Hexagonal,ABC,0.0,False,False,False,True,As
mp-aaaaaytr,CrInCo2,Co2-Cr1-In1,Co-Cr-In,Co;Cr;In,3,4,60.198,169.302,8.833619863474857,225,Cubic,ABC2,0.20305812041666726,False,False,False,True,Cr
mp-aaaaaytw,TiGePd,Ge1-Pd1-Ti1,Ge-Pd-Ti,Ge;Pd;Ti,3,9,57.852,149.123,7.897282443119938,189,Hexagonal,ABC,0.025164803333333374,False,True,True,True,
mp-aaaaayub,ErAgPb,Ag1-Er1-Pb1,Ag-Er-Pb,Ag;Er;Pb,3,9,32.98,66.619,10.785221830725181,189,Hexagonal,ABC,0.0,False,True,True,True,
mp-aaaaayug,HoCuPb,Cu1-Ho1-Pb1,Cu-Ho-Pb,Cu;Ho;Pb,3,6,45.797,69.964,10.645140882250203,186,Hexagonal,ABC,0.0,False,True,True,True,
mp-aaaaayuh,ErCuPb,Cu1-Er1-Pb1,Cu-Er-Pb,Cu;Er;Pb,3,6,46.03,71.734,10.790089890258567,186,Hexagonal,ABC,0.0,False,True,True,True,
mp-aaaaayuj,LuCuPb,Cu1-Lu1-Pb1,Cu-Lu-Pb,Cu;Lu;Pb,3,6,45.561,72.224,11.218720350440465,186,Hexagonal,ABC,0.0,False,True,True,True,
mp-aaaaayuw,LaAl2Ag3,Ag3-Al2-La1,Ag-Al-La,Ag;Al;La,3,6,27.456,78.309,6.881580254481458,191,Hexagonal,AB2C3,0.06821518999999654,False,True,True,True,
mp-aaaaayvf,CdCu2,Cd1-Cu2,Cd-Cu,Cd;Cu,2,12,30.995,100.935,8.841613648944879,194,Hexagonal,AB2,0.012524586666666337,False,True,True,True,
mp-aaaaazci,AlPt2,Al1-Pt2,Al-Pt,Al;Pt,2,24,83.974,205.051,15.38766025673844,51,Orthorhombic,AB2,0.0,False,True,True,True,
mp-aaaaazen,Al12Co4Cu,Al12-Co4-Cu1,Al-Co-Cu,Al;Co;Cu,3,51,75.362,122.342,4.310698885657026,12,Monoclinic,AB4C12,0.0024235983333316113,False,True,True,True,
mp-aaaaazfp,Hf3Rh5,Hf3-Rh5,Hf-Rh,Hf;Rh,2,16,66.741,192.803,13.2065882673524,55,Orthorhombic,A3B5,0.0,False,True,True,True,
mp-aaaaazhk,ScSnPd,Pd1-Sc1-Sn1,Pd-Sc-Sn,Pd;Sc;Sn,3,18,50.612,103.247,7.5362591388180356,190,Hexagonal,ABC,0.0,False,True,True,True,
mp-aaaaazle,Sc5Ge3,Ge3-Sc5,Ge-Sc,Ge;Sc,2,16,67.801,84.782,4.519046338971274,193,Hexagonal,A3B5,0.0,False,True,True,True,
mp-aaaaazsp,Ni2Ge,Ge1-Ni2,Ge-Ni,Ge;Ni,2,12,43.404,170.822,8.755476422338631,62,Orthorhombic,AB2,0.004732982500000205,False,True,True,True,
mp-aaaaaztt,Ti3Rh5,Rh5-Ti3,Rh-Ti,Rh;Ti,2,16,71.393,204.618,9.257229352806853,55,Orthorhombic,A3B5,0.0,False,True,True,True,
mp-aaaabacl,Y2Zn17,Y2-Zn17,Y-Zn,Y;Zn,2,19,51.513,80.602,6.970485567210429,166,Trigonal,A2B17,0.0,False,True,True,True,
mp-aaaabaep,Sc5Sn3,Sc5-Sn3,Sc-Sn,Sc;Sn,2,16,52.028,72.275,5.102141943076845,193,Hexagonal,A3B5,0.0,False,True,True,True,
mp-aaaabagt,Y5Ge3,Ge3-Y5,Ge-Y,Ge;Y,2,16,52.258,70.05,5.419379668140239,193,Hexagonal,A3B5,0.0,False,True,True,True,
mp-aaaabahz,Mg3Au,Au1-Mg3,Au-Mg,Au;Mg,2,24,34.638,57.457,5.485180217342021,185,Hexagonal,AB3,0.0,False,True,True,True,
mp-aaaabawt,Ca3Cd2,Ca3-Cd2,Ca-Cd,Ca;Cd,2,20,15.413,28.128,3.621396947765129,136,Tetragonal,A2B3,0.0,False,True,True,True,
mp-aaaabaxy,ScSnPt,Pt1-Sc1-Sn1,Pt-Sc-Sn,Pt;Sc;Sn,3,18,54.332,116.177,10.005137536205197,190,Hexagonal,ABC,0.0,False,True,True,True,
mp-aaaabbcm,Mg2Pd,Mg2-Pd1,Mg-Pd,Mg;Pd,2,24,27.547,68.21,4.616215824731768,227,Cubic,AB2,0.00432952222222216,False,True,True,True,
mp-aaaabbgt,Nb2Al,Al1-Nb2,Al-Nb,Al;Nb,2,30,82.863,159.974,6.787899221007527,136,Tetragonal,AB2,0.0,False,False,False,True,Nb
mp-aaaabbrb,Fe15Co,Co1-Fe15,Co-Fe,Co;Fe,2,16,84.311,181.802,8.100070080357291,221,Cubic,AB15,0.0009856337500000478,False,True,True,True,
mp-aaaabbrn,Mg3Pt,Mg3-Pt1,Mg-Pt,Mg;Pt,2,24,23.933,69.596,5.78807797384762,185,Hexagonal,AB3,0.0,False,True,True,True,
mp-aaaabdeq,Cu3Ge,Cu3-Ge1,Cu-Ge,Cu;Ge,2,8,44.057,123.646,8.45217183502018,59,Orthorhombic,AB3,0.01263984624999992,False,True,True,True,
mp-aaaabdev,EuAsAu,As1-Au1-Eu1,As-Au-Eu,As;Au;Eu,3,6,28.196,55.073,9.652255521723776,194,Hexagonal,ABC,0.0,False,False,False,True,As
mp-aaaabdfc,EuTe,Eu1-Te1,Eu-Te,Eu;Te,2,2,11.725999999999999,50.965,7.250690669936873,221,Cubic,AB,0.2876309050000003,False,False,False,True,Te
mp-aaaabdfg,YInPt,In1-Pt1-Y1,In-Pt-Y,In;Pt;Y,3,9,37.842,100.795,9.960451848093431,189,Hexagonal,ABC,0.0,False,True,True,True,
mp-aaaabdgb,LaGe2,Ge2-La1,Ge-La,Ge;La,2,6,17.74,62.983,6.442179308264285,141,Tetragonal,AB2,0.00590201541666957,False,True,True,True,
mp-aaaabdge,Pr3In,In1-Pr3,In-Pr,In;Pr,2,4,17.99,41.265,7.010830520770098,221,Cubic,AB3,0.0,False,True,True,True,
mp-aaaabdgn,GdGa2,Ga2-Gd1,Ga-Gd,Ga;Gd,2,3,51.145,84.386,7.569968915909364,191,Hexagonal,AB2,0.0,False,False,False,True,Ga
mp-aaaabdgo,Eu(CdSb)2,Cd2-Eu1-Sb2,Cd-Eu-Sb,Cd;Eu;Sb,3,5,18.867,38.252,6.745514948607802,164,Trigonal,AB2C2,0.0,False,True,True,True,
mp-aaaabdgw,TbInCu,Cu1-In1-Tb1,Cu-In-Tb,Cu;In;Tb,3,9,43.513,76.971,8.678865294481943,189,Hexagonal,ABC,0.0,False,True,True,True,
mp-aaaabdhb,Sr(GeRu)2,Ge2-Ru2-Sr1,Ge-Ru-Sr,Ge;Ru;Sr,3,5,51.356,78.082,7.325166312404095,139,Tetragonal,AB2C2,0.0,False,True,True,True,
mp-aaaabdhf,Ca(GeRu)2,Ca1-Ge2-Ru2,Ca-Ge-Ru,Ca;Ge;Ru,3,5,48.899,103.004,6.94128058632583,139,Tetragonal,AB2C2,0.0,False,True,True,True,
mp-aaaabdhw,Eu(ZnGe)2,Eu1-Ge2-Zn2,Eu-Ge-Zn,Eu;Ge;Zn,3,10,35.695,56.803,7.031111954259093,129,Tetragonal,AB2C2,0.0,False,True,True,True,
mp-aaaabdic,NiAs2,As2-Ni1,As-Ni,As;Ni,2,6,52.095,102.3,6.896101144421007,58,Orthorhombic,AB2,0.0,False,False,False,True,As
mp-aaaabdie,Sm2In,In1-Sm2,In-Sm,In;Sm,2,6,20.676,48.746,7.621571387534607,194,Hexagonal,AB2,0.0,False,True,True,True,
mp-aaaabdii,TmPb3,Pb3-Tm1,Pb-Tm,Pb;Tm,2,4,6.186,49.521,11.292316745205293,221,Cubic,AB3,0.0,False,True,True,True,
mp-aaaabdim,Ca(MnGe)2,Ca1-Ge2-Mn2,Ca-Ge-Mn,Ca;Ge;Mn,3,5,54.912,80.263,5.566019276855193,139,Tetragonal,AB2C2,0.0,False,True,True,True,
mp-aaaabdjm,MnCo2Ge,Co2-Ge1-Mn1,Co-Ge-Mn,Co;Ge;Mn,3,4,93.978,197.347,8.627614362357637,225,Cubic,ABC2,0.0,False,True,True,True,
mp-aaaabdjs,SnPt,Pt1-Sn1,Pt-Sn,Pt;Sn,2,4,44.847,127.368,12.453826061637427,194,Hexagonal,AB,0.0,False,True,True,True,
mp-aaaabdkg,GaFe3,Fe3-Ga1,Fe-Ga,Fe;Ga,2,4,55.803,169.4,8.034459378539342,221,Cubic,AB3,0.0,False,False,False,True,Ga
mp-aaaabdkh,PbAu2,Au2-Pb1,Au-Pb,Au;Pb,2,6,21.597,82.187,14.814029092009413,227,Cubic,AB2,0.004742635416668861,False,True,True,True,
mp-aaaabdkm,InNi,In1-Ni1,In-Ni,In;Ni,2,6,52.845,102.664,8.142070699529908,191,Hexagonal,AB,0.0,False,True,True,True,
mp-aaaabdkn,ZrNi2Sn,Ni2-Sn1-Zr1,Ni-Sn-Zr,Ni;Sn;Zr,3,4,45.056,146.647,8.587740519785555,225,Cubic,ABC2,0.04881843242187589,False,True,True,True,
mp-aaaabdlf,NiSb2,Ni1-Sb2,Ni-Sb,Ni;Sb,2,6,38.66,75.371,7.739111508363836,58,Orthorhombic,AB2,0.0,False,True,True,True,
mp-aaaabdlo,ZrNi2Sb,Ni2-Sb1-Zr1,Ni-Sb-Zr,Ni;Sb;Zr,3,4,28.872,143.863,8.649655865184316,225,Cubic,ABC2,0.14618690250000022,False,True,True,True,
mp-aaaabdlq,Zr2InNi2,In1-Ni2-Zr2,In-Ni-Zr,In;Ni;Zr,3,10,59.224,128.163,7.846045481209628,127,Tetragonal,AB2C2,0.0,False,True,True,True,
mp-aaaabdmc,GdGe,Gd1-Ge1,Gd-Ge,Gd;Ge,2,4,46.12,73.164,8.064214709941409,63,Orthorhombic,AB,0.0,False,True,True,True,
mp-aaaabdme,Ce3Ga,Ce3-Ga1,Ce-Ga,Ce;Ga,2,4,28.756,43.072,8.007305502861747,221,Cubic,AB3,0.0,False,False,False,True,Ce;Ga
mp-aaaabdmm,Hf2CuSb3,Cu1-Hf2-Sb3,Cu-Hf-Sb,Cu;Hf;Sb,3,6,49.807,101.457,9.894582650608424,115,Tetragonal,AB2C3,0.03441894843749349,False,True,True,True,
mp-aaaabdmn,MgInNi2,In1-Mg1-Ni2,In-Mg-Ni,In;Mg;Ni,3,4,41.076,106.537,7.164966395269408,225,Cubic,ABC2,0.0,False,True,True,True,
mp-aaaabdms,CeMgPt,Ce1-Mg1-Pt1,Ce-Mg-Pt,Ce;Mg;Pt,3,9,30.741,79.546,8.898910115441675,189,Hexagonal,ABC,0.0,False,False,False,True,Ce
mp-aaaabdmy,VAs,As1-V1,As-V,As;V,2,8,86.366,138.579,6.804235463323602,62,Orthorhombic,AB,0.0,False,False,False,True,As
mp-aaaabdnb,YCuSb2,Cu1-Sb2-Y1,Cu-Sb-Y,Cu;Sb;Y,3,8,35.383,74.523,7.125292631114595,129,Tetragonal,ABC2,0.0019764087499964944,False,True,True,True,
mp-aaaabdne,YInCu2,Cu2-In1-Y1,Cu-In-Y,Cu;In;Y,3,4,39.817,84.23,7.423932092870616,225,Cubic,ABC2,0.024965638055554962,False,True,True,True,
mp-aaaabdnn,Co2CuGe2,Co2-Cu1-Ge2,Co-Cu-Ge,Co;Cu;Ge,3,10,75.992,157.602,8.341933002326595,51,Orthorhombic,AB2C2,0.0,False,True,True,True,
mp-aaaabdnu,Sn2Pt,Pt1-Sn2,Pt-Sn,Pt;Sn,2,3,28.197,92.692,10.198853361650894,225,Cubic,AB2,0.0,False,True,True,True,
mp-aaaabdny,GdTl,Gd1-Tl1,Gd-Tl,Gd;Tl,2,2,14.765,32.249,10.453989420758505,221,Cubic,AB,0.0,False,True,True,True,
mp-aaaabdoa,CaIn2Cu,Ca1-Cu1-In2,Ca-Cu-In,Ca;Cu;In,3,8,32.042,45.357,6.042762098659649,63,Orthorhombic,ABC2,0.03757346375000026,False,True,True,True,
mp-aaaabdof,LaCoGe3,Co1-Ge3-La1,Co-Ge-La,Co;Ge;La,3,5,54.869,86.372,7.287416377036582,107,Tetragonal,ABC3,0.0,False,True,True,True,
mp-aaaabdog,In2Ag,Ag1-In2,Ag-In,Ag;In,2,6,15.587,42.934,7.748599283452518,140,Tetragonal,AB2,0.0,False,True,True,True,
mp-aaaabdoj,SmIn3,In3-Sm1,In-Sm,In;Sm,2,4,31.505,54.505,7.940646912947781,221,Cubic,AB3,0.0,False,True,True,True,
mp-aaaabdop,TiCuSn,Cu1-Sn1-Ti1,Cu-Sn-Ti,Cu;Sn;Ti,3,6,55.201,103.401,7.436451434737813,186,Hexagonal,ABC,0.010317087604160946,False,True,True,True,
mp-aaaabdou,SmGa5Co,Co1-Ga5-Sm1,Co-Ga-Sm,Co;Ga;Sm,3,7,53.705,90.833,7.366935688205599,123,Tetragonal,ABC5,0.0,False,False,False,True,Ga
mp-aaaabdox,SrIn4Pd,In4-Pd1-Sr1,In-Pd-Sr,In;Pd;Sr,3,12,24.856,47.85,7.063831279214989,63,Orthorhombic,ABC4,0.0,False,True,True,True,
mp-aaaabdph,SrSnPt,Pt1-Sn1-Sr1,Pt-Sn-Sr,Pt;Sn;Sr,3,12,28.578,69.787,8.894326474153816,62,Orthorhombic,ABC,0.0,False,True,True,True,
mp-aaaabdpn,MnNiGe,Ge1-Mn1-Ni1,Ge-Mn-Ni,Ge;Mn;Ni,3,12,60.689,142.033,7.860863058646972,62,Orthorhombic,ABC,0.0,False,True,True,True,
mp-aaaabdpq,DyCuGe,Cu1-Dy1-Ge1,Cu-Dy-Ge,Cu;Dy;Ge,3,6,54.767,83.761,8.658270221586243,186,Hexagonal,ABC,0.0,False,True,True,True,
mp-aaaabdps,InSb,In1-Sb1,In-Sb,In;Sb,2,2,19.944,36.737,5.3711778806847015,216,Cubic,AB,0.0,False,True,True,True,
mp-aaaabdqd,PrIn,In1-Pr1,In-Pr,In;Pr,2,2,20.53,51.835,7.10577979592863,221,Cubic,AB,0.0,False,True,True,True,
mp-aaaabdqn,SnIr,Ir1-Sn1,Ir-Sn,Ir;Sn,2,4,58.196,154.138,12.921905648075182,194,Hexagonal,AB,0.0,False,True,True,True,
mp-aaaabdqo,CaPb,Ca1-Pb1,Ca-Pb,Ca;Pb,2,2,18.789,34.167,6.763197770422722,123,Tetragonal,AB,0.0,False,True,True,True,
mp-aaaabdqx,ErGeRh,Er1-Ge1-Rh1,Er-Ge-Rh,Er;Ge;Rh,3,12,56.481,122.853,10.167077610225913,62,Orthorhombic,ABC,0.0,False,True,True,True,
mp-aaaabdri,TbGe2Pt,Ge2-Pt1-Tb1,Ge-Pt-Tb,Ge;Pt;Tb,3,16,52.781,111.302,10.469468364149169,71,Orthorhombic,ABC2,0.0,False,True,True,True,
mp-aaaabdrn,ZrMnGe,Ge1-Mn1-Zr1,Ge-Mn-Zr,Ge;Mn;Zr,3,12,68.296,81.216,7.2370326609163484,62,Orthorhombic,ABC,0.0,False,True,True,True,
mp-aaaabdrp,GePt2,Ge1-Pt2,Ge-Pt,Ge;Pt,2,9,32.814,176.427,16.101804289808214,189,Hexagonal,AB2,0.02575043986111325,False,True,True,True,
mp-aaaabdrs,DyGa2,Dy1-Ga2,Dy-Ga,Dy;Ga,2,3,51.788,74.223,7.944117490574006,191,Hexagonal,AB2,0.0,False,False,False,True,Ga
mp-aaaabdsk,Yb(As2Rh3)2,As4-Rh6-Yb1,As-Rh-Yb,As;Rh;Yb,3,11,60.769,171.742,10.353667296918733,187,Hexagonal,AB4C6,0.008998628181817736,False,False,False,True,As
mp-aaaabdso,MnSn2,Mn1-Sn2,Mn-Sn,Mn;Sn,2,6,50.437,66.375,8.11234834901718,140,Tetragonal,AB2,0.009669549022984114,False,True,True,True,
mp-aaaabdti,Li2NdSb2,Li2-Nd1-Sb2,Li-Nd-Sb,Li;Nd;Sb,3,10,21.469,41.162,5.675360856401573,129,Tetragonal,AB2C2,0.10610250066666538,False,True,True,True,
mp-aaaabdto,Ni3Sn,Ni3-Sn1,Ni-Sn,Ni;Sn,2,8,67.389,161.837,9.388058541315557,194,Hexagonal,AB3,0.000659422500000062,False,True,True,True,
mp-aaaabdty,DyGe,Dy1-Ge1,Dy-Ge,Dy;Ge,2,4,54.729,81.505,8.544509109619657,63,Orthorhombic,AB,0.0,False,True,True,True,
mp-aaaabdue,Eu(MnAs)2,As2-Eu1-Mn2,As-Eu-Mn,As;Eu;Mn,3,5,33.49,63.082,6.874443088209908,164,Trigonal,AB2C2,0.05890014508046271,False,False,False,True,As
mp-aaaabduh,YIn3,In3-Y1,In-Y,In;Y,2,4,29.977,54.648,7.132601042776219,221,Cubic,AB3,0.0,False,True,True,True,
mp-aaaabdum,BaPb,Ba1-Pb1,Ba-Pb,Ba;Pb,2,4,13.484,24.299,6.666181876705641,63,Orthorhombic,AB,0.0,False,True,True,True,
mp-aaaabduv,TiGaCo2,Co2-Ga1-Ti1,Co-Ga-Ti,Co;Ga;Ti,3,4,87.666,182.718,7.863512730698974,225,Cubic,ABC2,0.0,False,False,False,True,Ga
mp-aaaabduw,Zr2Ni2Sn,Ni2-Sn1-Zr2,Ni-Sn-Zr,Ni;Sn;Zr,3,10,59.967,134.49,7.947203759747295,127,Tetragonal,AB2C2,0.023850944999999513,False,True,True,True,
mp-aaaabdvb,Eu(AlGe)2,Al2-Eu1-Ge2,Al-Eu-Ge,Al;Eu;Ge,3,5,38.376,55.443,5.1719686731291095,164,Trigonal,AB2C2,0.0,False,True,True,True,
mp-aaaabdvf,CoSn2,Co1-Sn2,Co-Sn,Co;Sn,2,6,55.693,103.565,8.807233346081986,140,Tetragonal,AB2,0.012927669861110047,False,True,True,True,
mp-aaaabdvy,Ni3Sn4,Ni3-Sn4,Ni-Sn,Ni;Sn,2,7,50.419,96.833,8.408283562318639,12,Monoclinic,A3B4,0.0,False,True,True,True,
mp-aaaabdwt,LaMnGe,Ge1-La1-Mn1,Ge-La-Mn,Ge;La;Mn,3,6,28.945,59.796,6.534926200322225,129,Tetragonal,ABC,0.12802626985632148,False,True,True,True,
mp-aaaabdwu,NbTe4,Nb1-Te4,Nb-Te,Nb;Te,2,10,20.449,32.222,6.582481699003155,124,Tetragonal,AB4,0.015407417750001429,False,False,False,True,Nb;Te
mp-aaaabdwz,NdZnSn,Nd1-Sn1-Zn1,Nd-Sn-Zn,Nd;Sn;Zn,3,12,43.259,61.258,7.243363863993339,194,Hexagonal,ABC,0.0,False,True,True,True,
mp-aaaabdxa,MgSn4Ru,Mg1-Ru1-Sn4,Mg-Ru-Sn,Mg;Ru;Sn,3,12,49.19,73.432,7.454302137206031,140,Tetragonal,ABC4,0.0,False,True,True,True,
mp-aaaabdxe,ThIn3,In3-Th1,In-Th,In;Th,2,4,31.631,65.84,8.920448516181441,221,Cubic,AB3,0.0,False,True,True,True,
mp-aaaabdxm,UGa3,Ga3-U1,Ga-U,Ga;U,2,4,52.872,83.085,9.517129918168521,221,Cubic,AB3,0.0,False,False,False,True,Ga
mp-aaaabdxx,CePb3,Ce1-Pb3,Ce-Pb,Ce;Pb,2,4,18.878,50.804,10.638459204176783,221,Cubic,AB3,0.0,False,False,False,True,Ce
mp-aaaabdya,MnGaNi2,Ga1-Mn1-Ni2,Ga-Mn-Ni,Ga;Mn;Ni,3,4,37.296,157.338,8.19665753384207,225,Cubic,ABC2,0.01272752749999917,False,False,False,True,Ga
mp-aaaabdyf,CaMnSn,Ca1-Mn1-Sn1,Ca-Mn-Sn,Ca;Mn;Sn,3,6,24.968,40.38,4.709191771228808,129,Tetragonal,ABC,0.18222823402298882,False,True,True,True,
mp-aaaabdyh,CaMnGe,Ca1-Ge1-Mn1,Ca-Ge-Mn,Ca;Ge;Mn,3,6,33.947,42.796,4.51946031232709,129,Tetragonal,ABC,0.0901583523563243,False,True,True,True,
mp-aaaabdyj,CoNiSn,Co1-Ni1-Sn1,Co-Ni-Sn,Co;Ni;Sn,3,6,49.515,160.052,9.289947741239938,194,Hexagonal,ABC,0.15718554618055514,False,True,True,True,
mp-aaaabdyk,Th(FeGe)2,Fe2-Ge2-Th1,Fe-Ge-Th,Fe;Ge;Th,3,5,72.532,145.046,9.652632586397788,139,Tetragonal,AB2C2,0.0,False,True,True,True,
mp-aaaabdzd,AsPd3Pb2,As1-Pb2-Pd3,As-Pb-Pd,As;Pb;Pd,3,12,28.112,87.148,10.766722607537725,36,Orthorhombic,AB2C3,0.0,False,False,False,True,As
mp-aaaabdzj,CaIn,Ca1-In1,Ca-In,Ca;In,2,2,15.815,34.02,4.43986817925663,221,Cubic,AB,0.020320988749999103,False,True,True,True,
mp-aaaabdzl,LiIn2Pt,In2-Li1-Pt1,In-Li-Pt,In;Li;Pt,3,4,28.966,81.018,9.845226078729743,225,Cubic,ABC2,0.0,False,True,True,True,
mp-aaaabdzo,TiGePd,Ge1-Pd1-Ti1,Ge-Pd-Ti,Ge;Pd;Ti,3,12,68.935,150.678,7.933924348410241,62,Orthorhombic,ABC,0.0,False,True,True,True,
mp-aaaabdzp,MnGaPt,Ga1-Mn1-Pt1,Ga-Mn-Pt,Ga;Mn;Pt,3,3,21.757,123.891,10.635003285137046,216,Cubic,ABC,0.27288386666666753,False,False,False,True,Ga
mp-aaaabdzv,CeGeAu,Au1-Ce1-Ge1,Au-Ce-Ge,Au;Ce;Ge,3,3,18.402,70.17,8.976659832107508,216,Cubic,ABC,0.1369985283333337,False,False,False,True,Ce
mp-aaaabeak,TbCuPb,Cu1-Pb1-Tb1,Cu-Pb-Tb,Cu;Pb;Tb,3,6,45.363,69.232,10.3175455326799,186,Hexagonal,ABC,0.0,False,True,True,True,
mp-aaaabeas,SmIn,In1-Sm1,In-Sm,In;Sm,2,2,21.916,55.174,7.797076907912631,221,Cubic,AB,0.0,False,True,True,True,
mp-aaaabeaz,InAs,As1-In1,As-In,As;In,2,2,25.68,48.543,5.307599385884615,216,Cubic,AB,0.0,False,False,False,True,As
mp-aaaabebo,InTe,In1-Te1,In-Te,In;Te,2,8,12.459,14.809,5.980552293664135,140,Tetragonal,AB,0.038631967171053105,False,False,False,True,Te
mp-aaaabecg,CeAl3Ni2,Al3-Ce1-Ni2,Al-Ce-Ni,Al;Ce;Ni,3,6,72.193,114.955,5.730641757162073,191,Hexagonal,AB2C3,0.0,False,False,False,True,Ce
mp-aaaabecm,Fe3Ge,Fe3-Ge1,Fe-Ge,Fe;Ge,2,4,71.192,175.908,8.257121956251769,221,Cubic,AB3,0.0,False,True,True,True,
mp-aaaabecw,MgMnGe,Ge1-Mg1-Mn1,Ge-Mg-Mn,Ge;Mg;Mn,3,6,49.889,77.255,5.12233493709846,129,Tetragonal,ABC,0.0,False,True,True,True,
mp-aaaabedf,LiGa2Pt,Ga2-Li1-Pt1,Ga-Li-Pt,Ga;Li;Pt,3,4,34.754,103.688,9.613774166482308,225,Cubic,ABC2,0.0,False,False,False,True,Ga
mp-aaaabeea,CeAgAs2,Ag1-As2-Ce1,Ag-As-Ce,Ag;As;Ce,3,8,45.902,77.05,7.697088758204371,129,Tetragonal,ABC2,0.0056412049999998715,False,False,False,True,As;Ce
mp-aaaabeef,Na2CdPb,Cd1-Na2-Pb1,Cd-Na-Pb,Cd;Na;Pb,3,4,10.909,23.527,5.725587038552633,216,Cubic,ABC2,0.0,False,True,True,True,
mp-aaaabeel,VAsRh,As1-Rh1-V1,As-Rh-V,As;Rh;V,3,12,76.499,183.377,8.64353278657912,62,Orthorhombic,ABC,0.00044936724359345703,False,False,False,True,As
mp-aaaabeeq,Ce(GePt)2,Ce1-Ge2-Pt2,Ce-Ge-Pt,Ce;Ge;Pt,3,10,15.575,122.45,11.608705993353784,129,Tetragonal,AB2C2,0.0,False,False,False,True,Ce
mp-aaaabeev,V2Ga5,Ga5-V2,Ga-V,Ga;V,2,14,78.828,113.09,6.89164960930167,127,Tetragonal,A2B5,0.0,False,False,False,True,Ga
mp-aaaabeey,InGaTe2,Ga1-In1-Te2,Ga-In-Te,Ga;In;Te,3,8,13.508,22.152,5.833344344988724,140,Tetragonal,ABC2,0.03487638125000103,False,False,False,True,Ga;Te
mp-aaaabefq,Fe2As,As1-Fe2,As-Fe,As;Fe,2,6,27.967,136.13,7.925274099833951,129,Tetragonal,AB2,0.06716882833333404,False,False,False,True,As
mp-aaaabefw,Fe2Ge,Fe2-Ge1,Fe-Ge,Fe;Ge,2,6,26.348,141.838,8.265720098886442,194,Hexagonal,AB2,0.11096595277777777,False,True,True,True,
mp-aaaabegc,PuTe,Pu1-Te1,Pu-Te,Pu;Te,2,2,33.153,19.367,11.16391600970355,221,Cubic,AB,0.07750081000000009,False,False,False,True,Pu;Te
mp-aaaabege,MnNi2Sn,Mn1-Ni2-Sn1,Mn-Ni-Sn,Mn;Ni;Sn,3,4,41.266,141.181,8.671346432094186,225,Cubic,ABC2,0.01119294053519937,False,True,True,True,
mp-aaaabegq,Ba(MgPb)2,Ba1-Mg2-Pb2,Ba-Mg-Pb,Ba;Mg;Pb,3,10,20.078,30.681,6.322216200247033,129,Tetragonal,AB2C2,0.0,False,True,True,True,
mp-aaaabehd,As2Pd,As2-Pd1,As-Pd,As;Pd,2,12,51.467,110.797,7.564270215906214,205,Cubic,AB2,0.0,False,False,False,True,As
mp-aaaabehe,Sn7Ir5,Ir5-Sn7,Ir-Sn,Ir;Sn,2,12,57.92,135.271,12.06589393330967,107,Tetragonal,A5B7,0.002421364999996456,False,True,True,True,
mp-aaaabehh,YbIn3,In3-Yb1,In-Yb,In;Yb,2,4,21.04,38.382,8.285860221192856,221,Cubic,AB3,0.0,False,True,True,True,
mp-aaaabehl,Mn2Ge,Ge1-Mn2,Ge-Mn,Ge;Mn,2,6,39.98,137.679,7.860714966008638,194,Hexagonal,AB2,0.05305317708333401,False,True,True,True,
mp-aaaabehr,SrIn4Ni,In4-Ni1-Sr1,In-Ni-Sr,In;Ni;Sr,3,12,27.899,47.444,6.885715854156825,63,Orthorhombic,ABC4,0.00013014083333606763,False,True,True,True,
mp-aaaabeht,MnSnPd2,Mn1-Pd2-Sn1,Mn-Pd-Sn,Mn;Pd;Sn,3,4,28.853,129.866,9.647958039022143,225,Cubic,ABC2,0.0,False,True,True,True,
mp-aaaabehz,La3Ga,Ga1-La3,Ga-La,Ga;La,2,4,15.802,40.212,6.695722995706383,221,Cubic,AB3,0.07183331791666703,False,False,False,True,Ga
mp-aaaabeid,LaInCu2,Cu2-In1-La1,Cu-In-La,Cu;In;La,3,4,26.891,70.523,7.687964381035151,225,Cubic,ABC2,0.030221376500001895,False,True,True,True,
mp-aaaabeij,SrIn2Ir,In2-Ir1-Sr1,In-Ir-Sr,In;Ir;Sr,3,8,26.933,58.263,8.512136938925309,63,Orthorhombic,ABC2,0.0,False,True,True,True,
mp-aaaabejh,ScInPt2,In1-Pt2-Sc1,In-Pt-Sc,In;Pt;Sc,3,4,29.805,141.942,12.68104958545452,225,Cubic,ABC2,0.0,False,True,True,True,
mp-aaaabeji,TmAgPb,Ag1-Pb1-Tm1,Ag-Pb-Tm,Ag;Pb;Tm,3,9,31.852,66.924,10.905134812778257,189,Hexagonal,ABC,0.0,False,True,True,True,
mp-aaaabejt,SrIn2Pt,In2-Pt1-Sr1,In-Pt-Sr,In;Pt;Sr,3,8,26.311,55.359,8.427258834222608,63,Orthorhombic,ABC2,0.0,False,True,True,True,
mp-aaaabejw,CoSn,Co1-Sn1,Co-Sn,Co;Sn,2,6,73.734,125.544,8.593250557158061,191,Hexagonal,AB,0.0,False,True,True,True,
mp-aaaabekc,Pr(MnGe)2,Ge2-Mn2-Pr1,Ge-Mn-Pr,Ge;Mn;Pr,3,5,62.794,100.458,7.336058130164962,139,Tetragonal,AB2C2,0.0,False,True,True,True,
mp-aaaabekj,CaPb3,Ca1-Pb3,Ca-Pb,Ca;Pb,2,4,18.658,38.108,8.970731020049001,221,Cubic,AB3,0.0,False,True,True,True,
mp-aaaabekm,Cr2As,As1-Cr2,As-Cr,As;Cr,2,6,75.452,155.123,7.414301901844094,129,Tetragonal,AB2,0.08109035916666585,False,False,False,True,As;Cr
mp-aaaabekp,NaPb3,Na1-Pb3,Na-Pb,Na;Pb,2,4,14.898,32.491,8.80805010112629,221,Cubic,AB3,0.0,False,True,True,True,
mp-aaaabekx,Ba(CoAs)2,As2-Ba1-Co2,As-Ba-Co,As;Ba;Co,3,5,35.045,76.172,6.700051802699493,139,Tetragonal,AB2C2,0.0,False,False,False,True,As
mp-aaaabekz,MnCoGe,Co1-Ge1-Mn1,Co-Ge-Mn,Co;Ge;Mn,3,6,63.031,149.075,8.344633910842763,194,Hexagonal,ABC,0.024855146666665995,False,True,True,True,
mp-aaaabelb,LiGa2Ru,Ga2-Li1-Ru1,Ga-Li-Ru,Ga;Li;Ru,3,4,46.408,115.246,7.342879530492442,225,Cubic,ABC2,0.00573874958332965,False,False,False,True,Ga
mp-aaaabelp,Ca3In,Ca3-In1,Ca-In,Ca;In,2,4,12.365,24.386,2.9650411120506472,225,Cubic,AB3,0.08165825583333408,False,True,True,True,
mp-aaaabelq,LaIn,In1-La1,In-La,In;La,2,2,20.995,49.919,6.77098331417399,221,Cubic,AB,0.0,False,True,True,True,
mp-aaaabemj,NdPb3,Nd1-Pb3,Nd-Pb,Nd;Pb,2,4,8.571,47.766,10.48454873844269,221,Cubic,AB3,0.0,False,True,True,True,
mp-aaaabemu,NaMnAs,As1-Mn1-Na1,As-Mn-Na,As;Mn;Na,3,6,22.44,23.526,4.203872436387978,129,Tetragonal,ABC,0.026794326526180967,False,False,False,True,As
mp-aaaabenb,SbRh,Rh1-Sb1,Rh-Sb,Rh;Sb,2,8,57.121,133.533,9.7878197801783,62,Orthorhombic,AB,0.0,False,True,True,True,
mp-aaaabenj,YbGa5Co,Co1-Ga5-Yb1,Co-Ga-Yb,Co;Ga;Yb,3,7,50.449,66.775,7.971537790324976,123,Tetragonal,ABC5,0.0,False,False,False,True,Ga
mp-aaaabeno,UGa2,Ga2-U1,Ga-U,Ga;U,2,3,43.833,83.105,10.079029573393974,191,Hexagonal,AB2,0.13870131333333546,False,False,False,True,Ga
mp-aaaabeos,Sn4Pt,Pt1-Sn4,Pt-Sn,Pt;Sn,2,10,29.701,60.455,8.97592311216139,68,Orthorhombic,AB4,0.04449678800000356,False,True,True,True,
mp-aaaabeot,TmCuPb,Cu1-Pb1-Tm1,Cu-Pb-Tm,Cu;Pb;Tm,3,6,45.973,68.88,10.926109843887945,186,Hexagonal,ABC,0.0,False,True,True,True,
mp-aaaabeou,Mn2Sb,Mn2-Sb1,Mn-Sb,Mn;Sb,2,6,29.216,82.893,7.720709331305914,129,Tetragonal,AB2,0.0,False,True,True,True,
mp-aaaabepp,Cr3Ge,Cr3-Ge1,Cr-Ge,Cr;Ge,2,8,133.08,229.213,7.859502636666258,223,Cubic,AB3,0.09220284625000019,False,False,False,True,Cr
mp-aaaabepq,Ho2In,Ho2-In1,Ho-In,Ho;In,2,6,26.456,55.238,8.80325098522716,194,Hexagonal,AB2,0.0,False,True,True,True,
mp-aaaabepz,Zr3In,In1-Zr3,In-Zr,In;Zr,2,4,51.211,96.578,7.175126575146499,221,Cubic,AB3,0.0,False,True,True,True,
mp-aaaabeqb,ZrNiSb,Ni1-Sb1-Zr1,Ni-Sb-Zr,Ni;Sb;Zr,3,12,55.766,133.345,8.280962713305962,62,Orthorhombic,ABC,0.0,False,True,True,True,
mp-aaaabeqc,LiCoAs,As1-Co1-Li1,As-Co-Li,As;Co;Li,3,6,30.049,48.848,5.416154151085279,129,Tetragonal,ABC,0.0,False,False,False,True,As
mp-aaaabeqs,FeSb2,Fe1-Sb2,Fe-Sb,Fe;Sb,2,6,56.905,91.182,8.011099256580321,58,Orthorhombic,AB2,0.0,False,True,True,True,
mp-aaaaberc,Mg2Pb,Mg2-Pb1,Mg-Pb,Mg;Pb,2,3,21.217,34.401,5.11557160096014,225,Cubic,AB2,0.0,False,True,True,True,
mp-aaaaberh,LaIn3,In3-La1,In-La,In;La,2,4,29.861,49.718,7.276548762961317,221,Cubic,AB3,0.0,False,True,True,True,
mp-aaaaberi,HfCo2Sn,Co2-Hf1-Sn1,Co-Hf-Sn,Co;Hf;Sn,3,4,81.16,161.751,11.248103510940004,225,Cubic,ABC2,0.0,False,True,True,True,
mp-aaaabern,Ce3Sn,Ce3-Sn1,Ce-Sn,Ce;Sn,2,4,33.177,38.321,8.070945573935935,221,Cubic,AB3,0.0,False,False,False,True,Ce
mp-aaaaberw,ZrInNi2,In1-Ni2-Zr1,In-Ni-Zr,In;Ni;Zr,3,4,53.067,140.627,8.454447148812033,225,Cubic,ABC2,0.0,False,True,True,True,
mp-aaaabesg,LiCeSn2,Ce1-Li1-Sn2,Ce-Li-Sn,Ce;Li;Sn,3,8,27.191,47.381,6.44416965319117,63,Orthorhombic,ABC2,0.02861720955528657,False,False,False,True,Ce
mp-aaaabesj,MnAlGe,Al1-Ge1-Mn1,Al-Ge-Mn,Al;Ge;Mn,3,6,63.4,111.84,5.717875909320199,129,Tetragonal,ABC,0.0,False,True,True,True,
mp-aaaabesm,La2In,In1-La2,In-La,In;La,2,6,15.239,39.889,6.603908887462106,194,Hexagonal,AB2,0.0,False,True,True,True,
mp-aaaabesn,LaCoGe,Co1-Ge1-La1,Co-Ge-La,Co;Ge;La,3,6,33.99,61.994,7.184976449087943,129,Tetragonal,ABC,0.03079957833332969,False,True,True,True,
mp-aaaabess,CeCuGe,Ce1-Cu1-Ge1,Ce-Cu-Ge,Ce;Cu;Ge,3,6,43.907,81.668,7.399156819774516,194,Hexagonal,ABC,0.0,False,False,False,True,Ce
mp-aaaabetd,SmCoGe,Co1-Ge1-Sm1,Co-Ge-Sm,Co;Ge;Sm,3,12,52.148,100.361,8.57500681409112,62,Orthorhombic,ABC,0.0,False,True,True,True,
mp-aaaabetl,Nd(FeGe)2,Fe2-Ge2-Nd1,Fe-Ge-Nd,Fe;Ge;Nd,3,5,47.545,124.467,7.872584302374992,139,Tetragonal,AB2C2,0.01564951333334008,False,True,True,True,
mp-aaaabeua,ZrIn2,In2-Zr1,In-Zr,In;Zr,2,12,44.771,81.529,7.841396031490633,141,Tetragonal,AB2,0.0,False,True,True,True,
mp-aaaabeub,LiIn2Pd,In2-Li1-Pd1,In-Li-Pd,In;Li;Pd,3,4,18.833,67.719,7.763099405739486,225,Cubic,ABC2,0.0,False,True,True,True,
mp-aaaabeva,CuTe,Cu1-Te1,Cu-Te,Cu;Te,2,4,9.402,12.527,6.399980089659982,59,Orthorhombic,AB,0.0,False,False,False,True,Te
mp-aaaabevo,MnCo2Sn,Co2-Mn1-Sn1,Co-Mn-Sn,Co;Mn;Sn,3,4,81.836,166.928,8.992480529504222,225,Cubic,ABC2,0.0,False,True,True,True,
mp-aaaabevv,Ti5Sn3,Sn3-Ti5,Sn-Ti,Sn;Ti,2,16,50.343,106.614,6.416304868145568,193,Hexagonal,A3B5,0.0,False,True,True,True,
mp-aaaabevx,Pd3Pb,Pb1-Pd3,Pb-Pd,Pb;Pd,2,4,42.248,129.07,12.521682427697888,221,Cubic,AB3,0.0,False,True,True,True,
mp-aaaabewj,CrGe,Cr1-Ge1,Cr-Ge,Cr;Ge,2,8,86.842,157.411,7.609256969787219,198,Cubic,AB,0.0892055837499992,False,False,False,True,Cr
mp-aaaabewm,VNi2Sn,Ni2-Sn1-V1,Ni-Sn-V,Ni;Sn;V,3,4,22.62,122.027,8.613248898396888,225,Cubic,ABC2,0.1141439954861081,False,True,True,True,
mp-aaaabewn,YCuPb,Cu1-Pb1-Y1,Cu-Pb-Y,Cu;Pb;Y,3,6,45.214,66.035,8.671249754592626,186,Hexagonal,ABC,0.0,False,True,True,True,
mp-aaaabewo,GeRh,Ge1-Rh1,Ge-Rh,Ge;Rh,2,8,47.092,101.132,9.608749987130057,198,Cubic,AB,0.06623846749999984,False,True,True,True,
mp-aaaabewq,Fe2W,Fe2-W1,Fe-W,Fe;W,2,12,135.348,259.462,13.277558787028502,194,Hexagonal,AB2,0.0,False,True,True,True,
mp-aaaabexf,Fe3Sn,Fe3-Sn1,Fe-Sn,Fe;Sn,2,8,48.902,116.858,8.49321158936546,194,Hexagonal,AB3,0.03582342999999888,False,True,True,True,
mp-aaaabexj,VSn2,Sn2-V1,Sn-V,Sn;V,2,12,51.156,94.914,7.767175628802396,70,Orthorhombic,AB2,0.02662400944444343,False,True,True,True,
mp-aaaabexr,NpAs,As1-Np1,As-Np,As;Np,2,2,19.027,83.6,12.04297562226138,221,Cubic,AB,0.14677456499999408,False,False,False,True,As;Np
mp-aaaabexu,DyInAg2,Ag2-Dy1-In1,Ag-Dy-In,Ag;Dy;In,3,4,18.398,64.011,9.160306602865345,225,Cubic,ABC2,0.0,False,True,True,True,
mp-aaaabexw,Cu3Sb,Cu3-Sb1,Cu-Sb,Cu;Sb,2,8,25.292,90.479,8.532454342674185,59,Orthorhombic,AB3,0.06300208625000003,False,True,True,True,
mp-aaaabexz,PrIn3,In3-Pr1,In-Pr,In;Pr,2,4,30.543,52.62,7.527056963208749,221,Cubic,AB3,0.0,False,True,True,True,
mp-aaaabeyq,TbIn3,In3-Tb1,In-Tb,In;Tb,2,4,31.329,55.261,8.282250407451503,221,Cubic,AB3,0.0,False,True,True,True,
mp-aaaabezd,Ce(CoGe)2,Ce1-Co2-Ge2,Ce-Co-Ge,Ce;Co;Ge,3,5,58.575,121.349,8.09861422017082,139,Tetragonal,AB2C2,0.0,False,False,False,True,Ce
mp-aaaabezf,ZrSnIr,Ir1-Sn1-Zr1,Ir-Sn-Zr,Ir;Sn;Zr,3,9,64.039,160.406,11.329906465385783,189,Hexagonal,ABC,0.01863639000000461,False,True,True,True,
mp-aaaabezj,PrPb3,Pb3-Pr1,Pb-Pr,Pb;Pr,2,4,8.839,47.139,10.341981006459134,221,Cubic,AB3,0.0,False,True,True,True,
mp-aaaabezl,UIn3,In3-U1,In-U,In;U,2,4,41.165,61.685,9.569804722946188,221,Cubic,AB3,0.0,False,True,True,True,
mp-aaaabezn,TePb,Pb1-Te1,Pb-Te,Pb;Te,2,2,9.136,40.408,8.667528819416418,221,Cubic,AB,0.22790395499999505,False,False,False,True,Te
mp-aaaabezw,TiNiSb,Ni1-Sb1-Ti1,Ni-Sb-Ti,Ni;Sb;Ti,3,3,59.365,126.65,7.18595380296236,216,Cubic,ABC,0.0,False,True,True,True,
mp-aaaabfad,Ce2InGe2,Ce2-Ge2-In1,Ce-Ge-In,Ce;Ge;In,3,10,39.629,62.668,7.304286626576727,127,Tetragonal,AB2C2,0.0,False,False,False,True,Ce
mp-aaaabfao,NaMnSb,Mn1-Na1-Sb1,Mn-Na-Sb,Mn;Na;Sb,3,6,16.61,26.873,4.530461589698444,129,Tetragonal,ABC,0.08402180777298796,False,True,True,True,
mp-aaaabfap,SnPt3,Pt3-Sn1,Pt-Sn,Pt;Sn,2,4,57.089,198.87,17.398981711353496,221,Cubic,AB3,0.0,False,True,True,True,
mp-aaaabfbf,YZnSn,Sn1-Y1-Zn1,Sn-Y-Zn,Sn;Y;Zn,3,12,42.778,63.26,6.437531014586953,194,Hexagonal,ABC,0.0,False,True,True,True,
mp-aaaabfbp,InNi,In1-Ni1,In-Ni,In;Ni,2,2,40.305,116.101,9.157798321447551,221,Cubic,AB,0.09218754000000118,False,True,True,True,
mp-aaaabfbq,LiCaPb,Ca1-Li1-Pb1,Ca-Li-Pb,Ca;Li;Pb,3,9,24.614,29.742,5.335081404728632,187,Hexagonal,ABC,0.0,False,True,True,True,
mp-aaaabfbs,Dy(MnGe)2,Dy1-Ge2-Mn2,Dy-Ge-Mn,Dy;Ge;Mn,3,5,63.746,115.114,8.24464027572445,139,Tetragonal,AB2C2,0.0,False,True,True,True,
mp-aaaabfbx,GdIn,Gd1-In1,Gd-In,Gd;In,2,2,18.822,104.041,8.147767790793374,221,Cubic,AB,0.001510005000000092,False,True,True,True,
mp-aaaabfbz,SmSnPt,Pt1-Sm1-Sn1,Pt-Sm-Sn,Pt;Sm;Sn,3,9,51.35,103.847,11.24688458014033,189,Hexagonal,ABC,0.0,False,True,True,True,
mp-aaaabfca,Ni3Ge,Ge1-Ni3,Ge-Ni,Ge;Ni,2,4,85.736,190.994,8.994688347608058,221,Cubic,AB3,0.0,False,True,True,True,
mp-aaaabfcq,SrIn2Pd,In2-Pd1-Sr1,In-Pd-Sr,In;Pd;Sr,3,8,23.163,47.596,6.926225896322779,63,Orthorhombic,ABC2,0.0,False,True,True,True,
mp-aaaabfcs,Li2InPt,In1-Li2-Pt1,In-Li-Pt,In;Li;Pt,3,4,18.408,71.969,8.237592891097975,216,Cubic,ABC2,0.0,False,True,True,True,
mp-aaaabfct,CaIn2Pt,Ca1-In2-Pt1,Ca-In-Pt,Ca;In;Pt,3,8,26.547,66.9,8.262390780318116,63,Orthorhombic,ABC2,0.0,False,True,True,True,
mp-aaaabfcv,Li2InPd,In1-Li2-Pd1,In-Li-Pd,In;Li;Pd,3,4,17.086,59.663,5.908959357110645,216,Cubic,ABC2,0.0,False,True,True,True,
mp-aaaabfdg,Zr2Fe3Ge,Fe3-Ge1-Zr2,Fe-Ge-Zr,Fe;Ge;Zr,3,12,87.954,158.937,7.828729776595108,194,Hexagonal,AB2C3,0.0,False,True,True,True,
mp-aaaabfdu,PrSnPd,Pd1-Pr1-Sn1,Pd-Pr-Sn,Pd;Pr;Sn,3,9,40.129,84.625,8.501210461878605,189,Hexagonal,ABC,0.002059900000002557,False,True,True,True,
mp-aaaabfeh,ScInCu2,Cu2-In1-Sc1,Cu-In-Sc,Cu;In;Sc,3,4,47.368,94.727,7.163900533463281,225,Cubic,ABC2,0.010323330000009179,False,True,True,True,
mp-aaaabfes,Fe3Ge,Fe3-Ge1,Fe-Ge,Fe;Ge,2,8,69.592,166.23,8.257009398843126,194,Hexagonal,AB3,0.02752385625000109,False,True,True,True,
mp-aaaabfet,Tb(GeRu)2,Ge2-Ru2-Tb1,Ge-Ru-Tb,Ge;Ru;Tb,3,5,58.586,132.27,9.302397312469848,139,Tetragonal,AB2C2,0.0,False,True,True,True,
mp-aaaabffb,UAs,As1-U1,As-U,As;U,2,2,28.717,97.753,11.973720556684386,221,Cubic,AB,0.13002410000000708,False,False,False,True,As
mp-aaaabffe,MnNiGe,Ge1-Mn1-Ni1,Ge-Mn-Ni,Ge;Mn;Ni,3,6,56.472,116.642,8.118037155577747,194,Hexagonal,ABC,0.03028069166666647,False,True,True,True,
mp-aaaabffg,InNi2,In1-Ni2,In-Ni,In;Ni,2,6,42.474,169.516,9.533884911399616,194,Hexagonal,AB2,0.10042597999999892,False,True,True,True,
mp-aaaabffs,Hf5Sn3,Hf5-Sn3,Hf-Sn,Hf;Sn,2,16,48.717,113.876,11.702193389620627,193,Hexagonal,A3B5,0.0,False,True,True,True,
mp-aaaabffx,LaAl4,Al4-La1,Al-La,Al;La,2,5,25.994,70.525,3.847518475142197,139,Tetragonal,AB4,0.014523722666664796,False,True,True,True,
mp-aaaabfgb,Y(FeGe)2,Fe2-Ge2-Y1,Fe-Ge-Y,Fe;Ge;Y,3,5,49.23,129.611,7.092332126818502,139,Tetragonal,AB2C2,0.0,False,True,True,True,
mp-aaaabfgf,FeGe2,Fe1-Ge2,Fe-Ge,Fe;Ge,2,6,74.651,117.621,7.725142383695676,140,Tetragonal,AB2,0.01809151722222424,False,True,True,True,
mp-aaaabfgm,SrIn4Pt,In4-Pt1-Sr1,In-Pt-Sr,In;Pt;Sr,3,12,26.341,52.456,8.067413705540494,63,Orthorhombic,ABC4,0.0,False,True,True,True,
mp-aaaabfht,TmNiGe,Ge1-Ni1-Tm1,Ge-Ni-Tm,Ge;Ni;Tm,3,12,61.869,108.787,9.601557811370894,62,Orthorhombic,ABC,0.0,False,True,True,True,
mp-aaaabfia,SrGePt,Ge1-Pt1-Sr1,Ge-Pt-Sr,Ge;Pt;Sr,3,12,19.913,67.988,7.893903461812548,198,Cubic,ABC,0.0,False,True,True,True,
mp-aaaabfie,EuGa2,Eu1-Ga2,Eu-Ga,Eu;Ga,2,3,32.199,46.089,6.620490822213004,191,Hexagonal,AB2,0.0,False,False,False,True,Ga
mp-aaaabfih,MnGaCo2,Co2-Ga1-Mn1,Co-Ga-Mn,Co;Ga;Mn,3,4,85.891,186.181,8.597586002160968,225,Cubic,ABC2,0.0,False,False,False,True,Ga
mp-aaaabfil,TaGaNi2,Ga1-Ni2-Ta1,Ga-Ni-Ta,Ga;Ni;Ta,3,4,39.868,192.999,11.390873119760862,225,Cubic,ABC2,0.0024405581048370095,False,False,False,True,Ga
mp-aaaabfiy,CeNi,Ce1-Ni1,Ce-Ni,Ce;Ni,2,4,15.258,71.273,8.067874198312852,63,Orthorhombic,AB,0.0,False,False,False,True,Ce
mp-aaaabfje,NdGeRu,Ge1-Nd1-Ru1,Ge-Nd-Ru,Ge;Nd;Ru,3,6,42.405,82.192,8.183620641381689,129,Tetragonal,ABC,0.0,False,True,True,True,
mp-aaaabfjh,NdIn3,In3-Nd1,In-Nd,In;Nd,2,4,31.022,53.471,7.681110209784374,221,Cubic,AB3,0.0,False,True,True,True,
mp-aaaabfji,DyAgSn,Ag1-Dy1-Sn1,Ag-Dy-Sn,Ag;Dy;Sn,3,6,41.882,72.208,8.934745439985992,186,Hexagonal,ABC,0.0,False,True,True,True,
mp-aaaabfjk,PuGa2,Ga2-Pu1,Ga-Pu,Ga;Pu,2,3,49.643,75.088,10.310745157099197,191,Hexagonal,AB2,0.0,False,False,False,True,Ga;Pu
mp-aaaabfjl,LaGa3Pd2,Ga3-La1-Pd2,Ga-La-Pd,Ga;La;Pd,3,6,48.952,100.405,8.24349196117119,191,Hexagonal,AB2C3,0.0,False,False,False,True,Ga
mp-aaaabfjm,Sm3In,In1-Sm3,In-Sm,In;Sm,2,4,24.021,44.614,7.798393635037595,221,Cubic,AB3,0.0,False,True,True,True,
mp-aaaabfjv,InFeCo2,Co2-Fe1-In1,Co-Fe-In,Co;Fe;In,3,4,63.718,160.068,8.946919265125473,225,Cubic,ABC2,0.10720341583333326,False,True,True,True,
mp-aaaabfjz,InPd,In1-Pd1,In-Pd,In;Pd,2,2,29.49,110.79,10.14874036187464,221,Cubic,AB,0.01175151214285819,False,True,True,True,
mp-aaaabfkt,Mn2VGa,Ga1-Mn2-V1,Ga-Mn-V,Ga;Mn;V,3,4,81.286,187.236,7.757109864756474,225,Cubic,ABC2,0.0,False,False,False,True,Ga
mp-aaaabfkv,CoGe,Co1-Ge1,Co-Ge,Co;Ge,2,8,83.056,156.743,8.141683553627413,12,Monoclinic,AB,0.0,False,True,True,True,
mp-aaaabfla,LiYbPb,Li1-Pb1-Yb1,Li-Pb-Yb,Li;Pb;Yb,3,9,25.544,30.798000000000002,8.304952077971231,187,Hexagonal,ABC,0.0,False,True,True,True,
mp-aaaabfll,EuMg,Eu1-Mg1,Eu-Mg,Eu;Mg,2,2,12.637,17.65,4.453411647045712,221,Cubic,AB,0.016100730624998505,False,True,True,True,
mp-aaaabfls,FeSn,Fe1-Sn1,Fe-Sn,Fe;Sn,2,6,53.266,95.179,8.00628521909208,191,Hexagonal,AB,0.0,False,True,True,True,
mp-aaaabfmd,PrMnGe,Ge1-Mn1-Pr1,Ge-Mn-Pr,Ge;Mn;Pr,3,6,31.756,67.272,7.093150617627837,129,Tetragonal,ABC,0.12772577485632386,False,True,True,True,
mp-aaaabfmf,FeTe,Fe1-Te1,Fe-Te,Fe;Te,2,4,12.678,18.22,6.492948103072063,129,Tetragonal,AB,0.07645376875000132,False,False,False,True,Te
mp-aaaabfmn,Th(MnGe)2,Ge2-Mn2-Th1,Ge-Mn-Th,Ge;Mn;Th,3,5,65.888,133.86,9.148045090026365,139,Tetragonal,AB2C2,0.0,False,True,True,True,
mp-aaaabfms,MnCoGe,Co1-Ge1-Mn1,Co-Ge-Mn,Co;Ge;Mn,3,12,63.269,145.917,7.9232368812189655,62,Orthorhombic,ABC,0.014191374999998452,False,True,True,True,
mp-aaaabfmv,TiZn3,Ti1-Zn3,Ti-Zn,Ti;Zn,2,4,33.181,100.968,6.693073210749574,221,Cubic,AB3,0.006043867499998079,False,True,True,True,
mp-aaaabfmw,HoInPt,Ho1-In1-Pt1,Ho-In-Pt,Ho;In;Pt,3,9,38.221,103.02,12.016940413942446,189,Hexagonal,ABC,0.0,False,True,True,True,
mp-aaaabfna,Y2In,In1-Y2,In-Y,In;Y,2,6,27.105,53.665,5.659385940759119,194,Hexagonal,AB2,0.0,False,True,True,True,
mp-aaaabfnc,PtPb4,Pb4-Pt1,Pb-Pt,Pb;Pt,2,10,4.893,12.723,10.985208186617903,125,Tetragonal,AB4,0.0,False,True,True,True,
mp-aaaabfnd,LiSn4Ru,Li1-Ru1-Sn4,Li-Ru-Sn,Li;Ru;Sn,3,12,45.755,68.495,7.586608451849333,140,Tetragonal,ABC4,0.0,False,True,True,True,
mp-aaaabfnh,ScInNi2,In1-Ni2-Sc1,In-Ni-Sc,In;Ni;Sc,3,4,59.957,128.198,7.547694852369046,225,Cubic,ABC2,0.0,False,True,True,True,
mp-aaaabfny,PtPb2,Pb2-Pt1,Pb-Pt,Pb;Pt,2,6,19.891,74.915,13.720841269639727,140,Tetragonal,AB2,0.05966325555555585,False,True,True,True,
mp-aaaabfou,HfGePt,Ge1-Hf1-Pt1,Ge-Hf-Pt,Ge;Hf;Pt,3,12,79.095,176.04,14.413761307578735,62,Orthorhombic,ABC,0.0,False,True,True,True,
mp-aaaabfow,V3Sn,Sn1-V3,Sn-V,Sn;V,2,8,5.122,162.896,7.367112546614322,223,Cubic,AB3,0.0,False,True,True,True,
mp-aaaabfoz,LaGe,Ge1-La1,Ge-La,Ge;La,2,8,39.804,63.487,6.488504115097151,62,Orthorhombic,AB,0.017364092499999373,False,True,True,True,
mp-aaaabfpu,Yb(GeRu)2,Ge2-Ru2-Yb1,Ge-Ru-Yb,Ge;Ru;Yb,3,5,47.997,113.282,9.524464246167742,139,Tetragonal,AB2C2,0.0,False,True,True,True,
mp-aaaabfqj,ThPb3,Pb3-Th1,Pb-Th,Pb;Th,2,4,20.125,58.108,11.861290878589452,221,Cubic,AB3,0.0,False,True,True,True,
mp-aaaabfqk,Dy2AlGe2,Al1-Dy2-Ge2,Al-Dy-Ge,Al;Dy;Ge,3,10,46.845,75.399,7.772929159665001,127,Tetragonal,AB2C2,0.016589263000000187,False,True,True,True,
mp-aaaabfqn,In3Ni2,In3-Ni2,In-Ni,In;Ni,2,5,55.446,105.586,8.603888941575066,164,Trigonal,A2B3,0.0,False,True,True,True,
mp-aaaabfqq,U(CuGe)2,Cu2-Ge2-U1,Cu-Ge-U,Cu;Ge;U,3,5,40.432,97.198,10.07441728784624,139,Tetragonal,AB2C2,0.08276264560000612,False,True,True,True,
mp-aaaabfqt,InAs,As1-In1,As-In,As;In,2,2,24.866,61.193,6.61637223420348,225,Cubic,AB,0.18781695499999884,False,False,False,True,As
mp-aaaabfrb,CeMnGe,Ce1-Ge1-Mn1,Ce-Ge-Mn,Ce;Ge;Mn,3,6,36.44,76.858,7.4480732338729645,129,Tetragonal,ABC,0.04874883545977049,False,False,False,True,Ce
mp-aaaabfrc,Ga3Pt2,Ga3-Pt2,Ga-Pt,Ga;Pt,2,5,34.54,130.246,11.689806640379576,164,Trigonal,A2B3,0.003775965500002698,False,False,False,True,Ga
mp-aaaabfrr,Dy(NiGe)2,Dy1-Ge2-Ni2,Dy-Ge-Ni,Dy;Ge;Ni,3,5,46.8,114.065,8.673467983057371,139,Tetragonal,AB2C2,0.0,False,True,True,True,
mp-aaaabfru,MnSnPt,Mn1-Pt1-Sn1,Mn-Pt-Sn,Mn;Pt;Sn,3,3,15.121,59.75,9.123513701274168,216,Cubic,ABC,0.047955984022988396,False,True,True,True,
mp-aaaabfsg,YbPb3,Pb3-Yb1,Pb-Yb,Pb;Yb,2,4,20.904,39.636,11.050410306843583,221,Cubic,AB3,0.0,False,True,True,True,
mp-aaaabfsh,HoIn3,Ho1-In3,Ho-In,Ho;In,2,4,30.395,55.314,8.473826713284492,221,Cubic,AB3,0.0,False,True,True,True,
mp-aaaabfsi,LaPb3,La1-Pb3,La-Pb,La;Pb,2,4,15.239,45.604,10.226883195186344,221,Cubic,AB3,0.0,False,True,True,True,
mp-aaaabfsq,NbCrGe,Cr1-Ge1-Nb1,Cr-Ge-Nb,Cr;Ge;Nb,3,9,93.389,189.979,8.078158603765116,189,Hexagonal,ABC,0.04363079208994591,False,False,False,True,Cr;Nb
mp-aaaabfst,Ce2Pd2Pb,Ce2-Pb1-Pd2,Ce-Pb-Pd,Ce;Pb;Pd,3,10,29.445,77.426,9.722294019437301,127,Tetragonal,AB2C2,0.0,False,False,False,True,Ce
mp-aaaabftr,TiCo2Sn,Co2-Sn1-Ti1,Co-Sn-Ti,Co;Sn;Ti,3,4,77.267,165.425,8.350734033638,225,Cubic,ABC2,0.0,False,True,True,True,
mp-aaaabftt,VCo2Sn,Co2-Sn1-V1,Co-Sn-V,Co;Sn;V,3,4,71.09,178.311,8.738338280958937,225,Cubic,ABC2,0.0542419087499999,False,True,True,True,
mp-aaaabftv,LiFeAs,As1-Fe1-Li1,As-Fe-Li,As;Fe;Li,3,6,39.305,67.093,5.20938620601406,129,Tetragonal,ABC,0.0,False,False,False,True,As
mp-aaaabfub,RbIn4,In4-Rb1,In-Rb,In;Rb,2,5,12.4,22.069,5.514703527198745,139,Tetragonal,AB4,0.0,False,True,True,True,
mp-aaaabfud,LaIn5Rh,In5-La1-Rh1,In-La-Rh,In;La;Rh,3,7,36.531,64.429,7.79614370063469,123,Tetragonal,ABC5,0.0,False,True,True,True,
mp-aaaabfuf,Pr3Pb,Pb1-Pr3,Pb-Pr,Pb;Pr,2,4,21.821,42.807,8.142452709087213,221,Cubic,AB3,0.041937439444446056,False,True,True,True,
mp-aaaabfuh,Nd3In,In1-Nd3,In-Nd,In;Nd,2,4,19.312,41.855,7.296369862006359,221,Cubic,AB3,0.0,False,True,True,True,
mp-aaaabfui,PuGe3,Ge3-Pu1,Ge-Pu,Ge;Pu,2,4,50.621,76.629,9.884994803580181,221,Cubic,AB3,0.0,False,False,False,True,Pu
mp-aaaabfuo,CeSnPd,Ce1-Pd1-Sn1,Ce-Pd-Sn,Ce;Pd;Sn,3,12,32.062,77.982,8.552521788224517,62,Orthorhombic,ABC,0.0,False,False,False,True,Ce
mp-aaaabfur,U2Ga8Ru,Ga8-Ru1-U2,Ga-Ru-U,Ga;Ru;U,3,11,56.915,92.095,9.112290628914053,123,Tetragonal,AB2C8,0.004827769090905321,False,False,False,True,Ga
mp-aaaabfvb,YMgIn,In1-Mg1-Y1,In-Mg-Y,In;Mg;Y,3,9,40.499,54.137,4.908953251452848,189,Hexagonal,ABC,0.0,False,True,True,True,
mp-aaaabfvd,YAgPb,Ag1-Pb1-Y1,Ag-Pb-Y,Ag;Pb;Y,3,9,31.32,63.551,8.863230630784136,189,Hexagonal,ABC,0.0,False,True,True,True,
mp-aaaabfvg,Y2Pd2Pb,Pb1-Pd2-Y2,Pb-Pd-Y,Pb;Pd;Y,3,10,29.744,81.155,8.628930762746473,127,Tetragonal,AB2C2,0.0,False,True,True,True,
mp-aaaabfvh,LaMgGa,Ga1-La1-Mg1,Ga-La-Mg,Ga;La;Mg,3,9,34.362,49.819,5.010049172704249,189,Hexagonal,ABC,0.0,False,False,False,True,Ga
mp-aaaabgie,UTl3,Tl3-U1,Tl-U,Tl;U,2,4,27.469,51.996,12.988982451939945,221,Cubic,AB3,0.21240552249999922,False,True,True,True,
mp-aaaabgif,FePd3,Fe1-Pd3,Fe-Pd,Fe;Pd,2,4,69.408,166.438,10.503545374042078,221,Cubic,AB3,0.0,False,True,True,True,
mp-aaaabgih,KMnAs,As1-K1-Mn1,As-K-Mn,As;K;Mn,3,6,10.135,9.764,3.603172002796123,129,Tetragonal,ABC,0.05469234068965623,False,False,False,True,As
mp-aaaabgit,CuAs2,As2-Cu1,As-Cu,As;Cu,2,6,23.8,82.504,6.405597823107399,58,Orthorhombic,AB2,0.08453640666666828,False,False,False,True,As
mp-aaaabgjh,NiAs2,As2-Ni1,As-Ni,As;Ni,2,12,57.182,105.659,7.105781447819392,205,Cubic,AB2,0.01998475250000098,False,False,False,True,As
mp-aaaabgjj,Y4GaCo4,Co4-Ga1-Y4,Co-Ga-Y,Co;Ga;Y,3,9,29.546,96.804,6.34199149315255,12,Monoclinic,AB4C4,2.6341481485836482e-05,False,False,False,True,Ga
mp-aaaabgjr,VGaFe2,Fe2-Ga1-V1,Fe-Ga-V,Fe;Ga;V,3,4,122.941,222.851,8.231464679472726,225,Cubic,ABC2,0.0,False,False,False,True,Ga
mp-aaaabgjv,NdInPd,In1-Nd1-Pd1,In-Nd-Pd,In;Nd;Pd,3,9,27.594,79.888,8.550110583445855,189,Hexagonal,ABC,0.0,False,True,True,True,
mp-aaaabgkb,MnTe2,Mn1-Te2,Mn-Te,Mn;Te,2,12,24.456,49.969,6.887354405412536,205,Cubic,AB2,0.0,False,False,False,True,Te
mp-aaaabgkc,LiSn4Ir,Ir1-Li1-Sn4,Ir-Li-Sn,Ir;Li;Sn,3,12,46.562,69.115,8.682579744686947,140,Tetragonal,ABC4,0.0,False,True,True,True,
mp-aaaabgpf,MnSnAu,Au1-Mn1-Sn1,Au-Mn-Sn,Au;Mn;Sn,3,3,21.172,79.189,9.469602543953048,216,Cubic,ABC,0.07744045735632099,False,True,True,True,
mp-aaaabgph,MnNi2Ge,Ge1-Mn1-Ni2,Ge-Mn-Ni,Ge;Mn;Ni,3,4,29.281,160.744,8.285002363192287,225,Cubic,ABC2,0.01854423213362022,False,True,True,True,
mp-aaaabgpl,Ti5Sb3,Sb3-Ti5,Sb-Ti,Sb;Ti,2,32,43.449,108.776,6.533134400490483,62,Orthorhombic,A3B5,0.0,False,True,True,True,
mp-aaaabgpo,ZrSbPd,Pd1-Sb1-Zr1,Pd-Sb-Zr,Pd;Sb;Zr,3,12,35.872,129.477,8.815906557272315,62,Orthorhombic,ABC,0.0,False,True,True,True,
mp-aaaabgps,Sn7Ir3,Ir3-Sn7,Ir-Sn,Ir;Sn,2,20,62.286,110.258,10.832654096630261,229,Cubic,A3B7,0.01883442749999631,False,True,True,True,
mp-aaaabgpw,Sm2Ge2Ru,Ge2-Ru1-Sm2,Ge-Ru-Sm,Ge;Ru;Sm,3,10,44.545,88.624,8.262958138020625,12,Monoclinic,AB2C2,0.0,False,True,True,True,
mp-aaaabgqc,Hf2In5,Hf2-In5,Hf-In,Hf;In,2,14,46.706,73.035,9.275271834790017,127,Tetragonal,A2B5,0.0,False,True,True,True,
mp-aaaabgqi,YIn2Ni,In2-Ni1-Y1,In-Ni-Y,In;Ni;Y,3,8,40.977,84.822,7.411687801020991,63,Orthorhombic,ABC2,0.0,False,True,True,True,
mp-aaaabgqr,UGePt,Ge1-Pt1-U1,Ge-Pt-U,Ge;Pt;U,3,6,36.408,124.931,14.205087688128165,44,Orthorhombic,ABC,0.0,False,True,True,True,
mp-aaaabgrf,AsRh,As1-Rh1,As-Rh,As;Rh,2,8,60.566,157.445,9.193880348237617,62,Orthorhombic,AB,0.026917590833335225,False,False,False,True,As
mp-aaaabgrv,Ga2Pt,Ga2-Pt1,Ga-Pt,Ga;Pt,2,3,20.333,101.898,10.230776702033987,225,Cubic,AB2,0.0,False,False,False,True,Ga
mp-aaaabgtx,DyGeAu,Au1-Dy1-Ge1,Au-Dy-Ge,Au;Dy;Ge,3,6,45.427,92.206,11.25940182129743,186,Hexagonal,ABC,0.0,False,True,True,True,
mp-aaaabgty,Zr2InCo2,Co2-In1-Zr2,Co-In-Zr,Co;In;Zr,3,10,53.822,152.951,8.001689620271394,127,Tetragonal,AB2C2,0.0,False,True,True,True,
mp-aaaabgtz,BaGePt,Ba1-Ge1-Pt1,Ba-Ge-Pt,Ba;Ge;Pt,3,12,23.001,65.25,8.347527894763681,198,Cubic,ABC,0.0,False,True,True,True,
mp-aaaabgua,NaFeAs,As1-Fe1-Na1,As-Fe-Na,As;Fe;Na,3,6,33.541,48.294,4.792850538874286,129,Tetragonal,ABC,0.0,False,False,False,True,As
mp-aaaabguc,In2Au,Au1-In2,Au-In,Au;In,2,3,13.931000000000001,53.29,9.40043598891785,225,Cubic,AB2,0.0,False,True,True,True,
mp-aaaabguh,UNiAs2,As2-Ni1-U1,As-Ni-U,As;Ni;U,3,8,49.253,112.758,10.337269706574986,129,Tetragonal,ABC2,0.0,False,False,False,True,As
mp-aaaabgup,Zr6Ga2Co,Co1-Ga2-Zr6,Co-Ga-Zr,Co;Ga;Zr,3,9,52.158,109.449,6.873492908217138,189,Hexagonal,AB2C6,0.0,False,False,False,True,Ga
mp-aaaabgwr,MnCu2Sn,Cu2-Mn1-Sn1,Cu-Mn-Sn,Cu;Mn;Sn,3,4,30.817,103.969,8.22040909063456,225,Cubic,ABC2,0.09683388051724151,False,True,True,True,
mp-aaaabgwz,TbInCu4,Cu4-In1-Tb1,Cu-In-Tb,Cu;In;Tb,3,6,50.032,103.672,9.13135354234807,216,Cubic,ABC4,0.0,False,True,True,True,
mp-aaaabgxk,MnAs,As1-Mn1,As-Mn,As;Mn,2,8,78.122,106.766,7.517612535218374,62,Orthorhombic,AB,0.0,False,False,False,True,As
mp-aaaabgyt,YSnPt,Pt1-Sn1-Y1,Pt-Sn-Y,Pt;Sn;Y,3,12,41.035,108.198,10.016549459198377,62,Orthorhombic,ABC,0.0,False,True,True,True,
mp-aaaabgyu,Mn2InCo,Co1-In1-Mn2,Co-In-Mn,Co;In;Mn,3,4,36.221,135.295,8.27609982317487,216,Cubic,ABC2,0.22270758895833342,False,True,True,True,
mp-aaaabgzc,SrInPt,In1-Pt1-Sr1,In-Pt-Sr,In;Pt;Sr,3,12,26.962,62.337,8.730874350178606,62,Orthorhombic,ABC,0.0,False,True,True,True,
mp-aaaabgzf,NbGeIr,Ge1-Ir1-Nb1,Ge-Ir-Nb,Ge;Ir;Nb,3,12,94.126,223.174,12.409825315639283,62,Orthorhombic,ABC,0.0,False,False,False,True,Nb
mp-aaaabgzh,Mn2CoGe,Co1-Ge1-Mn2,Co-Ge-Mn,Co;Ge;Mn,3,4,66.995,176.138,8.468685244960453,216,Cubic,ABC2,0.012225218750000266,False,True,True,True,
mp-aaaabgzs,FeCo2Ge,Co2-Fe1-Ge1,Co-Fe-Ge,Co;Fe;Ge,3,4,58.409,183.305,8.636106410580929,225,Cubic,ABC2,0.0,False,True,True,True,
mp-aaaabhah,HfCoSn,Co1-Hf1-Sn1,Co-Hf-Sn,Co;Hf;Sn,3,18,72.418,130.285,11.30424628359978,190,Hexagonal,ABC,0.0,False,True,True,True,
mp-aaaabhak,SrAl2,Al2-Sr1,Al-Sr,Al;Sr,2,6,33.57,44.927,3.107981337841693,74,Orthorhombic,AB2,0.0,False,True,True,True,
mp-aaaabham,GaRu,Ga1-Ru1,Ga-Ru,Ga;Ru,2,2,89.664,204.343,10.166428726424629,221,Cubic,AB,0.0005310187499993901,False,False,False,True,Ga
mp-aaaabhbk,Sn7Ru3,Ru3-Sn7,Ru-Sn,Ru;Sn,2,20,36.31,106.18,8.838749599377593,229,Cubic,A3B7,0.0,False,True,True,True,
mp-aaaabhbm,BaGe3Pt,Ba1-Ge3-Pt1,Ba-Ge-Pt,Ba;Ge;Pt,3,5,40.321,74.417,8.186730258198793,107,Tetragonal,ABC3,0.0,False,True,True,True,
mp-aaaabhcy,DyInPt,Dy1-In1-Pt1,Dy-In-Pt,Dy;In;Pt,3,9,26.984,79.936,11.253382428843011,189,Hexagonal,ABC,0.0,False,True,True,True,
mp-aaaabhdd,Mn3Sn,Mn3-Sn1,Mn-Sn,Mn;Sn,2,8,57.01,93.71,7.720520501615309,194,Hexagonal,AB3,0.1750091278017223,False,True,True,True,
mp-aaaabhea,Ba(MnGe)2,Ba1-Ge2-Mn2,Ba-Ge-Mn,Ba;Ge;Mn,3,5,34.428,50.054,6.034160443188727,139,Tetragonal,AB2C2,0.08192184357759213,False,True,True,True,
mp-aaaabhfi,Li2PrSb2,Li2-Pr1-Sb2,Li-Pr-Sb,Li;Pr;Sb,3,10,21.813,41.299,5.583111071078018,129,Tetragonal,AB2C2,0.09363093166667014,False,True,True,True,
mp-aaaabhfw,LiIn,In1-Li1,In-Li,In;Li,2,4,7.674,32.743,4.909831036614621,227,Cubic,AB,0.0,False,True,True,True,
mp-aaaabhfx,Fe3Sn,Fe3-Sn1,Fe-Sn,Fe;Sn,2,4,60.607,124.102,8.552209988302222,221,Cubic,AB3,0.08591179999999898,False,True,True,True,
mp-aaaabhfz,TiInNi2,In1-Ni2-Ti1,In-Ni-Ti,In;Ni;Ti,3,4,50.534,153.635,8.162055654456273,225,Cubic,ABC2,0.03213600499999636,False,True,True,True,
mp-aaaabhgo,FeGe,Fe1-Ge1,Fe-Ge,Fe;Ge,2,6,77.414,152.403,7.40921798176742,191,Hexagonal,AB,0.0,False,True,True,True,
mp-aaaabhgw,Tb(MnGe)2,Ge2-Mn2-Tb1,Ge-Mn-Tb,Ge;Mn;Tb,3,5,64.592,115.215,8.123005075998142,139,Tetragonal,AB2C2,0.0,False,True,True,True,
mp-aaaabhhd,YInAu2,Au2-In1-Y1,Au-In-Y,Au;In;Y,3,4,21.208,89.598,11.475398409842175,225,Cubic,ABC2,0.0,False,True,True,True,
mp-aaaabhhi,CrSb2,Cr1-Sb2,Cr-Sb,Cr;Sb,2,6,33.759,56.636,6.888937530157849,58,Orthorhombic,AB2,0.0,False,False,False,True,Cr
mp-aaaabhhn,ZrCo2Sn,Co2-Sn1-Zr1,Co-Sn-Zr,Co;Sn;Zr,3,4,75.173,153.951,8.705620681811203,225,Cubic,ABC2,0.0,False,True,True,True,
mp-aaaabhhs,YMn12,Mn12-Y1,Mn-Y,Mn;Y,2,13,87.231,138.221,7.687534117338614,139,Tetragonal,AB12,0.07102309124668515,False,True,True,True,
mp-aaaabhhu,FeGe,Fe1-Ge1,Fe-Ge,Fe;Ge,2,8,76.238,136.965,7.701043846797591,12,Monoclinic,AB,0.01982088333333465,False,True,True,True,
mp-aaaabhhv,Ce2MgGe2,Ce2-Ge2-Mg1,Ce-Ge-Mg,Ce;Ge;Mg,3,10,47.276,64.09,6.190701463177458,127,Tetragonal,AB2C2,0.0,False,False,False,True,Ce
mp-aaaabhhy,Mn2Sn,Mn2-Sn1,Mn-Sn,Mn;Sn,2,6,44.452,94.115,7.774425151990493,194,Hexagonal,AB2,0.16125265304597747,False,True,True,True,
mp-aaaabhje,CoAsRh,As1-Co1-Rh1,As-Co-Rh,As;Co;Rh,3,12,63.555,195.109,9.882320265149367,62,Orthorhombic,ABC,0.021231149166666796,False,False,False,True,As
mp-aaaabhka,V3Ga,Ga1-V3,Ga-V,Ga;V,2,8,52.731,168.668,6.729965102788992,223,Cubic,AB3,0.0,False,False,False,True,Ga
mp-aaaabhkr,GeRh2,Ge1-Rh2,Ge-Rh,Ge;Rh,2,12,70.269,200.615,10.706374818131275,62,Orthorhombic,AB2,0.0,False,True,True,True,
mp-aaaabhlq,Mn2SnW,Mn2-Sn1-W1,Mn-Sn-W,Mn;Sn;W,3,4,105.854,219.188,12.064543059788722,225,Cubic,ABC2,0.16392142478448335,False,True,True,True,
mp-aaaabhlx,YNiSn,Ni1-Sn1-Y1,Ni-Sn-Y,Ni;Sn;Y,3,12,43.823,88.056,7.145265243576238,62,Orthorhombic,ABC,0.0,False,True,True,True,
mp-aaaabhmq,TaNiGe,Ge1-Ni1-Ta1,Ge-Ni-Ta,Ge;Ni;Ta,3,12,73.151,196.746,12.028626572506868,62,Orthorhombic,ABC,0.0,False,True,True,True,
mp-aaaabhna,InPd2,In1-Pd2,In-Pd,In;Pd,2,12,35.51,129.519,10.597885664160986,62,Orthorhombic,AB2,0.0,False,True,True,True,
mp-aaaabhnq,TiGaPt,Ga1-Pt1-Ti1,Ga-Pt-Ti,Ga;Pt;Ti,3,6,61.559,163.617,11.134431335221256,194,Hexagonal,ABC,0.0,False,False,False,True,Ga
mp-aaaabhny,HoGeRh,Ge1-Ho1-Rh1,Ge-Ho-Rh,Ge;Ho;Rh,3,12,55.178,120.656,10.00766659973381,62,Orthorhombic,ABC,0.0,False,True,True,True,
mp-aaaabhob,MnInCu2,Cu2-In1-Mn1,Cu-In-Mn,Cu;In;Mn,3,4,24.622,103.816,8.239429690643595,225,Cubic,ABC2,0.08145932516010035,False,True,True,True,
mp-aaaabhok,In2Pt,In2-Pt1,In-Pt,In;Pt,2,3,27.293,91.458,10.36822769194825,225,Cubic,AB2,0.0,False,True,True,True,
mp-aaaabhol,CeCuSn,Ce1-Cu1-Sn1,Ce-Cu-Sn,Ce;Cu;Sn,3,6,43.234,32.511,7.643150866396051,186,Hexagonal,ABC,0.06193789000000027,False,False,False,True,Ce
mp-aaaabhon,TbInCu2,Cu2-In1-Tb1,Cu-In-Tb,Cu;In;Tb,3,4,43.172,90.141,9.096934225752275,225,Cubic,ABC2,0.03138939000001528,False,True,True,True,
mp-aaaabhop,BaIn4,Ba1-In4,Ba-In,Ba;In,2,5,16.521,33.333,6.287601913575113,139,Tetragonal,AB4,0.0,False,True,True,True,
mp-aaaabhov,Te2W,Te2-W1,Te-W,Te;W,2,12,12.518,18.391,8.233846581101268,31,Orthorhombic,AB2,0.0,False,False,False,True,Te
mp-aaaabhpg,YIn,In1-Y1,In-Y,In;Y,2,2,20.93,56.047,6.312332863295508,221,Cubic,AB,0.0,False,True,True,True,
mp-aaaabhpj,EuAgSb,Ag1-Eu1-Sb1,Ag-Eu-Sb,Ag;Eu;Sb,3,6,27.11,40.661,7.6708985474627855,194,Hexagonal,ABC,0.0,False,True,True,True,
mp-aaaabhpo,YPd2Pb,Pb1-Pd2-Y1,Pb-Pd-Y,Pb;Pd;Y,3,4,23.095,93.034,10.234505448471815,225,Cubic,ABC2,0.018349293119669596,False,True,True,True,
mp-aaaabhpt,CaIn2Pd,Ca1-In2-Pd1,Ca-In-Pd,Ca;In;Pd,3,8,25.46,59.191,6.656099593949512,63,Orthorhombic,ABC2,0.0,False,True,True,True,
mp-aaaabhqb,TiInCu2,Cu2-In1-Ti1,Cu-In-Ti,Cu;In;Ti,3,4,46.141,118.564,7.8200547249830965,225,Cubic,ABC2,0.0,False,True,True,True,
mp-aaaabhqh,MnInNi2,In1-Mn1-Ni2,In-Mn-Ni,In;Mn;Ni,3,4,89.09,235.971,9.74435909647348,225,Cubic,ABC2,0.03854070617816063,False,True,True,True,
mp-aaaabhrc,FeSn2,Fe1-Sn2,Fe-Sn,Fe;Sn,2,6,60.881,80.683,8.459697770398957,140,Tetragonal,AB2,0.013997236666665636,False,True,True,True,
mp-aaaabhrk,La(MnGe)2,Ge2-La1-Mn2,Ge-La-Mn,Ge;La;Mn,3,5,59.464,93.376,7.136471810995141,139,Tetragonal,AB2C2,0.0,False,True,True,True,
mp-aaaabhrt,TiCoGe,Co1-Ge1-Ti1,Co-Ge-Ti,Co;Ge;Ti,3,9,76.495,168.613,7.19784208467714,189,Hexagonal,ABC,0.0,False,True,True,True,
mp-aaaabhsd,YbSnPt,Pt1-Sn1-Yb1,Pt-Sn-Yb,Pt;Sn;Yb,3,9,36.015,84.825,12.20930102828782,189,Hexagonal,ABC,0.0,False,True,True,True,
mp-aaaabhso,VGaCo2,Co2-Ga1-V1,Co-Ga-V,Co;Ga;V,3,4,88.046,199.274,8.262871692371757,225,Cubic,ABC2,0.0,False,False,False,True,Ga
mp-aaaabhsq,MnTePd,Mn1-Pd1-Te1,Mn-Pd-Te,Mn;Pd;Te,3,3,19.831,83.667,7.512075557199172,216,Cubic,ABC,0.11877823259009102,False,False,False,True,Te
mp-aaaabhti,Ce2MgCu2,Ce2-Cu2-Mg1,Ce-Cu-Mg,Ce;Cu;Mg,3,10,23.306,53.011,6.319836449113909,127,Tetragonal,AB2C2,0.014711988750001126,False,False,False,True,Ce
mp-aaaabhtp,TaTe4,Ta1-Te4,Ta-Te,Ta;Te,2,10,20.271,32.198,7.512484887831689,124,Tetragonal,AB4,0.014076577666667589,False,False,False,True,Te
mp-aaaabhvk,Bi2Pt,Bi2-Pt1,Bi-Pt,Bi;Pt,2,12,26.028,82.069,12.777279090235327,205,Cubic,AB2,0.008360557083335607,False,True,True,True,
mp-aaaabhvm,HoBi,Bi1-Ho1,Bi-Ho,Bi;Ho,2,2,29.989,54.739,9.881236687291933,225,Cubic,AB,0.0,False,True,True,True,
mp-aaaabhvo,BiRh,Bi1-Rh1,Bi-Rh,Bi;Rh,2,4,29.791,102.002,12.332930173736983,194,Hexagonal,AB,0.3047911724999963,False,True,True,True,
mp-aaaabhvt,SmBi,Bi1-Sm1,Bi-Sm,Bi;Sm,2,2,30.315,52.053,8.89869662472011,225,Cubic,AB,0.0,False,True,True,True,
mp-aaaabhvy,MnBi,Bi1-Mn1,Bi-Mn,Bi;Mn,2,4,10.07,44.541,8.769396674406108,194,Hexagonal,AB,0.44906315603448377,False,True,True,True,
mp-aaaabhxb,DyBi,Bi1-Dy1,Bi-Dy,Bi;Dy,2,2,29.768,53.954,9.716160229341718,225,Cubic,AB,0.0,False,True,True,True,
mp-aaaabhxg,NpBi,Bi1-Np1,Bi-Np,Bi;Np,2,2,84.218,14.939,11.225052567690147,225,Cubic,AB,0.08882987562499522,False,False,False,True,Np
mp-aaaabhxp,TbBi,Bi1-Tb1,Bi-Tb,Bi;Tb,2,2,29.486,55.237,9.514692689950882,225,Cubic,AB,0.0,False,True,True,True,
mp-aaaabhxs,NaBi,Bi1-Na1,Bi-Na,Bi;Na,2,2,12.854,29.484,6.617607646083621,123,Tetragonal,AB,0.0,False,True,True,True,
mp-aaaabhyj,CaCuBi,Bi1-Ca1-Cu1,Bi-Ca-Cu,Bi;Ca;Cu,3,6,26.718,44.943,6.777962129085972,194,Hexagonal,ABC,0.05354481027778135,False,True,True,True,
mp-aaaabhzp,NaMnBi,Bi1-Mn1-Na1,Bi-Mn-Na,Bi;Mn;Na,3,6,13.384,23.646,5.992475832420643,129,Tetragonal,ABC,0.2192256423563208,False,True,True,True,
mp-aaaabicd,Er6MnBi2,Bi2-Er6-Mn1,Bi-Er-Mn,Bi;Er;Mn,3,9,33.704,52.919,9.800705180468936,189,Hexagonal,AB2C6,0.0,False,True,True,True,
mp-aaaabicl,Ho6MnBi2,Bi2-Ho6-Mn1,Bi-Ho-Mn,Bi;Ho;Mn,3,9,32.156,51.435,9.575356050254106,189,Hexagonal,AB2C6,0.0,False,True,True,True,
mp-aaaabigt,SrBi3,Bi3-Sr1,Bi-Sr,Bi;Sr,2,4,14.827,42.244,9.055682731925982,221,Cubic,AB3,0.051393767812498936,False,True,True,True,
mp-aaaabihf,PrBi,Bi1-Pr1,Bi-Pr,Bi;Pr,2,2,27.031,49.437,8.212415228011169,225,Cubic,AB,0.0,False,True,True,True,
mp-aaaabihn,NiBi3,Bi3-Ni1,Bi-Ni,Bi;Ni,2,16,10.642,29.76,10.500110567049804,62,Orthorhombic,AB3,0.03612123437499548,False,True,True,True,
mp-aaaabiho,In5Bi3,Bi3-In5,Bi-In,Bi;In,2,16,8.227,36.164,8.298004760435607,140,Tetragonal,A3B5,0.05458110312500253,False,True,True,True,
mp-aaaabiij,BaBi3,Ba1-Bi3,Ba-Bi,Ba;Bi,2,4,17.54,39.346,9.157725305097951,221,Cubic,AB3,0.017992561250001593,False,True,True,True,
mp-aaaabiiz,Bi2Rh,Bi2-Rh1,Bi-Rh,Bi;Rh,2,12,36.378,82.795,11.342518321501995,14,Monoclinic,AB2,0.0,False,True,True,True,
mp-aaaabijg,BiTe,Bi1-Te1,Bi-Te,Bi;Te,2,12,14.843,23.047,7.72241302793016,164,Trigonal,AB,0.00033317749999639545,False,False,False,True,Te
mp-aaaabijq,TmBi,Bi1-Tm1,Bi-Tm,Bi;Tm,2,2,30.664,54.948,10.175501962356519,225,Cubic,AB,0.0,False,True,True,True,
mp-aaaabijx,YBi,Bi1-Y1,Bi-Y,Bi;Y,2,2,29.04,53.143,7.751461889510092,225,Cubic,AB,0.0,False,True,True,True,
mp-aaaabikb,ErBi,Bi1-Er1,Bi-Er,Bi;Er,2,2,30.393,54.597,10.03236201743527,225,Cubic,AB,0.0,False,True,True,True,
mp-aaaabilp,CeBi,Bi1-Ce1,Bi-Ce,Bi;Ce,2,2,25.983,38.203,8.269413835857863,225,Cubic,AB,0.0,False,False,False,True,Ce
mp-aaaabime,NdBi,Bi1-Nd1,Bi-Nd,Bi;Nd,2,2,27.498,50.357,8.461165273966593,225,Cubic,AB,0.0,False,True,True,True,
mp-aaaabimi,Rb3Bi,Bi1-Rb3,Bi-Rb,Bi;Rb,2,4,4.598,9.746,4.028154933769218,225,Cubic,AB3,0.013430248749997986,False,True,True,True,
mp-aaaabimr,InBi,Bi1-In1,Bi-In,Bi;In,2,4,13.341,31.715,8.609903871595211,129,Tetragonal,AB,0.04432653499999617,False,True,True,True,
mp-aaaaboeb,Ca5Bi3,Bi3-Ca5,Bi-Ca,Bi;Ca,2,32,20.742,32.168,5.15213961839878,62,Orthorhombic,A3B5,0.0,False,True,True,True,
mp-aaaabovu,ZrAs2,As2-Zr1,As-Zr,As;Zr,2,12,71.768,109.701,6.851677935431383,62,Orthorhombic,AB2,0.0,False,False,False,True,As
mp-aaaaboye,Mg2Ga5,Ga5-Mg2,Ga-Mg,Ga;Mg,2,14,24.366,51.099,4.857684243693425,139,Tetragonal,A2B5,0.0,False,False,False,True,Ga
mp-aaaabpes,Na3Bi,Bi1-Na3,Bi-Na,Bi;Na,2,8,10.693,17.175,3.630314024383503,194,Hexagonal,AB3,0.0,False,True,True,True,
mp-aaaabqrj,Tl2SnTe5,Sn1-Te5-Tl2,Sn-Te-Tl,Sn;Te;Tl,3,16,8.949,19.458,6.885312223194115,140,Tetragonal,AB2C5,0.0,False,False,False,True,Te
mp-aaaabqsy,Cs(FeAs)2,As2-Cs1-Fe2,As-Cs-Fe,As;Cs;Fe,3,5,26.483,43.521,5.898531509508115,139,Tetragonal,AB2C2,0.0,False,False,False,True,As
mp-aaaabquh,Hf3Te2,Hf3-Te2,Hf-Te,Hf;Te,2,5,23.847,37.225,10.070468561001404,139,Tetragonal,A2B3,0.0,False,False,False,True,Te
mp-aaaabqxv,BiTePd,Bi1-Pd1-Te1,Bi-Pd-Te,Bi;Pd;Te,3,12,26.776,74.017,9.511634181322485,198,Cubic,ABC,0.0,False,False,False,True,Te
mp-aaaabrcp,Zr6CoAs2,As2-Co1-Zr6,As-Co-Zr,As;Co;Zr,3,9,65.726,121.804,7.114016961410586,189,Hexagonal,AB2C6,0.0,False,False,False,True,As
mp-aaaabrfj,SrMnBi2,Bi2-Mn1-Sr1,Bi-Mn-Sr,Bi;Mn;Sr,3,8,18.785,32.353,7.676080009501402,139,Tetragonal,ABC2,0.10429558082974211,False,True,True,True,
mp-aaaabrfm,Li2Ga,Ga1-Li2,Ga-Li,Ga;Li,2,6,27.31,33.134,2.9760303901770033,63,Orthorhombic,AB2,0.0,False,False,False,True,Ga
mp-aaaabrsp,Na3Hg,Hg1-Na3,Hg-Na,Hg;Na,2,4,5.4,12.299,3.841229034357636,225,Cubic,AB3,0.01889395145833639,False,False,False,True,Hg
mp-aaaabrvb,Ca(MnBi)2,Bi2-Ca1-Mn2,Bi-Ca-Mn,Bi;Ca;Mn,3,5,13.621,31.174,6.5902889571123,164,Trigonal,AB2C2,0.3628291378275854,False,True,True,True,
mp-aaaabrvj,SrZnBi2,Bi2-Sr1-Zn1,Bi-Sr-Zn,Bi;Sr;Zn,3,8,15.677,30.573,7.795343675667745,139,Tetragonal,ABC2,0.019642365288454755,False,True,True,True,
mp-aaaabrvt,LiGePd2,Ge1-Li1-Pd2,Ge-Li-Pd,Ge;Li;Pd,3,4,37.662,121.813,8.596953866848814,225,Cubic,ABC2,0.0,False,True,True,True,
mp-aaaabrvy,BiTePt,Bi1-Pt1-Te1,Bi-Pt-Te,Bi;Pt;Te,3,12,32.854,86.263,11.394394063373158,198,Cubic,ABC,0.0,False,False,False,True,Te
mp-aaaabrwg,HfAs2,As2-Hf1,As-Hf,As;Hf,2,12,75.643,114.549,9.53780913149307,62,Orthorhombic,AB2,0.0,False,False,False,True,As
mp-aaaabrwh,SmSb2,Sb2-Sm1,Sb-Sm,Sb;Sm,2,12,28.693,58.083,7.503956630788121,64,Orthorhombic,AB2,0.0289560774999984,False,True,True,True,
mp-aaaabrwq,AgBiTe2,Ag1-Bi1-Te2,Ag-Bi-Te,Ag;Bi;Te,3,4,15.999,47.47,7.9114920019508315,166,Trigonal,ABC2,0.02105663625000176,False,False,False,True,Te
mp-aaaabrwt,FeAgTe2,Ag1-Fe1-Te2,Ag-Fe-Te,Ag;Fe;Te,3,12,13.74,49.299,7.177971642424602,164,Trigonal,ABC2,0.3038553425000021,False,False,False,True,Te
mp-aaaabrwz,Sb3Au,Au1-Sb3,Au-Sb,Au;Sb,2,4,18.302,66.29,8.769973820990826,229,Cubic,AB3,0.10371901437499531,False,True,True,True,
mp-aaaabrzp,MgNiBi,Bi1-Mg1-Ni1,Bi-Mg-Ni,Bi;Mg;Ni,3,3,35.796,69.981,7.811869237585516,216,Cubic,ABC,0.0,False,True,True,True,
mp-aaaabrzs,YAlGe,Al1-Ge1-Y1,Al-Ge-Y,Al;Ge;Y,3,6,56.76,81.107,5.073105977332585,63,Orthorhombic,ABC,0.0,False,True,True,True,
mp-aaaabsai,NiGePt2,Ge1-Ni1-Pt2,Ge-Ni-Pt,Ge;Ni;Pt,3,8,57.888,195.587,15.121228007669616,69,Orthorhombic,ABC2,0.0,False,True,True,True,
mp-aaaabsbc,YGe3,Ge3-Y1,Ge-Y,Ge;Y,2,8,51.058,73.159,6.053085424006422,63,Orthorhombic,AB3,0.049184030416668634,False,True,True,True,
mp-aaaabsga,NiGe2,Ge2-Ni1,Ge-Ni,Ge;Ni,2,12,47.537,110.731,7.341012571819366,64,Orthorhombic,AB2,0.08540651333333216,False,True,True,True,
mp-aaaabskp,ZrCu2Te3,Cu2-Te3-Zr1,Cu-Te-Zr,Cu;Te;Zr,3,12,19.93,35.784,6.450337163916973,12,Monoclinic,AB2C3,0.0,False,False,False,True,Te
mp-aaaabslk,BaCdSb2,Ba1-Cd1-Sb2,Ba-Cd-Sb,Ba;Cd;Sb,3,8,21.701,33.265,6.203276788552794,139,Tetragonal,ABC2,0.003074552916666473,False,True,True,True,
mp-aaaabslp,CoGe2,Co1-Ge2,Co-Ge,Co;Ge,2,12,66.091,122.975,7.702227827467828,64,Orthorhombic,AB2,0.017875628333333893,False,True,True,True,
mp-aaaabslr,Sn2Mo,Mo1-Sn2,Mo-Sn,Mo;Sn,2,18,70.54,117.067,8.692006212448042,180,Hexagonal,AB2,0.06053427666666522,False,True,True,True,
mp-aaaabsmn,CuNi2Sb,Cu1-Ni2-Sb1,Cu-Ni-Sb,Cu;Ni;Sb,3,4,26.623,147.435,9.313805739474905,225,Cubic,ABC2,0.052997280833332994,False,True,True,True,
mp-aaaabsmy,Li2GePd,Ge1-Li2-Pd1,Ge-Li-Pd,Ge;Li;Pd,3,4,22.035,62.413,5.796421825264865,225,Cubic,ABC2,0.1491059675000006,False,True,True,True,
mp-aaaabspn,ZrTiAs,As1-Ti1-Zr1,As-Ti-Zr,As;Ti;Zr,3,6,70.614,137.302,6.614964014352347,139,Tetragonal,ABC,0.0,False,False,False,True,As
mp-aaaabsqp,Ca(AlZn)2,Al2-Ca1-Zn2,Al-Ca-Zn,Al;Ca;Zn,3,5,40.313,62.198,3.829856612900666,139,Tetragonal,AB2C2,0.0,False,True,True,True,
mp-aaaabsqr,Y(Al2Cr)4,Al8-Cr4-Y1,Al-Cr-Y,Al;Cr;Y,3,13,78.364,116.53,4.233009206558429,139,Tetragonal,AB4C8,0.011608321230773377,False,False,False,True,Cr
mp-aaaabsqs,Mg2Al5Cu6,Al5-Cu6-Mg2,Al-Cu-Mg,Al;Cu;Mg,3,39,58.206,101.138,4.944694396172601,200,Cubic,A2B5C6,0.0,False,True,True,True,
mp-aaaabsqu,Al4Mo,Al4-Mo1,Al-Mo,Al;Mo,2,15,74.751,111.709,4.185865640403832,8,Monoclinic,AB4,0.06692104210256389,False,True,True,True,
mp-aaaabsqv,PrAl3Ni2,Al3-Ni2-Pr1,Al-Ni-Pr,Al;Ni;Pr,3,6,64.543,104.057,5.5849538588526375,191,Hexagonal,AB2C3,0.001841435000002889,False,True,True,True,
mp-aaaabsqw,ThAl3Ni2,Al3-Ni2-Th1,Al-Ni-Th,Al;Ni;Th,3,6,75.405,122.373,7.158497386543569,191,Hexagonal,AB2C3,0.0,False,True,True,True,
mp-aaaabsqx,ZrAl5Ni2,Al5-Ni2-Zr1,Al-Ni-Zr,Al;Ni;Zr,3,8,85.414,119.733,4.8189449543561285,139,Tetragonal,AB2C5,0.0,False,True,True,True,
mp-aaaabsvr,DyBiRh,Bi1-Dy1-Rh1,Bi-Dy-Rh,Bi;Dy;Rh,3,9,40.652,96.913,11.591033716927887,189,Hexagonal,ABC,0.0,False,True,True,True,
mp-aaaabswu,Al4W,Al4-W1,Al-W,Al;W,2,15,76.786,116.786,5.978401649243066,8,Monoclinic,AB4,0.020917083733333897,False,True,True,True,
mp-aaaabswv,Al5W,Al5-W1,Al-W,Al;W,2,12,102.302,126.403,5.700397826747436,182,Hexagonal,AB5,0.0,False,True,True,True,
mp-aaaabsww,Y3Al,Al1-Y3,Al-Y,Al;Y,2,4,32.502,49.823,4.454161897998484,221,Cubic,AB3,0.07052767812499994,False,True,True,True,
mp-aaaabswx,ErAg2,Ag2-Er1,Ag-Er,Ag;Er,2,3,34.07,77.336,9.952467802566888,139,Tetragonal,AB2,0.0,False,True,True,True,
mp-aaaabswy,ErInAg2,Ag2-Er1-In1,Ag-Er-In,Ag;Er;In,3,4,25.82,77.665,9.739112227436143,225,Cubic,ABC2,0.0,False,True,True,True,
mp-aaaabswz,TiAgHg2,Ag1-Hg2-Ti1,Ag-Hg-Ti,Ag;Hg;Ti,3,4,28.717,78.331,11.497234240964923,123,Tetragonal,ABC2,0.14062924583333114,False,False,False,True,Hg
mp-aaaabsxa,HoInAg2,Ag2-Ho1-In1,Ag-Ho-In,Ag;Ho;In,3,4,26.089,77.054,9.62573091901176,225,Cubic,ABC2,0.0,False,True,True,True,
mp-aaaabsxb,InAg3,Ag3-In1,Ag-In,Ag;In,2,4,14.93,77.989,9.504681044365281,221,Cubic,AB3,0.0013663375480774675,False,True,True,True,
mp-aaaabsxc,Li2InAg,Ag1-In1-Li2,Ag-In-Li,Ag;In;Li,3,4,15.372,43.023,5.431988230561215,216,Cubic,ABC2,0.0,False,True,True,True,
mp-aaaabsxf,ScInAg2,Ag2-In1-Sc1,Ag-In-Sc,Ag;In;Sc,3,4,26.91,83.809,7.891755742800555,225,Cubic,ABC2,0.0,False,True,True,True,
mp-aaaabsxh,Li2AgPb,Ag1-Li2-Pb1,Ag-Li-Pb,Ag;Li;Pb,3,4,13.522,39.481,7.020247168318676,216,Cubic,ABC2,0.0,False,True,True,True,
mp-aaaabsxj,MgAg3,Ag3-Mg1,Ag-Mg,Ag;Mg,2,4,17.218,77.693,7.960179102313438,221,Cubic,AB3,0.010391439999999363,False,True,True,True,
mp-aaaabsxk,NaAg2,Ag2-Na1,Ag-Na,Ag;Na,2,6,20.815,47.598,6.079514716779436,227,Cubic,AB2,0.0,False,True,True,True,
mp-aaaabsxl,AgPt3,Ag1-Pt3,Ag-Pt,Ag;Pt,2,4,62.854,200.369,17.872374808079094,221,Cubic,AB3,0.07138850416666287,False,True,True,True,
mp-aaaabsxm,ScAg4,Ag4-Sc1,Ag-Sc,Ag;Sc,2,5,35.942,89.295,8.589126015750676,87,Tetragonal,AB4,0.0,False,True,True,True,
mp-aaaabsxn,SrAg,Ag1-Sr1,Ag-Sr,Ag;Sr,2,16,13.764,27.873,5.007682390346272,62,Orthorhombic,AB,0.0016014802499988434,False,True,True,True,
mp-aaaabsxp,Sr3Ag2,Ag2-Sr3,Ag-Sr,Ag;Sr,2,15,9.351,21.352,4.37670154001891,148,Trigonal,A2B3,0.003260875199998736,False,True,True,True,
mp-aaaabsxq,TbAg2,Ag2-Tb1,Ag-Tb,Ag;Tb,2,3,29.94,72.426,9.43284542956813,139,Tetragonal,AB2,0.0,False,True,True,True,
mp-aaaabsxs,TmAg3,Ag3-Tm1,Ag-Tm,Ag;Tm,2,4,18.548000000000002,74.075,9.829665444600664,221,Cubic,AB3,0.12663138583333478,False,True,True,True,
mp-aaaabsxu,Zr3Ag,Ag1-Zr3,Ag-Zr,Ag;Zr,2,4,21.026,97.309,7.339356026778601,221,Cubic,AB3,0.1037819899999981,False,True,True,True,
mp-aaaabsxv,BaAu2,Au2-Ba1,Au-Ba,Au;Ba,2,3,16.757,44.664,9.948881389080814,191,Hexagonal,AB2,0.0,False,True,True,True,
mp-aaaabsxw,BaAu5,Au5-Ba1,Au-Ba,Au;Ba,2,6,16.568,80.248,13.396932114558593,191,Hexagonal,AB5,0.0,False,True,True,True,
mp-aaaabsxx,BeAu,Au1-Be1,Au-Be,Au;Be,2,8,42.582,148.197,12.981789569995449,198,Cubic,AB,0.0,False,True,True,True,
mp-aaaabsyd,Cd5Au3,Au3-Cd5,Au-Cd,Au;Cd,2,16,11.916,73.514,11.564955365062291,140,Tetragonal,A3B5,0.0,False,True,True,True,
mp-aaaabsyg,DyInAu2,Au2-Dy1-In1,Au-Dy-In,Au;Dy;In,3,4,22.045,90.936,12.946263965728427,225,Cubic,ABC2,0.0,False,True,True,True,
mp-aaaabsyn,Li2GaAu,Au1-Ga1-Li2,Au-Ga-Li,Au;Ga;Li,3,4,25.706,59.891,7.626996587793902,216,Cubic,ABC2,0.0,False,False,False,True,Ga
mp-aaaabsyp,Hf2Au,Au1-Hf2,Au-Hf,Au;Hf,2,3,58.098,133.005,14.858016279767979,139,Tetragonal,AB2,0.0,False,True,True,True,
mp-aaaabsyy,Li2InAu,Au1-In1-Li2,Au-In-Li,Au;In;Li,3,4,16.653,53.673,7.679452313030632,216,Cubic,ABC2,0.0,False,True,True,True,
mp-aaaabszb,ScInAu2,Au2-In1-Sc1,Au-In-Sc,Au;In;Sc,3,4,24.732,101.827,11.649565059516144,225,Cubic,ABC2,0.00988613650000758,False,True,True,True,
mp-aaaabszj,Li2PbAu,Au1-Li2-Pb1,Au-Li-Pb,Au;Li;Pb,3,4,11.552,44.376,9.036158435758914,216,Cubic,ABC2,0.0042674800000011,False,True,True,True,
mp-aaaabszk,Li2SbAu,Au1-Li2-Sb1,Au-Li-Sb,Au;Li;Sb,3,4,21.767,54.242,7.618565578976838,216,Cubic,ABC2,0.0,False,True,True,True,
mp-aaaabszl,Li2SnAu,Au1-Li2-Sn1,Au-Li-Sn,Au;Li;Sn,3,4,21.316,55.812,7.781290264637433,216,Cubic,ABC2,0.0,False,True,True,True,
mp-aaaabszm,Li2TlAu,Au1-Li2-Tl1,Au-Li-Tl,Au;Li;Tl,3,4,8.488,45.771,9.256237376433653,216,Cubic,ABC2,0.028401330000001224,False,True,True,True,
mp-aaaabszo,MgAu3,Au3-Mg1,Au-Mg,Au;Mg,2,32,29.873,111.519,14.27392344618144,63,Orthorhombic,AB3,0.001985315124994891,False,True,True,True,
mp-aaaabszp,Mn2Au,Au1-Mn2,Au-Mn,Au;Mn,2,3,40.081,107.796,10.966540096473604,139,Tetragonal,AB2,0.23537255936781776,False,True,True,True,
mp-aaaabszq,Mn2Au5,Au5-Mn2,Au-Mn,Au;Mn,2,7,32.116,127.572,15.06392269279621,12,Monoclinic,A2B5,0.014431074999997406,False,True,True,True,
mp-aaaabszy,SnAu5,Au5-Sn1,Au-Sn,Au;Sn,2,6,21.951,114.725,16.00970510209814,155,Trigonal,AB5,0.03133991166667016,False,True,True,True,
mp-aaaabtad,VAu2,Au2-V1,Au-V,Au;V,2,6,26.935,125.266,14.567890428107162,63,Orthorhombic,AB2,0.028054426666670906,False,True,True,True,
mp-aaaabtag,BaCdBi2,Ba1-Bi2-Cd1,Ba-Bi-Cd,Ba;Bi;Cd,3,8,18.744,30.641,7.928545546296778,139,Tetragonal,ABC2,0.0,False,True,True,True,
mp-aaaabtah,BaZnBi2,Ba1-Bi2-Zn1,Ba-Bi-Zn,Ba;Bi;Zn,3,8,17.133,31.416,7.765711559926791,139,Tetragonal,ABC2,0.0027625973076941257,False,True,True,True,
mp-aaaabtan,BaSn3Pt,Ba1-Pt1-Sn3,Ba-Pt-Sn,Ba;Pt;Sn,3,5,26.771,60.919,8.18781912734374,107,Tetragonal,ABC3,0.0,False,True,True,True,
mp-aaaabtao,BaTl2,Ba1-Tl2,Ba-Tl,Ba;Tl,2,6,17.206,25.239,8.338260906541374,194,Hexagonal,AB2,0.0,False,True,True,True,
mp-aaaabtap,BaZn2,Ba1-Zn2,Ba-Zn,Ba;Zn,2,6,7.882,27.55,5.504003107378933,74,Orthorhombic,AB2,0.0,False,True,True,True,
mp-aaaabtar,CaSnPd,Ca1-Pd1-Sn1,Ca-Pd-Sn,Ca;Pd;Sn,3,12,24.277,66.403,6.325662451632808,62,Orthorhombic,ABC,0.0,False,True,True,True,
mp-aaaabtas,Be2Cr,Be2-Cr1,Be-Cr,Be;Cr,2,12,162.402,182.568,4.399838128818003,194,Hexagonal,AB2,0.0,False,False,False,True,Cr
mp-aaaabtav,Be17Nb2,Be17-Nb2,Be-Nb,Be;Nb,2,19,150.117,140.051,3.331154319758059,166,Trigonal,A2B17,0.0,False,False,False,True,Nb
mp-aaaabtax,Be17Ru3,Be17-Ru3,Be-Ru,Be;Ru,2,80,117.848,151.947,4.170915843975197,204,Cubic,A3B17,0.0,False,True,True,True,
mp-aaaabtay,Be22W,Be22-W1,Be-W,Be;W,2,46,149.843,133.551,3.275702252694679,227,Cubic,AB22,0.017619141739129596,False,True,True,True,
mp-aaaabtbd,MgCuBi,Bi1-Cu1-Mg1,Bi-Cu-Mg,Bi;Cu;Mg,3,3,29.042,56.495,7.359891429812508,216,Cubic,ABC,0.016966318333331287,False,True,True,True,
mp-aaaabtbf,SrCuBi,Bi1-Cu1-Sr1,Bi-Cu-Sr,Bi;Cu;Sr,3,6,27.691,40.538,7.002091938456084,194,Hexagonal,ABC,0.03476844826923298,False,True,True,True,
mp-aaaabtbh,DyBiPt,Bi1-Dy1-Pt1,Bi-Dy-Pt,Bi;Dy;Pt,3,3,40.218,89.435,12.271011229535143,216,Cubic,ABC,0.0,False,True,True,True,
mp-aaaabtbi,ErBiPt,Bi1-Er1-Pt1,Bi-Er-Pt,Bi;Er;Pt,3,3,40.701,90.805,12.541341493952455,216,Cubic,ABC,0.0,False,True,True,True,
mp-aaaabtbj,HoBiPt,Bi1-Ho1-Pt1,Bi-Ho-Pt,Bi;Ho;Pt,3,3,40.665,90.608,12.411671013684252,216,Cubic,ABC,0.0,False,True,True,True,
mp-aaaabtbp,BiPd2Pb,Bi1-Pb1-Pd2,Bi-Pb-Pd,Bi;Pb;Pd,3,8,23.445,83.365,11.972979054646055,8,Monoclinic,ABC2,0.007342353749997699,False,True,True,True,
mp-aaaabtbw,ThBi,Bi1-Th1,Bi-Th,Bi;Th,2,2,25.236,73.55,11.923133532495028,221,Cubic,AB,0.012411177045458466,False,True,True,True,
mp-aaaabtbx,TlBi2,Bi2-Tl1,Bi-Tl,Bi;Tl,2,3,12.03,40.558,10.585460056634226,191,Hexagonal,AB2,0.02972453722222923,False,True,True,True,
mp-aaaabtca,Ca2GaCu2,Ca2-Cu2-Ga1,Ca-Cu-Ga,Ca;Cu;Ga,3,5,25.146,53.652,4.349734514005382,71,Orthorhombic,AB2C2,0.0,False,False,False,True,Ga
mp-aaaabtcj,CaPt5,Ca1-Pt5,Ca-Pt,Ca;Pt,2,6,79.033,167.886,15.058748670971854,191,Hexagonal,AB5,0.0,False,True,True,True,
mp-aaaabtck,Ca3Tl,Ca3-Tl1,Ca-Tl,Ca;Tl,2,4,10.484,21.746,4.033702092817223,225,Cubic,AB3,0.0680144949999999,False,True,True,True,
mp-aaaabtcl,CaZn,Ca1-Zn1,Ca-Zn,Ca;Zn,2,4,14.606,32.099,3.27770499691524,63,Orthorhombic,AB,0.0,False,True,True,True,
mp-aaaabtcn,Ca3Zn,Ca3-Zn1,Ca-Zn,Ca;Zn,2,8,9.782,22.439,2.245052725727816,63,Orthorhombic,AB3,0.01449339624999979,False,True,True,True,
mp-aaaabtcq,CdHg2,Cd1-Hg2,Cd-Hg,Cd;Hg,2,3,10.68,30.017,11.269330979201438,139,Tetragonal,AB2,0.026849116666667783,False,False,False,True,Hg
mp-aaaabtcs,Mg3Cd,Cd1-Mg3,Cd-Mg,Cd;Mg,2,8,19.676,39.972,3.501103576415583,194,Hexagonal,AB3,0.0,False,True,True,True,
mp-aaaabtcv,ZnCdPt2,Cd1-Pt2-Zn1,Cd-Pt-Zn,Cd;Pt;Zn,3,4,57.642,154.491,14.628185276673154,123,Tetragonal,ABC2,0.0,False,True,True,True,
mp-aaaabtcw,ScCd3,Cd3-Sc1,Cd-Sc,Cd;Sc,2,8,29.259,61.151,7.26472013574348,194,Hexagonal,AB3,0.0,False,True,True,True,
mp-aaaabtcx,SmCd2,Cd2-Sm1,Cd-Sm,Cd;Sm,2,3,25.46,53.428,8.099500880667113,191,Hexagonal,AB2,0.0,False,True,True,True,
mp-aaaabtcz,TbCd2,Cd2-Tb1,Cd-Tb,Cd;Tb,2,3,30.672,54.807,8.529148878312478,191,Hexagonal,AB2,0.0,False,True,True,True,
mp-aaaabtda,TbCd3,Cd3-Tb1,Cd-Tb,Cd;Tb,2,8,21.64,56.173,8.576052528266027,194,Hexagonal,AB3,0.003049010000000685,False,True,True,True,
mp-aaaabtdc,TiCd,Cd1-Ti1,Cd-Ti,Cd;Ti,2,4,26.541,81.552,6.9044573138839365,129,Tetragonal,AB,0.0,False,True,True,True,
mp-aaaabtdd,Ti2Cd,Cd1-Ti2,Cd-Ti,Cd;Ti,2,3,29.006,89.283,6.212215869402329,139,Tetragonal,AB2,0.0,False,True,True,True,
mp-aaaabtde,TmCd3,Cd3-Tm1,Cd-Tm,Cd;Tm,2,8,29.664,57.293,8.934152592816384,63,Orthorhombic,AB3,0.0,False,True,True,True,
mp-aaaabtdi,CeHg2,Ce1-Hg2,Ce-Hg,Ce;Hg,2,3,30.596,64.176,11.73813693342549,191,Hexagonal,AB2,0.0,False,False,False,True,Ce;Hg
mp-aaaabtem,V5Sb4,Sb4-V5,Sb-V,Sb;V,2,9,52.07,90.199,7.316257163148678,87,Tetragonal,A4B5,0.028563353148143733,False,True,True,True,
mp-aaaabtfb,GaFeCo2,Co2-Fe1-Ga1,Co-Fe-Ga,Co;Fe;Ga,3,4,88.288,190.304,8.616037968684525,225,Cubic,ABC2,0.0,False,False,False,True,Ga
mp-aaaabtff,TaGaCo2,Co2-Ga1-Ta1,Co-Ga-Ta,Co;Ga;Ta,3,4,90.532,195.874,11.567339343722901,225,Cubic,ABC2,0.0,False,False,False,True,Ga
mp-aaaabtfn,ZrCoSn,Co1-Sn1-Zr1,Co-Sn-Zr,Co;Sn;Zr,3,9,67.418,140.779,8.360467288549014,189,Hexagonal,ABC,0.0,False,True,True,True,
mp-aaaabtfo,ThCo,Co1-Th1,Co-Th,Co;Th,2,4,22.233,101.93,11.651590832985697,63,Orthorhombic,AB,0.0,False,True,True,True,
mp-aaaabtfq,Ti2Co,Co1-Ti2,Co-Ti,Co;Ti,2,6,24.714,96.827,5.786947083887611,227,Cubic,AB2,0.7246293708333358,False,True,True,True,
mp-aaaabtfu,CrGaFe2,Cr1-Fe2-Ga1,Cr-Fe-Ga,Cr;Fe;Ga,3,4,105.307,204.598,8.403728584707087,225,Cubic,ABC2,0.08692020476562501,False,False,False,True,Cr;Ga
mp-aaaabtfv,Tl2Au,Au1-Tl2,Au-Tl,Au;Tl,2,6,8.532,38.126,12.526878891596787,140,Tetragonal,AB2,0.0,False,True,True,True,
mp-aaaabtfw,Hf2Ga,Ga1-Hf2,Ga-Hf,Ga;Hf,2,6,63.266,119.01,11.892062125820582,140,Tetragonal,AB2,0.0,False,False,False,True,Ga
mp-aaaabtgc,DyCu5,Cu5-Dy1,Cu-Dy,Cu;Dy,2,6,23.276,107.72,9.094398281854188,216,Cubic,AB5,0.019208730000000784,False,True,True,True,
mp-aaaabtgd,ErCu5,Cu5-Er1,Cu-Er,Cu;Er,2,6,14.638,106.265,9.290691472452831,216,Cubic,AB5,0.0008851722222189551,False,True,True,True,
mp-aaaabtge,SrGaCu2,Cu2-Ga1-Sr1,Cu-Ga-Sr,Cu;Ga;Sr,3,4,26.153,52.608,5.519365622804888,166,Trigonal,ABC2,0.0,False,False,False,True,Ga
mp-aaaabtgf,Hf2Cu,Cu1-Hf2,Cu-Hf,Cu;Hf,2,3,54.412,123.959,12.356796649342739,139,Tetragonal,AB2,0.0,False,True,True,True,
mp-aaaabtgg,HfCuHg2,Cu1-Hf1-Hg2,Cu-Hf-Hg,Cu;Hf;Hg,3,4,17.253,105.976,14.0217641041521,216,Cubic,ABC2,0.233823544593748,False,False,False,True,Hg
mp-aaaabtgk,HoInCu2,Cu2-Ho1-In1,Cu-Ho-In,Cu;Ho;In,3,4,41.739,86.981,9.25720316024366,225,Cubic,ABC2,0.0,False,True,True,True,
mp-aaaabtgl,MgInCu4,Cu4-In1-Mg1,Cu-In-Mg,Cu;In;Mg,3,6,31.24,100.153,7.342828281167382,216,Cubic,ABC4,0.0,False,True,True,True,
mp-aaaabtgp,Li2CuSn,Cu1-Li2-Sn1,Cu-Li-Sn,Cu;Li;Sn,3,4,30.448,52.666,5.17275651122366,216,Cubic,ABC2,0.0,False,True,True,True,
mp-aaaabtgr,ZnCu2Ni,Cu2-Ni1-Zn1,Cu-Ni-Zn,Cu;Ni;Zn,3,4,62.437,143.323,8.641485582828766,123,Tetragonal,ABC2,0.005059939999999763,False,True,True,True,
mp-aaaabtgs,Cu4Pd,Cu4-Pd1,Cu-Pd,Cu;Pd,2,20,47.364,145.218,9.382842262847982,84,Tetragonal,AB4,0.015894708357143017,False,True,True,True,
mp-aaaabtgt,CuSnRh2,Cu1-Rh2-Sn1,Cu-Rh-Sn,Cu;Rh;Sn,3,4,63.304,177.039,10.66307561177575,225,Cubic,ABC2,0.0,False,True,True,True,
mp-aaaabtgw,SrCuSn2,Cu1-Sn2-Sr1,Cu-Sn-Sr,Cu;Sn;Sr,3,8,24.239,47.714,6.1531649472218835,63,Orthorhombic,ABC2,0.0,False,True,True,True,
mp-aaaabtgx,Ti2Cu3,Cu3-Ti2,Cu-Ti,Cu;Ti,2,5,34.657,139.182,6.7825994617456,139,Tetragonal,A2B3,0.040680273499999586,False,True,True,True,
mp-aaaabtgy,TmCu5,Cu5-Tm1,Cu-Tm,Cu;Tm,2,6,13.382,109.138,9.364990946315539,216,Cubic,AB5,0.0,False,True,True,True,
mp-aaaabthb,ZrCu5,Cu5-Zr1,Cu-Zr,Cu;Zr,2,6,60.974,136.626,8.210818222837426,216,Cubic,AB5,0.009781456785713516,False,True,True,True,
mp-aaaabthc,DyGa,Dy1-Ga1,Dy-Ga,Dy;Ga,2,4,42.601,68.534,8.008638554848437,63,Orthorhombic,AB,0.0,False,False,False,True,Ga
mp-aaaabthi,Er2Pt,Er2-Pt1,Er-Pt,Er;Pt,2,12,25.794,76.471,11.982942886624425,62,Orthorhombic,AB2,0.0,False,True,True,True,
mp-aaaabthj,ErSnPt2,Er1-Pt2-Sn1,Er-Pt-Sn,Er;Pt;Sn,3,8,48.795,131.951,13.814789323459596,194,Hexagonal,ABC2,0.0,False,True,True,True,
mp-aaaabthl,ErSn2,Er1-Sn2,Er-Sn,Er;Sn,2,6,37.354,60.804,8.600274400449752,63,Orthorhombic,AB2,0.0,False,True,True,True,
mp-aaaabthr,Zr3Co,Co1-Zr3,Co-Zr,Co;Zr,2,8,35.813,103.802,6.925253067820985,63,Orthorhombic,AB3,0.017004411249999407,False,True,True,True,
mp-aaaabths,DyRh5,Dy1-Rh5,Dy-Rh,Dy;Rh,2,6,75.831,180.429,10.898280658308614,191,Hexagonal,AB5,0.07600665499999959,False,True,True,True,
mp-aaaabthx,Dy2Tl,Dy2-Tl1,Dy-Tl,Dy;Tl,2,6,22.798000000000002,53.54,10.283027885045499,194,Hexagonal,AB2,0.012201277777769803,False,True,True,True,
mp-aaaabtiu,LiMg2Ga,Ga1-Li1-Mg2,Ga-Li-Mg,Ga;Li;Mg,3,4,26.698,38.321,2.7914666971796063,225,Cubic,ABC2,0.005975480750001427,False,False,False,True,Ga
mp-aaaabtiw,Mg2Ga,Ga1-Mg2,Ga-Mg,Ga;Mg,2,18,25.13,45.747,3.223392444398424,190,Hexagonal,AB2,0.0,False,False,False,True,Ga
mp-aaaabtix,MgGa2,Ga2-Mg1,Ga-Mg,Ga;Mg,2,6,17.471,49.454,4.695483066116077,194,Hexagonal,AB2,0.004995789999999722,False,False,False,True,Ga
mp-aaaabtjb,Ga4Ni3,Ga4-Ni3,Ga-Ni,Ga;Ni,2,56,66.1,135.145,7.947158171180583,230,Cubic,A3B4,0.009664909328231275,False,False,False,True,Ga
mp-aaaabtjc,TiGaNi,Ga1-Ni1-Ti1,Ga-Ni-Ti,Ga;Ni;Ti,3,9,65.377,127.561,6.962268944764984,189,Hexagonal,ABC,0.0,False,False,False,True,Ga
mp-aaaabtjd,TiGaNi2,Ga1-Ni2-Ti1,Ga-Ni-Ti,Ga;Ni;Ti,3,4,48.916,166.368,7.6103427114195,225,Cubic,ABC2,0.0,False,False,False,True,Ga
mp-aaaabtje,VGaNi2,Ga1-Ni2-V1,Ga-Ni-V,Ga;Ni;V,3,4,38.51,167.969,8.06769925360387,225,Cubic,ABC2,0.022365973101852177,False,False,False,True,Ga
mp-aaaabtjh,ScGaPd2,Ga1-Pd2-Sc1,Ga-Pd-Sc,Ga;Pd;Sc,3,4,35.179,127.531,8.304339056599742,225,Cubic,ABC2,0.0,False,False,False,True,Ga
mp-aaaabtjq,Th3Ga2,Ga2-Th3,Ga-Th,Ga;Th,2,10,24.825,74.25,10.226393165442998,127,Tetragonal,A2B3,0.02859162850000274,False,False,False,True,Ga
mp-aaaabtjr,Ti2Ga,Ga1-Ti2,Ga-Ti,Ga;Ti,2,6,64.019,120.013,5.649972887374032,194,Hexagonal,AB2,0.0,False,False,False,True,Ga
mp-aaaabtjs,Ti3Ga,Ga1-Ti3,Ga-Ti,Ga;Ti,2,8,55.181,118.806,5.411542496934404,194,Hexagonal,AB3,0.0,False,False,False,True,Ga
mp-aaaabtjt,Ti2Ga3,Ga3-Ti2,Ga-Ti,Ga;Ti,2,10,70.461,107.755,6.370956080546139,83,Tetragonal,A2B3,0.0,False,False,False,True,Ga
mp-aaaabtkc,ZrGa,Ga1-Zr1,Ga-Zr,Ga;Zr,2,8,75.217,113.596,6.840703742938263,141,Tetragonal,AB,0.0,False,False,False,True,Ga
mp-aaaabtkd,ZrGa2,Ga2-Zr1,Ga-Zr,Ga;Zr,2,6,62.966,99.541,7.046281928834945,65,Orthorhombic,AB2,0.008013790416667277,False,False,False,True,Ga
mp-aaaabtke,Zr3Ga2,Ga2-Zr3,Ga-Zr,Ga;Zr,2,10,66.922,111.017,6.803769459482254,127,Tetragonal,A2B3,0.0,False,False,False,True,Ga
mp-aaaabtkf,ZrGa3,Ga3-Zr1,Ga-Zr,Ga;Zr,2,4,72.855,97.364,7.054901067598595,139,Tetragonal,AB3,0.013019501250001397,False,False,False,True,Ga
mp-aaaabtkg,Zr2Ga3,Ga3-Zr2,Ga-Zr,Ga;Zr,2,10,67.469,110.808,7.089211484452837,43,Orthorhombic,A2B3,0.0,False,False,False,True,Ga
mp-aaaabtll,KHg2,Hg2-K1,Hg-K,Hg;K,2,6,4.929,11.826,7.073002669910672,74,Orthorhombic,AB2,0.0,False,False,False,True,Hg
mp-aaaabtln,Mg2Hg,Hg1-Mg2,Hg-Mg,Hg;Mg,2,12,15.581,44.345,6.35323821642811,62,Orthorhombic,AB2,0.002498592500000285,False,False,False,True,Hg
mp-aaaabtlp,Hg5Pd2,Hg5-Pd2,Hg-Pd,Hg;Pd,2,14,10.762,68.584,13.589582432808054,127,Tetragonal,A2B5,0.03967810749999523,False,False,False,True,Hg
mp-aaaabtlq,ScHg3,Hg3-Sc1,Hg-Sc,Hg;Sc,2,8,22.049,63.522,12.01740450562334,194,Hexagonal,AB3,0.0,False,False,False,True,Hg
mp-aaaabtlt,YHg2,Hg2-Y1,Hg-Y,Hg;Y,2,3,27.952,62.527,11.006436050434715,191,Hexagonal,AB2,0.0,False,False,False,True,Hg
mp-aaaabtlu,YHg3,Hg3-Y1,Hg-Y,Hg;Y,2,8,21.426,59.331,11.818173605643626,194,Hexagonal,AB3,0.0,False,False,False,True,Hg
mp-aaaabtlv,MgCdAg2,Ag2-Cd1-Mg1,Ag-Cd-Mg,Ag;Cd;Mg,3,4,25.347,69.74,7.678558987587824,225,Cubic,ABC2,0.0,False,True,True,True,
mp-aaaabtlz,HoSnPd2,Ho1-Pd2-Sn1,Ho-Pd-Sn,Ho;Pd;Sn,3,4,20.177,110.96,10.569189244782912,225,Cubic,ABC2,0.0,False,True,True,True,
mp-aaaabtmg,LiIr3,Ir3-Li1,Ir-Li,Ir;Li,2,4,112.944,242.519,17.366096331676165,44,Orthorhombic,AB3,0.0,False,True,True,True,
mp-aaaabtmh,Mg3Ir,Ir1-Mg3,Ir-Mg,Ir;Mg,2,8,27.796,76.899,5.842253377977923,194,Hexagonal,AB3,0.014463810416667666,False,True,True,True,
mp-aaaabtmj,PaIr3,Ir3-Pa1,Ir-Pa,Ir;Pa,2,4,131.2,259.63,19.62376705207441,221,Cubic,AB3,0.0,False,False,False,True,Pa
mp-aaaabtmn,Ir3W,Ir3-W1,Ir-W,Ir;W,2,8,194.892,350.814,21.330599780116348,194,Hexagonal,AB3,0.0,False,True,True,True,
mp-aaaabtmo,YIr,Ir1-Y1,Ir-Y,Ir;Y,2,2,46.637,130.242,11.472660671710036,221,Cubic,AB,0.0,False,True,True,True,
mp-aaaabtms,CeAl4Ni,Al4-Ce1-Ni1,Al-Ce-Ni,Al;Ce;Ni,3,12,64.291,89.025,4.792019224058268,63,Orthorhombic,ABC4,0.0,False,False,False,True,Ce
mp-aaaabtmv,LaPd5,La1-Pd5,La-Pd,La;Pd,2,6,47.043,126.008,9.789342424060317,191,Hexagonal,AB5,0.0,False,True,True,True,
mp-aaaabtna,Li2MgPb,Li2-Mg1-Pb1,Li-Mg-Pb,Li;Mg;Pb,3,4,14.747,36.254,5.103489054214214,225,Cubic,ABC2,0.028502059999997442,False,True,True,True,
mp-aaaabtnb,LiMg2Tl,Li1-Mg2-Tl1,Li-Mg-Tl,Li;Mg;Tl,3,4,13.48,32.073,5.020554794830452,225,Cubic,ABC2,0.02752258750000025,False,True,True,True,
mp-aaaabtnc,Li3Pb,Li3-Pb1,Li-Pb,Li;Pb,2,4,15.278,25.566,5.012232347101691,225,Cubic,AB3,0.0019604210000014888,False,True,True,True,
mp-aaaabtng,LiPt2,Li1-Pt2,Li-Pt,Li;Pt,2,6,64.55,135.254,12.740433050889152,227,Cubic,AB2,0.04333288833333171,False,True,True,True,
mp-aaaabtnh,LiPt7,Li1-Pt7,Li-Pt,Li;Pt,2,8,77.09,217.916,18.700896032645236,225,Cubic,AB7,0.0,False,True,True,True,
mp-aaaabtni,Li5Sn2,Li5-Sn2,Li-Sn,Li;Sn,2,7,21.604,29.691,3.543832825054252,166,Trigonal,A2B5,0.0,False,True,True,True,
mp-aaaabtnj,Li7Sn2,Li7-Sn2,Li-Sn,Li;Sn,2,18,22.949,27.747,2.961640325711751,65,Orthorhombic,A2B7,0.0,False,True,True,True,
mp-aaaabtnk,Li7Sn3,Li7-Sn3,Li-Sn,Li;Sn,2,20,23.766,30.336,3.64901421018292,11,Monoclinic,A3B7,0.0009651171666664737,False,True,True,True,
mp-aaaabtnl,Li13Sn5,Li13-Sn5,Li-Sn,Li;Sn,2,18,24.659,29.762,3.474966674705839,164,Trigonal,A5B13,0.0033475494444448195,False,True,True,True,
mp-aaaabtnp,MgNi2Sb,Mg1-Ni2-Sb1,Mg-Ni-Sb,Mg;Ni;Sb,3,4,41.733,113.99,7.396269496222213,225,Cubic,ABC2,0.06954002830357009,False,True,True,True,
mp-aaaabtnq,MgNi2Sn,Mg1-Ni2-Sn1,Mg-Ni-Sn,Mg;Ni;Sn,3,4,51.674,116.057,7.319044484358904,225,Cubic,ABC2,0.0,False,True,True,True,
mp-aaaabtnt,MgPt3,Mg1-Pt3,Mg-Pt,Mg;Pt,2,4,78.069,183.899,16.21845141504956,221,Cubic,AB3,0.0,False,True,True,True,
mp-aaaabtnv,SmMg3,Mg3-Sm1,Mg-Sm,Mg;Sm,2,4,26.455,39.515,3.693207813155489,225,Cubic,AB3,0.0,False,True,True,True,
mp-aaaabtoa,Mg2Zn11,Mg2-Zn11,Mg-Zn,Mg;Zn,2,39,39.903,68.686,6.126376124302039,200,Cubic,A2B11,0.0,False,True,True,True,
mp-aaaabtod,MoRh3,Mo1-Rh3,Mo-Rh,Mo;Rh,2,8,132.343,268.478,11.6050024482697,194,Hexagonal,AB3,0.0,False,True,True,True,
mp-aaaabtoe,SnMo3,Mo3-Sn1,Mo-Sn,Mo;Sn,2,8,102.767,216.251,10.004960440762131,223,Cubic,AB3,0.05509164124999799,False,True,True,True,
mp-aaaabtog,ZrMo3,Mo3-Zr1,Mo-Zr,Mo;Zr,2,8,33.7,193.868,8.921568472406046,223,Cubic,AB3,0.33214436500000133,False,True,True,True,
mp-aaaabton,Nb5Te4,Nb5-Te4,Nb-Te,Nb;Te,2,9,43.695,89.583,8.05540438320474,87,Tetragonal,A4B5,0.0,False,False,False,True,Nb;Te
mp-aaaabtoo,NbZn2,Nb1-Zn2,Nb-Zn,Nb;Zn,2,24,82.962,140.627,8.149133967297084,194,Hexagonal,AB2,0.0,False,False,False,True,Nb
mp-aaaabtop,NdTlPd,Nd1-Pd1-Tl1,Nd-Pd-Tl,Nd;Pd;Tl,3,9,28.036,76.14,10.421725502391203,189,Hexagonal,ABC,0.0,False,True,True,True,
mp-aaaabtoq,NdZn2,Nd1-Zn2,Nd-Zn,Nd;Zn,2,6,23.092,56.978,7.030689573969355,74,Orthorhombic,AB2,0.0,False,True,True,True,
mp-aaaabtor,NdZn5,Nd1-Zn5,Nd-Zn,Nd;Zn,2,6,36.423,75.202,7.269781478287273,191,Hexagonal,AB5,0.0027502346969687785,False,True,True,True,
mp-aaaabtov,SrNiSn3,Ni1-Sn3-Sr1,Ni-Sn-Sr,Ni;Sn;Sr,3,5,24.888,51.162,6.598957674310322,107,Tetragonal,ABC3,0.0,False,True,True,True,
mp-aaaabtoy,TbNi5,Ni5-Tb1,Ni-Tb,Ni;Tb,2,6,72.199,143.336,9.138733451161398,191,Hexagonal,AB5,0.0,False,True,True,True,
mp-aaaabtpb,Ni4W,Ni4-W1,Ni-W,Ni;W,2,5,97.776,226.168,11.798445122336249,87,Tetragonal,AB4,0.0,False,True,True,True,
mp-aaaabtpf,LaAl3Pd2,Al3-La1-Pd2,Al-La-Pd,Al;La;Pd,3,6,56.516,102.67,6.351443807506255,191,Hexagonal,AB2C3,0.0,False,True,True,True,
mp-aaaabtpg,Li2AlPd,Al1-Li2-Pd1,Al-Li-Pd,Al;Li;Pd,3,4,29.042,68.314,4.29048407911645,216,Cubic,ABC2,0.0,False,True,True,True,
mp-aaaabtph,LiAl2Pd,Al2-Li1-Pd1,Al-Li-Pd,Al;Li;Pd,3,4,56.274,104.819,4.875656261640283,225,Cubic,ABC2,0.0,False,True,True,True,
mp-aaaabtpi,Li2AlPt,Al1-Li2-Pt1,Al-Li-Pt,Al;Li;Pt,3,4,37.313,84.603,7.053621597627703,216,Cubic,ABC2,0.0,False,True,True,True,
mp-aaaabtpj,LiAl2Pt,Al2-Li1-Pt1,Al-Li-Pt,Al;Li;Pt,3,4,59.706,124.378,7.527759937094903,225,Cubic,ABC2,0.0,False,True,True,True,
mp-aaaabtpk,Li2AlRh,Al1-Li2-Rh1,Al-Li-Rh,Al;Li;Rh,3,4,39.204,80.792,4.402867546696333,216,Cubic,ABC2,0.05371851833333352,False,True,True,True,
mp-aaaabtpl,LiAl2Rh,Al2-Li1-Rh1,Al-Li-Rh,Al;Li;Rh,3,4,55.198,119.342,4.937557492728855,225,Cubic,ABC2,0.0,False,True,True,True,
mp-aaaabtpp,PaRh3,Pa1-Rh3,Pa-Rh,Pa;Rh,2,4,92.757,212.903,13.353674981184223,221,Cubic,AB3,0.0,False,False,False,True,Pa
mp-aaaabtpy,SrSn3Pd,Pd1-Sn3-Sr1,Pd-Sn-Sr,Pd;Sn;Sr,3,5,13.412,56.392,6.736000413075953,107,Tetragonal,ABC3,0.0,False,True,True,True,
mp-aaaabtpz,TaPd2,Pd2-Ta1,Pd-Ta,Pd;Ta,2,3,73.846,205.117,13.647544655462156,71,Orthorhombic,AB2,0.0,False,True,True,True,
mp-aaaabtqa,TaPd3,Pd3-Ta1,Pd-Ta,Pd;Ta,2,4,86.887,210.488,13.285136132885377,139,Tetragonal,AB3,0.0,False,True,True,True,
mp-aaaabtqd,Th3Pd5,Pd5-Th3,Pd-Th,Pd;Th,2,8,21.272,79.566,11.44797251560214,189,Hexagonal,A3B5,0.2877372397500011,False,True,True,True,
mp-aaaabtqe,Ti2Pd3,Pd3-Ti2,Pd-Ti,Pd;Ti,2,10,41.93,154.553,8.73037840736576,63,Orthorhombic,A2B3,0.0,False,True,True,True,
mp-aaaabtqg,ZrPd3,Pd3-Zr1,Pd-Zr,Pd;Zr,2,16,80.861,170.268,10.333268674581891,194,Hexagonal,AB3,0.0,False,True,True,True,
mp-aaaabtqj,SmPt3,Pt3-Sm1,Pt-Sm,Pt;Sm,2,4,64.907,160.432,16.783320255353516,221,Cubic,AB3,0.0,False,True,True,True,
mp-aaaabtqk,Sn3Pt2,Pt2-Sn3,Pt-Sn,Pt;Sn,2,10,30.087,102.187,11.081810577577984,194,Hexagonal,A2B3,0.0,False,True,True,True,
mp-aaaabtqm,USnPt,Pt1-Sn1-U1,Pt-Sn-U,Pt;Sn;U,3,3,53.407,145.047,12.382209251231988,216,Cubic,ABC,0.00964976296295994,False,True,True,True,
mp-aaaabtqn,TaPt2,Pt2-Ta1,Pt-Ta,Pt;Ta,2,6,75.583,243.933,19.181574304762744,63,Orthorhombic,AB2,0.0,False,True,True,True,
mp-aaaabtqo,TaPt3,Pt3-Ta1,Pt-Ta,Pt;Ta,2,8,90.679,259.644,19.903202075693184,59,Orthorhombic,AB3,0.00030014937500055794,False,True,True,True,
mp-aaaabtqp,Ti3Pt5,Pt5-Ti3,Pt-Ti,Pt;Ti,2,16,73.603,202.97,14.796532396636355,72,Orthorhombic,A3B5,0.0,False,True,True,True,
mp-aaaabtqq,TiPt8,Pt8-Ti1,Pt-Ti,Pt;Ti,2,9,86.388,240.535,19.073671337423487,139,Tetragonal,AB8,0.0,False,True,True,True,
mp-aaaabtqu,ZnPt3,Pt3-Zn1,Pt-Zn,Pt;Zn,2,4,67.417,211.734,17.724829890117995,221,Cubic,AB3,0.0,False,True,True,True,
mp-aaaabtqw,ZrPt3,Pt3-Zr1,Pt-Zr,Pt;Zr,2,4,103.854,221.479,16.82764734079017,221,Cubic,AB3,0.016842564374996982,False,True,True,True,
mp-aaaabtre,Rh3W,Rh3-W1,Rh-W,Rh;W,2,8,137.344,282.841,14.089402801662613,194,Hexagonal,AB3,0.0,False,True,True,True,
mp-aaaabtrf,ScRu,Ru1-Sc1,Ru-Sc,Ru;Sc,2,2,55.613,148.847,7.287301640629321,221,Cubic,AB,0.0,False,True,True,True,
mp-aaaabtrk,ThSn2,Sn2-Th1,Sn-Th,Sn;Th,2,6,40.547,71.526,9.082545542086127,63,Orthorhombic,AB2,0.0,False,True,True,True,
mp-aaaabtrn,Ti2Sn,Sn1-Ti2,Sn-Ti,Sn;Ti,2,6,61.103,114.555,6.446411995023975,194,Hexagonal,AB2,0.0,False,True,True,True,
mp-aaaabtro,Zr3Sn,Sn1-Zr3,Sn-Zr,Sn;Zr,2,8,39.314,103.006,7.219062699975371,223,Cubic,AB3,0.028289383749999786,False,True,True,True,
mp-aaaabtrp,SrTl2,Sr1-Tl2,Sr-Tl,Sr;Tl,2,6,16.996,26.768,8.310081615593393,194,Hexagonal,AB2,0.0,False,True,True,True,
mp-aaaabtrq,TbTl,Tb1-Tl1,Tb-Tl,Tb;Tl,2,2,14.522,52.636,10.885227305192963,221,Cubic,AB,0.0,False,True,True,True,
mp-aaaabtru,TiZn2,Ti1-Zn2,Ti-Zn,Ti;Zn,2,12,65.278,105.49,6.493946354642424,194,Hexagonal,AB2,0.003797694999998047,False,True,True,True,
mp-aaaabtrv,V4Zn5,V4-Zn5,V-Zn,V;Zn,2,9,38.221,125.541,6.966455251745526,139,Tetragonal,A4B5,0.0,False,True,True,True,
mp-aaaabtrw,YZn3,Y1-Zn3,Y-Zn,Y;Zn,2,16,41.301,72.174,6.3518801653572154,62,Orthorhombic,AB3,0.0,False,True,True,True,
mp-aaaabtrx,YZn5,Y1-Zn5,Y-Zn,Y;Zn,2,6,45.395,78.306,6.671900209816318,191,Hexagonal,AB5,0.0,False,True,True,True,
mp-aaaabtry,YZn12,Y1-Zn12,Y-Zn,Y;Zn,2,13,54.123,79.823,7.032006690997326,139,Tetragonal,AB12,0.0,False,True,True,True,
mp-aaaabtse,Ba4Bi3,Ba4-Bi3,Ba-Bi,Ba;Bi,2,14,11.495,24.169,6.294897036244466,220,Cubic,A3B4,0.0,False,True,True,True,
mp-aaaabttt,ZrBi,Bi1-Zr1,Bi-Zr,Bi;Zr,2,12,48.372,82.991,9.716615551118355,63,Orthorhombic,AB,0.0,False,True,True,True,
mp-aaaabtxa,SrAgBi,Ag1-Bi1-Sr1,Ag-Bi-Sr,Ag;Bi;Sr,3,6,20.895,35.76,7.198107136770625,194,Hexagonal,ABC,0.0,False,True,True,True,
mp-aaaabtyp,Ba(AlGe)2,Al2-Ba1-Ge2,Al-Ba-Ge,Al;Ba;Ge,3,5,19.745,43.029,4.633530639974245,139,Tetragonal,AB2C2,0.005721685000000143,False,True,True,True,
mp-aaaabtzl,Sc(MnAl2)4,Al8-Mn4-Sc1,Al-Mn-Sc,Al;Mn;Sc,3,13,97.394,153.967,4.289819276227647,139,Tetragonal,AB4C8,0.0,False,True,True,True,
mp-aaaabubo,Lu2NiSn6,Lu2-Ni1-Sn6,Lu-Ni-Sn,Lu;Ni;Sn,3,9,38.649,65.165,8.635558039024225,65,Orthorhombic,AB2C6,0.004757057962962996,False,True,True,True,
mp-aaaabubq,MnPd3,Mn1-Pd3,Mn-Pd,Mn;Pd,2,8,53.987,146.973,10.173678921263553,139,Tetragonal,AB3,0.0,False,True,True,True,
mp-aaaabubw,Rb3Au7,Au7-Rb3,Au-Rb,Au;Rb,2,10,14.575,45.356,9.37690801083087,65,Orthorhombic,A3B7,0.0,False,True,True,True,
mp-aaaabubx,BaCuBi,Ba1-Bi1-Cu1,Ba-Bi-Cu,Ba;Bi;Cu,3,6,24.08,38.096,7.131335542374766,194,Hexagonal,ABC,0.04107070871794871,False,True,True,True,
mp-aaaabuca,BaZnSn,Ba1-Sn1-Zn1,Ba-Sn-Zn,Ba;Sn;Zn,3,6,25.518,34.655,5.475712960532269,194,Hexagonal,ABC,0.0,False,True,True,True,
mp-aaaabuce,CaGaPt,Ca1-Ga1-Pt1,Ca-Ga-Pt,Ca;Ga;Pt,3,12,24.132,81.877,8.27985608761239,62,Orthorhombic,ABC,0.0,False,False,False,True,Ga
mp-aaaabucf,CaGePt,Ca1-Ge1-Pt1,Ca-Ge-Pt,Ca;Ge;Pt,3,12,35.644,89.711,8.465824438066045,62,Orthorhombic,ABC,0.0,False,True,True,True,
mp-aaaabucm,CaZnSn,Ca1-Sn1-Zn1,Ca-Sn-Zn,Ca;Sn;Zn,3,6,37.248,46.54,5.120178509691219,186,Hexagonal,ABC,0.0,False,True,True,True,
mp-aaaabucu,Li2AlAg,Ag1-Al1-Li2,Ag-Al-Li,Ag;Al;Li,3,4,25.281,50.135,3.920677486596078,216,Cubic,ABC2,0.0,False,True,True,True,
mp-aaaabucv,ScAlAg2,Ag2-Al1-Sc1,Ag-Al-Sc,Ag;Al;Sc,3,4,31.362,93.143,6.588180653272263,225,Cubic,ABC2,0.0,False,True,True,True,
mp-aaaabucw,Cd2AgAu,Ag1-Au1-Cd2,Ag-Au-Cd,Ag;Au;Cd,3,4,13.904,82.477,11.234955391091628,225,Cubic,ABC2,0.0,False,True,True,True,
mp-aaaabucx,Zn2AgAu,Ag1-Au1-Zn2,Ag-Au-Zn,Ag;Au;Zn,3,4,25.725,102.933,11.135832180232969,225,Cubic,ABC2,0.0,False,True,True,True,
mp-aaaabucz,CeCd2Ag,Ag1-Cd2-Ce1,Ag-Cd-Ce,Ag;Cd;Ce,3,4,17.503,53.25,8.213530257229213,225,Cubic,ABC2,0.041352636093750395,False,False,False,True,Ce
mp-aaaabude,DyAl3,Al3-Dy1,Al-Dy,Al;Dy,2,4,52.022,72.759,5.024391493785032,139,Tetragonal,AB3,0.14322652999999796,False,True,True,True,
mp-aaaabudi,ErAl2Ni,Al2-Er1-Ni1,Al-Er-Ni,Al;Er;Ni,3,8,57.442,93.639,6.6222375047809585,63,Orthorhombic,ABC2,0.0,False,True,True,True,
mp-aaaabudl,MnAlFe2,Al1-Fe2-Mn1,Al-Fe-Mn,Al;Fe;Mn,3,4,131.417,204.228,7.032153641678269,225,Cubic,ABC2,0.0,False,True,True,True,
mp-aaaabudn,TiAlFe2,Al1-Fe2-Ti1,Al-Fe-Ti,Al;Fe;Ti,3,4,85.502,184.183,6.252534792963411,225,Cubic,ABC2,0.0,False,True,True,True,
mp-aaaabuef,Zr3Fe,Fe1-Zr3,Fe-Zr,Fe;Zr,2,8,37.707,102.072,6.804631270407772,63,Orthorhombic,AB3,0.0,False,True,True,True,
mp-aaaabuei,LiIn2Ir,In2-Ir1-Li1,In-Ir-Li,In;Ir;Li,3,4,40.176,103.987,10.1593129423346,225,Cubic,ABC2,0.0,False,True,True,True,
mp-aaaabuej,Ca(BeGe)2,Be2-Ca1-Ge2,Be-Ca-Ge,Be;Ca;Ge,3,10,48.951,71.325,4.203503671380788,129,Tetragonal,AB2C2,0.027983462999999098,False,True,True,True,
mp-aaaabugz,Sn4Ir,Ir1-Sn4,Ir-Sn,Ir;Sn,2,20,37.376,71.396,9.26387958005895,142,Tetragonal,AB4,0.027021374500002082,False,True,True,True,
mp-aaaabuhq,Sr2In3Rh2,In3-Rh2-Sr2,In-Rh-Sr,In;Rh;Sr,3,7,26.802,58.384,6.881981102724234,12,Monoclinic,A2B2C3,0.0,False,True,True,True,
mp-aaaabuhx,LiSn4Au3,Au3-Li1-Sn4,Au-Li-Sn,Au;Li;Sn,3,16,20.244,62.451,9.319553320503706,186,Hexagonal,AB3C4,0.0,False,True,True,True,
mp-aaaabuiu,Li2In,In1-Li2,In-Li,In;Li,2,6,23.649,28.365,3.727400572525503,63,Orthorhombic,AB2,0.0,False,True,True,True,
mp-aaaabujh,InPd3,In1-Pd3,In-Pd,In;Pd,2,4,37.467,143.036,10.887809213228817,221,Cubic,AB3,0.031658931249999966,False,True,True,True,
mp-aaaabujj,ScInPd2,In1-Pd2-Sc1,In-Pd-Sc,In;Pd;Sc,3,4,41.443,118.985,8.636323536883843,225,Cubic,ABC2,0.0,False,True,True,True,
mp-aaaabujt,Sr3In,In1-Sr3,In-Sr,In;Sr,2,4,7.912,17.296,3.850081177156244,225,Cubic,AB3,0.1316895325000007,False,True,True,True,
mp-aaaabukx,Zr2Sb,Sb1-Zr2,Sb-Zr,Sb;Zr,2,6,29.962,106.569,7.352109889589201,139,Tetragonal,AB2,0.0,False,True,True,True,
mp-aaaabuky,SmPd,Pd1-Sm1,Pd-Sm,Pd;Sm,2,4,26.496,75.905,8.922052858770117,63,Orthorhombic,AB,0.0,False,True,True,True,
mp-aaaabulb,Hf6CoBi2,Bi2-Co1-Hf6,Bi-Co-Hf,Bi;Co;Hf,3,9,59.853,107.37,13.218670576318466,189,Hexagonal,AB2C6,0.0,False,True,True,True,
mp-aaaabulu,Sm2GeRh3,Ge1-Rh3-Sm2,Ge-Rh-Sm,Ge;Rh;Sm,3,6,45.013,131.74,10.141903469913464,166,Trigonal,AB2C3,0.0,False,True,True,True,
mp-aaaabumd,Th(Al2Cr)4,Al8-Cr4-Th1,Al-Cr-Th,Al;Cr;Th,3,13,87.328,119.17,5.323397067421733,139,Tetragonal,AB4C8,0.011820383923071276,False,False,False,True,Cr
mp-aaaabune,YZrSb,Sb1-Y1-Zr1,Sb-Y-Zr,Sb;Y;Zr,3,6,41.125,78.942,6.558553343993294,139,Tetragonal,ABC,0.0,False,True,True,True,
mp-aaaabunh,Li2GaIr,Ga1-Ir1-Li2,Ga-Ir-Li,Ga;Ir;Li,3,4,41.728,95.635,8.471814406971912,216,Cubic,ABC2,0.0,False,False,False,True,Ga
mp-aaaabuni,Li2InRh,In1-Li2-Rh1,In-Li-Rh,In;Li;Rh,3,4,25.237,70.882,6.068582319327221,216,Cubic,ABC2,0.0,False,True,True,True,
mp-aaaabunj,Li2InIr,In1-Ir1-Li2,In-Ir-Li,In;Ir;Li,3,4,28.256,82.523,8.430514675487874,216,Cubic,ABC2,0.009607000749998207,False,True,True,True,
mp-aaaabuns,ZrNiBi,Bi1-Ni1-Zr1,Bi-Ni-Zr,Bi;Ni;Zr,3,3,37.576,99.372,9.53161319720837,216,Cubic,ABC,0.07089598224073956,False,True,True,True,
mp-aaaabunt,NbSbRh,Nb1-Rh1-Sb1,Nb-Rh-Sb,Nb;Rh;Sb,3,3,42.085,149.831,8.705205228045621,216,Cubic,ABC,0.11392678241227738,False,False,False,True,Nb
mp-aaaabunw,HfSbRu,Hf1-Ru1-Sb1,Hf-Ru-Sb,Hf;Ru;Sb,3,3,47.25,142.704,10.564366664264213,216,Cubic,ABC,0.07082199864583316,False,True,True,True,
mp-aaaabunx,ZrSbRu,Ru1-Sb1-Zr1,Ru-Sb-Zr,Ru;Sb;Zr,3,3,45.611,136.523,8.126716988623471,216,Cubic,ABC,0.0,False,True,True,True,
mp-aaaabuny,TiSbRu,Ru1-Sb1-Ti1,Ru-Sb-Ti,Ru;Sb;Ti,3,3,28.092,144.54,7.691046237618117,216,Cubic,ABC,0.1200736404166669,False,True,True,True,
mp-aaaabunz,TaCoSb,Co1-Sb1-Ta1,Co-Sb-Ta,Co;Sb;Ta,3,3,66.374,165.084,11.286962187381288,216,Cubic,ABC,0.09887629448148072,False,True,True,True,
mp-aaaabuoa,NbCoSb,Co1-Nb1-Sb1,Co-Nb-Sb,Co;Nb;Sb,3,3,59.158,193.533,8.485597782898648,216,Cubic,ABC,0.020578627719296527,False,False,False,True,Nb
mp-aaaabuoh,Ga3Pd7,Ga3-Pd7,Ga-Pd,Ga;Pd,2,10,50.274,150.991,10.440572930020931,12,Monoclinic,A3B7,0.0008468572499964466,False,False,False,True,Ga
mp-aaaabuoj,Hf5CuSn3,Cu1-Hf5-Sn3,Cu-Hf-Sn,Cu;Hf;Sn,3,18,63.711,118.269,11.695875050548226,193,Hexagonal,AB3C5,0.0,False,True,True,True,
mp-aaaabupk,Li2Sn2Au,Au1-Li2-Sn2,Au-Li-Sn,Au;Li;Sn,3,10,21.387,47.106,6.922956372348258,141,Tetragonal,AB2C2,0.0,False,True,True,True,
mp-aaaabupm,BaPt,Ba1-Pt1,Ba-Pt,Ba;Pt,2,4,19.133,49.609,8.708980610413,194,Hexagonal,AB,0.0,False,True,True,True,
mp-aaaabupy,NbCuTe2,Cu1-Nb1-Te2,Cu-Nb-Te,Cu;Nb;Te,3,8,37.452,65.953,7.467544256713892,11,Monoclinic,ABC2,0.02535003250000134,False,False,False,True,Nb;Te
mp-aaaabwnz,Ag2Te,Ag2-Te1,Ag-Te,Ag;Te,2,6,12.209,52.857,7.7467862624042585,64,Orthorhombic,AB2,0.041975696666664675,False,False,False,True,Te
mp-aaaabwqx,HfTe2,Hf1-Te2,Hf-Te,Hf;Te,2,3,10.089,11.738,7.2731125223227835,164,Trigonal,AB2,0.0,False,False,False,True,Te
mp-aaaabyqy,NaZnAs,As1-Na1-Zn1,As-Na-Zn,As;Na;Zn,3,3,15.206,42.014,4.233518825485095,216,Cubic,ABC,0.13561612333333306,False,False,False,True,As
mp-aaaacabl,Co2SbTe,Co2-Sb1-Te1,Co-Sb-Te,Co;Sb;Te,3,4,60.404,133.616,8.877088816578896,187,Hexagonal,ABC2,0.10165320187499916,False,False,False,True,Te
mp-aaaacaeu,K(FeAs)2,As2-Fe2-K1,As-Fe-K,As;Fe;K,3,5,24.423,48.787,5.004710684720644,139,Tetragonal,AB2C2,0.0,False,False,False,True,As
mp-aaaacban,Li2CuGe,Cu1-Ge1-Li2,Cu-Ge-Li,Cu;Ge;Li,3,8,40.226,58.787,4.664702054384249,216,Cubic,ABC2,0.0,False,True,True,True,
mp-aaaacefu,Ni2SbTe,Ni2-Sb1-Te1,Ni-Sb-Te,Ni;Sb;Te,3,4,42.718,101.094,8.387335800441676,187,Hexagonal,ABC2,0.052411589687499927,False,False,False,True,Te
mp-aaabcspb,USnTe,Sn1-Te1-U1,Sn-Te-U,Sn;Te;U,3,6,22.01,60.998,9.631648265142953,129,Tetragonal,ABC,0.0,False,False,False,True,Te
mp-aaabctbv,USb2Ru,Ru1-Sb2-U1,Ru-Sb-U,Ru;Sb;U,3,8,53.613,83.812,10.919682507445271,129,Tetragonal,ABC2,0.0,False,True,True,True,
mp-aaabctjj,Ba(Cu3As)2,As2-Ba1-Cu6,As-Ba-Cu,As;Ba;Cu,3,9,24.781,66.243,7.061705274887633,123,Tetragonal,AB2C6,0.012866381111109604,False,False,False,True,As
mp-aaabctly,CeGeRh,Ce1-Ge1-Rh1,Ce-Ge-Rh,Ce;Ge;Rh,3,12,29.558,109.376,8.806510857394263,62,Orthorhombic,ABC,0.0,False,False,False,True,Ce
mp-aaabctus,NiAs2,As2-Ni1,As-Ni,As;Ni,2,24,61.884,111.202,7.009284844985866,61,Orthorhombic,AB2,0.0031899970833340063,False,False,False,True,As
mp-aaabctux,Sr(CuSb)2,Cu2-Sb2-Sr1,Cu-Sb-Sr,Cu;Sb;Sr,3,10,13.558,62.734,6.617725379617811,129,Tetragonal,AB2C2,0.0,False,True,True,True,
mp-aaabctvw,TiAsRh,As1-Rh1-Ti1,As-Rh-Ti,As;Rh;Ti,3,12,76.463,176.642,8.166302125111994,62,Orthorhombic,ABC,0.0,False,False,False,True,As
mp-aaabctyd,VNiSb,Ni1-Sb1-V1,Ni-Sb-V,Ni;Sb;V,3,3,47.873,142.304,7.476775410389215,216,Cubic,ABC,0.128043692857144,False,True,True,True,
mp-aaabcufc,Ge7Ir3,Ge7-Ir3,Ge-Ir,Ge;Ir,2,20,85.13,141.767,10.594422768131324,229,Cubic,A3B7,0.005841246249993048,False,True,True,True,
mp-aaabcufd,MnGePd2,Ge1-Mn1-Pd2,Ge-Mn-Pd,Ge;Mn;Pd,3,4,22.932,134.593,9.34731537463235,225,Cubic,ABC2,0.07937626385057417,False,True,True,True,
mp-aaabcufz,MnFeAs,As1-Fe1-Mn1,As-Fe-Mn,As;Fe;Mn,3,6,40.972,114.365,7.538538354245747,129,Tetragonal,ABC,0.05688660166666892,False,False,False,True,As
mp-aaabcuga,Ti2CuSb3,Cu1-Sb3-Ti2,Cu-Sb-Ti,Cu;Sb;Ti,3,6,51.886,90.931,7.251260647350572,115,Tetragonal,AB2C3,0.05716498011904392,False,True,True,True,
mp-aaabdata,IrPb,Ir1-Pb1,Ir-Pb,Ir;Pb,2,4,49.325,125.941,15.274118437174922,194,Hexagonal,AB,0.24627662249999815,False,True,True,True,
mp-aaabdatv,Sn2Ru,Ru1-Sn2,Ru-Sn,Ru;Sn,2,6,63.673,117.026,9.31674242977384,140,Tetragonal,AB2,0.0667029431666677,False,True,True,True,
mp-aaabdaxj,BaZnPb,Ba1-Pb1-Zn1,Ba-Pb-Zn,Ba;Pb;Zn,3,6,20.614,29.868,6.645179334533412,194,Hexagonal,ABC,0.020344268141026856,False,True,True,True,
mp-aaabdazu,GdAs,As1-Gd1,As-Gd,As;Gd,2,2,46.696,78.507,7.512742208813069,225,Cubic,AB,0.0,False,False,False,True,As
mp-aaabdbax,GdSb,Gd1-Sb1,Gd-Sb,Gd;Sb,2,2,31.19,98.6,7.49718176415228,225,Cubic,AB,0.0,False,True,True,True,
mp-aaabdbby,Li13In3,In3-Li13,In-Li,In;Li,2,32,17.785,22.544,2.4564237428295512,227,Cubic,A3B13,0.0,False,True,True,True,
mp-aaabdbcf,In3Pd2,In3-Pd2,In-Pd,In;Pd,2,5,35.851,88.536,8.923894145177588,164,Trigonal,A2B3,0.0,False,True,True,True,
mp-aaabdbcj,YInPt2,In1-Pt2-Y1,In-Pt-Y,In;Pt;Y,3,8,39.147,121.073,11.907779362550345,194,Hexagonal,ABC2,0.0,False,True,True,True,
mp-aaabdbet,Nd5Sn3,Nd5-Sn3,Nd-Sn,Nd;Sn,2,16,30.308,53.972,6.945443692674112,193,Hexagonal,A3B5,0.0,False,True,True,True,
mp-aaabdblz,Hf5Sn4,Hf5-Sn4,Hf-Sn,Hf;Sn,2,18,64.424,111.118,11.514737025635025,193,Hexagonal,A4B5,0.0,False,True,True,True,
mp-aaabeuyz,CrGeTe3,Cr1-Ge1-Te3,Cr-Ge-Te,Cr;Ge;Te,3,10,8.261,12.438,5.438700068464215,148,Trigonal,ABC3,0.0,False,False,False,True,Cr;Te
mp-aaabevks,TiCu2Te3,Cu2-Te3-Ti1,Cu-Te-Ti,Cu;Te;Ti,3,12,25.085,41.734,6.444472342296405,12,Monoclinic,AB2C3,0.0,False,False,False,True,Te
mp-aaabevwr,CdAgSb,Ag1-Cd1-Sb1,Ag-Cd-Sb,Ag;Cd;Sb,3,3,6.418,58.715,7.569665012079124,216,Cubic,ABC,0.03233370013888859,False,True,True,True,
mp-aaabevyg,SbPd2,Pd2-Sb1,Pd-Sb,Pd;Sb,2,12,39.637,126.402,10.283645081823526,36,Orthorhombic,AB2,0.0,False,True,True,True,
mp-aaabewau,YbMgGe,Ge1-Mg1-Yb1,Ge-Mg-Yb,Ge;Mg;Yb,3,12,40.06,48.382,6.497475415865142,62,Orthorhombic,ABC,0.0,False,True,True,True,
mp-aaabewkr,Mg3Rh,Mg3-Rh1,Mg-Rh,Mg;Rh,2,24,26.555,65.593,3.8641260265172273,185,Hexagonal,AB3,0.0,False,True,True,True,
mp-aaabewqa,EuAg5,Ag5-Eu1,Ag-Eu,Ag;Eu,2,6,20.975,65.098,8.643386180248418,191,Hexagonal,AB5,0.0,False,True,True,True,
mp-aaabewqb,AlRu,Al1-Ru1,Al-Ru,Al;Ru,2,2,107.621,203.483,7.818325591119055,221,Cubic,AB,0.0,False,True,True,True,
mp-aaabewqp,EuTe,Eu1-Te1,Eu-Te,Eu;Te,2,2,22.782,32.56,6.564978881061504,225,Cubic,AB,0.0,False,False,False,True,Te
mp-aaabewrb,Ge2W,Ge2-W1,Ge-W,Ge;W,2,3,131.74,170.049,11.759212878171349,139,Tetragonal,AB2,0.12666240666666795,False,True,True,True,
mp-aaabewsu,GePt,Ge1-Pt1,Ge-Pt,Ge;Pt,2,8,53.162,141.112,13.136746499960797,62,Orthorhombic,AB,0.0,False,True,True,True,
mp-aaabexdj,TiAl3,Al3-Ti1,Al-Ti,Al;Ti,2,4,86.395,106.208,3.356438374942462,139,Tetragonal,AB3,0.0,False,True,True,True,
mp-aaabexgr,Zr5Sn4,Sn4-Zr5,Sn-Zr,Sn;Zr,2,18,64.238,104.158,7.605291932887478,193,Hexagonal,A4B5,0.0,False,True,True,True,
mp-aaabggxd,YbRh,Rh1-Yb1,Rh-Yb,Rh;Yb,2,2,33.51,81.33,12.484849380904727,221,Cubic,AB,0.0,False,True,True,True,
mp-aaabggxl,LiCu2Ge,Cu2-Ge1-Li1,Cu-Ge-Li,Cu;Ge;Li,3,4,36.738,88.21,6.632251449116425,225,Cubic,ABC2,0.0,False,True,True,True,
mp-aaabggye,YbRu,Ru1-Yb1,Ru-Yb,Ru;Yb,2,2,24.812,73.949,12.487491194140546,221,Cubic,AB,0.0,False,True,True,True,
mp-aaabghar,ZrRh,Rh1-Zr1,Rh-Zr,Rh;Zr,2,8,47.288,161.195,8.709739222611084,63,Orthorhombic,AB,0.0005148862499986251,False,True,True,True,
mp-aaabghbh,YSnAu,Au1-Sn1-Y1,Au-Sn-Y,Au;Sn;Y,3,6,42.304,77.288,9.316692298753523,186,Hexagonal,ABC,0.0,False,True,True,True,
mp-aaabghbu,TbInAu2,Au2-In1-Tb1,Au-In-Tb,Au;In;Tb,3,4,22.082,89.859,12.781963082022717,225,Cubic,ABC2,0.0,False,True,True,True,
mp-aaabghby,NdSnRh,Nd1-Rh1-Sn1,Nd-Rh-Sn,Nd;Rh;Sn,3,9,32.566,98.469,8.937462245436313,189,Hexagonal,ABC,0.0,False,True,True,True,
mp-aaabghcy,Ba(MnSb)2,Ba1-Mn2-Sb2,Ba-Mn-Sb,Ba;Mn;Sb,3,5,20.062,29.349,6.085153214271161,139,Tetragonal,AB2C2,0.12460563149424875,False,True,True,True,
mp-aaabghei,TaV2,Ta1-V2,Ta-V,Ta;V,2,6,26.294,194.158,10.337362658530338,227,Cubic,AB2,0.0,False,True,True,True,
mp-aaabghfl,CeAl3,Al3-Ce1,Al-Ce,Al;Ce,2,8,44.645,65.0,4.444828444386026,194,Hexagonal,AB3,0.0,False,False,False,True,Ce
mp-aaabghfu,ErNi,Er1-Ni1,Er-Ni,Er;Ni,2,8,24.157,83.503,9.605298917810813,62,Orthorhombic,AB,0.0,False,True,True,True,
mp-aaabghgz,NbRh,Nb1-Rh1,Nb-Rh,Nb;Rh,2,6,60.562,217.831,10.08095923878021,10,Monoclinic,AB,0.01561178666666585,False,False,False,True,Nb
mp-aaabghhb,Li2AgSn,Ag1-Li2-Sn1,Ag-Li-Sn,Ag;Li;Sn,3,4,20.768,46.665,5.547824862768929,216,Cubic,ABC2,0.0,False,True,True,True,
mp-aaabghhq,BiTe,Bi1-Te1,Bi-Te,Bi;Te,2,2,18.075,47.617,8.1393444544274,225,Cubic,AB,0.10425855750000323,False,False,False,True,Te
mp-aaabghir,Li2ZnGe,Ge1-Li2-Zn1,Ge-Li-Zn,Ge;Li;Zn,3,4,25.919,42.925,4.237064321417486,225,Cubic,ABC2,0.1016042387499998,False,True,True,True,
mp-aaabghix,Li15Au4,Au4-Li15,Au-Li,Au;Li,2,38,13.292,28.91,4.660873829124989,220,Cubic,A4B15,0.0,False,True,True,True,
mp-aaabghji,SmZn5,Sm1-Zn5,Sm-Zn,Sm;Zn,2,6,41.622,76.323,7.486242958520868,191,Hexagonal,AB5,0.006163156515143875,False,True,True,True,
mp-aaabghjo,Y5Sn3,Sn3-Y5,Sn-Y,Sn;Y,2,16,45.075,62.369,5.775583439083407,193,Hexagonal,A3B5,0.0,False,True,True,True,
mp-aaabghle,NdGa3,Ga3-Nd1,Ga-Nd,Ga;Nd,2,4,39.27,68.84,6.95158630753711,221,Cubic,AB3,0.12234971624999957,False,False,False,True,Ga
mp-aaabghlg,CaGe2,Ca1-Ge2,Ca-Ge,Ca;Ge,2,3,36.036,49.42,4.18840646987102,166,Trigonal,AB2,0.0,False,True,True,True,
mp-aaabghni,BaSn2,Ba1-Sn2,Ba-Sn,Ba;Sn,2,3,17.29,32.687,5.645283183017794,164,Trigonal,AB2,0.0,False,True,True,True,
mp-aaabghok,YbCu2,Cu2-Yb1,Cu-Yb,Cu;Yb,2,6,29.254,66.135,9.444588167459596,74,Orthorhombic,AB2,0.0,False,True,True,True,
mp-aaabghpu,DyAgGe,Ag1-Dy1-Ge1,Ag-Dy-Ge,Ag;Dy;Ge,3,9,52.137,85.081,9.061397796159051,189,Hexagonal,ABC,0.0,False,True,True,True,
mp-aaabghqi,DyInRh,Dy1-In1-Rh1,Dy-In-Rh,Dy;In;Rh,3,9,31.23,98.902,9.78490123174192,189,Hexagonal,ABC,0.0,False,True,True,True,
mp-aaabghqj,DyAl3,Al3-Dy1,Al-Dy,Al;Dy,2,4,59.228,75.98,5.2430380454427254,221,Cubic,AB3,0.02404262750000008,False,True,True,True,
mp-aaabghrg,ScOs2,Os2-Sc1,Os-Sc,Os;Sc,2,12,69.065,237.275,13.976139636658417,194,Hexagonal,AB2,0.0,False,True,True,True,
mp-aaabghsv,Ti3Ni4,Ni4-Ti3,Ni-Ti,Ni;Ti,2,14,39.688,156.786,6.790259581104299,148,Trigonal,A3B4,0.007696926964285922,False,True,True,True,
mp-aaabghuv,TiAl2,Al2-Ti1,Al-Ti,Al;Ti,2,12,81.43,109.691,3.533801114948134,141,Tetragonal,AB2,0.0,False,True,True,True,
mp-aaabghvc,PrCoGe,Co1-Ge1-Pr1,Co-Ge-Pr,Co;Ge;Pr,3,6,37.899,60.752,7.458172154039764,129,Tetragonal,ABC,0.0,False,True,True,True,
mp-aaabghvn,Nd(NiAs)2,As2-Nd1-Ni2,As-Nd-Ni,As;Nd;Ni,3,5,51.797,120.915,8.02363818954676,139,Tetragonal,AB2C2,0.028122988999999876,False,False,False,True,As
mp-aaabghwl,Co7Mo6,Co7-Mo6,Co-Mo,Co;Mo,2,13,121.476,317.793,9.891633969979024,166,Trigonal,A6B7,0.011532919358973714,False,True,True,True,
mp-aaabghwo,ScRu2,Ru2-Sc1,Ru-Sc,Ru;Sc,2,12,52.506,188.959,8.269224331580837,194,Hexagonal,AB2,0.0,False,True,True,True,
mp-aaabghxz,LiInAg2,Ag2-In1-Li1,Ag-In-Li,Ag;In;Li,3,4,20.019,60.474,7.600006634043207,225,Cubic,ABC2,0.0,False,True,True,True,
mp-aaabghyt,TmZrSb,Sb1-Tm1-Zr1,Sb-Tm-Zr,Sb;Tm;Zr,3,6,38.108,79.62,8.492732839043946,139,Tetragonal,ABC,0.0,False,True,True,True,
mp-aaabghyu,Tm(CuGe)2,Cu2-Ge2-Tm1,Cu-Ge-Tm,Cu;Ge;Tm,3,5,55.871,102.384,8.727088321493024,139,Tetragonal,AB2C2,0.0,False,True,True,True,
mp-aaabghze,Sm(NiAs)2,As2-Ni2-Sm1,As-Ni-Sm,As;Ni;Sm,3,5,52.411,97.913,8.295042709879228,139,Tetragonal,AB2C2,0.028454192999999073,False,False,False,True,As
mp-aaabghzs,TiTe,Te1-Ti1,Te-Ti,Te;Ti,2,4,55.643,85.973,6.817774591699913,194,Hexagonal,AB,0.09452196062500207,False,False,False,True,Te
mp-aaabgiac,TaBe12,Be12-Ta1,Be-Ta,Be;Ta,2,13,146.834,136.248,4.27108034816111,139,Tetragonal,AB12,0.0,False,True,True,True,
mp-aaabgiaq,MnAsRh,As1-Mn1-Rh1,As-Mn-Rh,As;Mn;Rh,3,9,53.657,147.225,8.650292046253353,189,Hexagonal,ABC,0.0,False,False,False,True,As
mp-aaabgibx,TiGe2,Ge2-Ti1,Ge-Ti,Ge;Ti,2,6,80.368,113.668,6.6129110877018,70,Orthorhombic,AB2,0.04605394783333239,False,True,True,True,
mp-aaabgibz,NdAg2,Ag2-Nd1,Ag-Nd,Ag;Nd,2,3,17.944,58.469,8.320770487591135,191,Hexagonal,AB2,0.01499643333333367,False,True,True,True,
mp-aaabgicu,SmHgPd,Hg1-Pd1-Sm1,Hg-Pd-Sm,Hg;Pd;Sm,3,9,25.976,83.107,11.07609106434742,189,Hexagonal,ABC,0.0,False,False,False,True,Hg
mp-aaabgidl,Al13Os4,Al13-Os4,Al-Os,Al;Os,2,17,78.001,147.4,6.984532175625528,12,Monoclinic,A4B13,0.0,False,True,True,True,
mp-aaabgifl,CrGaCo2,Co2-Cr1-Ga1,Co-Cr-Ga,Co;Cr;Ga,3,4,78.329,199.836,8.469706251034516,225,Cubic,ABC2,0.02157659625000008,False,False,False,True,Cr;Ga
mp-aaabgifm,TaSn2,Sn2-Ta1,Sn-Ta,Sn;Ta,2,12,49.663,103.041,10.164343470800512,70,Orthorhombic,AB2,0.04603517277777769,False,True,True,True,
mp-aaabgigk,DyFe5,Dy1-Fe5,Dy-Fe,Dy;Fe,2,6,70.637,118.137,8.586626737073866,191,Hexagonal,AB5,0.00039498666666748505,False,True,True,True,
mp-aaabgigs,Nb3Bi,Bi1-Nb3,Bi-Nb,Bi;Nb,2,8,66.883,158.674,10.351409526465284,223,Cubic,AB3,0.0,False,False,False,True,Nb
mp-aaabgiiv,Ti2Bi,Bi1-Ti2,Bi-Ti,Bi;Ti,2,6,24.038,75.979,8.047431628150818,139,Tetragonal,AB2,0.0,False,True,True,True,
mp-aaabgikn,Ba(AsRh)2,As2-Ba1-Rh2,As-Ba-Rh,As;Ba;Rh,3,5,34.329,73.313,7.462900551991871,139,Tetragonal,AB2C2,0.0,False,False,False,True,As
mp-aaabgiln,NdInAu2,Au2-In1-Nd1,Au-In-Nd,Au;In;Nd,3,4,20.018,81.431,11.83846028239554,225,Cubic,ABC2,0.0,False,True,True,True,
mp-aaabgini,YRu2,Ru2-Y1,Ru-Y,Ru;Y,2,12,48.099,167.183,8.930145932155463,194,Hexagonal,AB2,0.0,False,True,True,True,
mp-aaabgipc,Ti6Sn5,Sn5-Ti6,Sn-Ti,Sn;Ti,2,22,56.499,102.154,6.722679202440174,71,Orthorhombic,A5B6,0.02521766727272734,False,True,True,True,
mp-aaabgiqy,Ba(NiAs)2,As2-Ba1-Ni2,As-Ba-Ni,As;Ba;Ni,3,5,30.44,64.021,6.5456577238069595,139,Tetragonal,AB2C2,0.0,False,False,False,True,As
mp-aaabgism,Y4Sb3,Sb3-Y4,Sb-Y,Sb;Y,2,14,31.924,65.708,6.1115978209919,220,Cubic,A3B4,0.0455546978571455,False,True,True,True,
mp-aaabgitd,ThRh2,Rh2-Th1,Rh-Th,Rh;Th,2,6,30.894,145.788,12.496822154306987,194,Hexagonal,AB2,0.0,False,True,True,True,
mp-aaabgitu,DyGa2Cu3,Cu3-Dy1-Ga2,Cu-Dy-Ga,Cu;Dy;Ga,3,6,47.371,99.195,8.437922306751604,191,Hexagonal,AB2C3,0.01907836083333514,False,False,False,True,Ga
mp-aaabgiuw,MnBi,Bi1-Mn1,Bi-Mn,Bi;Mn,2,4,31.575,56.091,9.410004869705235,194,Hexagonal,AB,0.20783046353447787,False,True,True,True,
mp-aaabgivm,CaBiAu,Au1-Bi1-Ca1,Au-Bi-Ca,Au;Bi;Ca,3,3,22.466,53.944,8.70956086816045,216,Cubic,ABC,0.0,False,True,True,True,
mp-aaabgivs,Li9Al4,Al4-Li9,Al-Li,Al;Li,2,13,23.614,31.163,1.307572845151079,12,Monoclinic,A4B9,0.0,False,True,True,True,
mp-aaabgivz,Th2Ga,Ga1-Th2,Ga-Th,Ga;Th,2,6,32.054,72.297,10.644842138712127,140,Tetragonal,AB2,0.0,False,False,False,True,Ga
mp-aaabgiwh,Mg3Ir,Ir1-Mg3,Ir-Mg,Ir;Mg,2,24,31.014,75.799,5.884324405753873,185,Hexagonal,AB3,0.0,False,True,True,True,
mp-aaabgiwm,CaAlAu,Al1-Au1-Ca1,Al-Au-Ca,Al;Au;Ca,3,12,29.879,66.363,6.706662195394908,62,Orthorhombic,ABC,0.0,False,True,True,True,
mp-aaabgiyc,LiInSn,In1-Li1-Sn1,In-Li-Sn,In;Li;Sn,3,3,19.365,34.609,5.091863936548934,216,Cubic,ABC,0.03752031777777898,False,True,True,True,
mp-aaabgjav,YbInAu2,Au2-In1-Yb1,Au-In-Yb,Au;In;Yb,3,4,19.356,66.646,13.137921419468755,225,Cubic,ABC2,0.0,False,True,True,True,
mp-aaabgjbx,CrAs,As1-Cr1,As-Cr,As;Cr,2,4,68.271,97.069,6.484039414885916,194,Hexagonal,AB,0.013420096249999958,False,False,False,True,As;Cr
mp-aaabgjdc,SmInAu2,Au2-In1-Sm1,Au-In-Sm,Au;In;Sm,3,4,22.155,85.394,12.235010092029164,225,Cubic,ABC2,0.0,False,True,True,True,
mp-aaabgjdn,Al5Mo,Al5-Mo1,Al-Mo,Al;Mo,2,12,97.442,119.966,4.126114092993004,182,Hexagonal,AB5,0.0,False,True,True,True,
mp-aaabgjek,LuRu2,Lu1-Ru2,Lu-Ru,Lu;Ru,2,12,48.129,178.59,11.990971153810738,194,Hexagonal,AB2,0.0,False,True,True,True,
mp-aaabgjeq,TiCr2,Cr2-Ti1,Cr-Ti,Cr;Ti,2,24,72.282,198.395,6.238361597634621,194,Hexagonal,AB2,0.0913164519444436,False,False,False,True,Cr
mp-aaabgjfi,PrAg2,Ag2-Pr1,Ag-Pr,Ag;Pr,2,3,17.113,55.102,8.101531256355853,191,Hexagonal,AB2,0.01583383666666771,False,True,True,True,
mp-aaabgjgp,TbGa2Co3,Co3-Ga2-Tb1,Co-Ga-Tb,Co;Ga;Tb,3,6,65.247,135.088,8.817599026976204,191,Hexagonal,AB2C3,0.0,False,False,False,True,Ga
mp-aaabgjgx,CaCdSn,Ca1-Cd1-Sn1,Ca-Cd-Sn,Ca;Cd;Sn,3,9,25.536,42.528,5.514804479206599,189,Hexagonal,ABC,0.0,False,True,True,True,
mp-aaabgjhh,YbIr,Ir1-Yb1,Ir-Yb,Ir;Yb,2,2,35.115,98.022,16.102517296523903,221,Cubic,AB,0.0,False,True,True,True,
mp-aaabgjhn,VPd3,Pd3-V1,Pd-V,Pd;V,2,4,81.744,175.556,10.308629660388924,221,Cubic,AB3,0.0,False,True,True,True,
mp-aaabgjhu,HfAl3,Al3-Hf1,Al-Hf,Al;Hf,2,8,83.347,106.136,6.259496474700071,139,Tetragonal,AB3,0.0,False,True,True,True,
mp-aaabgjhv,SmInAg2,Ag2-In1-Sm1,Ag-In-Sm,Ag;In;Sm,3,4,24.328,72.272,8.922179485227854,225,Cubic,ABC2,0.0,False,True,True,True,
mp-aaabgjiw,Bi2Pd,Bi2-Pd1,Bi-Pd,Bi;Pd,2,6,19.911,55.534,11.092524647596242,12,Monoclinic,AB2,0.0011861450000054674,False,True,True,True,
mp-aaabgjlh,Ba5Al5Pb,Al5-Ba5-Pb1,Al-Ba-Pb,Al;Ba;Pb,3,11,18.694,28.583,4.666505958159917,187,Hexagonal,AB5C5,0.0,False,True,True,True,
mp-aaabgjlv,YbAu3,Au3-Yb1,Au-Yb,Au;Yb,2,8,21.466,87.23,16.027679779785707,59,Orthorhombic,AB3,0.0,False,True,True,True,
mp-aaabgjlz,Be12W,Be12-W1,Be-W,Be;W,2,13,154.988,144.936,4.43619272071737,139,Tetragonal,AB12,0.0,False,True,True,True,
mp-aaabgjnl,ZrTe,Te1-Zr1,Te-Zr,Te;Zr,2,8,45.969,87.502,7.310275731205693,62,Orthorhombic,AB,0.026025311250002403,False,False,False,True,Te
mp-aaabgjnm,Na6ZnSn2,Na6-Sn2-Zn1,Na-Sn-Zn,Na;Sn;Zn,3,9,9.403,16.146,2.819665620983174,12,Monoclinic,AB2C6,0.0,False,True,True,True,
mp-aaabgjoa,YInPd2,In1-Pd2-Y1,In-Pd-Y,In;Pd;Y,3,4,30.541,102.492,8.74260952732359,225,Cubic,ABC2,0.0,False,True,True,True,
mp-aaabgjop,BaSbAu,Au1-Ba1-Sb1,Au-Ba-Sb,Au;Ba;Sb,3,6,26.141,44.396,7.857542412587055,194,Hexagonal,ABC,0.0,False,True,True,True,
mp-aaabgjpc,TiAs,As1-Ti1,As-Ti,As;Ti,2,4,34.946,112.073,5.740071563015259,194,Hexagonal,AB,0.2350157374999995,False,False,False,True,As
mp-aaabgjpg,Be12Nb,Be12-Nb1,Be-Nb,Be;Nb,2,13,144.017,134.036,2.954117348938035,139,Tetragonal,AB12,0.0,False,False,False,True,Nb
mp-aaabgjpl,LaInAg2,Ag2-In1-La1,Ag-In-La,Ag;In;La,3,4,17.957,63.889,8.154831136781326,225,Cubic,ABC2,0.0,False,True,True,True,
mp-aaabgjpo,CaAu5,Au5-Ca1,Au-Ca,Au;Ca,2,6,25.385,98.377,13.836886332709492,216,Cubic,AB5,0.0,False,True,True,True,
mp-aaabgjpz,YbNiSb,Ni1-Sb1-Yb1,Ni-Sb-Yb,Ni;Sb;Yb,3,3,33.339,71.524,9.080259912066245,216,Cubic,ABC,0.0,False,True,True,True,
mp-aaabgjrq,Ca(CuSn)2,Ca1-Cu2-Sn2,Ca-Cu-Sn,Ca;Cu;Sn,3,5,28.942,63.562,6.1573121886043864,12,Monoclinic,AB2C2,0.0,False,True,True,True,
mp-aaabgjrz,MnSbRh,Mn1-Rh1-Sb1,Mn-Rh-Sb,Mn;Rh;Sb,3,3,9.443,104.921,8.491045849193657,216,Cubic,ABC,0.32278831818965514,False,True,True,True,
mp-aaabgjsi,ZrIr,Ir1-Zr1,Ir-Zr,Ir;Zr,2,8,55.113,186.261,12.59208891974501,63,Orthorhombic,AB,0.0,False,True,True,True,
mp-aaabgjti,Mg3Bi2,Bi2-Mg3,Bi-Mg,Bi;Mg,2,5,14.436,36.731,5.664317975961919,164,Trigonal,A2B3,0.0,False,True,True,True,
mp-aaabgjus,La2Co3,Co3-La2,Co-La,Co;La,2,10,14.097,70.274,7.854856438434052,64,Orthorhombic,A2B3,0.011483044723682667,False,True,True,True,
mp-aaabgjvl,LiSn,Li1-Sn1,Li-Sn,Li;Sn,2,6,19.881,34.696,4.982733155636256,10,Monoclinic,AB,0.0,False,True,True,True,
mp-aaabgjwp,Mg3Hg,Hg1-Mg3,Hg-Mg,Hg;Mg,2,24,6.856,40.607,5.078100968415954,155,Trigonal,AB3,0.026876663750001084,False,False,False,True,Hg
mp-aaabgjxg,NdPt3,Nd1-Pt3,Nd-Pt,Nd;Pt,2,4,60.691,155.153,16.27954470611385,221,Cubic,AB3,0.017379455000005706,False,True,True,True,
mp-aaabgjyl,MnGaPt,Ga1-Mn1-Pt1,Ga-Mn-Pt,Ga;Mn;Pt,3,6,38.589,103.094,11.685513839107003,194,Hexagonal,ABC,0.0,False,False,False,True,Ga
mp-aaabgkae,YNi3,Ni3-Y1,Ni-Y,Ni;Y,2,12,48.827,134.026,7.545792918066869,166,Trigonal,AB3,0.0,False,True,True,True,
mp-aaabgkam,Tl(CuTe)2,Cu2-Te2-Tl1,Cu-Te-Tl,Cu;Te;Tl,3,5,11.85,27.8,7.6298735714713075,139,Tetragonal,AB2C2,0.0,False,False,False,True,Te
mp-aaabgkbc,ErRu2,Er1-Ru2,Er-Ru,Er;Ru,2,12,48.395,173.521,11.541284590974172,194,Hexagonal,AB2,0.0,False,True,True,True,
mp-aaabgkcf,Ta3Au,Au1-Ta3,Au-Ta,Au;Ta,2,8,65.069,200.678,17.009188070473503,223,Cubic,AB3,0.0,False,True,True,True,
mp-aaabgkcg,VIr,Ir1-V1,Ir-V,Ir;V,2,4,117.569,272.357,14.558914738888609,65,Orthorhombic,AB,0.0,False,True,True,True,
mp-aaabgkec,Ca(CoAs)2,As2-Ca1-Co2,As-Ca-Co,As;Ca;Co,3,5,47.963,93.548,6.162395046677902,139,Tetragonal,AB2C2,0.0,False,False,False,True,As
mp-aaabgkfj,Li(Sn3Pd)2,Li1-Pd2-Sn6,Li-Pd-Sn,Li;Pd;Sn,3,18,17.812,61.911,7.724089697062226,127,Tetragonal,AB2C6,0.0,False,True,True,True,
mp-aaabgkgq,Be22Re,Be22-Re1,Be-Re,Be;Re,2,46,150.5,136.579,3.3537983807672003,227,Cubic,AB22,0.0,False,True,True,True,
mp-aaabgkgs,Nb3Tl,Nb3-Tl1,Nb-Tl,Nb;Tl,2,8,26.551,154.29,10.407107759358924,223,Cubic,AB3,0.2083293229166685,False,False,False,True,Nb
mp-aaabgkhl,DyAl2Ni,Al2-Dy1-Ni1,Al-Dy-Ni,Al;Dy;Ni,3,8,55.971,92.155,6.38398942663144,63,Orthorhombic,ABC2,0.0,False,True,True,True,
mp-aaabgkhw,BaLi2(MgGe)2,Ba1-Ge2-Li2-Mg2,Ba-Ge-Li-Mg,Ba;Ge;Li;Mg,4,7,27.584,36.665,3.530520870785767,166,Trigonal,AB2C2D2,0.0,False,True,True,True,
mp-aaabgkig,TmZn2,Tm1-Zn2,Tm-Zn,Tm;Zn,2,6,43.099,71.161,8.514469016108093,74,Orthorhombic,AB2,0.0,False,True,True,True,
mp-aaabgkii,K(CoAs)2,As2-Co2-K1,As-Co-K,As;Co;K,3,5,28.456,37.779,5.148318965328228,139,Tetragonal,AB2C2,0.0,False,False,False,True,As
mp-aaabgkja,SrZn2,Sr1-Zn2,Sr-Zn,Sr;Zn,2,6,14.647,35.093,4.979275168678069,74,Orthorhombic,AB2,0.0,False,True,True,True,
mp-aaabgkju,NiPb,Ni1-Pb1,Ni-Pb,Ni;Pb,2,4,40.519,92.14,11.351193521529709,194,Hexagonal,AB,0.0873680799999974,False,True,True,True,
mp-aaabgkmh,NiTePd,Ni1-Pd1-Te1,Ni-Pd-Te,Ni;Pd;Te,3,12,37.576,120.245,9.496351421202183,62,Orthorhombic,ABC,0.011888061666663674,False,False,False,True,Te
mp-aaabgkmt,Y2InNi2,In1-Ni2-Y2,In-Ni-Y,In;Ni;Y,3,5,40.912,77.414,6.550892662395285,65,Orthorhombic,AB2C2,0.0,False,True,True,True,
mp-aaabgknf,Ca2Bi,Bi1-Ca2,Bi-Ca,Bi;Ca,2,6,22.911,31.265,4.741278989273852,139,Tetragonal,AB2,0.0,False,True,True,True,
mp-aaabgkno,ZrTe,Te1-Zr1,Te-Zr,Te;Zr,2,4,57.902,93.82,7.500629685534899,194,Hexagonal,AB,0.08599150499999908,False,False,False,True,Te
mp-aaabgkoc,AlAu2,Al1-Au2,Al-Au,Al;Au,2,12,30.562,120.192,13.652748382952394,62,Orthorhombic,AB2,0.0,False,True,True,True,
mp-aaabgkoz,Bi2Pt,Bi2-Pt1,Bi-Pt,Bi;Pt,2,3,11.831,35.201,12.071702819724438,164,Trigonal,AB2,0.036830780000002505,False,True,True,True,
mp-aaabgkpl,PmMg,Mg1-Pm1,Mg-Pm,Mg;Pm,2,2,20.482,40.401,4.865840977985833,221,Cubic,AB,0.0,False,True,False,True,
mp-aaabgkqq,HfCr2,Cr2-Hf1,Cr-Hf,Cr;Hf,2,12,65.612,186.81,10.496529379927926,194,Hexagonal,AB2,0.10305479333333167,False,False,False,True,Cr
mp-aaabgkqu,CaCdAu,Au1-Ca1-Cd1,Au-Ca-Cd,Au;Ca;Cd,3,12,22.156,53.32,7.919561843717109,62,Orthorhombic,ABC,0.0,False,True,True,True,
mp-aaabgksl,ZrSb,Sb1-Zr1,Sb-Zr,Sb;Zr,2,8,59.306,104.291,7.681860423156192,198,Cubic,AB,0.008003260000002399,False,True,True,True,
mp-aaabgkso,La(CoAs)2,As2-Co2-La1,As-Co-La,As;Co;La,3,5,49.656,106.913,7.755377550149553,139,Tetragonal,AB2C2,0.04225053725000194,False,False,False,True,As
mp-aaabgksx,InAu3,Au3-In1,Au-In,Au;In,2,8,16.267,107.88,15.328749425429013,59,Orthorhombic,AB3,0.00018088363636081795,False,True,True,True,
mp-aaabgktw,TiPt3,Pt3-Ti1,Pt-Ti,Pt;Ti,2,28,105.465,234.145,17.01705031305976,164,Trigonal,AB3,0.0,False,True,True,True,
mp-aaabgkum,ErAgSn,Ag1-Er1-Sn1,Ag-Er-Sn,Ag;Er;Sn,3,6,41.622,73.07,9.18287546938856,186,Hexagonal,ABC,0.0,False,True,True,True,
mp-aaabgkwl,ZrAl3,Al3-Zr1,Al-Zr,Al;Zr,2,4,59.186,102.592,4.127512707376111,221,Cubic,AB3,0.021179049999998867,False,True,True,True,
mp-aaabgkwv,TlPd3,Pd3-Tl1,Pd-Tl,Pd;Tl,2,4,24.612,132.434,12.681493043138344,221,Cubic,AB3,0.03574012374999924,False,True,True,True,
mp-aaabgkwy,LiZnGe,Ge1-Li1-Zn1,Ge-Li-Zn,Ge;Li;Zn,3,9,35.794,52.042,4.8024177399357395,187,Hexagonal,ABC,0.0,False,True,True,True,
mp-aaabgkyr,Zr2Ga,Ga1-Zr2,Ga-Zr,Ga;Zr,2,6,55.298,107.034,6.777081002483144,140,Tetragonal,AB2,0.0,False,False,False,True,Ga
mp-aaabgkys,LiCu2Sn,Cu2-Li1-Sn1,Cu-Li-Sn,Cu;Li;Sn,3,8,44.076,75.321,6.737949137398669,194,Hexagonal,ABC2,0.004717253124999488,False,True,True,True,
mp-aaabgkyv,Ti3Sb,Sb1-Ti3,Sb-Ti,Sb;Ti,2,16,59.1,109.29,5.999132976527191,140,Tetragonal,AB3,0.055297876874998764,False,True,True,True,
mp-aaabglad,Tm6CoBi2,Bi2-Co1-Tm6,Bi-Co-Tm,Bi;Co;Tm,3,9,32.583,58.177,10.286257999251927,189,Hexagonal,AB2C6,0.0042341968888850445,False,True,True,True,
mp-aaabglas,KIn9Ni2,In9-K1-Ni2,In-K-Ni,In;K;Ni,3,12,20.557,39.521,6.556943871853439,191,Hexagonal,AB2C9,0.02343862620370496,False,True,True,True,
mp-aaabglbw,Al3Pt2,Al3-Pt2,Al-Pt,Al;Pt,2,10,18.02,122.683,9.514278829946443,164,Trigonal,A2B3,0.35586426300000085,False,True,True,True,
mp-aaabglch,ErZn5,Er1-Zn5,Er-Zn,Er;Zn,2,6,46.353,80.275,8.039818525174848,191,Hexagonal,AB5,0.002419260833331549,False,True,True,True,
mp-aaabglfd,Al6Fe,Al6-Fe1,Al-Fe,Al;Fe,2,14,57.151,105.11,3.426243960319257,63,Orthorhombic,AB6,0.0025397078571423037,False,True,True,True,
mp-aaabglfq,YbSbPt,Pt1-Sb1-Yb1,Pt-Sb-Yb,Pt;Sb;Yb,3,3,26.578,77.685,11.180846756078903,216,Cubic,ABC,0.0,False,True,True,True,
mp-aaabglfu,Ce3Pb,Ce3-Pb1,Ce-Pb,Ce;Pb,2,4,28.668,47.518,9.091341775111417,221,Cubic,AB3,0.0,False,False,False,True,Ce
mp-aaabglha,Yb2Sn,Sn1-Yb2,Sn-Yb,Sn;Yb,2,6,26.28,35.377,8.77534732697082,194,Hexagonal,AB2,0.05490074722222715,False,True,True,True,
mp-aaabglir,DyZn2,Dy1-Zn2,Dy-Zn,Dy;Zn,2,6,38.077,65.917,8.060326958677676,74,Orthorhombic,AB2,0.0,False,True,True,True,
mp-aaabgljl,BiAu2,Au2-Bi1,Au-Bi,Au;Bi,2,6,23.96,100.689,15.059879666546708,227,Cubic,AB2,0.0009074600000005262,False,True,True,True,
mp-aaabglju,Cr3Te4,Cr3-Te4,Cr-Te,Cr;Te,2,7,16.95,29.287,6.305688209529731,164,Trigonal,A3B4,0.06187111428571157,False,False,False,True,Cr;Te
mp-aaabgllz,TbAu2,Au2-Tb1,Au-Tb,Au;Tb,2,3,38.817,96.855,14.191399715840953,139,Tetragonal,AB2,0.0,False,True,True,True,
mp-aaabglmq,Zr5Sb4,Sb4-Zr5,Sb-Zr,Sb;Zr,2,18,50.269,106.781,7.742567107290497,193,Hexagonal,A4B5,0.024566009166665737,False,True,True,True,
mp-aaabglmr,Bi2Pd,Bi2-Pd1,Bi-Pd,Bi;Pd,2,3,15.119,52.094,11.414822498933546,139,Tetragonal,AB2,0.04987296833333943,False,True,True,True,
mp-aaabglms,Ba(ZnAs)2,As2-Ba1-Zn2,As-Ba-Zn,As;Ba;Zn,3,5,24.024,47.429,5.843861580302944,139,Tetragonal,AB2C2,0.029277097499999627,False,False,False,True,As
mp-aaabglmt,Ti3Pd5,Pd5-Ti3,Pd-Ti,Pd;Ti,2,8,43.074,160.452,8.90345203096602,123,Tetragonal,A3B5,0.0008255312500011769,False,True,True,True,
mp-aaabglpo,Tb2Mg3Ni2,Mg3-Ni2-Tb2,Mg-Ni-Tb,Mg;Ni;Tb,3,7,23.537,48.67,5.512474567671107,65,Orthorhombic,A2B2C3,0.0,False,True,True,True,
mp-aaabglps,ZrZn,Zn1-Zr1,Zn-Zr,Zn;Zr,2,2,46.251,106.664,6.94509237295855,221,Cubic,AB,0.0,False,True,True,True,
mp-aaabglqj,Nb5Ga3,Ga3-Nb5,Ga-Nb,Ga;Nb,2,16,59.837,164.794,8.153600324953036,140,Tetragonal,A3B5,0.016266065937500684,False,False,False,True,Ga;Nb
mp-aaabgluv,PrAl3,Al3-Pr1,Al-Pr,Al;Pr,2,4,50.75,67.033,4.361818245512901,221,Cubic,AB3,0.08849793000000084,False,True,True,True,
mp-aaabglvq,TaCo2,Co2-Ta1,Co-Ta,Co;Ta,2,12,93.792,255.669,13.057605380483775,194,Hexagonal,AB2,0.045713497833332895,False,True,True,True,
mp-aaabglxz,TaNi3,Ni3-Ta1,Ni-Ta,Ni;Ta,2,4,97.022,221.34,11.929595551366283,139,Tetragonal,AB3,0.0002612381250024498,False,True,True,True,
mp-aaabglzz,Mg2Sn,Mg2-Sn1,Mg-Sn,Mg;Sn,2,6,6.979,38.486,3.835507341752182,227,Cubic,AB2,0.2199324049999989,False,True,True,True,
mp-aaabgmbi,ZrIn3,In3-Zr1,In-Zr,In;Zr,2,4,48.163,75.835,7.879507896994043,139,Tetragonal,AB3,0.0,False,True,True,True,
mp-aaabgmcp,PrInAu2,Au2-In1-Pr1,Au-In-Pr,Au;In;Pr,3,4,18.309,78.371,11.601705082530422,225,Cubic,ABC2,0.0,False,True,True,True,
mp-aaabgmdk,ScBi,Bi1-Sc1,Bi-Sc,Bi;Sc,2,2,28.736,57.536,7.657209380191247,225,Cubic,AB,0.0,False,True,True,True,
mp-aaabgmew,YOs2,Os2-Y1,Os-Y,Os;Y,2,12,51.03,212.391,14.269215541766238,194,Hexagonal,AB2,0.0,False,True,True,True,
mp-aaabgmez,ScNi5,Ni5-Sc1,Ni-Sc,Ni;Sc,2,6,78.332,159.381,7.236392878431655,191,Hexagonal,AB5,0.008523272916668212,False,True,True,True,
mp-aaabgmfd,Ba5Al5Sn,Al5-Ba5-Sn1,Al-Ba-Sn,Al;Ba;Sn,3,11,18.994,29.211,4.306810902413733,187,Hexagonal,AB5C5,0.0,False,True,True,True,
mp-aaabgmfj,PrInAg2,Ag2-In1-Pr1,Ag-In-Pr,Ag;In;Pr,3,4,21.183,67.825,8.420426615847681,225,Cubic,ABC2,0.0,False,True,True,True,
mp-aaabgmfk,ZrOs2,Os2-Zr1,Os-Zr,Os;Zr,2,12,91.366,264.389,15.294126558792891,194,Hexagonal,AB2,0.0,False,True,True,True,
mp-aaabgmfm,SnBi,Bi1-Sn1,Bi-Sn,Bi;Sn,2,8,17.093,48.347,8.990834137899558,64,Orthorhombic,AB,0.16020880624999734,False,True,True,True,
mp-aaabgmfp,CaInPt,Ca1-In1-Pt1,Ca-In-Pt,Ca;In;Pt,3,12,28.849,72.999,8.417411147161237,62,Orthorhombic,ABC,0.0,False,True,True,True,
mp-aaabgmfr,Ti3Sn,Sn1-Ti3,Sn-Ti,Sn;Ti,2,4,37.008,114.12,6.017058911749097,221,Cubic,AB3,0.03354331625000029,False,True,True,True,
mp-aaabgmfy,V3Au,Au1-V3,Au-V,Au;V,2,4,45.456,177.227,9.945896444020619,221,Cubic,AB3,0.10079660749999775,False,True,True,True,
mp-aaabgmgn,TiAlPt,Al1-Pt1-Ti1,Al-Pt-Ti,Al;Pt;Ti,3,6,51.204,161.564,9.63495781595048,194,Hexagonal,ABC,0.0,False,True,True,True,
mp-aaabgmhx,YbHg2,Hg2-Yb1,Hg-Yb,Hg;Yb,2,3,13.664,39.227,12.435679767476648,191,Hexagonal,AB2,0.021912052500006496,False,False,False,True,Hg
mp-aaabgmhz,Nb3Te,Nb3-Te1,Nb-Te,Nb;Te,2,8,85.959,170.078,9.054848854929562,223,Cubic,AB3,0.045607491250001075,False,False,False,True,Nb;Te
mp-aaabgmir,CaInCu4,Ca1-Cu4-In1,Ca-Cu-In,Ca;Cu;In,3,6,39.309,83.946,7.018138292175601,216,Cubic,ABC4,0.02046913583333243,False,True,True,True,
mp-aaabgmix,BaAu,Au1-Ba1,Au-Ba,Au;Ba,2,8,13.125,30.79,7.970496552285554,62,Orthorhombic,AB,0.0,False,True,True,True,
mp-aaabgmji,KNa2,K1-Na2,K-Na,K;Na,2,12,1.421,5.733,0.9798109698853281,194,Hexagonal,AB2,0.0029021212500008886,False,True,True,True,
mp-aaabgmlc,SrPt5,Pt5-Sr1,Pt-Sr,Pt;Sr,2,6,71.316,158.423,15.312121612013959,191,Hexagonal,AB5,0.0,False,True,True,True,
mp-aaabgmlf,NiHg4,Hg4-Ni1,Hg-Ni,Hg;Ni,2,5,28.861,50.645,12.013592295401937,229,Cubic,AB4,0.01705295800000073,False,False,False,True,Hg
mp-aaabgmlh,Cs(AsRu)2,As2-Cs1-Ru2,As-Cs-Ru,As;Cs;Ru,3,5,25.056,43.315,6.437179566070253,139,Tetragonal,AB2C2,0.0,False,False,False,True,As
mp-aaabgmlp,Zn(GaNi)3,Ga3-Ni3-Zn1,Ga-Ni-Zn,Ga;Ni;Zn,3,56,65.19,130.309,7.897498445552212,230,Cubic,AB3C3,0.0,False,False,False,True,Ga
mp-aaabgmno,Tl2Pd,Pd1-Tl2,Pd-Tl,Pd;Tl,2,6,12.66,56.741,12.165450328913384,140,Tetragonal,AB2,0.0,False,True,True,True,
mp-aaabgmnr,YbNi2Sn,Ni2-Sn1-Yb1,Ni-Sn-Yb,Ni;Sn;Yb,3,4,48.37,98.691,10.455541674239992,225,Cubic,ABC2,0.0,False,True,True,True,
mp-aaabgmnw,GaNi2,Ga1-Ni2,Ga-Ni,Ga;Ni,2,6,56.355,167.858,8.665537520462168,194,Hexagonal,AB2,0.0321389691666667,False,False,False,True,Ga
mp-aaabgmop,YRe2,Re2-Y1,Re-Y,Re;Y,2,12,55.616,203.067,13.515148525885984,194,Hexagonal,AB2,0.0,False,True,True,True,
mp-aaabgmqa,HfOs2,Hf1-Os2,Hf-Os,Hf;Os,2,12,88.088,274.968,18.386543633411552,194,Hexagonal,AB2,0.10483931333333629,False,True,True,True,
mp-aaabgmqd,TaCr2,Cr2-Ta1,Cr-Ta,Cr;Ta,2,12,85.342,239.813,11.31301477587984,194,Hexagonal,AB2,0.07452002505555555,False,False,False,True,Cr
mp-aaabgmss,TlPd3,Pd3-Tl1,Pd-Tl,Pd;Tl,2,4,41.898,133.935,12.705993236408084,139,Tetragonal,AB3,0.00558058374999959,False,True,True,True,
mp-aaabgmtb,CaAlPd,Al1-Ca1-Pd1,Al-Ca-Pd,Al;Ca;Pd,3,12,28.522,62.104,4.51317368338636,57,Orthorhombic,ABC,0.0,False,True,True,True,
mp-aaabgmtp,Al5Mo,Al5-Mo1,Al-Mo,Al;Mo,2,12,82.612,117.921,4.117536142376054,167,Trigonal,AB5,0.009455564999999666,False,True,True,True,
mp-aaabgmtv,YCd3,Cd3-Y1,Cd-Y,Cd;Y,2,4,21.515,57.047,7.5475814950109825,225,Cubic,AB3,0.020065075000001542,False,True,True,True,
mp-aaabgmxh,Tb2Fe17,Fe17-Tb2,Fe-Tb,Fe;Tb,2,19,55.69,101.385,8.169083330469448,166,Trigonal,A2B17,0.01977555614035076,False,True,True,True,
mp-aaabgmxs,Tl2Pt,Pt1-Tl2,Pt-Tl,Pt;Tl,2,6,19.653,64.88,14.252767853349965,140,Tetragonal,AB2,0.0,False,True,True,True,
mp-aaabgmyu,Pr3Sn,Pr3-Sn1,Pr-Sn,Pr;Sn,2,4,24.736,45.876,7.192328521755281,221,Cubic,AB3,0.01989378986111312,False,True,True,True,
mp-aaabgmzj,Sr(CoAs)2,As2-Co2-Sr1,As-Co-Sr,As;Co;Sr,3,5,33.717,79.041,6.400067968416989,139,Tetragonal,AB2C2,0.0,False,False,False,True,As
mp-aaabgmzw,Sr3(AlGe2)2,Al2-Ge4-Sr3,Al-Ge-Sr,Al;Ge;Sr,3,9,31.388,45.827,4.47168286265524,12,Monoclinic,A2B3C4,0.0,False,True,True,True,
mp-aaabgnbb,Al3Mo,Al3-Mo1,Al-Mo,Al;Mo,2,16,98.633,135.713,4.807650140398286,12,Monoclinic,AB3,0.0,False,True,True,True,
mp-aaabgnbr,KIn9Co2,Co2-In9-K1,Co-In-K,Co;In;K,3,12,29.539,48.749,6.744464770171508,191,Hexagonal,AB2C9,0.0,False,True,True,True,
mp-aaabgnbz,TmPt2,Pt2-Tm1,Pt-Tm,Pt;Tm,2,6,75.074,169.621,16.578640791995287,227,Cubic,AB2,0.08931358805554623,False,True,True,True,
mp-aaabgndm,ZrInPt2,In1-Pt2-Zr1,In-Pt-Zr,In;Pt;Zr,3,4,27.431,160.728,13.34778572096262,225,Cubic,ABC2,0.046393768068178076,False,True,True,True,
mp-aaabgnel,ThBi2,Bi2-Th1,Bi-Th,Bi;Th,2,6,26.476,63.583,11.083427860905374,129,Tetragonal,AB2,0.0,False,True,True,True,
mp-aaabgnep,Ba(CrAs)2,As2-Ba1-Cr2,As-Ba-Cr,As;Ba;Cr,3,5,33.133,54.127,5.8567070887200465,139,Tetragonal,AB2C2,0.008602989666665728,False,False,False,True,As;Cr
mp-aaabgnes,TiGa2,Ga2-Ti1,Ga-Ti,Ga;Ti,2,12,67.761,105.655,6.543535893156788,141,Tetragonal,AB2,0.0,False,False,False,True,Ga
mp-aaabgnfa,Ba(AsPd)2,As2-Ba1-Pd2,As-Ba-Pd,As;Ba;Pd,3,10,31.358,75.501,7.635605840803092,139,Tetragonal,AB2C2,0.0,False,False,False,True,As
mp-aaabgnfd,BaSn5,Ba1-Sn5,Ba-Sn,Ba;Sn,2,6,14.998,35.93,6.498350686061131,191,Hexagonal,AB5,0.026217794166670583,False,True,True,True,
mp-aaabgnhd,NdTl,Nd1-Tl1,Nd-Tl,Nd;Tl,2,2,17.104,51.435,9.670592700973575,221,Cubic,AB,0.0,False,True,True,True,
mp-aaabgnik,Be12V,Be12-V1,Be-V,Be;V,2,13,147.448,129.504,2.443981548267613,139,Tetragonal,AB12,0.0,False,True,True,True,
mp-aaabgnip,SrMgIn3,In3-Mg1-Sr1,In-Mg-Sr,In;Mg;Sr,3,5,22.431,35.493,5.253090979374446,119,Tetragonal,ABC3,0.0028427609999983616,False,True,True,True,
mp-aaabgnkn,YbHgPb,Hg1-Pb1-Yb1,Hg-Pb-Yb,Hg;Pb;Yb,3,6,15.009,38.302,11.551453837653202,194,Hexagonal,ABC,0.12053623194445606,False,False,False,True,Hg
mp-aaabgnkt,TaIr,Ir1-Ta1,Ir-Ta,Ir;Ta,2,12,96.097,273.081,19.142629629145915,51,Orthorhombic,AB,0.0,False,True,True,True,
mp-aaabgnmu,Lu(CoGe)2,Co2-Ge2-Lu1,Co-Ge-Lu,Co;Ge;Lu,3,5,66.56,133.386,9.401423837187105,139,Tetragonal,AB2C2,0.0,False,True,True,True,
mp-aaabgnop,Ba(BiPd)2,Ba1-Bi2-Pd2,Ba-Bi-Pd,Ba;Bi;Pd,3,10,20.217,59.927,9.358140019919597,11,Monoclinic,AB2C2,0.0,False,True,True,True,
mp-aaabgnpj,HfAlPt,Al1-Hf1-Pt1,Al-Hf-Pt,Al;Hf;Pt,3,18,69.364,163.496,12.588713566338782,190,Hexagonal,ABC,0.0,False,True,True,True,
mp-aaabgrdx,HfInAu2,Au2-Hf1-In1,Au-Hf-In,Au;Hf;In,3,4,28.838,128.33,14.53012582915177,225,Cubic,ABC2,0.045808078593751134,False,True,True,True,
mp-aaabgrlz,Yb(NiGe)2,Ge2-Ni2-Yb1,Ge-Ni-Yb,Ge;Ni;Yb,3,5,39.352,85.789,8.81086953791626,139,Tetragonal,AB2C2,0.0,False,True,True,True,
mp-aaabhaiu,EuCd,Cd1-Eu1,Cd-Eu,Cd;Eu,2,2,14.968,24.939,7.088981894756317,221,Cubic,AB,0.0,False,True,True,True,
mp-aaabhakt,Zr3Cu,Cu1-Zr3,Cu-Zr,Cu;Zr,2,4,20.3,111.07,6.931853495008754,221,Cubic,AB3,0.1335223025000003,False,True,True,True,
mp-aaabhanl,Cu3Pd,Cu3-Pd1,Cu-Pd,Cu;Pd,2,4,48.551,149.816,9.539467312174407,221,Cubic,AB3,0.004421831071429239,False,True,True,True,
mp-aaabhans,HoCu5,Cu5-Ho1,Cu-Ho,Cu;Ho,2,6,14.966,104.747,9.195931013581264,216,Cubic,AB5,0.015987703333331993,False,True,True,True,
mp-aaabhbjn,MgZn5,Mg1-Zn5,Mg-Zn,Mg;Zn,2,24,11.369,62.771,5.962397936917942,12,Monoclinic,AB5,0.03014021803571265,False,True,True,True,
mp-aaabhcnj,ZrInAu2,Au2-In1-Zr1,Au-In-Zr,Au;In;Zr,3,4,25.139,122.347,12.474540666614605,225,Cubic,ABC2,0.02952319083333066,False,True,True,True,
mp-aaabhcqk,Cu3Sn,Cu3-Sn1,Cu-Sn,Cu;Sn,2,8,35.944,106.169,8.766856929544387,59,Orthorhombic,AB3,0.03349821875000103,False,True,True,True,
mp-aaabhdhj,Eu(MnSb)2,Eu1-Mn2-Sb2,Eu-Mn-Sb,Eu;Mn;Sb,3,5,20.122,42.357,6.2123226062713535,164,Trigonal,AB2C2,0.2110405258275838,False,True,True,True,
mp-aaabheay,Eu(MgSb)2,Eu1-Mg2-Sb2,Eu-Mg-Sb,Eu;Mg;Sb,3,5,26.016,35.981,4.93201765948642,164,Trigonal,AB2C2,0.0,False,True,True,True,
mp-aaabhemg,MnSnPt,Mn1-Pt1-Sn1,Mn-Pt-Sn,Mn;Pt;Sn,3,3,10.5,100.495,10.648333132783888,216,Cubic,ABC,0.29787462402298726,False,True,True,True,
mp-aaabidts,MnNiSb,Mn1-Ni1-Sb1,Mn-Ni-Sb,Mn;Ni;Sb,3,3,50.092,101.928,7.5654006390617745,216,Cubic,ABC,0.0,False,True,True,True,
mp-aaabidtt,HfInCu2,Cu2-Hf1-In1,Cu-Hf-In,Cu;Hf;In,3,4,52.466,120.211,10.590728847711363,225,Cubic,ABC2,0.0,False,True,True,True,
mp-aaabiekn,LiRh,Li1-Rh1,Li-Rh,Li;Rh,2,2,41.679,106.321,6.715113946915239,187,Hexagonal,AB,0.0,False,True,True,True,
mp-aaabiggy,Fe3Co,Co1-Fe3,Co-Fe,Co;Fe,2,4,94.289,182.283,8.108850083178186,123,Tetragonal,AB3,0.0,False,True,True,True,
mp-aaabighb,TaTe2,Ta1-Te2,Ta-Te,Ta;Te,2,9,18.072,24.147,8.646993996413942,12,Monoclinic,AB2,0.0026480211111081786,False,False,False,True,Te
mp-aaabigia,Fe11Co5,Co5-Fe11,Co-Fe,Co;Fe,2,16,98.488,193.849,8.141717966691353,123,Tetragonal,A5B11,0.0,False,True,True,True,
mp-aaabikgq,Y2AlNi2,Al1-Ni2-Y2,Al-Ni-Y,Al;Ni;Y,3,5,34.404,68.417,5.6216895582228155,71,Orthorhombic,AB2C2,0.0022980674999972805,False,True,True,True,
mp-aaabilai,Te2Pd3Pb2,Pb2-Pd3-Te2,Pb-Pd-Te,Pb;Pd;Te,3,14,16.154,33.635,9.41855269691939,59,Orthorhombic,A2B2C3,0.0,False,False,False,True,Te
mp-aaabilyt,AlPd5,Al1-Pd5,Al-Pd,Al;Pd,2,24,52.169,160.22,10.233080224543196,62,Orthorhombic,AB5,0.0,False,True,True,True,
mp-aaabiocl,AlPt3,Al1-Pt3,Al-Pt,Al;Pt,2,16,77.711,218.746,16.783884517167774,127,Tetragonal,AB3,0.0,False,True,True,True,
mp-aaabioql,Zr4In5Co2,Co2-In5-Zr4,Co-In-Zr,Co;In;Zr,3,11,52.398,84.627,7.7169305436531,10,Monoclinic,A2B4C5,0.0,False,True,True,True,
mp-aaabjiad,CaInPd,Ca1-In1-Pd1,Ca-In-Pd,Ca;In;Pd,3,12,22.758,60.927,6.215956180556889,62,Orthorhombic,ABC,0.0,False,True,True,True,
mp-aaabjjea,TiInAu2,Au2-In1-Ti1,Au-In-Ti,Au;In;Ti,3,4,16.645,113.257,12.240673559532143,225,Cubic,ABC2,0.06486772750000114,False,True,True,True,
mp-aaabjker,ThInAu2,Au2-In1-Th1,Au-In-Th,Au;In;Th,3,4,22.021,99.696,13.213333089656803,225,Cubic,ABC2,0.0,False,True,True,True,
mp-aaabjkld,Al3Ni,Al3-Ni1,Al-Ni,Al;Ni,2,16,62.713,112.917,3.933592369355885,62,Orthorhombic,AB3,0.0,False,True,True,True,
mp-aaabjkza,Ti2Cu3,Cu3-Ti2,Cu-Ti,Cu;Ti,2,10,56.753,130.158,6.820488736126728,129,Tetragonal,A2B3,0.0024576344999989175,False,True,True,True,
mp-aaabjlus,ZrInCu2,Cu2-In1-Zr1,Cu-In-Zr,Cu;In;Zr,3,4,51.305,115.986,8.236815593653498,225,Cubic,ABC2,0.0,False,True,True,True,
mp-aaabjnuy,Li(Fe3Ge2)2,Fe6-Ge4-Li1,Fe-Ge-Li,Fe;Ge;Li,3,11,59.397,127.273,7.331281638382022,166,Trigonal,AB4C6,0.02025493583333038,False,True,True,True,
mp-aaabjobs,BaSb2,Ba1-Sb2,Ba-Sb,Ba;Sb,2,6,15.19,28.581,5.792904532879297,11,Monoclinic,AB2,0.0,False,True,True,True,
mp-aaabjxvp,LiIrRh,Ir1-Li1-Rh1,Ir-Li-Rh,Ir;Li;Rh,3,3,30.087,141.531,11.901671811579021,216,Cubic,ABC,0.7929151483333321,False,True,True,True,
mp-aaabjxxo,TcIrOs,Ir1-Os1-Tc1,Ir-Os-Tc,Ir;Os;Tc,3,3,57.963,264.415,15.518576651587972,216,Cubic,ABC,0.6904566799999898,False,True,False,True,
mp-aaabjxxq,KSnOs,K1-Os1-Sn1,K-Os-Sn,K;Os;Sn,3,3,15.074,58.658,7.655085471464267,216,Cubic,ABC,1.3020043683333329,False,True,True,True,
mp-aaabjxxx,KMoRu2,K1-Mo1-Ru2,K-Mo-Ru,K;Mo;Ru,3,4,48.436,142.296,8.432144044478603,216,Cubic,ABC2,1.4588049559166656,False,True,True,True,
mp-aaabjxyd,MgTaZn,Mg1-Ta1-Zn1,Mg-Ta-Zn,Mg;Ta;Zn,3,3,36.564,88.355,7.717100679397116,216,Cubic,ABC,0.739587159088889,False,True,True,True,
mp-aaabjxyh,Na2LiTa,Li1-Na2-Ta1,Li-Na-Ta,Li;Na;Ta,3,4,5.998,17.782,3.8242869022118233,216,Cubic,ABC2,1.2331614408908038,False,True,True,True,
mp-aaabjxyl,LaRe2W,La1-Re2-W1,La-Re-W,La;Re;W,3,4,81.15,194.937,16.022354684995364,216,Cubic,ABC2,0.618709356250001,False,True,True,True,
mp-aaabjxyw,ReOsRu,Os1-Re1-Ru1,Os-Re-Ru,Os;Re;Ru,3,3,40.401,271.769,15.288998928895124,216,Cubic,ABC,0.7790690602777772,False,True,True,True,
mp-aaabjxzn,TlCuIr,Cu1-Ir1-Tl1,Cu-Ir-Tl,Cu;Ir;Tl,3,3,14.125,106.279,12.750996774528002,216,Cubic,ABC,0.5267977122222263,False,True,True,True,
mp-aaabjxzz,MnCrRe,Cr1-Mn1-Re1,Cr-Mn-Re,Cr;Mn;Re,3,3,33.053,167.245,10.328610643422866,216,Cubic,ABC,0.7117488023563219,False,False,False,True,Cr
mp-aaabjyae,CdIrRu,Cd1-Ir1-Ru1,Cd-Ir-Ru,Cd;Ir;Ru,3,3,17.362,157.642,11.978395333592173,216,Cubic,ABC,0.6965686667378037,False,True,True,True,
mp-aaabjyau,CrIrRu,Cr1-Ir1-Ru1,Cr-Ir-Ru,Cr;Ir;Ru,3,3,15.702,181.074,11.50954480950012,216,Cubic,ABC,0.7386745100000027,False,False,False,True,Cr
mp-aaabjybb,CaTa2Tl,Ca1-Ta2-Tl1,Ca-Ta-Tl,Ca;Ta;Tl,3,4,36.635,97.416,11.651675284945366,216,Cubic,ABC2,0.8379493025000002,False,True,True,True,
mp-aaabjydl,KTi2Bi,Bi1-K1-Ti2,Bi-K-Ti,Bi;K;Ti,3,4,23.084,53.236,6.301714532017667,225,Cubic,ABC2,0.9200950680555557,False,True,True,True,
mp-aaabjydr,CaHfBe,Be1-Ca1-Hf1,Be-Ca-Hf,Be;Ca;Hf,3,3,19.0,49.413,5.412829421467742,216,Cubic,ABC,0.8152337613333343,False,True,True,True,
mp-aaabjyfj,TcNiW,Ni1-Tc1-W1,Ni-Tc-W,Ni;Tc;W,3,3,21.798000000000002,201.037,11.321519354975706,216,Cubic,ABC,0.7317725344444419,False,True,False,True,
mp-aaabjyjp,LaCoTc2,Co1-La1-Tc2,Co-La-Tc,Co;La;Tc,3,4,68.24,448.872,9.746123410985522,225,Cubic,ABC2,0.6568297270833341,False,True,False,True,
mp-aaabkfhw,TiGaFe2,Fe2-Ga1-Ti1,Fe-Ga-Ti,Fe;Ga;Ti,3,4,102.391,190.307,7.667835448143235,225,Cubic,ABC2,0.0,False,False,False,True,Ga
mp-aaabkfie,TiPd3,Pd3-Ti1,Pd-Ti,Pd;Ti,2,4,88.699,179.376,10.029137957682229,221,Cubic,AB3,0.0048098193749979146,False,True,True,True,
mp-aaabkfik,SnRh2,Rh2-Sn1,Rh-Sn,Rh;Sn,2,12,53.156,176.402,11.03575571612344,62,Orthorhombic,AB2,0.0,False,True,True,True,
mp-aaabkfsp,FeSnRu2,Fe1-Ru2-Sn1,Fe-Ru-Sn,Fe;Ru;Sn,3,4,88.857,200.71,10.307941284768004,225,Cubic,ABC2,0.05873314607142888,False,True,True,True,
mp-aaabkgrv,Ti2Sn3,Sn3-Ti2,Sn-Ti,Sn;Ti,2,20,48.891,87.487,7.041563877041587,64,Orthorhombic,A2B3,0.0,False,True,True,True,
mp-aaabkkgh,InCuPt2,Cu1-In1-Pt2,Cu-In-Pt,Cu;In;Pt,3,4,60.566,168.56,14.827177642228246,123,Tetragonal,ABC2,0.00011428550001113535,False,True,True,True,
mp-aaabkkoo,Ta2Al,Al1-Ta2,Al-Ta,Al;Ta,2,30,54.621,161.55,12.128556209666359,136,Tetragonal,AB2,0.17176307233333432,False,True,True,True,
mp-aaabkkpy,Y(Sn3Ru2)2,Ru4-Sn6-Y1,Ru-Sn-Y,Ru;Sn;Y,3,11,55.679,117.643,8.444074368477638,121,Tetragonal,AB4C6,0.0,False,True,True,True,
mp-aaabkkui,HfInNi2,Hf1-In1-Ni2,Hf-In-Ni,Hf;In;Ni,3,4,57.313,145.405,10.956590709387882,225,Cubic,ABC2,0.03463929312096692,False,True,True,True,
mp-aaabkkxb,La3Co,Co1-La3,Co-La,Co;La,2,16,12.416,32.741,6.658391546051663,62,Orthorhombic,AB3,0.0,False,True,True,True,
mp-aaabklft,CsNa2Ge17,Cs1-Ge17-Na2,Cs-Ge-Na,Cs;Ge;Na,3,40,24.137,39.169,4.722320187248537,227,Cubic,AB2C17,0.0,False,True,True,True,
mp-aaabkluq,FeGe2,Fe1-Ge2,Fe-Ge,Fe;Ge,2,24,67.937,128.509,7.523990857655016,64,Orthorhombic,AB2,0.07725995972222321,False,True,True,True,
mp-aaabknac,Fe13Co3,Co3-Fe13,Co-Fe,Co;Fe,2,16,82.143,170.181,8.07591798414568,123,Tetragonal,A3B13,0.0037431268750012237,False,True,True,True,
mp-aaabkrca,GaCuPt2,Cu1-Ga1-Pt2,Cu-Ga-Pt,Cu;Ga;Pt,3,4,69.795,188.8,15.060351106506607,123,Tetragonal,ABC2,0.0,False,False,False,True,Ga
mp-aaabkrdf,CuPt,Cu1-Pt1,Cu-Pt,Cu;Pt,2,2,68.019,190.686,15.260017646167727,166,Trigonal,AB,0.0,False,True,True,True,
mp-aaabkrkm,Zn7Mo,Mo1-Zn7,Mo-Zn,Mo;Zn,2,8,45.801,101.103,7.686745754515431,225,Cubic,AB7,0.025753753124998724,False,True,True,True,
mp-aaabkrkq,NdMg2Ag,Ag1-Mg2-Nd1,Ag-Mg-Nd,Ag;Mg;Nd,3,4,17.132,46.464,5.383818953347707,225,Cubic,ABC2,0.09480708333333343,False,True,True,True,
mp-aaabkrtr,LaGa6,Ga6-La1,Ga-La,Ga;La,2,14,45.523,59.389,6.377720644272418,125,Tetragonal,AB6,0.0,False,False,False,True,Ga
mp-aaabkujr,Hf2Ni2Sn,Hf2-Ni2-Sn1,Hf-Ni-Sn,Hf;Ni;Sn,3,10,67.477,154.562,11.559493404075639,127,Tetragonal,AB2C2,0.020497400999997417,False,True,True,True,
mp-aaabkuvw,Ca3Ag8,Ag8-Ca3,Ag-Ca,Ag;Ca,2,22,17.366,49.399,6.455640702115525,229,Cubic,A3B8,0.03675958545454705,False,True,True,True,
mp-aaabmcrk,NbPd3,Nb1-Pd3,Nb-Pd,Nb;Pd,2,24,80.945,196.318,10.855697942468447,59,Orthorhombic,AB3,0.0,False,False,False,True,Nb
mp-aaabmdab,ZrRh,Rh1-Zr1,Rh-Zr,Rh;Zr,2,8,46.847,155.521,8.69233420487758,62,Orthorhombic,AB,0.0,False,True,True,True,
mp-aaabmdac,VSnRh2,Rh2-Sn1-V1,Rh-Sn-V,Rh;Sn;V,3,4,77.938,187.018,10.052764675903832,139,Tetragonal,ABC2,0.010828268125000484,False,True,True,True,
mp-aaabmgly,CaPdPb,Ca1-Pb1-Pd1,Ca-Pb-Pd,Ca;Pb;Pd,3,9,27.4,57.601,8.15163594947869,189,Hexagonal,ABC,0.0,False,True,True,True,
mp-aaabmgmd,AlFe2Mo,Al1-Fe2-Mo1,Al-Fe-Mo,Al;Fe;Mo,3,4,52.491,230.256,7.765707646351789,225,Cubic,ABC2,0.03793002458333561,False,True,True,True,
mp-aaabmgmj,Cu3Pd,Cu3-Pd1,Cu-Pd,Cu;Pd,2,28,65.218,152.324,9.537406385213902,123,Tetragonal,AB3,0.0,False,True,True,True,
mp-aaabmgnr,YInNi,In1-Ni1-Y1,In-Ni-Y,In;Ni;Y,3,9,35.401,85.206,7.086069838823515,189,Hexagonal,ABC,0.0,False,True,True,True,
mp-aaabmgpd,VGe3,Ge3-V1,Ge-V,Ge;V,2,8,19.052,86.695,6.735083722031645,223,Cubic,AB3,0.3678941884090907,False,True,True,True,
mp-aaabmgpg,LiIn2Ru,In2-Li1-Ru1,In-Li-Ru,In;Li;Ru,3,4,41.998,95.132,8.049247649472091,225,Cubic,ABC2,0.037866556666667606,False,True,True,True,
mp-aaabmgql,Ni3Sb,Ni3-Sb1,Ni-Sb,Ni;Sb,2,8,51.56,168.202,9.515067539148072,59,Orthorhombic,AB3,0.031380285000000896,False,True,True,True,
mp-aaabmgqo,UNi2Sn,Ni2-Sn1-U1,Ni-Sn-U,Ni;Sn;U,3,4,45.894,146.821,11.6043543426862,225,Cubic,ABC2,0.03343651530720404,False,True,True,True,
mp-aaabmhbp,GaFe3,Fe3-Ga1,Fe-Ga,Fe;Ga,2,4,41.414,169.932,8.237566730195198,225,Cubic,AB3,0.03586805500000079,False,False,False,True,Ga
mp-aaabmhda,GeTe,Ge1-Te1,Ge-Te,Ge;Te,2,2,3.555,46.694,6.662336046056283,221,Cubic,AB,0.32561569499999976,False,False,False,True,Te
mp-aaabmklt,Cu2GeTe3,Cu2-Ge1-Te3,Cu-Ge-Te,Cu;Ge;Te,3,12,21.681,49.179,5.818551691311539,9,Monoclinic,AB2C3,0.011466356388893928,False,False,False,True,Te
mp-aaabmlvk,Cu2SnTe3,Cu2-Sn1-Te3,Cu-Sn-Te,Cu;Sn;Te,3,12,19.187,45.399,5.872821776046665,9,Monoclinic,AB2C3,0.016677571333335806,False,False,False,True,Te
mp-aaabmysr,InSb,In1-Sb1,In-Sb,In;Sb,2,2,18.782,47.174,6.95526334676854,44,Orthorhombic,AB,0.11980726999999902,False,True,True,True,
mp-aaabmzkh,CrTe2,Cr1-Te2,Cr-Te,Cr;Te,2,3,16.759,30.068,6.461840326316413,164,Trigonal,AB2,0.0,False,False,False,True,Cr;Te
mp-aaabqwqk,TiCuGe,Cu1-Ge1-Ti1,Cu-Ge-Ti,Cu;Ge;Ti,3,6,71.103,127.282,6.87412377228485,63,Orthorhombic,ABC,0.08228032000000063,False,True,True,True,
mp-aaabqxrd,Y2MgNi2,Mg1-Ni2-Y2,Mg-Ni-Y,Mg;Ni;Y,3,10,28.377,63.25,5.173820447676992,127,Tetragonal,AB2C2,0.0,False,True,True,True,
mp-aaabqydv,BaMgGe,Ba1-Ge1-Mg1,Ba-Ge-Mg,Ba;Ge;Mg,3,6,22.349,33.215,4.411370679285264,129,Tetragonal,ABC,0.0,False,True,True,True,
mp-aaabqyjx,Er6Te2Ru,Er6-Ru1-Te2,Er-Ru-Te,Er;Ru;Te,3,9,29.664,62.487,9.563543067610258,189,Hexagonal,AB2C6,0.05522887000000143,False,False,False,True,Te
mp-aaabqzjc,ZrSn2,Sn2-Zr1,Sn-Zr,Sn;Zr,2,6,53.789,87.588,7.8472575544632175,70,Orthorhombic,AB2,0.0,False,True,True,True,
mp-aaabrdlw,Mn11Pd21,Mn11-Pd21,Mn-Pd,Mn;Pd,2,32,56.025,142.138,9.660122911721631,123,Tetragonal,A11B21,0.0234693900000007,False,True,True,True,
mp-aaabsqsc,Ni2Mo,Mo1-Ni2,Mo-Ni,Mo;Ni,2,3,96.666,240.432,9.498497124413987,71,Orthorhombic,AB2,0.007272286666665906,False,True,True,True,
mp-aaabsqsd,CrNi2,Cr1-Ni2,Cr-Ni,Cr;Ni,2,3,111.762,221.367,8.545137245866915,71,Orthorhombic,AB2,0.11159117333333235,False,False,False,True,Cr
mp-aaabxajv,PrYMg2,Mg2-Pr1-Y1,Mg-Pr-Y,Mg;Pr;Y,3,4,22.951,39.202,4.033522719909873,225,Cubic,ABC2,0.0,False,True,True,True,
mp-aaabxajx,Pr2AgRu,Ag1-Pr2-Ru1,Ag-Pr-Ru,Ag;Pr;Ru,3,4,22.525,75.998,8.348804939060287,225,Cubic,ABC2,0.03250892624999935,False,True,True,True,
mp-aaabxajz,Pr2IrPd,Ir1-Pd1-Pr2,Ir-Pd-Pr,Ir;Pd;Pr,3,4,28.342,91.797,10.259378535819414,225,Cubic,ABC2,0.03695073169642793,False,True,True,True,
mp-aaabxako,Pr2HgPb,Hg1-Pb1-Pr2,Hg-Pb-Pr,Hg;Pb;Pr,3,4,18.268,53.36,9.509573101046856,225,Cubic,ABC2,0.046344563281245144,False,False,False,True,Hg
mp-aaabxakp,Pr2CuIr,Cu1-Ir1-Pr2,Cu-Ir-Pr,Cu;Ir;Pr,3,4,24.217,84.313,9.631721837247321,225,Cubic,ABC2,0.06199009937499511,False,True,True,True,
mp-aaabxakv,Pr2MgTl,Mg1-Pr2-Tl1,Mg-Pr-Tl,Mg;Pr;Tl,3,4,17.977,43.757,7.005673617671533,225,Cubic,ABC2,0.0097979304166671,False,True,True,True,
mp-aaabxaky,Pr2ZnIr,Ir1-Pr2-Zn1,Ir-Pr-Zn,Ir;Pr;Zn,3,4,24.587,78.497,9.33529285190549,225,Cubic,ABC2,0.06055380276785716,False,True,True,True,
mp-aaabxaoa,Pr2CuRu,Cu1-Pr2-Ru1,Cu-Pr-Ru,Cu;Pr;Ru,3,4,27.35,78.771,8.087317335592765,225,Cubic,ABC2,0.0413329062499983,False,True,True,True,
mp-aaabxaog,Pr2TlCd,Cd1-Pr2-Tl1,Cd-Pr-Tl,Cd;Pr;Tl,3,4,17.214,48.605,8.248861867582487,225,Cubic,ABC2,0.0,False,True,True,True,
mp-aaabxaom,Ho2ZnIn,Ho2-In1-Zn1,Ho-In-Zn,Ho;In;Zn,3,4,31.772,60.928,8.615116009575159,225,Cubic,ABC2,0.0,False,True,True,True,
mp-aaabxaow,Tc3Pd,Pd1-Tc3,Pd-Tc,Pd;Tc,2,8,144.737,252.716,11.333685898197317,194,Hexagonal,AB3,0.0,False,True,False,True,
mp-aaabxapc,LiSc2Ir,Ir1-Li1-Sc2,Ir-Li-Sc,Ir;Li;Sc,3,4,38.644,99.243,6.843126710135624,225,Cubic,ABC2,0.0,False,True,True,True,
mp-aaabxapd,LaHgAu2,Au2-Hg1-La1,Au-Hg-La,Au;Hg;La,3,4,3.22,69.273,12.730006502839021,225,Cubic,ABC2,0.0,False,False,False,True,Hg
mp-aaabxapk,LiLaHg2,Hg2-La1-Li1,Hg-La-Li,Hg;La;Li,3,4,9.091,44.988,8.898189651551016,225,Cubic,ABC2,0.0,False,False,False,True,Hg
mp-aaabxapl,LiZnAg2,Ag2-Li1-Zn1,Ag-Li-Zn,Ag;Li;Zn,3,4,15.67,65.489,7.452815363056325,225,Cubic,ABC2,0.0,False,True,True,True,
mp-aaabxapn,Ti2AlMo,Al1-Mo1-Ti2,Al-Mo-Ti,Al;Mo;Ti,3,4,40.787,150.337,5.652812361610487,225,Cubic,ABC2,0.0,False,True,True,True,
mp-aaabxapo,Er2TlCd,Cd1-Er2-Tl1,Cd-Er-Tl,Cd;Er;Tl,3,4,24.637,59.121,10.31548296836192,225,Cubic,ABC2,0.0,False,True,True,True,
mp-aaabxapp,LiMnPd2,Li1-Mn1-Pd2,Li-Mn-Pd,Li;Mn;Pd,3,4,43.455,102.805,7.907313407452222,225,Cubic,ABC2,0.0,False,True,True,True,
mp-aaabxapq,Tc3Ru,Ru1-Tc3,Ru-Tc,Ru;Tc,2,8,161.012,303.39,11.376916158767402,194,Hexagonal,AB3,0.0,False,True,False,True,
mp-aaabxapx,Ti2AlTc,Al1-Tc1-Ti2,Al-Tc-Ti,Al;Tc;Ti,3,4,61.979,159.815,5.8966163209974045,225,Cubic,ABC2,0.0,False,True,False,True,
mp-aaabxapz,Ti2CoIr,Co1-Ir1-Ti2,Co-Ir-Ti,Co;Ir;Ti,3,4,71.126,193.269,10.02031883300524,225,Cubic,ABC2,0.0,False,True,True,True,
mp-aaabxaqa,Ti2AlRe,Al1-Re1-Ti2,Al-Re-Ti,Al;Re;Ti,3,4,72.215,172.0,8.230323733742875,225,Cubic,ABC2,0.0,False,True,True,True,
mp-aaabxaqb,Ti2CoRe,Co1-Re1-Ti2,Co-Re-Ti,Co;Re;Ti,3,4,96.956,190.189,9.939966955551727,225,Cubic,ABC2,0.0,False,True,True,True,
mp-aaabxaqd,CaLaMg2,Ca1-La1-Mg2,Ca-La-Mg,Ca;La;Mg,3,4,18.121,29.61,3.027405886515883,225,Cubic,ABC2,0.0,False,True,True,True,
mp-aaabxaqf,Ca2MgTl,Ca2-Mg1-Tl1,Ca-Mg-Tl,Ca;Mg;Tl,3,4,18.831,28.633,4.311451563583717,225,Cubic,ABC2,0.0,False,True,True,True,
mp-aaabxaql,Li2PdPb,Li2-Pb1-Pd1,Li-Pb-Pd,Li;Pb;Pd,3,4,20.181,50.293,8.128162085375024,225,Cubic,ABC2,0.07561348500000165,False,True,True,True,
mp-aaabxaqq,Ti2CrIr,Cr1-Ir1-Ti2,Cr-Ir-Ti,Cr;Ir;Ti,3,4,78.863,194.37,9.750531362439979,225,Cubic,ABC2,0.0,False,False,False,True,Cr
mp-aaabxaqs,LiMnPt2,Li1-Mn1-Pt2,Li-Mn-Pt,Li;Mn;Pt,3,4,50.068,134.07,13.28422572890307,225,Cubic,ABC2,0.0,False,True,True,True,
mp-aaabxaqu,LiNdHg2,Hg2-Li1-Nd1,Hg-Li-Nd,Hg;Li;Nd,3,4,9.543,48.714,9.449451224336965,225,Cubic,ABC2,0.0,False,False,False,True,Hg
mp-aaabxaqv,LiPr2Ru,Li1-Pr2-Ru1,Li-Pr-Ru,Li;Pr;Ru,3,4,22.364,61.849,6.844626248092344,225,Cubic,ABC2,0.02362326479166299,False,True,True,True,
mp-aaabxaqw,CaZrRh2,Ca1-Rh2-Zr1,Ca-Rh-Zr,Ca;Rh;Zr,3,4,34.247,120.366,7.491708760749894,225,Cubic,ABC2,0.04841057997684928,False,True,True,True,
mp-aaabxaqx,LiRh2Pb,Li1-Pb1-Rh2,Li-Pb-Rh,Li;Pb;Rh,3,4,52.058,125.906,10.924893599283235,225,Cubic,ABC2,0.0,False,True,True,True,
mp-aaabxaqz,LiTmIn2,In2-Li1-Tm1,In-Li-Tm,In;Li;Tm,3,4,18.108,38.577,6.93726326964131,225,Cubic,ABC2,0.01950030045454909,False,True,True,True,
mp-aaabxara,LiRu2W,Li1-Ru2-W1,Li-Ru-W,Li;Ru;W,3,4,82.095,221.989,11.758407095817857,225,Cubic,ABC2,0.0,False,True,True,True,
mp-aaabxarg,Ti2FeIr,Fe1-Ir1-Ti2,Fe-Ir-Ti,Fe;Ir;Ti,3,4,75.782,191.953,9.989202555520393,225,Cubic,ABC2,0.0,False,True,True,True,
mp-aaabxatg,Ac2AgIr,Ac2-Ag1-Ir1,Ac-Ag-Ir,Ac;Ag;Ir,3,4,14.533,67.493,11.231388373186507,225,Cubic,ABC2,0.08711758447916651,False,False,False,True,Ac
mp-aaabxatp,LiTePd2,Li1-Pd2-Te1,Li-Pd-Te,Li;Pd;Te,3,4,19.117,94.385,8.57394585944251,225,Cubic,ABC2,0.06740223653225375,False,False,False,True,Te
mp-aaabxatr,AcMgTl2,Ac1-Mg1-Tl2,Ac-Mg-Tl,Ac;Mg;Tl,3,4,10.424,39.982,9.027467024866835,225,Cubic,ABC2,0.0,False,False,False,True,Ac
mp-aaabxats,LiSbPd2,Li1-Pd2-Sb1,Li-Pd-Sb,Li;Pd;Sb,3,4,33.967,107.809,8.749449661596183,225,Cubic,ABC2,0.0,False,True,True,True,
mp-aaabxatu,CaMgPb,Ca1-Mg1-Pb1,Ca-Mg-Pb,Ca;Mg;Pb,3,12,25.863,36.51,5.273377868348434,62,Orthorhombic,ABC,0.0,False,True,True,True,
mp-aaabxayy,Ac2HgGe,Ac2-Ge1-Hg1,Ac-Ge-Hg,Ac;Ge;Hg,3,4,14.917,47.445,9.568935905326015,225,Cubic,ABC2,0.0,False,False,False,True,Ac;Hg
mp-aaabxazb,LiHf2Re,Hf2-Li1-Re1,Hf-Li-Re,Hf;Li;Re,3,4,44.212,137.66,12.878607296970973,225,Cubic,ABC2,0.0,False,True,True,True,
mp-aaabxazg,AcCdRh2,Ac1-Cd1-Rh2,Ac-Cd-Rh,Ac;Cd;Rh,3,4,27.025,93.343,10.756136195991292,225,Cubic,ABC2,0.0,False,False,False,True,Ac
mp-aaabxazh,LiGeAu2,Au2-Ge1-Li1,Au-Ge-Li,Au;Ge;Li,3,4,17.072,77.804,11.557254112604957,225,Cubic,ABC2,0.0,False,True,True,True,
mp-aaabxazi,LiGeIr2,Ge1-Ir2-Li1,Ge-Ir-Li,Ge;Ir;Li,3,4,107.147,206.944,14.658795626311425,225,Cubic,ABC2,0.0,False,True,True,True,
mp-aaabxazj,Ac2CuIr,Ac2-Cu1-Ir1,Ac-Cu-Ir,Ac;Cu;Ir,3,4,18.099,68.935,11.19775693385428,225,Cubic,ABC2,0.0,False,False,False,True,Ac
mp-aaabxazw,LiHg2Pd,Hg2-Li1-Pd1,Hg-Li-Pd,Hg;Li;Pd,3,4,11.597,69.136,11.670530775330864,225,Cubic,ABC2,0.0,False,False,False,True,Hg
mp-aaabxbaa,LiGaAu2,Au2-Ga1-Li1,Au-Ga-Li,Au;Ga;Li,3,4,26.976,85.118,12.112356497602322,225,Cubic,ABC2,0.0,False,False,False,True,Ga
mp-aaabxbab,LiGaCu2,Cu2-Ga1-Li1,Cu-Ga-Li,Cu;Ga;Li,3,4,36.374,86.815,6.5746168772074665,225,Cubic,ABC2,0.0,False,False,False,True,Ga
mp-aaabxbaf,LiBiPd2,Bi1-Li1-Pd2,Bi-Li-Pd,Bi;Li;Pd,3,4,15.71,82.613,10.040741884465875,225,Cubic,ABC2,0.0,False,True,True,True,
mp-aaabxbai,TaTiRu2,Ru2-Ta1-Ti1,Ru-Ta-Ti,Ru;Ta;Ti,3,4,70.548,234.152,11.616014435820105,225,Cubic,ABC2,0.0,False,True,True,True,
mp-aaabxbaj,CdGaRh2,Cd1-Ga1-Rh2,Cd-Ga-Rh,Cd;Ga;Rh,3,4,52.518,160.28,10.393265453727023,225,Cubic,ABC2,0.0,False,False,False,True,Ga
mp-aaabxbam,TaTiTc2,Ta1-Tc2-Ti1,Ta-Tc-Ti,Ta;Tc;Ti,3,4,101.829,230.754,11.26208304535979,225,Cubic,ABC2,0.0,False,True,False,True,
mp-aaabxban,LiDy2Al,Al1-Dy2-Li1,Al-Dy-Li,Al;Dy;Li,3,4,31.25,49.683,6.162364459966552,225,Cubic,ABC2,0.008685380208333981,False,True,True,True,
mp-aaabxbbf,LiPt3,Li1-Pt3,Li-Pt,Li;Pt,2,4,85.615,182.434,16.734189640545193,221,Cubic,AB3,0.0,False,True,True,True,
mp-aaabxbbh,LiTmHg2,Hg2-Li1-Tm1,Hg-Li-Tm,Hg;Li;Tm,3,4,15.603,54.296,10.908089568202387,225,Cubic,ABC2,0.0,False,False,False,True,Hg
mp-aaabxbbj,CaSnRh2,Ca1-Rh2-Sn1,Ca-Rh-Sn,Ca;Rh;Sn,3,4,38.677,116.199,8.394697849220101,225,Cubic,ABC2,0.0,False,True,True,True,
mp-aaabxbbk,LiPd3,Li1-Pd3,Li-Pd,Li;Pd,2,4,37.805,120.749,9.178755371617246,221,Cubic,AB3,0.0,False,True,True,True,
mp-aaabxbbn,Ac3Sn,Ac3-Sn1,Ac-Sn,Ac;Sn,2,4,20.594,34.933,8.808040449952152,221,Cubic,AB3,0.11538657999999913,False,False,False,True,Ac
mp-aaabxbbo,Ca2CdSn,Ca2-Cd1-Sn1,Ca-Cd-Sn,Ca;Cd;Sn,3,4,24.541,34.346,4.527518767735078,225,Cubic,ABC2,0.0,False,True,True,True,
mp-aaabxbbu,Er2MgAl,Al1-Er2-Mg1,Al-Er-Mg,Al;Er;Mg,3,4,36.576,57.65,6.6128328363295665,225,Cubic,ABC2,0.0,False,True,True,True,
mp-aaabxbbv,LiPm2Ga,Ga1-Li1-Pm2,Ga-Li-Pm,Ga;Li;Pm,3,4,25.461,41.038,6.026547897375233,225,Cubic,ABC2,0.0,False,False,False,True,Ga
mp-aaabxbbz,LiTaRh2,Li1-Rh2-Ta1,Li-Rh-Ta,Li;Rh;Ta,3,4,67.999,185.431,11.27484831165986,225,Cubic,ABC2,0.0,False,True,True,True,
mp-aaabxbcb,AlFeRh2,Al1-Fe1-Rh2,Al-Fe-Rh,Al;Fe;Rh,3,4,40.729,193.542,8.766747370024367,225,Cubic,ABC2,0.0,False,True,True,True,
mp-aaabxbcc,LiTaRu2,Li1-Ru2-Ta1,Li-Ru-Ta,Li;Ru;Ta,3,4,66.077,190.046,11.271944525581205,225,Cubic,ABC2,0.04859282874999593,False,True,True,True,
mp-aaabxbcd,LiPm2Ge,Ge1-Li1-Pm2,Ge-Li-Pm,Ge;Li;Pm,3,4,26.487,52.428,6.299196033788737,225,Cubic,ABC2,0.0,False,True,False,True,
mp-aaabxbce,LiPm2Ir,Ir1-Li1-Pm2,Ir-Li-Pm,Ir;Li;Pm,3,4,28.359,73.728,8.903985087363646,225,Cubic,ABC2,0.0,False,True,False,True,
mp-aaabxbcg,Ti2MnBe,Be1-Mn1-Ti2,Be-Mn-Ti,Be;Mn;Ti,3,4,55.985,153.777,5.0771425248825786,225,Cubic,ABC2,0.0,False,True,True,True,
mp-aaabxbcj,TiZnRh2,Rh2-Ti1-Zn1,Rh-Ti-Zn,Rh;Ti;Zn,3,4,83.01,190.201,9.282524230686732,225,Cubic,ABC2,0.0,False,True,True,True,
mp-aaabxbcw,PaCdPt2,Cd1-Pa1-Pt2,Cd-Pa-Pt,Cd;Pa;Pt,3,4,32.81,145.981,15.093217567760219,225,Cubic,ABC2,0.0,False,False,False,True,Pa
mp-aaabxbda,Hf2ReIr,Hf2-Ir1-Re1,Hf-Ir-Re,Hf;Ir;Re,3,4,103.795,213.322,17.41235925177036,225,Cubic,ABC2,0.0,False,True,True,True,
mp-aaabxbdf,Ti2MnFe,Fe1-Mn1-Ti2,Fe-Mn-Ti,Fe;Mn;Ti,3,4,76.543,184.197,6.551560341562457,225,Cubic,ABC2,0.0,False,True,True,True,
mp-aaabxbdp,Ho2TlAg,Ag1-Ho2-Tl1,Ag-Ho-Tl,Ag;Ho;Tl,3,4,26.76,63.714,10.411535748320349,225,Cubic,ABC2,0.0,False,True,True,True,
mp-aaabxbdq,Ho2TlCd,Cd1-Ho2-Tl1,Cd-Ho-Tl,Cd;Ho;Tl,3,4,25.452,59.723,10.127671685727584,225,Cubic,ABC2,0.0,False,True,True,True,
mp-aaabxbnw,ScZn3,Sc1-Zn3,Sc-Zn,Sc;Zn,2,8,29.499,79.006,6.003430662095575,194,Hexagonal,AB3,0.0,False,True,True,True,
mp-aaabxbny,LaCdHg2,Cd1-Hg2-La1,Cd-Hg-La,Cd;Hg;La,3,4,14.129,52.817,10.425456117968046,225,Cubic,ABC2,0.0,False,False,False,True,Hg
mp-aaabxbox,BeAlRh2,Al1-Be1-Rh2,Al-Be-Rh,Al;Be;Rh,3,4,102.765,199.23,8.160992044497611,225,Cubic,ABC2,0.0,False,True,True,True,
mp-aaabxboy,AlFe2W,Al1-Fe2-W1,Al-Fe-W,Al;Fe;W,3,4,45.537,238.376,10.640167519149555,225,Cubic,ABC2,0.0,False,True,True,True,
mp-aaabxboz,AcHg3,Ac1-Hg3,Ac-Hg,Ac;Hg,2,8,12.999,46.985,11.98720909915019,194,Hexagonal,AB3,0.0,False,False,False,True,Ac;Hg
mp-aaabxbpa,LiFeRh2,Fe1-Li1-Rh2,Fe-Li-Rh,Fe;Li;Rh,3,4,65.499,145.894,8.625866886510508,225,Cubic,ABC2,0.0,False,True,True,True,
mp-aaabxbpb,BeGaRh2,Be1-Ga1-Rh2,Be-Ga-Rh,Be;Ga;Rh,3,4,91.436,200.601,9.416587356476722,225,Cubic,ABC2,0.0,False,False,False,True,Ga
mp-aaabxbph,LiAlRh2,Al1-Li1-Rh2,Al-Li-Rh,Al;Li;Rh,3,4,66.739,147.585,7.610653810854712,225,Cubic,ABC2,0.0,False,True,True,True,
mp-aaabxbpw,LiBePd2,Be1-Li1-Pd2,Be-Li-Pd,Be;Li;Pd,3,4,56.945,124.471,7.8915821201294065,225,Cubic,ABC2,0.0,False,True,True,True,
mp-aaabxbqa,LiBePt2,Be1-Li1-Pt2,Be-Li-Pt,Be;Li;Pt,3,4,79.648,165.822,14.120053107248806,225,Cubic,ABC2,0.0,False,True,True,True,
mp-aaabxbqc,LiAl2Ni,Al2-Li1-Ni1,Al-Li-Ni,Al;Li;Ni,3,4,69.544,103.846,3.8891175089962,225,Cubic,ABC2,0.0,False,True,True,True,
mp-aaabxbqd,Ac2CdSn,Ac2-Cd1-Sn1,Ac-Cd-Sn,Ac;Cd;Sn,3,4,16.536,42.615,8.319659001816202,225,Cubic,ABC2,0.07460025710229701,False,False,False,True,Ac
mp-aaabxbqf,LiAsPd2,As1-Li1-Pd2,As-Li-Pd,As;Li;Pd,3,4,35.687,108.466,8.381155314101207,225,Cubic,ABC2,0.03302843736607031,False,False,False,True,As
mp-aaabxbqt,LiAsRh2,As1-Li1-Rh2,As-Li-Rh,As;Li;Rh,3,4,59.369,160.442,9.093937309117175,225,Cubic,ABC2,0.0,False,False,False,True,As
mp-aaabxbqw,Sc2CuRu,Cu1-Ru1-Sc2,Cu-Ru-Sc,Cu;Ru;Sc,3,4,46.784,113.161,6.255915296851838,225,Cubic,ABC2,0.0,False,True,True,True,
mp-aaabxbqx,Sc2GaAg,Ag1-Ga1-Sc2,Ag-Ga-Sc,Ag;Ga;Sc,3,4,41.463,81.21,5.59902917196169,225,Cubic,ABC2,0.012685692499999845,False,False,False,True,Ga
mp-aaabxbqy,Sc2GaCu,Cu1-Ga1-Sc2,Cu-Ga-Sc,Cu;Ga;Sc,3,4,45.774,85.089,5.067534592298292,225,Cubic,ABC2,0.0,False,False,False,True,Ga
mp-aaabxbrs,Sc2NiIr,Ir1-Ni1-Sc2,Ir-Ni-Sc,Ir;Ni;Sc,3,4,49.792,137.387,8.565413566202034,225,Cubic,ABC2,0.0,False,True,True,True,
mp-aaabxbrt,Sc2NiOs,Ni1-Os1-Sc2,Ni-Os-Sc,Ni;Os;Sc,3,4,62.463,145.388,8.605601726610239,225,Cubic,ABC2,0.0,False,True,True,True,
mp-aaabxbsj,LiBe2Ir,Be2-Ir1-Li1,Be-Ir-Li,Be;Ir;Li,3,4,64.707,139.753,8.647258680984388,225,Cubic,ABC2,0.0,False,True,True,True,
mp-aaabxbsl,Sc2TcAg,Ag1-Sc2-Tc1,Ag-Sc-Tc,Ag;Sc;Tc,3,4,42.33,108.026,6.692594240865851,225,Cubic,ABC2,0.014370795312501627,False,True,False,True,
mp-aaabxbud,Sc2TcPd,Pd1-Sc2-Tc1,Pd-Sc-Tc,Pd;Sc;Tc,3,4,53.036,123.752,7.022456491236642,225,Cubic,ABC2,0.040141765937501184,False,True,False,True,
mp-aaabxbul,Sc2AgOs,Ag1-Os1-Sc2,Ag-Os-Sc,Ag;Os;Sc,3,4,45.47,123.096,8.878404715264804,225,Cubic,ABC2,0.0,False,True,True,True,
mp-aaabxbum,Sc2AgIr,Ag1-Ir1-Sc2,Ag-Ir-Sc,Ag;Ir;Sc,3,4,37.764,120.565,8.822821325181042,225,Cubic,ABC2,0.009654504910713513,False,True,True,True,
mp-aaabxbuz,TaAlOs2,Al1-Os2-Ta1,Al-Os-Ta,Al;Os;Ta,3,4,143.473,268.452,16.162983101984604,225,Cubic,ABC2,0.0,False,True,True,True,
mp-aaabxbva,TaAlRu2,Al1-Ru2-Ta1,Al-Ru-Ta,Al;Ru;Ta,3,4,132.422,240.988,11.467590972336502,225,Cubic,ABC2,0.0,False,True,True,True,
mp-aaabxbwb,Sc2AgRu,Ag1-Ru1-Sc2,Ag-Ru-Sc,Ag;Ru;Sc,3,4,37.977,111.847,6.8091467231441944,225,Cubic,ABC2,0.0,False,True,True,True,
mp-aaabxbwo,Sc2AlOs,Al1-Os1-Sc2,Al-Os-Sc,Al;Os;Sc,3,4,49.483,123.137,7.168696028417243,225,Cubic,ABC2,0.0,False,True,True,True,
mp-aaabxbwu,LiErTl2,Er1-Li1-Tl2,Er-Li-Tl,Er;Li;Tl,3,4,21.383,43.284,9.84836085274908,225,Cubic,ABC2,0.0,False,True,True,True,
mp-aaabxbyt,Sc2AlTc,Al1-Sc2-Tc1,Al-Sc-Tc,Al;Sc;Tc,3,4,43.786,109.061,4.9114558694555654,225,Cubic,ABC2,0.0,False,True,False,True,
mp-aaabxbyw,Sc2AlRu,Al1-Ru1-Sc2,Al-Ru-Sc,Al;Ru;Sc,3,4,39.474,110.743,5.04183090830961,225,Cubic,ABC2,0.018248340357143178,False,True,True,True,
mp-aaabxbyy,Sc2AlZn,Al1-Sc2-Zn1,Al-Sc-Zn,Al;Sc;Zn,3,4,45.758,76.171,3.936165673003976,225,Cubic,ABC2,0.0,False,True,True,True,
mp-aaabxbyz,LiAcTl2,Ac1-Li1-Tl2,Ac-Li-Tl,Ac;Li;Tl,3,4,6.17,34.711,8.890989141897716,225,Cubic,ABC2,0.0,False,False,False,True,Ac
mp-aaabxbzd,Sc2BeRu,Be1-Ru1-Sc2,Be-Ru-Sc,Be;Ru;Sc,3,4,47.296,112.509,5.057942094509009,225,Cubic,ABC2,0.039438873928571816,False,True,True,True,
mp-aaabxbzf,LiY2Al,Al1-Li1-Y2,Al-Li-Y,Al;Li;Y,3,4,33.33,50.306,3.604909207639971,225,Cubic,ABC2,0.0,False,True,True,True,
mp-aaabxbzl,ScSbRu2,Ru2-Sb1-Sc1,Ru-Sb-Sc,Ru;Sb;Sc,3,4,100.408,181.046,9.370759241906095,225,Cubic,ABC2,0.0,False,True,True,True,
mp-aaabxbzn,Sc2BeTc,Be1-Sc2-Tc1,Be-Sc-Tc,Be;Sc;Tc,3,4,45.33,105.286,4.9124538271838265,225,Cubic,ABC2,0.04061840231250091,False,True,False,True,
mp-aaabxcak,Re3Pd,Pd1-Re3,Pd-Re,Pd;Re,2,8,173.524,297.088,18.45504287559217,194,Hexagonal,AB3,0.0,False,True,True,True,
mp-aaabxcam,LiDy2Tc,Dy2-Li1-Tc1,Dy-Li-Tc,Dy;Li;Tc,3,4,31.932,68.896,8.415878701585033,225,Cubic,ABC2,0.03129211697916645,False,True,False,True,
mp-aaabxcan,Re3Pt,Pt1-Re3,Pt-Re,Pt;Re,2,8,204.28,325.952,20.763419619512582,194,Hexagonal,AB3,0.0,False,True,True,True,
mp-aaabxcay,Be2PtRh,Be2-Pt1-Rh1,Be-Pt-Rh,Be;Pt;Rh,3,4,113.636,216.114,11.807998141034068,225,Cubic,ABC2,0.0,False,True,True,True,
mp-aaabxcba,ScAlCo2,Al1-Co2-Sc1,Al-Co-Sc,Al;Co;Sc,3,4,94.037,146.391,5.914964362317683,225,Cubic,ABC2,0.0,False,True,True,True,
mp-aaabxcbc,Re3Ni,Ni1-Re3,Ni-Re,Ni;Re,2,8,179.065,317.142,18.362997903660535,194,Hexagonal,AB3,0.0,False,True,True,True,
mp-aaabxcbi,LiHfIr2,Hf1-Ir2-Li1,Hf-Ir-Li,Hf;Ir;Li,3,4,62.733,174.685,15.412272679870034,225,Cubic,ABC2,0.0,False,True,True,True,
mp-aaabxcbl,LiAc2Ga,Ac2-Ga1-Li1,Ac-Ga-Li,Ac;Ga;Li,3,4,19.764,33.104,7.114977009140094,225,Cubic,ABC2,0.021974541770831024,False,False,False,True,Ac;Ga
mp-aaabxcbp,AcAl3,Ac1-Al3,Ac-Al,Ac;Al,2,8,34.916,58.815,5.24340290181048,194,Hexagonal,AB3,0.0,False,False,False,True,Ac
mp-aaabxcbr,LiErIn2,Er1-In2-Li1,Er-In-Li,Er;In;Li,3,4,20.144,43.83,7.092374837959905,225,Cubic,ABC2,0.017951895312499744,False,True,True,True,
mp-aaabxcbs,IrRu3,Ir1-Ru3,Ir-Ru,Ir;Ru,2,8,185.926,321.281,14.609568388805666,194,Hexagonal,AB3,0.0,False,True,True,True,
mp-aaabxcbu,BeRu2W,Be1-Ru2-W1,Be-Ru-W,Be;Ru;W,3,4,117.74,270.586,12.196630618840842,225,Cubic,ABC2,0.0,False,True,True,True,
mp-aaabxcce,LiCa2Al,Al1-Ca2-Li1,Al-Ca-Li,Al;Ca;Li,3,4,20.041,29.043,1.7218773951363082,225,Cubic,ABC2,0.0,False,True,True,True,
mp-aaabxcdb,Ru3W,Ru3-W1,Ru-W,Ru;W,2,8,168.416,308.427,13.986040795837797,194,Hexagonal,AB3,0.0,False,True,True,True,
mp-aaabxcdc,ErAl3,Al3-Er1,Al-Er,Al;Er,2,20,56.514,76.785,5.414136405275311,166,Trigonal,AB3,0.0025044782499996643,False,True,True,True,
mp-aaabxcdd,LiCuPd2,Cu1-Li1-Pd2,Cu-Li-Pd,Cu;Li;Pd,3,4,37.593,144.978,8.612239868051278,225,Cubic,ABC2,0.0,False,True,True,True,
mp-aaabxcde,LiCu3,Cu3-Li1,Cu-Li,Cu;Li,2,4,43.619,92.453,6.761976205143802,139,Tetragonal,AB3,0.0,False,True,True,True,
mp-aaabxcdi,LaMgZn2,La1-Mg1-Zn2,La-Mg-Zn,La;Mg;Zn,3,4,28.284,51.066,5.449829095247631,225,Cubic,ABC2,0.0,False,True,True,True,
mp-aaabxcdj,LaPbAu2,Au2-La1-Pb1,Au-La-Pb,Au;La;Pb,3,4,19.936,71.48,12.276598904085013,225,Cubic,ABC2,0.0,False,True,True,True,
mp-aaabxcdm,DyGaRh2,Dy1-Ga1-Rh2,Dy-Ga-Rh,Dy;Ga;Rh,3,4,47.905,141.67,10.759822027975678,225,Cubic,ABC2,0.0,False,False,False,True,Ga
mp-aaabxcdn,LiAc2Ge,Ac2-Ge1-Li1,Ac-Ge-Li,Ac;Ge;Li,3,4,20.637,38.715,7.320031523288202,225,Cubic,ABC2,0.0,False,False,False,True,Ac
mp-aaabxcdt,LiY2Ru,Li1-Ru1-Y2,Li-Ru-Y,Li;Ru;Y,3,4,29.28,70.948,5.589317734524759,225,Cubic,ABC2,0.0,False,True,True,True,
mp-aaabxcdx,LiHoTl2,Ho1-Li1-Tl2,Ho-Li-Tl,Ho;Li;Tl,3,4,19.632,42.546,9.74584546472191,225,Cubic,ABC2,0.0,False,True,True,True,
mp-aaabxcdz,TaZn2,Ta1-Zn2,Ta-Zn,Ta;Zn,2,24,90.589,151.886,11.487725896778501,194,Hexagonal,AB2,0.0,False,True,True,True,
mp-aaabxcea,DyMgAg2,Ag2-Dy1-Mg1,Ag-Dy-Mg,Ag;Dy;Mg,3,4,12.356,65.63,7.762222524798455,225,Cubic,ABC2,0.0,False,True,True,True,
mp-aaabxcee,LiHf2Os,Hf2-Li1-Os1,Hf-Li-Os,Hf;Li;Os,3,4,59.172,145.945,13.17531773325117,225,Cubic,ABC2,0.0,False,True,True,True,
mp-aaabxcel,Al2FeCo,Al2-Co1-Fe1,Al-Co-Fe,Al;Co;Fe,3,4,118.533,179.509,5.991028035647706,225,Cubic,ABC2,0.0,False,True,True,True,
mp-aaabxcem,DyHoMg2,Dy1-Ho1-Mg2,Dy-Ho-Mg,Dy;Ho;Mg,3,4,18.839,43.612,5.776247212354204,225,Cubic,ABC2,0.002089764999999133,False,True,True,True,
mp-aaabxceo,Al2IrRh,Al2-Ir1-Rh1,Al-Ir-Rh,Al;Ir;Rh,3,4,97.627,211.649,10.58998416683088,225,Cubic,ABC2,0.0,False,True,True,True,
mp-aaabxcep,Al2CoRu,Al2-Co1-Ru1,Al-Co-Ru,Al;Co;Ru,3,4,112.686,185.345,7.012562959741825,225,Cubic,ABC2,0.0,False,True,True,True,
mp-aaabxcer,Er2MgGe2,Er2-Ge2-Mg1,Er-Ge-Mg,Er;Ge;Mg,3,10,56.657,75.034,7.6206028674549575,127,Tetragonal,AB2C2,0.0,False,True,True,True,
mp-aaabxcet,ScTaOs2,Os2-Sc1-Ta1,Os-Sc-Ta,Os;Sc;Ta,3,4,121.918,235.29,15.406712641731314,225,Cubic,ABC2,0.0,False,True,True,True,
mp-aaabxceu,AlVOs2,Al1-Os2-V1,Al-Os-V,Al;Os;V,3,4,140.544,270.525,13.830860498443737,225,Cubic,ABC2,0.0,False,True,True,True,
mp-aaabxcew,Sc2AgHg,Ag1-Hg1-Sc2,Ag-Hg-Sc,Ag;Hg;Sc,3,4,32.127,79.681,7.804248871870898,225,Cubic,ABC2,0.0,False,False,False,True,Hg
mp-aaabxcex,Sc2AgAu,Ag1-Au1-Sc2,Ag-Au-Sc,Ag;Au;Sc,3,4,32.821,91.964,8.163455597089614,225,Cubic,ABC2,0.007804138124999582,False,True,True,True,
mp-aaabxcey,ScZn2Pt,Pt1-Sc1-Zn2,Pt-Sc-Zn,Pt;Sc;Zn,3,4,29.224,123.901,9.775545520697635,225,Cubic,ABC2,0.05077385671875234,False,True,True,True,
mp-aaabxcez,AlZnIr2,Al1-Ir2-Zn1,Al-Ir-Zn,Al;Ir;Zn,3,4,108.285,220.942,14.281120573113636,225,Cubic,ABC2,0.0,False,True,True,True,
mp-aaabxcfa,BeCo2Ge,Be1-Co2-Ge1,Be-Co-Ge,Be;Co;Ge,3,4,80.844,201.076,7.971307982421238,225,Cubic,ABC2,0.0,False,True,True,True,
mp-aaabxcfe,Sc2CdTc,Cd1-Sc2-Tc1,Cd-Sc-Tc,Cd;Sc;Tc,3,4,31.014,100.691,6.498241333554155,225,Cubic,ABC2,0.0463718153124999,False,True,False,True,
mp-aaabxcfg,Sc2CoIr,Co1-Ir1-Sc2,Co-Ir-Sc,Co;Ir;Sc,3,4,60.261,137.361,8.727979844675675,225,Cubic,ABC2,0.0,False,True,True,True,
mp-aaabxcfh,BeGeRu2,Be1-Ge1-Ru2,Be-Ge-Ru,Be;Ge;Ru,3,4,99.655,227.447,9.433523697491024,225,Cubic,ABC2,0.0,False,True,True,True,
mp-aaabxcfj,Al2PdRu,Al2-Pd1-Ru1,Al-Pd-Ru,Al;Pd;Ru,3,4,80.631,180.532,7.804963595112223,225,Cubic,ABC2,0.0,False,True,True,True,
mp-aaabxcfk,LiAg3,Ag3-Li1,Ag-Li,Ag;Li,2,4,24.289,66.506,7.9325926210898405,139,Tetragonal,AB3,0.0,False,True,True,True,
mp-aaabxcfl,LiAlAu2,Al1-Au2-Li1,Al-Au-Li,Al;Au;Li,3,4,36.27,97.735,11.324824346751344,225,Cubic,ABC2,0.0,False,True,True,True,
mp-aaabxcfn,LiY2Os,Li1-Os1-Y2,Li-Os-Y,Li;Os;Y,3,4,34.286,80.346,7.399134787063003,225,Cubic,ABC2,0.0,False,True,True,True,
mp-aaabxcfo,Sr2CdIn,Cd1-In1-Sr2,Cd-In-Sr,Cd;In;Sr,3,4,15.966,26.36,4.918295682838445,225,Cubic,ABC2,0.0,False,True,True,True,
mp-aaabxcfp,Sr2CdPb,Cd1-Pb1-Sr2,Cd-Pb-Sr,Cd;Pb;Sr,3,4,21.316,27.344,5.955135825667373,225,Cubic,ABC2,0.0,False,True,True,True,
mp-aaabxcfr,ScTc2Mo,Mo1-Sc1-Tc2,Mo-Sc-Tc,Mo;Sc;Tc,3,4,80.503,207.886,8.804852587702547,225,Cubic,ABC2,0.049238216875002294,False,True,False,True,
mp-aaabxcft,ScTc2W,Sc1-Tc2-W1,Sc-Tc-W,Sc;Tc;W,3,4,89.291,219.455,11.074910902092686,225,Cubic,ABC2,0.0,False,True,False,True,
mp-aaabxcfv,Pm2ZnPb,Pb1-Pm2-Zn1,Pb-Pm-Zn,Pb;Pm;Zn,3,4,19.066,54.069,8.507238823745363,225,Cubic,ABC2,0.0,False,True,False,True,
mp-aaabxcfw,Pm2ZnRu,Pm2-Ru1-Zn1,Pm-Ru-Zn,Pm;Ru;Zn,3,4,22.938,78.796,8.322412211761366,225,Cubic,ABC2,0.0,False,True,False,True,
mp-aaabxcfy,LiGaRh2,Ga1-Li1-Rh2,Ga-Li-Rh,Ga;Li;Rh,3,4,59.775,148.873,8.830270545432922,225,Cubic,ABC2,0.0,False,False,False,True,Ga
mp-aaabxcga,PmZn3,Pm1-Zn3,Pm-Zn,Pm;Zn,2,8,15.758,64.957,7.080162176505545,194,Hexagonal,AB3,0.0,False,True,False,True,
mp-aaabxcgc,Pm2ZnSn,Pm2-Sn1-Zn1,Pm-Sn-Zn,Pm;Sn;Zn,3,4,21.841,58.086,7.38349292554351,225,Cubic,ABC2,0.0,False,True,False,True,
mp-aaabxcgf,LiHgPd2,Hg1-Li1-Pd2,Hg-Li-Pd,Hg;Li;Pd,3,4,22.7,97.049,10.607710603880303,225,Cubic,ABC2,0.0,False,False,False,True,Hg
mp-aaabxcgi,Sr2TlCd,Cd1-Sr2-Tl1,Cd-Sr-Tl,Cd;Sr;Tl,3,4,15.711,25.727,5.968040063120617,225,Cubic,ABC2,0.0,False,True,True,True,
mp-aaabxcgk,Pm2ZnGe,Ge1-Pm2-Zn1,Ge-Pm-Zn,Ge;Pm;Zn,3,4,26.438,62.046,7.322174716314243,225,Cubic,ABC2,0.0,False,True,False,True,
mp-aaabxcgn,Sr2LiPt,Li1-Pt1-Sr2,Li-Pt-Sr,Li;Pt;Sr,3,4,14.401,30.834,5.679751400294619,225,Cubic,ABC2,0.11923774220237959,False,True,True,True,
mp-aaabxcgp,Sr2PtAu,Au1-Pt1-Sr2,Au-Pt-Sr,Au;Pt;Sr,3,4,19.997,45.405,8.788763547757094,225,Cubic,ABC2,0.05933732750000331,False,True,True,True,
mp-aaabxcgs,SrNiSn2,Ni1-Sn2-Sr1,Ni-Sn-Sr,Ni;Sn;Sr,3,8,27.429,57.57,6.367174608726729,63,Orthorhombic,ABC2,0.0,False,True,True,True,
mp-aaabxcgx,PrCd3,Cd3-Pr1,Cd-Pr,Cd;Pr,2,4,22.842,53.986,7.951554119841959,225,Cubic,AB3,0.0023430399456536577,False,True,True,True,
mp-aaabxcgy,PrGa3,Ga3-Pr1,Ga-Pr,Ga;Pr,2,8,44.283,66.478,6.8429361307597265,194,Hexagonal,AB3,0.0,False,False,False,True,Ga
mp-aaabxcgz,PrDyMg2,Dy1-Mg2-Pr1,Dy-Mg-Pr,Dy;Mg;Pr,3,4,23.289,39.675,5.12972714683429,225,Cubic,ABC2,0.0,False,True,True,True,
mp-aaabxchb,PrMgZn2,Mg1-Pr1-Zn2,Mg-Pr-Zn,Mg;Pr;Zn,3,4,26.176,55.055,5.672327032264969,225,Cubic,ABC2,0.0,False,True,True,True,
mp-aaabxchj,TbMgCd2,Cd2-Mg1-Tb1,Cd-Mg-Tb,Cd;Mg;Tb,3,4,26.564,54.108,7.167574942601586,225,Cubic,ABC2,0.0,False,True,True,True,
mp-aaabxchl,RbGe3,Ge3-Rb1,Ge-Rb,Ge;Rb,2,8,12.139,19.114,4.175347999908617,194,Hexagonal,AB3,0.11748070798108534,False,True,True,True,
mp-aaabxchr,LiInRh2,In1-Li1-Rh2,In-Li-Rh,In;Li;Rh,3,4,36.12,125.117,8.88311292779971,225,Cubic,ABC2,0.0111117833333374,False,True,True,True,
mp-aaabxchv,Tc3Os,Os1-Tc3,Os-Tc,Os;Tc,2,8,174.876,325.151,13.849213849908622,194,Hexagonal,AB3,0.0,False,True,False,True,
mp-aaabxchx,AlCrRu2,Al1-Cr1-Ru2,Al-Cr-Ru,Al;Cr;Ru,3,4,111.317,230.931,8.737595694180488,225,Cubic,ABC2,0.0,False,False,False,True,Cr
mp-aaabxcic,Ac2CuGe,Ac2-Cu1-Ge1,Ac-Cu-Ge,Ac;Cu;Ge,3,4,19.11,54.864,8.545562665101034,225,Cubic,ABC2,0.0,False,False,False,True,Ac
mp-aaabxcie,Er2ZnIn,Er2-In1-Zn1,Er-In-Zn,Er;In;Zn,3,4,31.697,61.635,8.810114879137931,225,Cubic,ABC2,0.033003704583332905,False,True,True,True,
mp-aaabxcil,CaLaAg2,Ag2-Ca1-La1,Ag-Ca-La,Ag;Ca;La,3,4,19.952,44.205,6.084281696669399,225,Cubic,ABC2,0.0,False,True,True,True,
mp-aaabxcio,Pt3W,Pt3-W1,Pt-W,Pt;W,2,4,112.353,283.476,20.481045469458497,139,Tetragonal,AB3,0.01169780500000428,False,True,True,True,
mp-aaabxciv,PrSnAu2,Au2-Pr1-Sn1,Au-Pr-Sn,Au;Pr;Sn,3,4,17.514,80.55,11.496151834040122,225,Cubic,ABC2,0.0,False,True,True,True,
mp-aaabxcjd,PaPbAu2,Au2-Pa1-Pb1,Au-Pa-Pb,Au;Pa;Pb,3,4,14.015,102.518,14.92129169627357,225,Cubic,ABC2,0.1225680975000003,False,False,False,True,Pa
mp-aaabxcjf,LiScAu2,Au2-Li1-Sc1,Au-Li-Sc,Au;Li;Sc,3,4,15.743,82.368,10.315918698125806,225,Cubic,ABC2,0.0,False,True,True,True,
mp-aaabxcjl,PaSnAu2,Au2-Pa1-Sn1,Au-Pa-Sn,Au;Pa;Sn,3,4,15.551,109.742,13.88680795196164,225,Cubic,ABC2,0.02512687249999601,False,False,False,True,Pa
mp-aaabxcju,PaTlAu2,Au2-Pa1-Tl1,Au-Pa-Tl,Au;Pa;Tl,3,4,24.885,99.51,15.296725963070944,225,Cubic,ABC2,0.14145994249999916,False,False,False,True,Pa
mp-aaabxcjv,PaTiTc2,Pa1-Tc2-Ti1,Pa-Tc-Ti,Pa;Tc;Ti,3,4,49.108,172.516,11.158250904415658,225,Cubic,ABC2,0.0,False,False,False,True,Pa
mp-aaabxckb,PmAlAg2,Ag2-Al1-Pm1,Ag-Al-Pm,Ag;Al;Pm,3,4,15.124,77.247,7.59960063012104,225,Cubic,ABC2,0.0,False,True,False,True,
mp-aaabxckc,PmAlCu2,Al1-Cu2-Pm1,Al-Cu-Pm,Al;Cu;Pm,3,4,12.642,86.005,6.935643738398797,225,Cubic,ABC2,0.0,False,True,False,True,
mp-aaabxckf,LiPm2Os,Li1-Os1-Pm2,Li-Os-Pm,Li;Os;Pm,3,4,31.331,74.575,9.012020893267524,225,Cubic,ABC2,0.0,False,True,False,True,
mp-aaabxckg,LiPm2Pt,Li1-Pm2-Pt1,Li-Pm-Pt,Li;Pm;Pt,3,4,20.936,63.715,8.610650415355227,225,Cubic,ABC2,0.0,False,True,False,True,
mp-aaabxckh,PaZnRu2,Pa1-Ru2-Zn1,Pa-Ru-Zn,Pa;Ru;Zn,3,4,34.878,175.731,12.086522792296586,225,Cubic,ABC2,0.0,False,False,False,True,Pa
mp-aaabxcki,PaAl3,Al3-Pa1,Al-Pa,Al;Pa,2,8,49.122,95.953,6.594008816244332,194,Hexagonal,AB3,0.0,False,False,False,True,Pa
mp-aaabxckk,CaLaHg2,Ca1-Hg2-La1,Ca-Hg-La,Ca;Hg;La,3,4,22.0,44.947,8.352564532182168,225,Cubic,ABC2,0.0,False,False,False,True,Hg
mp-aaabxckn,Ac2NiIr,Ac2-Ir1-Ni1,Ac-Ir-Ni,Ac;Ir;Ni,3,4,20.391,71.229,11.540264349691663,225,Cubic,ABC2,0.0,False,False,False,True,Ac
mp-aaabxcks,PaPd3,Pa1-Pd3,Pa-Pd,Pa;Pd,2,8,52.044,159.305,12.636658677029727,194,Hexagonal,AB3,0.0,False,False,False,True,Pa
mp-aaabxcla,Pa3Sb,Pa3-Sb1,Pa-Sb,Pa;Sb,2,4,62.028,104.598,13.854501352956682,221,Cubic,AB3,0.0,False,False,False,True,Pa
mp-aaabxclb,Pa3Te,Pa3-Te1,Pa-Te,Pa;Te,2,4,60.794,105.402,14.171907663683015,221,Cubic,AB3,0.0,False,False,False,True,Pa;Te
mp-aaabxclc,Pa3Ge,Ge1-Pa3,Ge-Pa,Ge;Pa,2,4,56.445,111.033,14.04673575440676,221,Cubic,AB3,0.0,False,False,False,True,Pa
mp-aaabxclk,PmAgAu2,Ag1-Au2-Pm1,Ag-Au-Pm,Ag;Au;Pm,3,4,10.746,83.952,12.266059309126456,225,Cubic,ABC2,0.0,False,True,False,True,
mp-aaabxclm,PmAgHg2,Ag1-Hg2-Pm1,Ag-Hg-Pm,Ag;Hg;Pm,3,4,17.984,66.323,11.520149545788865,225,Cubic,ABC2,0.0,False,False,False,True,Hg
mp-aaabxcln,ThGaAu2,Au2-Ga1-Th1,Au-Ga-Th,Au;Ga;Th,3,4,11.401,100.3,13.020151734561223,225,Cubic,ABC2,0.01652653595588749,False,False,False,True,Ga
mp-aaabxcls,PmBiPd2,Bi1-Pd2-Pm1,Bi-Pd-Pm,Bi;Pd;Pm,3,4,10.223,90.9,10.777788976542757,225,Cubic,ABC2,0.0,False,True,False,True,
mp-aaabxclt,CaPmCd2,Ca1-Cd2-Pm1,Ca-Cd-Pm,Ca;Cd;Pm,3,4,22.358,42.236,6.034641374190762,225,Cubic,ABC2,0.0,False,True,False,True,
mp-aaabxclu,CaPmAu2,Au2-Ca1-Pm1,Au-Ca-Pm,Au;Ca;Pm,3,4,27.483,66.309,9.767212300783642,225,Cubic,ABC2,0.0,False,True,False,True,
mp-aaabxclv,CaPmHg2,Ca1-Hg2-Pm1,Ca-Hg-Pm,Ca;Hg;Pm,3,4,24.664,48.969,8.857531187470011,225,Cubic,ABC2,0.0,False,False,False,True,Hg
mp-aaabxclw,CaPmPd2,Ca1-Pd2-Pm1,Ca-Pd-Pm,Ca;Pd;Pm,3,4,24.337,67.273,7.256767919690545,225,Cubic,ABC2,0.0,False,True,False,True,
mp-aaabxclx,CaPmRh2,Ca1-Pm1-Rh2,Ca-Pm-Rh,Ca;Pm;Rh,3,4,28.891,83.697,7.74657640339869,225,Cubic,ABC2,0.016451274750004075,False,True,False,True,
mp-aaabxcly,CaPmPt2,Ca1-Pm1-Pt2,Ca-Pm-Pt,Ca;Pm;Pt,3,4,34.909,87.525,10.757400654511246,225,Cubic,ABC2,0.0,False,True,False,True,
mp-aaabxclz,LiSc2Os,Li1-Os1-Sc2,Li-Os-Sc,Li;Os;Sc,3,4,40.992,98.86,6.8302349951066965,225,Cubic,ABC2,0.0,False,True,True,True,
mp-aaabxcma,CaPmZn2,Ca1-Pm1-Zn2,Ca-Pm-Zn,Ca;Pm;Zn,3,4,26.906,44.865,5.335602814044852,225,Cubic,ABC2,0.0,False,True,False,True,
mp-aaabxcmc,AcAg2Sn,Ac1-Ag2-Sn1,Ac-Ag-Sn,Ac;Ag;Sn,3,4,10.533,60.159,9.039590112853015,225,Cubic,ABC2,0.044957207812501565,False,False,False,True,Ac
mp-aaabxcmd,PmCdAu2,Au2-Cd1-Pm1,Au-Cd-Pm,Au;Cd;Pm,3,4,6.423,79.05,12.037842359455341,225,Cubic,ABC2,0.0,False,True,False,True,
mp-aaabxcme,PmCdHg2,Cd1-Hg2-Pm1,Cd-Hg-Pm,Cd;Hg;Pm,3,4,16.513,60.32,11.113682424572309,225,Cubic,ABC2,0.0,False,False,False,True,Hg
mp-aaabxcmh,Er2ZnRu,Er2-Ru1-Zn1,Er-Ru-Zn,Er;Ru;Zn,3,4,33.2,92.632,10.168403719840624,225,Cubic,ABC2,0.0,False,True,True,True,
mp-aaabxcmi,PmCdRh2,Cd1-Pm1-Rh2,Cd-Pm-Rh,Cd;Pm;Rh,3,4,38.736,111.806,10.018037091564535,225,Cubic,ABC2,0.04789046249999984,False,True,False,True,
mp-aaabxcmj,PmCdPt2,Cd1-Pm1-Pt2,Cd-Pm-Pt,Cd;Pm;Pt,3,4,17.543,108.292,13.018280335769553,225,Cubic,ABC2,0.0,False,True,False,True,
mp-aaabxcmk,PmCdPd2,Cd1-Pd2-Pm1,Cd-Pd-Pm,Cd;Pd;Pm,3,4,19.041,90.071,9.46128167234411,225,Cubic,ABC2,0.0,False,True,False,True,
mp-aaabxcml,PmCd3,Cd3-Pm1,Cd-Pm,Cd;Pm,2,4,23.661,55.77,8.236347123076673,225,Cubic,AB3,0.0,False,True,False,True,
mp-aaabxcmo,PmDyMg2,Dy1-Mg2-Pm1,Dy-Mg-Pm,Dy;Mg;Pm,3,4,22.558,40.229,5.288548420870491,225,Cubic,ABC2,0.0,False,True,False,True,
mp-aaabxcmp,PmGaAg2,Ag2-Ga1-Pm1,Ag-Ga-Pm,Ag;Ga;Pm,3,4,11.484,66.067,8.439084240417346,225,Cubic,ABC2,0.020437802500001823,False,False,False,True,Ga
mp-aaabxcmx,Ti2CoTc,Co1-Tc1-Ti2,Co-Tc-Ti,Co;Tc;Ti,3,4,91.654,187.175,7.462154360046268,225,Cubic,ABC2,0.0,False,True,False,True,
mp-aaabxcmy,PmHgAu2,Au2-Hg1-Pm1,Au-Hg-Pm,Au;Hg;Pm,3,4,6.17,80.514,13.567307830411693,225,Cubic,ABC2,0.0,False,False,False,True,Hg
mp-aaabxcne,PmHoMg2,Ho1-Mg2-Pm1,Ho-Mg-Pm,Ho;Mg;Pm,3,4,22.248,40.038,5.348688109978533,225,Cubic,ABC2,0.0,False,True,False,True,
mp-aaabxcnj,PmInAg2,Ag2-In1-Pm1,Ag-In-Pm,Ag;In;Pm,3,4,23.111,71.516,8.7383176907211,225,Cubic,ABC2,0.0,False,True,False,True,
mp-aaabxcnn,LiPmHg2,Hg2-Li1-Pm1,Hg-Li-Pm,Hg;Li;Pm,3,4,11.196,49.81,9.621406537389397,225,Cubic,ABC2,0.0,False,False,False,True,Hg
mp-aaabxcno,LiPmTl2,Li1-Pm1-Tl2,Li-Pm-Tl,Li;Pm;Tl,3,4,15.462,41.737,8.940948611587059,225,Cubic,ABC2,0.0,False,True,False,True,
mp-aaabxcnq,Li2PmIn,In1-Li2-Pm1,In-Li-Pm,In;Li;Pm,3,4,30.714,38.084,5.310166262177,225,Cubic,ABC2,0.0,False,True,False,True,
mp-aaabxcnu,Li2PmTl,Li2-Pm1-Tl1,Li-Pm-Tl,Li;Pm;Tl,3,4,30.085,39.836,7.079503651214055,225,Cubic,ABC2,0.0,False,True,False,True,
mp-aaabxcnw,PmMgAg2,Ag2-Mg1-Pm1,Ag-Mg-Pm,Ag;Mg;Pm,3,4,5.559,60.967,7.04175360434717,225,Cubic,ABC2,0.0,False,True,False,True,
mp-aaabxcny,PmMgHg2,Hg2-Mg1-Pm1,Hg-Mg-Pm,Hg;Mg;Pm,3,4,24.499,59.195,9.709175370156064,225,Cubic,ABC2,0.0,False,False,False,True,Hg
mp-aaabxcoc,NaPmAu2,Au2-Na1-Pm1,Au-Na-Pm,Au;Na;Pm,3,4,18.208,59.173,10.022852909232409,225,Cubic,ABC2,0.0,False,True,False,True,
mp-aaabxcod,NaPmHg2,Hg2-Na1-Pm1,Hg-Na-Pm,Hg;Na;Pm,3,4,14.658,43.007,9.109098662664532,225,Cubic,ABC2,0.0,False,False,False,True,Hg
mp-aaabxcof,NaPmTe2,Na1-Pm1-Te2,Na-Pm-Te,Na;Pm;Te,3,4,12.633,44.621,5.961012684760949,225,Cubic,ABC2,0.18593415500000177,False,False,False,True,Te
mp-aaabxcoi,Li2PmPb,Li2-Pb1-Pm1,Li-Pb-Pm,Li;Pb;Pm,3,4,24.17,40.01,7.077531866577239,225,Cubic,ABC2,0.0,False,True,False,True,
mp-aaabxcoj,NaPmTl2,Na1-Pm1-Tl2,Na-Pm-Tl,Na;Pm;Tl,3,4,18.771,36.356,8.464807531440078,225,Cubic,ABC2,0.0,False,True,False,True,
mp-aaabxcoo,PmPd3,Pd3-Pm1,Pd-Pm,Pd;Pm,2,4,52.142,117.777,10.475106780048979,221,Cubic,AB3,0.0,False,True,False,True,
mp-aaabxcoq,PmSnAu2,Au2-Pm1-Sn1,Au-Pm-Sn,Au;Pm;Sn,3,4,17.853,83.851,11.884199897248905,225,Cubic,ABC2,0.0,False,True,False,True,
mp-aaabxcow,CaLaZn2,Ca1-La1-Zn2,Ca-La-Zn,Ca;La;Zn,3,4,25.998,42.467,4.972945056515444,225,Cubic,ABC2,0.0,False,True,True,True,
mp-aaabxcoy,PmSmMg2,Mg2-Pm1-Sm1,Mg-Pm-Sm,Mg;Pm;Sm,3,4,23.357,39.146,4.980483341769013,225,Cubic,ABC2,0.0,False,True,False,True,
mp-aaabxcpa,PmTlAg2,Ag2-Pm1-Tl1,Ag-Pm-Tl,Ag;Pm;Tl,3,4,18.899,65.448,10.12219411583126,225,Cubic,ABC2,0.0,False,True,False,True,
mp-aaabxcpd,PmYMg2,Mg2-Pm1-Y1,Mg-Pm-Y,Mg;Pm;Y,3,4,22.085,39.687,4.167242235542662,225,Cubic,ABC2,0.0,False,True,False,True,
mp-aaabxcpl,Pm2AgIr,Ag1-Ir1-Pm2,Ag-Ir-Pm,Ag;Ir;Pm,3,4,23.457,86.836,10.396398122601155,225,Cubic,ABC2,0.0,False,True,False,True,
mp-aaabxcpn,Pm2AgGe,Ag1-Ge1-Pm2,Ag-Ge-Pm,Ag;Ge;Pm,3,4,23.361,64.38,7.767624885503906,225,Cubic,ABC2,0.0,False,True,False,True,
mp-aaabxcpo,PmAl3,Al3-Pm1,Al-Pm,Al;Pm,2,8,41.964,68.914,4.4998824783949845,194,Hexagonal,AB3,0.0,False,True,False,True,
mp-aaabxcpp,Er2CdIn,Cd1-Er2-In1,Cd-Er-In,Cd;Er;In,3,4,27.973,60.36,9.02829888786699,225,Cubic,ABC2,0.0,False,True,True,True,
mp-aaabxcpx,Pm2AgPt,Ag1-Pm2-Pt1,Ag-Pm-Pt,Ag;Pm;Pt,3,4,22.251,78.671,10.128879050408168,225,Cubic,ABC2,0.0,False,True,False,True,
mp-aaabxcpy,Pm2AgSn,Ag1-Pm2-Sn1,Ag-Pm-Sn,Ag;Pm;Sn,3,4,21.122,61.036,7.834089492440215,225,Cubic,ABC2,0.0,False,True,False,True,
mp-aaabxcqb,ErMgSn,Er1-Mg1-Sn1,Er-Mg-Sn,Er;Mg;Sn,3,6,37.695,58.946,6.793106042870148,139,Tetragonal,ABC,0.0,False,True,True,True,
mp-aaabxcqc,Pm2CdGe,Cd1-Ge1-Pm2,Cd-Ge-Pm,Cd;Ge;Pm,3,4,20.724,58.544,7.591938504163666,225,Cubic,ABC2,0.0,False,True,False,True,
mp-aaabxcqe,Pm2CdIn,Cd1-In1-Pm2,Cd-In-Pm,Cd;In;Pm,3,4,23.145,52.402,7.503667447374291,225,Cubic,ABC2,0.0,False,True,False,True,
mp-aaabxdaf,LiGa3,Ga3-Li1,Ga-Li,Ga;Li,2,4,19.567,39.269,5.290093481101751,221,Cubic,AB3,0.008717875749999493,False,False,False,True,Ga
mp-aaabxdpj,Ho2CdIn,Cd1-Ho2-In1,Cd-Ho-In,Cd;Ho;In,3,4,28.777,59.553,8.846215126627468,225,Cubic,ABC2,0.0,False,True,True,True,
mp-aaabxdpk,Ho2CdOs,Cd1-Ho2-Os1,Cd-Ho-Os,Cd;Ho;Os,3,4,33.714,97.343,11.916865886830886,225,Cubic,ABC2,0.08022990687500187,False,True,True,True,
mp-aaabxdpn,Pm2CdSn,Cd1-Pm2-Sn1,Cd-Pm-Sn,Cd;Pm;Sn,3,4,19.511,56.296,7.687876621132347,225,Cubic,ABC2,0.0,False,True,False,True,
mp-aaabxdpr,LiScHg2,Hg2-Li1-Sc1,Hg-Li-Sc,Hg;Li;Sc,3,4,15.302,57.209,9.302873666281556,225,Cubic,ABC2,0.0,False,False,False,True,Hg
mp-aaabxdpw,Pm2CuGe,Cu1-Ge1-Pm2,Cu-Ge-Pm,Cu;Ge;Pm,3,4,24.887,66.228,7.48883978373455,225,Cubic,ABC2,0.0,False,True,False,True,
mp-aaabxdpz,Er2TlAg,Ag1-Er2-Tl1,Ag-Er-Tl,Ag;Er;Tl,3,4,27.903,64.936,10.625457464866297,225,Cubic,ABC2,0.0,False,True,True,True,
mp-aaabxdqa,Pm2CuOs,Cu1-Os1-Pm2,Cu-Os-Pm,Cu;Os;Pm,3,4,35.405,92.175,10.30875049895914,225,Cubic,ABC2,0.0,False,True,False,True,
mp-aaabxdqb,Pm2CuPt,Cu1-Pm2-Pt1,Cu-Pm-Pt,Cu;Pm;Pt,3,4,26.778,80.655,9.929933014735587,225,Cubic,ABC2,0.0,False,True,False,True,
mp-aaabxdqd,Pm2CuRu,Cu1-Pm2-Ru1,Cu-Pm-Ru,Cu;Pm;Ru,3,4,31.005,83.241,8.608815459929717,225,Cubic,ABC2,0.0,False,True,False,True,
mp-aaabxdqe,ErMgCd2,Cd2-Er1-Mg1,Cd-Er-Mg,Cd;Er;Mg,3,4,25.799,54.634,7.466941413194432,225,Cubic,ABC2,0.0,False,True,True,True,
mp-aaabxdqf,LiPm2Rh,Li1-Pm2-Rh1,Li-Pm-Rh,Li;Pm;Rh,3,4,22.513,62.498,7.183448286375318,225,Cubic,ABC2,0.004771985833329495,False,True,False,True,
mp-aaabxdqg,ErMgHg2,Er1-Hg2-Mg1,Er-Hg-Mg,Er;Hg;Mg,3,4,25.837,64.404,10.75458729906084,225,Cubic,ABC2,0.0,False,False,False,True,Hg
mp-aaabxdqh,LiPm2Ru,Li1-Pm2-Ru1,Li-Pm-Ru,Li;Pm;Ru,3,4,24.444,65.347,7.301991197528567,225,Cubic,ABC2,0.0,False,True,False,True,
mp-aaabxdqi,Pm2CuSn,Cu1-Pm2-Sn1,Cu-Pm-Sn,Cu;Pm;Sn,3,4,19.596,61.633,7.522857402421225,225,Cubic,ABC2,0.0,False,True,False,True,
mp-aaabxdqj,PmCu3,Cu3-Pm1,Cu-Pm,Cu;Pm,2,8,25.855,78.335,7.757789847382587,194,Hexagonal,AB3,0.0,False,True,False,True,
mp-aaabxdql,ErTaRu2,Er1-Ru2-Ta1,Er-Ru-Ta,Er;Ru;Ta,3,4,78.278,185.741,13.189170861510089,225,Cubic,ABC2,0.0,False,True,True,True,
mp-aaabxdqq,Pm2GeAu,Au1-Ge1-Pm2,Au-Ge-Pm,Au;Ge;Pm,3,4,22.807,71.259,9.251886214379358,225,Cubic,ABC2,0.0,False,True,False,True,
mp-aaabxdqr,Pm2GePd,Ge1-Pd1-Pm2,Ge-Pd-Pm,Ge;Pd;Pm,3,4,21.327,73.852,8.063411458348511,225,Cubic,ABC2,0.0,False,True,False,True,
mp-aaabxdqs,Pm2HgGe,Ge1-Hg1-Pm2,Ge-Hg-Pm,Ge;Hg;Pm,3,4,21.386,64.276,8.97986652534169,225,Cubic,ABC2,0.0,False,False,False,True,Hg
mp-aaabxdqw,Ti2MnCo,Co1-Mn1-Ti2,Co-Mn-Ti,Co;Mn;Ti,3,4,83.539,185.408,6.655141578873793,225,Cubic,ABC2,0.0,False,True,True,True,
mp-aaabxdre,Pm2MgAl,Al1-Mg1-Pm2,Al-Mg-Pm,Al;Mg;Pm,3,4,29.34,48.974,5.2891567901632275,225,Cubic,ABC2,0.0,False,True,False,True,
mp-aaabxdri,Er2MgIn,Er2-In1-Mg1,Er-In-Mg,Er;In;Mg,3,4,28.117,54.51,7.5792698357012345,225,Cubic,ABC2,0.0,False,True,True,True,
mp-aaabxdrj,Pm2MgSn,Mg1-Pm2-Sn1,Mg-Pm-Sn,Mg;Pm;Sn,3,4,19.158,50.105,6.3909461753884464,225,Cubic,ABC2,0.0,False,True,False,True,
mp-aaabxdrk,Pm2MgTl,Mg1-Pm2-Tl1,Mg-Pm-Tl,Mg;Pm;Tl,3,4,20.753,45.993,7.414940589544399,225,Cubic,ABC2,0.0,False,True,False,True,
mp-aaabxdrl,Pm2MgGa,Ga1-Mg1-Pm2,Ga-Mg-Pm,Ga;Mg;Pm,3,4,26.907,48.403,6.046214417428822,225,Cubic,ABC2,0.0,False,False,False,True,Ga
mp-aaabxdrn,KNa2Bi,Bi1-K1-Na2,Bi-K-Na,Bi;K;Na,3,4,10.679,16.554,3.844633945008889,225,Cubic,ABC2,0.0,False,True,True,True,
mp-aaabxdrp,Ir3Rh,Ir3-Rh1,Ir-Rh,Ir;Rh,2,4,203.512,324.498,19.50329687329588,139,Tetragonal,AB3,0.0,False,True,True,True,
mp-aaabxdrr,ErGaRh2,Er1-Ga1-Rh2,Er-Ga-Rh,Er;Ga;Rh,3,4,52.644,145.122,11.05398807122191,225,Cubic,ABC2,0.0,False,False,False,True,Ga
mp-aaabxdrt,Pm2NiIr,Ir1-Ni1-Pm2,Ir-Ni-Pm,Ir;Ni;Pm,3,4,34.119,97.769,10.445918215572194,225,Cubic,ABC2,0.0,False,True,False,True,
mp-aaabxdrv,Pm2IrAu,Au1-Ir1-Pm2,Au-Ir-Pm,Au;Ir;Pm,3,4,26.464,95.226,12.022852127921729,225,Cubic,ABC2,0.0,False,True,False,True,
mp-aaabxdrw,Pm2IrPd,Ir1-Pd1-Pm2,Ir-Pd-Pm,Ir;Pd;Pm,3,4,32.964,97.934,10.854978844480918,225,Cubic,ABC2,0.0,False,True,False,True,
mp-aaabxdrx,Pm2NiRu,Ni1-Pm2-Ru1,Ni-Pm-Ru,Ni;Pm;Ru,3,4,28.709,89.451,8.811709318202743,225,Cubic,ABC2,0.0,False,True,False,True,
mp-aaabxdsa,HgPd3,Hg1-Pd3,Hg-Pd,Hg;Pd,2,4,29.205,139.163,12.90735768657139,221,Cubic,AB3,0.022062829999999423,False,False,False,True,Hg
mp-aaabxdsf,Pm2PdPt,Pd1-Pm2-Pt1,Pd-Pm-Pt,Pd;Pm;Pt,3,4,26.998,89.689,10.58327057556692,225,Cubic,ABC2,0.0,False,True,False,True,
mp-aaabxdsh,LiTiRh2,Li1-Rh2-Ti1,Li-Rh-Ti,Li;Rh;Ti,3,4,60.474,154.975,7.880786797449632,225,Cubic,ABC2,0.0,False,True,True,True,
mp-aaabxdsm,Pm2PtRh,Pm2-Pt1-Rh1,Pm-Pt-Rh,Pm;Pt;Rh,3,4,33.757,96.963,10.854726962631618,225,Cubic,ABC2,0.0,False,True,False,True,
mp-aaabxdsn,Pm2RuAu,Au1-Pm2-Ru1,Au-Pm-Ru,Au;Pm;Ru,3,4,28.354,91.146,10.503577092422226,225,Cubic,ABC2,0.0,False,True,False,True,
mp-aaabxdsq,Ho2OsAu,Au1-Ho2-Os1,Au-Ho-Os,Au;Ho;Os,3,4,42.631,113.765,14.092448972241613,225,Cubic,ABC2,0.09096821437500324,False,True,True,True,
mp-aaabxdsr,Ho3In,Ho3-In1,Ho-In,Ho;In,2,4,30.054,50.028,9.010734156448292,221,Cubic,AB3,0.005633348750000877,False,True,True,True,
mp-aaabxdss,ErCdPd2,Cd1-Er1-Pd2,Cd-Er-Pd,Cd;Er;Pd,3,4,28.245,101.867,10.603785255539481,225,Cubic,ABC2,0.0,False,True,True,True,
mp-aaabxdst,ErCdRh2,Cd1-Er1-Rh2,Cd-Er-Rh,Cd;Er;Rh,3,4,51.651,125.414,11.121874475955826,225,Cubic,ABC2,0.0,False,True,True,True,
mp-aaabxdsu,Pm2IrRu,Ir1-Pm2-Ru1,Ir-Pm-Ru,Ir;Pm;Ru,3,4,38.388,111.946,11.210411673371098,225,Cubic,ABC2,0.0,False,True,False,True,
mp-aaabxdsv,Pm2PdRu,Pd1-Pm2-Ru1,Pd-Pm-Ru,Pd;Pm;Ru,3,4,28.348,92.259,9.267828119150234,225,Cubic,ABC2,0.0,False,True,False,True,
mp-aaabxdsy,Ca2PdAu,Au1-Ca2-Pd1,Au-Ca-Pd,Au;Ca;Pd,3,4,22.324,51.164,6.819156620407017,225,Cubic,ABC2,0.013046250833333772,False,True,True,True,
mp-aaabxdte,AgAu3,Ag1-Au3,Ag-Au,Ag;Au,2,4,25.136,121.457,16.03708714294203,221,Cubic,AB3,0.0,False,True,True,True,
mp-aaabxezt,LiMgTl2,Li1-Mg1-Tl2,Li-Mg-Tl,Li;Mg;Tl,3,4,13.128,30.009,7.700763232275685,225,Cubic,ABC2,0.0,False,True,True,True,
mp-aaabxezu,LiMg2Ag,Ag1-Li1-Mg2,Ag-Li-Mg,Ag;Li;Mg,3,4,22.76,44.769,3.624285163136353,225,Cubic,ABC2,0.0,False,True,True,True,
mp-aaabxezv,TbSnAu2,Au2-Sn1-Tb1,Au-Sn-Tb,Au;Sn;Tb,3,4,16.179,88.449,12.606672850807128,225,Cubic,ABC2,0.0,False,True,True,True,
mp-aaabxezx,LiMg2Rh,Li1-Mg2-Rh1,Li-Mg-Rh,Li;Mg;Rh,3,4,29.172,66.418,4.028431282625248,225,Cubic,ABC2,0.0,False,True,True,True,
mp-aaabxezy,Nd2MgTl,Mg1-Nd2-Tl1,Mg-Nd-Tl,Mg;Nd;Tl,3,4,19.556,44.88,7.245046017537803,225,Cubic,ABC2,0.007034495833332599,False,True,True,True,
mp-aaabxfad,ZrCdPd2,Cd1-Pd2-Zr1,Cd-Pd-Zr,Cd;Pd;Zr,3,4,34.849,132.25,9.53332484272011,225,Cubic,ABC2,0.0,False,True,True,True,
mp-aaabxfag,Nd2MgAl,Al1-Mg1-Nd2,Al-Mg-Nd,Al;Mg;Nd,3,4,27.158,46.7,5.159403840853105,225,Cubic,ABC2,0.0,False,True,True,True,
mp-aaabxfah,Nd2IrRh,Ir1-Nd2-Rh1,Ir-Nd-Rh,Ir;Nd;Rh,3,4,22.447,105.456,10.841261793526801,225,Cubic,ABC2,0.04756293267857181,False,True,True,True,
mp-aaabxfai,Nd2MgIn,In1-Mg1-Nd2,In-Mg-Nd,In;Mg;Nd,3,4,22.87,46.386,6.079468916194104,225,Cubic,ABC2,0.0,False,True,True,True,
mp-aaabxfak,LiMg2Pt,Li1-Mg2-Pt1,Li-Mg-Pt,Li;Mg;Pt,3,4,34.393,70.501,6.258996130985944,225,Cubic,ABC2,0.0,False,True,True,True,
mp-aaabxfao,BaHg2Pb,Ba1-Hg2-Pb1,Ba-Hg-Pb,Ba;Hg;Pb,3,4,8.736,31.615,9.731271564927297,225,Cubic,ABC2,0.0,False,False,False,True,Hg
mp-aaabxfaq,CaSmCd2,Ca1-Cd2-Sm1,Ca-Cd-Sm,Ca;Cd;Sm,3,4,22.585,42.683,6.162545591927595,225,Cubic,ABC2,0.0,False,True,True,True,
mp-aaabxfas,Nd2IrPd,Ir1-Nd2-Pd1,Ir-Nd-Pd,Ir;Nd;Pd,3,4,30.569,94.942,10.604642214683638,225,Cubic,ABC2,0.0271455464285717,False,True,True,True,
mp-aaabxfau,HoZnRh2,Ho1-Rh2-Zn1,Ho-Rh-Zn,Ho;Rh;Zn,3,4,47.959,130.834,10.799186311963087,225,Cubic,ABC2,0.0,False,True,True,True,
mp-aaabxfav,Ho2IrRh,Ho2-Ir1-Rh1,Ho-Ir-Rh,Ho;Ir;Rh,3,4,34.581,124.915,13.043166438717424,225,Cubic,ABC2,0.0,False,True,True,True,
mp-aaabxfaw,HoThTc2,Ho1-Tc2-Th1,Ho-Tc-Th,Ho;Tc;Th,3,4,24.383,121.902,11.764908671514513,225,Cubic,ABC2,0.10667374625000292,False,True,False,True,
mp-aaabxfay,Pm2SnPd,Pd1-Pm2-Sn1,Pd-Pm-Sn,Pd;Pm;Sn,3,4,14.374,67.466,8.116849439587899,225,Cubic,ABC2,0.0,False,True,False,True,
mp-aaabxfaz,Pm2TlCd,Cd1-Pm2-Tl1,Cd-Pm-Tl,Cd;Pm;Tl,3,4,19.813,52.345,8.715222631713607,225,Cubic,ABC2,0.0,False,True,False,True,
mp-aaabxfba,LiMg2Hg,Hg1-Li1-Mg2,Hg-Li-Mg,Hg;Li;Mg,3,4,22.643,42.537,5.418322582448969,225,Cubic,ABC2,0.0,False,False,False,True,Hg
mp-aaabxfbb,LiNbRh2,Li1-Nb1-Rh2,Li-Nb-Rh,Li;Nb;Rh,3,4,56.338,175.191,8.680722877234594,225,Cubic,ABC2,0.0,False,False,False,True,Nb
mp-aaabxfbd,Nd2SnHg,Hg1-Nd2-Sn1,Hg-Nd-Sn,Hg;Nd;Sn,3,4,19.66,57.531,8.782367026818909,225,Cubic,ABC2,0.020945180937498975,False,False,False,True,Hg
mp-aaabxfbj,Ta2NbOs,Nb1-Os1-Ta2,Nb-Os-Ta,Nb;Os;Ta,3,4,104.993,240.518,15.771922110533373,225,Cubic,ABC2,0.0,False,False,False,True,Nb
mp-aaabxfbk,Ta2NbIr,Ir1-Nb1-Ta2,Ir-Nb-Ta,Ir;Nb;Ta,3,4,108.32,234.508,15.784547704923307,225,Cubic,ABC2,0.0,False,False,False,True,Nb
mp-aaabxfbu,Ta2OsW,Os1-Ta2-W1,Os-Ta-W,Os;Ta;W,3,4,131.157,272.496,18.39257768158236,225,Cubic,ABC2,0.0,False,True,True,True,
mp-aaabxfbv,Ta2NbRu,Nb1-Ru1-Ta2,Nb-Ru-Ta,Nb;Ru;Ta,3,4,92.928,221.392,13.637763264953856,225,Cubic,ABC2,0.0,False,False,False,True,Nb
mp-aaabxfby,Zn2NiRh,Ni1-Rh1-Zn2,Ni-Rh-Zn,Ni;Rh;Zn,3,4,59.551,161.838,9.272346360530383,225,Cubic,ABC2,0.0,False,True,True,True,
mp-aaabxfcd,Nd2NiIr,Ir1-Nd2-Ni1,Ir-Nd-Ni,Ir;Nd;Ni,3,4,31.941,106.997,10.192187565560394,225,Cubic,ABC2,0.07633080797619485,False,True,True,True,
mp-aaabxfcf,ZnCuPd2,Cu1-Pd2-Zn1,Cu-Pd-Zn,Cu;Pd;Zn,3,4,56.792,150.032,10.076886619636777,225,Cubic,ABC2,0.0,False,True,True,True,
mp-aaabxfcl,NdTlAu2,Au2-Nd1-Tl1,Au-Nd-Tl,Au;Nd;Tl,3,4,16.502,69.742,12.969700760430316,225,Cubic,ABC2,0.01839393624999719,False,True,True,True,
mp-aaabxfcm,NdSnAu2,Au2-Nd1-Sn1,Au-Nd-Sn,Au;Nd;Sn,3,4,18.058,82.554,11.714702333883638,225,Cubic,ABC2,0.0,False,True,True,True,
mp-aaabxfco,Ta2VOs,Os1-Ta2-V1,Os-Ta-V,Os;Ta;V,3,4,94.95,245.861,15.70400297833471,225,Cubic,ABC2,0.0,False,True,True,True,
mp-aaabxfcs,Ho2AlZn,Al1-Ho2-Zn1,Al-Ho-Zn,Al;Ho;Zn,3,4,41.214,65.575,7.665763820355073,225,Cubic,ABC2,0.0009447765624983617,False,True,True,True,
mp-aaabxfdc,Hf2MoIr,Hf2-Ir1-Mo1,Hf-Ir-Mo,Hf;Ir;Mo,3,4,80.044,189.709,15.128796077951902,225,Cubic,ABC2,0.0,False,True,True,True,
mp-aaabxfeh,HfInCo2,Co2-Hf1-In1,Co-Hf-In,Co;Hf;In,3,4,107.967,206.086,11.999201343503497,225,Cubic,ABC2,0.0,False,True,True,True,
mp-aaabxfey,Yb2CdGe,Cd1-Ge1-Yb2,Cd-Ge-Yb,Cd;Ge;Yb,3,4,26.401,40.172,8.893592148267057,225,Cubic,ABC2,0.14577198416666448,False,True,True,True,
mp-aaabxffa,HfInPd2,Hf1-In1-Pd2,Hf-In-Pd,Hf;In;Pd,3,4,35.064,141.693,11.636747607042796,225,Cubic,ABC2,0.0,False,True,True,True,
mp-aaabxffb,Mn3Ir,Ir1-Mn3,Ir-Mn,Ir;Mn,2,8,155.689,242.395,12.629146049536102,194,Hexagonal,AB3,0.0,False,True,True,True,
mp-aaabxffh,Yb2TlPb,Pb1-Tl1-Yb2,Pb-Tl-Yb,Pb;Tl;Yb,3,4,16.655,33.91,10.71732355631655,225,Cubic,ABC2,0.0,False,True,True,True,
mp-aaabxffi,Na3Sn,Na3-Sn1,Na-Sn,Na;Sn,2,4,5.7219999999999995,17.492,2.733743677844671,139,Tetragonal,AB3,0.03806853762499962,False,True,True,True,
mp-aaabxffj,Yb2TlCd,Cd1-Tl1-Yb2,Cd-Tl-Yb,Cd;Tl;Yb,3,4,19.632,33.659,9.841677610866983,225,Cubic,ABC2,0.0,False,True,True,True,
mp-aaabxffk,HoMgRh2,Ho1-Mg1-Rh2,Ho-Mg-Rh,Ho;Mg;Rh,3,4,50.305,113.756,9.301564735951601,225,Cubic,ABC2,0.0,False,True,True,True,
mp-aaabxffn,HoMgTl2,Ho1-Mg1-Tl2,Ho-Mg-Tl,Ho;Mg;Tl,3,4,10.455,47.359,9.603951575705791,225,Cubic,ABC2,0.040180283333329125,False,True,True,True,
mp-aaabxffo,Gd2MgIn,Gd2-In1-Mg1,Gd-In-Mg,Gd;In;Mg,3,4,21.207,67.859,6.823390493489616,225,Cubic,ABC2,0.0,False,True,True,True,
mp-aaabxffw,Yb2MgIn,In1-Mg1-Yb2,In-Mg-Yb,In;Mg;Yb,3,4,17.477,30.524,7.012481895634516,225,Cubic,ABC2,0.0,False,True,True,True,
mp-aaabxffy,Na3In,In1-Na3,In-Na,In;Na,2,4,5.917,13.554,2.53002256109399,139,Tetragonal,AB3,0.040365352500000284,False,True,True,True,
mp-aaabxfgb,Ta2MnOs,Mn1-Os1-Ta2,Mn-Os-Ta,Mn;Os;Ta,3,4,79.922,249.914,16.300782519044173,225,Cubic,ABC2,0.0017663354166685963,False,True,True,True,
mp-aaabxfgc,LiMg2Zn,Li1-Mg2-Zn1,Li-Mg-Zn,Li;Mg;Zn,3,4,26.795,40.259,2.751145121366354,225,Cubic,ABC2,0.0,False,True,True,True,
mp-aaabxfgd,LiYb2Rh,Li1-Rh1-Yb2,Li-Rh-Yb,Li;Rh;Yb,3,4,20.811,41.92,8.864206799167759,225,Cubic,ABC2,0.0,False,True,True,True,
mp-aaabxfge,Ta2FeOs,Fe1-Os1-Ta2,Fe-Os-Ta,Fe;Os;Ta,3,8,83.08,247.114,16.19645385722185,225,Cubic,ABC2,0.004915379375001194,False,True,True,True,
mp-aaabxfgj,LiYb2Tl,Li1-Tl1-Yb2,Li-Tl-Yb,Li;Tl;Yb,3,4,16.634,25.992,8.131782818851802,225,Cubic,ABC2,0.02903560687499862,False,True,True,True,
mp-aaabxfgk,Ta2MoOs,Mo1-Os1-Ta2,Mo-Os-Ta,Mo;Os;Ta,3,4,131.074,265.254,16.301323454763185,225,Cubic,ABC2,0.0,False,True,True,True,
mp-aaabxfgl,LiYb2Pd,Li1-Pd1-Yb2,Li-Pd-Yb,Li;Pd;Yb,3,4,15.65,33.235,8.250251652261136,225,Cubic,ABC2,0.04257186895833698,False,True,True,True,
mp-aaabxfgm,LiSc2Au,Au1-Li1-Sc2,Au-Li-Sc,Au;Li;Sc,3,4,36.814,74.156,6.255826346398527,225,Cubic,ABC2,0.06392891708333437,False,True,True,True,
mp-aaabxfgp,HoAgHg2,Ag1-Hg2-Ho1,Ag-Hg-Ho,Ag;Hg;Ho,3,4,16.174,70.325,12.536815625179583,225,Cubic,ABC2,0.0,False,False,False,True,Hg
mp-aaabxfgu,PaAlAu2,Al1-Au2-Pa1,Al-Au-Pa,Al;Au;Pa,3,4,11.963,123.458,13.071787351344113,225,Cubic,ABC2,0.11068599687496317,False,False,False,True,Pa
mp-aaabxfgw,Ta2MoRu,Mo1-Ru1-Ta2,Mo-Ru-Ta,Mo;Ru;Ta,3,4,118.496,246.749,14.12821524112838,225,Cubic,ABC2,0.0,False,True,True,True,
mp-aaabxfgy,LiSnRh2,Li1-Rh2-Sn1,Li-Rh-Sn,Li;Rh;Sn,3,4,67.926,142.707,9.172869572141623,225,Cubic,ABC2,0.0,False,True,True,True,
mp-aaabxfhc,NbInRu2,In1-Nb1-Ru2,In-Nb-Ru,In;Nb;Ru,3,4,96.619,210.794,10.395742648539297,225,Cubic,ABC2,0.0,False,False,False,True,Nb
mp-aaabxfhd,Yb2SnHg,Hg1-Sn1-Yb2,Hg-Sn-Yb,Hg;Sn;Yb,3,4,30.672,39.222,10.08509900721824,225,Cubic,ABC2,0.03842592750001472,False,False,False,True,Hg
mp-aaabxfhi,ZnAg3,Ag3-Zn1,Ag-Zn,Ag;Zn,2,4,29.454,90.519,9.377203057154448,221,Cubic,AB3,0.008081862777778781,False,True,True,True,
mp-aaabxfhj,Ac2SnHg,Ac2-Hg1-Sn1,Ac-Hg-Sn,Ac;Hg;Sn,3,4,15.850999999999999,45.028,9.445286465757174,225,Cubic,ABC2,0.03780461159092141,False,False,False,True,Ac;Hg
mp-aaabxfhk,EuCdHg2,Cd1-Eu1-Hg2,Cd-Eu-Hg,Cd;Eu;Hg,3,4,11.896,37.559,10.638276062645915,225,Cubic,ABC2,0.0,False,False,False,True,Hg
mp-aaabxfhm,HfZnIr2,Hf1-Ir2-Zn1,Hf-Ir-Zn,Hf;Ir;Zn,3,4,86.11,211.726,16.53776164291042,225,Cubic,ABC2,0.0,False,True,True,True,
mp-aaabxfhn,HoLuMg2,Ho1-Lu1-Mg2,Ho-Lu-Mg,Ho;Lu;Mg,3,4,22.812,43.429,6.094653424433655,225,Cubic,ABC2,0.001787952500002632,False,True,True,True,
mp-aaabxfho,Yb2PdAu,Au1-Pd1-Yb2,Au-Pd-Yb,Au;Pd;Yb,3,4,21.308,55.635,12.295600700683941,225,Cubic,ABC2,0.019489848124997877,False,True,True,True,
mp-aaabxfhs,LiTbHg2,Hg2-Li1-Tb1,Hg-Li-Tb,Hg;Li;Tb,3,4,4.747,52.714,10.349640269340048,225,Cubic,ABC2,0.0,False,False,False,True,Hg
mp-aaabxfht,Nd2CuIr,Cu1-Ir1-Nd2,Cu-Ir-Nd,Cu;Ir;Nd,3,4,26.005,86.254,9.960128190386708,225,Cubic,ABC2,0.05567183749999671,False,True,True,True,
mp-aaabxfhv,HfZnNi2,Hf1-Ni2-Zn1,Hf-Ni-Zn,Hf;Ni;Zn,3,4,43.706,150.532,10.704223991924364,225,Cubic,ABC2,0.0,False,True,True,True,
mp-aaabxfix,Hf2CoIr,Co1-Hf2-Ir1,Co-Hf-Ir,Co;Hf;Ir,3,4,26.08,184.201,14.936202075395093,225,Cubic,ABC2,0.06937529874999804,False,True,True,True,
mp-aaabxfiz,Nd2CuRu,Cu1-Nd2-Ru1,Cu-Nd-Ru,Cu;Nd;Ru,3,4,29.061,81.88,8.396116059497427,225,Cubic,ABC2,0.029915763750004487,False,True,True,True,
mp-aaabxfjb,Zn2PdRh,Pd1-Rh1-Zn2,Pd-Rh-Zn,Pd;Rh;Zn,3,4,66.416,156.281,9.982260729922949,225,Cubic,ABC2,0.0,False,True,True,True,
mp-aaabxfjc,NbZnRu2,Nb1-Ru2-Zn1,Nb-Ru-Zn,Nb;Ru;Zn,3,4,77.859,218.128,9.997256834682158,225,Cubic,ABC2,0.0,False,False,False,True,Nb
mp-aaabxfjt,NbZnCo2,Co2-Nb1-Zn1,Co-Nb-Zn,Co;Nb;Zn,3,4,69.361,192.655,8.754854397639875,225,Cubic,ABC2,0.0,False,False,False,True,Nb
mp-aaabxfkn,Hf2CoRe,Co1-Hf2-Re1,Co-Hf-Re,Co;Hf;Re,3,4,87.341,177.868,14.907829894176459,225,Cubic,ABC2,0.06133369991379389,False,True,True,True,
mp-aaabxfko,ZrAlAu2,Al1-Au2-Zr1,Al-Au-Zr,Al;Au;Zr,3,4,19.536,135.096,11.476241459608488,225,Cubic,ABC2,0.025075315555547206,False,True,True,True,
mp-aaabxfkt,MgSnPd2,Mg1-Pd2-Sn1,Mg-Pd-Sn,Mg;Pd;Sn,3,4,33.55,112.134,8.573755833091136,225,Cubic,ABC2,0.0,False,True,True,True,
mp-aaabxfku,DyCdHg2,Cd1-Dy1-Hg2,Cd-Dy-Hg,Cd;Dy;Hg,3,4,20.259,63.398,11.925829682534667,225,Cubic,ABC2,0.0,False,False,False,True,Hg
mp-aaabxfkz,ZrZn3,Zn3-Zr1,Zn-Zr,Zn;Zr,2,8,41.219,101.369,7.20354831760413,194,Hexagonal,AB3,0.0,False,True,True,True,
mp-aaabxfla,Hf2FeIr,Fe1-Hf2-Ir1,Fe-Hf-Ir,Fe;Hf;Ir,3,4,67.035,180.435,14.94138969343633,225,Cubic,ABC2,0.0,False,True,True,True,
mp-aaabxflc,NdAgAu2,Ag1-Au2-Nd1,Ag-Au-Nd,Ag;Au;Nd,3,4,9.329,81.37,12.070934679087655,225,Cubic,ABC2,0.011866030044641818,False,True,True,True,
mp-aaabxfld,NdAgHg2,Ag1-Hg2-Nd1,Ag-Hg-Nd,Ag;Hg;Nd,3,4,16.75,64.746,11.341199899590023,225,Cubic,ABC2,0.0,False,False,False,True,Hg
mp-aaabxflf,Be2NiRh,Be2-Ni1-Rh1,Be-Ni-Rh,Be;Ni;Rh,3,4,107.76,194.531,7.542619613125021,225,Cubic,ABC2,0.0,False,True,True,True,
mp-aaabxflg,Zr2CoTc,Co1-Tc1-Zr2,Co-Tc-Zr,Co;Tc;Zr,3,4,69.086,93.62,8.232542492080219,225,Cubic,ABC2,0.0,False,True,False,True,
mp-aaabxflh,Zr2CuOs,Cu1-Os1-Zr2,Cu-Os-Zr,Cu;Os;Zr,3,4,48.901,162.384,10.164926742440324,225,Cubic,ABC2,0.0,False,True,True,True,
mp-aaabxfli,Na2TlBi,Bi1-Na2-Tl1,Bi-Na-Tl,Bi;Na;Tl,3,4,16.745,22.587,6.564452734361814,225,Cubic,ABC2,0.0,False,True,True,True,
mp-aaabxfll,LaAu3,Au3-La1,Au-La,Au;La,2,8,20.513,77.617,13.151260460685087,194,Hexagonal,AB3,0.021509105434780018,False,True,True,True,
mp-aaabxflm,MgTlRh2,Mg1-Rh2-Tl1,Mg-Rh-Tl,Mg;Rh;Tl,3,4,56.136,131.037,10.783419432175217,225,Cubic,ABC2,0.0,False,True,True,True,
mp-aaabxfln,MgTaRu2,Mg1-Ru2-Ta1,Mg-Ru-Ta,Mg;Ru;Ta,3,4,91.46,198.121,10.977112555371974,225,Cubic,ABC2,0.0,False,True,True,True,
mp-aaabxflo,HoCdAg2,Ag2-Cd1-Ho1,Ag-Cd-Ho,Ag;Cd;Ho,3,4,16.491,73.061,9.594129095672708,225,Cubic,ABC2,0.0,False,True,True,True,
mp-aaabxflr,MgZrPd2,Mg1-Pd2-Zr1,Mg-Pd-Zr,Mg;Pd;Zr,3,4,41.79,121.633,7.684728611291468,225,Cubic,ABC2,0.0,False,True,True,True,
mp-aaabxflt,HfAlRu2,Al1-Hf1-Ru2,Al-Hf-Ru,Al;Hf;Ru,3,4,81.051,195.913,10.979203852781374,225,Cubic,ABC2,0.0,False,True,True,True,
mp-aaabxflu,MgZrRh2,Mg1-Rh2-Zr1,Mg-Rh-Zr,Mg;Rh;Zr,3,4,63.086,149.687,8.039294960977715,225,Cubic,ABC2,0.0,False,True,True,True,
mp-aaabxfma,Hf2TcRh,Hf2-Rh1-Tc1,Hf-Rh-Tc,Hf;Rh;Tc,3,4,87.375,187.509,13.332741756577626,225,Cubic,ABC2,0.0,False,True,False,True,
mp-aaabxfmd,MgTiRh2,Mg1-Rh2-Ti1,Mg-Rh-Ti,Mg;Rh;Ti,3,4,76.667,161.554,7.749496507385782,225,Cubic,ABC2,0.0,False,True,True,True,
mp-aaabxfme,MgZrAu2,Au2-Mg1-Zr1,Au-Mg-Zr,Au;Mg;Zr,3,4,36.177,114.52,10.999442444746977,225,Cubic,ABC2,0.0,False,True,True,True,
mp-aaabxfmf,MgZrIr2,Ir2-Mg1-Zr1,Ir-Mg-Zr,Ir;Mg;Zr,3,4,83.49,178.265,12.456068549466076,225,Cubic,ABC2,0.0,False,True,True,True,
mp-aaabxfmg,MgZnAu2,Au2-Mg1-Zn1,Au-Mg-Zn,Au;Mg;Zn,3,4,25.037,94.828,11.729043455580571,225,Cubic,ABC2,0.0,False,True,True,True,
mp-aaabxfmi,NdMgHg2,Hg2-Mg1-Nd1,Hg-Mg-Nd,Hg;Mg;Nd,3,4,23.305,58.214,9.555389092093742,225,Cubic,ABC2,0.0,False,False,False,True,Hg
mp-aaabxfmj,NdMgZn2,Mg1-Nd1-Zn2,Mg-Nd-Zn,Mg;Nd;Zn,3,4,32.136,56.12,5.830207026744175,225,Cubic,ABC2,0.0,False,True,True,True,
mp-aaabxfmk,HfPaTc2,Hf1-Pa1-Tc2,Hf-Pa-Tc,Hf;Pa;Tc,3,4,46.246,171.303,13.249322265506859,225,Cubic,ABC2,0.0,False,False,False,True,Pa
mp-aaabxfml,Hf2ReOs,Hf2-Os1-Re1,Hf-Os-Re,Hf;Os;Re,3,4,103.317,217.65,17.442334541910693,225,Cubic,ABC2,0.01922075509999921,False,True,True,True,
mp-aaabxfmo,LiTiIr2,Ir2-Li1-Ti1,Ir-Li-Ti,Ir;Li;Ti,3,4,77.224,190.484,13.237162772918763,225,Cubic,ABC2,0.0,False,True,True,True,
mp-aaabxfmp,MgCo2,Co2-Mg1,Co-Mg,Co;Mg,2,12,52.91,111.473,5.9337049680109555,194,Hexagonal,AB2,0.018079217499996858,False,True,True,True,
mp-aaabxfmq,Mg2AgPt,Ag1-Mg2-Pt1,Ag-Mg-Pt,Ag;Mg;Pt,3,4,30.478,84.193,8.532556816146398,225,Cubic,ABC2,0.0,False,True,True,True,
mp-aaabxfmr,Mg2AgRh,Ag1-Mg2-Rh1,Ag-Mg-Rh,Ag;Mg;Rh,3,4,20.608,88.2,6.472952868103015,225,Cubic,ABC2,0.0,False,True,True,True,
mp-aaabxfms,MgAg3,Ag3-Mg1,Ag-Mg,Ag;Mg,2,8,19.291,76.915,7.949322823244094,194,Hexagonal,AB3,0.0,False,True,True,True,
mp-aaabxfmt,MgAu3,Au3-Mg1,Au-Mg,Au;Mg,2,8,21.208,109.614,14.230287069433281,194,Hexagonal,AB3,0.007863546999996807,False,True,True,True,
mp-aaabxfmu,MnGeRu2,Ge1-Mn1-Ru2,Ge-Mn-Ru,Ge;Mn;Ru,3,4,109.437,227.345,10.071497664988144,225,Cubic,ABC2,0.0,False,True,True,True,
mp-aaabxfmv,Mg3Sc,Mg3-Sc1,Mg-Sc,Mg;Sc,2,8,24.542,43.21,2.1308549411482822,194,Hexagonal,AB3,0.0020139399999994367,False,True,True,True,
mp-aaabxfmw,Mg3Tl,Mg3-Tl1,Mg-Tl,Mg;Tl,2,8,13.139,34.56,4.922976181778619,194,Hexagonal,AB3,0.0,False,True,True,True,
mp-aaabxfmx,Hf2CuIr,Cu1-Hf2-Ir1,Cu-Hf-Ir,Cu;Hf;Ir,3,4,49.295,160.206,14.606061307919626,225,Cubic,ABC2,0.027659626136513182,False,True,True,True,
mp-aaabxfmy,Mg2PtRh,Mg2-Pt1-Rh1,Mg-Pt-Rh,Mg;Pt;Rh,3,4,58.45,120.332,9.292427680116514,225,Cubic,ABC2,0.0,False,True,True,True,
mp-aaabxfmz,MgSc2,Mg1-Sc2,Mg-Sc,Mg;Sc,2,6,25.681,49.044,2.655477141993047,63,Orthorhombic,AB2,0.0,False,True,True,True,
mp-aaabxfnb,MnBe2Ir,Be2-Ir1-Mn1,Be-Ir-Mn,Be;Ir;Mn,3,4,108.004,193.511,10.335836180211116,225,Cubic,ABC2,0.0,False,True,True,True,
mp-aaabxfnd,MnBe2Rh,Be2-Mn1-Rh1,Be-Mn-Rh,Be;Mn;Rh,3,4,98.352,171.181,6.8911191198510355,225,Cubic,ABC2,0.0,False,True,True,True,
mp-aaabxfne,MnCuPd2,Cu1-Mn1-Pd2,Cu-Mn-Pd,Cu;Mn;Pd,3,4,48.766,143.606,9.535410806366363,225,Cubic,ABC2,0.0,False,True,True,True,
mp-aaabxfnh,MnGaRh2,Ga1-Mn1-Rh2,Ga-Mn-Rh,Ga;Mn;Rh,3,4,86.0,188.351,9.812435676483428,225,Cubic,ABC2,0.0,False,False,False,True,Ga
mp-aaabxfni,MnAlIr2,Al1-Ir2-Mn1,Al-Ir-Mn,Al;Ir;Mn,3,4,102.886,228.585,13.898775748494403,225,Cubic,ABC2,0.0,False,True,True,True,
mp-aaabxfnk,Mg3Ag,Ag1-Mg3,Ag-Mg,Ag;Mg,2,8,33.169,47.879,3.6984636323416433,194,Hexagonal,AB3,0.021672128750000574,False,True,True,True,
mp-aaabxfnl,MnV2Cr,Cr1-Mn1-V2,Cr-Mn-V,Cr;Mn;V,3,4,93.042,231.986,7.145705295494723,225,Cubic,ABC2,0.0,False,False,False,True,Cr
mp-aaabxfnn,Mn2CrCo,Co1-Cr1-Mn2,Co-Cr-Mn,Co;Cr;Mn,3,4,93.542,153.099,7.699602172230982,225,Cubic,ABC2,0.0,False,False,False,True,Cr
mp-aaabxfnp,MnSbRu2,Mn1-Ru2-Sb1,Mn-Ru-Sb,Mn;Ru;Sb,3,4,93.704,200.874,10.326806410300492,225,Cubic,ABC2,0.0,False,True,True,True,
mp-aaabxfnr,Dy2CuOs,Cu1-Dy2-Os1,Cu-Dy-Os,Cu;Dy;Os,3,4,44.291,103.481,11.894337462206115,225,Cubic,ABC2,0.006527662607140883,False,True,True,True,
mp-aaabxfnt,Be2PdPt,Be2-Pd1-Pt1,Be-Pd-Pt,Be;Pd;Pt,3,4,42.134,194.226,11.5722898844699,225,Cubic,ABC2,0.0,False,True,True,True,
mp-aaabxfnu,CaAcZn2,Ac1-Ca1-Zn2,Ac-Ca-Zn,Ac;Ca;Zn,3,4,23.217,38.641,5.941668255331527,225,Cubic,ABC2,0.0,False,False,False,True,Ac
mp-aaabxfoa,MnInRh2,In1-Mn1-Rh2,In-Mn-Rh,In;Mn;Rh,3,4,66.691,155.882,9.967821172054704,225,Cubic,ABC2,0.0,False,True,True,True,
mp-aaabxfob,Mg2PdRh,Mg2-Pd1-Rh1,Mg-Pd-Rh,Mg;Pd;Rh,3,4,58.013,106.207,6.858752383795181,225,Cubic,ABC2,0.0,False,True,True,True,
mp-aaabxfod,MnSnRu2,Mn1-Ru2-Sn1,Mn-Ru-Sn,Mn;Ru;Sn,3,4,80.201,176.935,10.05925853698628,225,Cubic,ABC2,0.0,False,True,True,True,
mp-aaabxfoe,Mg2PdAu,Au1-Mg2-Pd1,Au-Mg-Pd,Au;Mg;Pd,3,4,26.291,88.039,8.542514287377971,225,Cubic,ABC2,0.0004032624999981138,False,True,True,True,
mp-aaabxfog,Hf2CuOs,Cu1-Hf2-Os1,Cu-Hf-Os,Cu;Hf;Os,3,4,56.988,175.345,14.688278894033816,225,Cubic,ABC2,0.012591963653848737,False,True,True,True,
mp-aaabxfoi,Mg2AgIr,Ag1-Ir1-Mg2,Ag-Ir-Mg,Ag;Ir;Mg,3,4,31.582,99.15,8.746261704718396,225,Cubic,ABC2,0.011970491644738068,False,True,True,True,
mp-aaabxfoj,Dy2AgOs,Ag1-Dy2-Os1,Ag-Dy-Os,Ag;Dy;Os,3,4,41.391,101.086,12.043306950764729,225,Cubic,ABC2,0.02842060712499972,False,True,True,True,
mp-aaabxfok,Mg2AgAu,Ag1-Au1-Mg2,Ag-Au-Mg,Ag;Au;Mg,3,4,33.934,73.054,8.036698019396514,225,Cubic,ABC2,0.0,False,True,True,True,
mp-aaabxfom,MnAlRu2,Al1-Mn1-Ru2,Al-Mn-Ru,Al;Mn;Ru,3,4,130.613,218.933,8.822322608793895,225,Cubic,ABC2,0.0,False,True,True,True,
mp-aaabxfon,Dy2AgIr,Ag1-Dy2-Ir1,Ag-Dy-Ir,Ag;Dy;Ir,3,4,32.495,99.317,11.925523850177887,225,Cubic,ABC2,0.019135924910715474,False,True,True,True,
mp-aaabxfop,MnVRu2,Mn1-Ru2-V1,Mn-Ru-V,Mn;Ru;V,3,4,98.864,228.444,9.377994360499718,225,Cubic,ABC2,0.0,False,True,True,True,
mp-aaabxfoq,MnV3,Mn1-V3,Mn-V,Mn;V,2,4,50.037,210.529,6.867401485104813,225,Cubic,AB3,0.01897389500000024,False,True,True,True,
mp-aaabxfor,MnZnIr2,Ir2-Mn1-Zn1,Ir-Mn-Zn,Ir;Mn;Zn,3,4,78.633,226.37,15.177332923899069,225,Cubic,ABC2,0.0,False,True,True,True,
mp-aaabxfot,MnZnRh2,Mn1-Rh2-Zn1,Mn-Rh-Zn,Mn;Rh;Zn,3,4,55.119,168.969,9.794732437616082,225,Cubic,ABC2,0.00998102799999856,False,True,True,True,
mp-aaabxfou,Mn2AlCr,Al1-Cr1-Mn2,Al-Cr-Mn,Al;Cr;Mn,3,4,102.349,193.97,6.660471158725612,225,Cubic,ABC2,0.0,False,False,False,True,Cr
mp-aaabxfov,Mn2AlRe,Al1-Mn2-Re1,Al-Mn-Re,Al;Mn;Re,3,4,128.084,255.756,10.748227217410218,225,Cubic,ABC2,0.0,False,True,True,True,
mp-aaabxfow,Mn2AlW,Al1-Mn2-W1,Al-Mn-W,Al;Mn;W,3,4,126.511,237.182,10.358187860380939,225,Cubic,ABC2,0.0,False,True,True,True,
mp-aaabxfoy,MnNbRu2,Mn1-Nb1-Ru2,Mn-Nb-Ru,Mn;Nb;Ru,3,4,89.826,218.17,9.668360788836244,225,Cubic,ABC2,0.0,False,False,False,True,Nb
mp-aaabxfpb,DyAl3,Al3-Dy1,Al-Dy,Al;Dy,2,8,39.137,71.682,5.134178466472946,194,Hexagonal,AB3,0.0,False,True,True,True,
mp-aaabxfph,HfScOs2,Hf1-Os2-Sc1,Hf-Os-Sc,Hf;Os;Sc,3,4,93.516,197.703,14.786327526672277,225,Cubic,ABC2,0.0,False,True,True,True,
mp-aaabxfpi,CaYRh2,Ca1-Rh2-Y1,Ca-Rh-Y,Ca;Rh;Y,3,4,34.602,89.209,6.8876069191492455,225,Cubic,ABC2,0.001578520486111401,False,True,True,True,
mp-aaabxfpj,Be2IrPd,Be2-Ir1-Pd1,Be-Ir-Pd,Be;Ir;Pd,3,4,111.931,214.003,11.814442173613699,225,Cubic,ABC2,0.0,False,True,True,True,
mp-aaabxfpm,Dy2MgAl,Al1-Dy2-Mg1,Al-Dy-Mg,Al;Dy;Mg,3,4,35.437,55.262,6.296379874095049,225,Cubic,ABC2,0.0,False,True,True,True,
mp-aaabxfpn,Dy2MgIn,Dy2-In1-Mg1,Dy-In-Mg,Dy;In;Mg,3,4,27.596,52.775,7.255260217321233,225,Cubic,ABC2,0.0,False,True,True,True,
mp-aaabxfpq,HfGaRu2,Ga1-Hf1-Ru2,Ga-Hf-Ru,Ga;Hf;Ru,3,4,78.797,197.202,12.054807049135823,225,Cubic,ABC2,0.0,False,False,False,True,Ga
mp-aaabxfpr,Mn2NbAl,Al1-Mn2-Nb1,Al-Mn-Nb,Al;Mn;Nb,3,4,100.021,195.796,7.024707817578413,225,Cubic,ABC2,0.0,False,False,False,True,Nb
mp-aaabxfqa,HfMgIr2,Hf1-Ir2-Mg1,Hf-Ir-Mg,Hf;Ir;Mg,3,4,99.508,187.046,14.94513709880179,225,Cubic,ABC2,0.0,False,True,True,True,
mp-aaabxfqb,Be2RuPt,Be2-Pt1-Ru1,Be-Pt-Ru,Be;Pt;Ru,3,4,107.454,219.105,11.704966430590902,225,Cubic,ABC2,0.0,False,True,True,True,
mp-aaabxfqc,MnIr3,Ir3-Mn1,Ir-Mn,Ir;Mn,2,8,136.361,287.886,18.819741822649277,194,Hexagonal,AB3,0.0,False,True,True,True,
mp-aaabxfqd,HfTc2Sb,Hf1-Sb1-Tc2,Hf-Sb-Tc,Hf;Sb;Tc,3,4,95.257,201.069,12.046909091254818,225,Cubic,ABC2,0.0,False,True,False,True,
mp-aaabxfqf,HfTaRe2,Hf1-Re2-Ta1,Hf-Re-Ta,Hf;Re;Ta,3,4,109.351,244.954,17.86380019254242,225,Cubic,ABC2,0.0,False,True,True,True,
mp-aaabxfqh,Mn3Ge,Ge1-Mn3,Ge-Mn,Ge;Mn,2,4,84.368,195.84,8.24429109320334,225,Cubic,AB3,0.0,False,True,True,True,
mp-aaabxfqk,HfScRu2,Hf1-Ru2-Sc1,Hf-Ru-Sc,Hf;Ru;Sc,3,4,80.426,172.957,10.522604934036227,225,Cubic,ABC2,0.0,False,True,True,True,
mp-aaabxfqm,Mn2PtRh,Mn2-Pt1-Rh1,Mn-Pt-Rh,Mn;Pt;Rh,3,4,77.815,174.551,11.492035172873548,225,Cubic,ABC2,0.0,False,True,True,True,
mp-aaabxfqs,HfTaTc2,Hf1-Ta1-Tc2,Hf-Ta-Tc,Hf;Ta;Tc,3,4,99.455,222.224,13.74449769473187,225,Cubic,ABC2,0.0,False,True,False,True,
mp-aaabxfqt,HfTc2Sn,Hf1-Sn1-Tc2,Hf-Sn-Tc,Hf;Sn;Tc,3,4,73.235,187.383,11.818756507529026,225,Cubic,ABC2,0.03665602687499714,False,True,False,True,
mp-aaabxfqx,MgInPd2,In1-Mg1-Pd2,In-Mg-Pd,In;Mg;Pd,3,4,28.094,109.21,8.52848217230081,225,Cubic,ABC2,0.0,False,True,True,True,
mp-aaabxfqy,MgInIr2,In1-Ir2-Mg1,In-Ir-Mg,In;Ir;Mg,3,4,79.164,165.085,13.404477170783025,225,Cubic,ABC2,0.02593545718749901,False,True,True,True,
mp-aaabxfrc,TiZnIr2,Ir2-Ti1-Zn1,Ir-Ti-Zn,Ir;Ti;Zn,3,4,104.561,226.509,14.319021113022563,225,Cubic,ABC2,0.0,False,True,True,True,
mp-aaabxfrd,HfMgPd2,Hf1-Mg1-Pd2,Hf-Mg-Pd,Hf;Mg;Pd,3,4,39.982,128.55,9.944660971571508,225,Cubic,ABC2,0.0,False,True,True,True,
mp-aaabxfre,HfMgRh2,Hf1-Mg1-Rh2,Hf-Mg-Rh,Hf;Mg;Rh,3,4,68.281,154.665,10.45350663757843,225,Cubic,ABC2,0.0,False,True,True,True,
mp-aaabxfrf,NaCa2Tl,Ca2-Na1-Tl1,Ca-Na-Tl,Ca;Na;Tl,3,4,14.702,22.925,4.076483976512196,225,Cubic,ABC2,0.0,False,True,True,True,
mp-aaabxfrv,Li2EuGe,Eu1-Ge1-Li2,Eu-Ge-Li,Eu;Ge;Li,3,4,23.508,34.651,5.158403201607245,225,Cubic,ABC2,0.020356269895834167,False,True,True,True,
mp-aaabxfse,NaCd2Pt,Cd2-Na1-Pt1,Cd-Na-Pt,Cd;Na;Pt,3,4,22.098,69.41,9.439588338969525,225,Cubic,ABC2,0.0,False,True,True,True,
mp-aaabxfsh,TiZnPd2,Pd2-Ti1-Zn1,Pd-Ti-Zn,Pd;Ti;Zn,3,4,29.824,150.486,8.917934684510119,225,Cubic,ABC2,0.0,False,True,True,True,
mp-aaabxfsk,NaCaAu2,Au2-Ca1-Na1,Au-Ca-Na,Au;Ca;Na,3,4,20.408,41.303,8.188270983049625,225,Cubic,ABC2,0.005945694687497394,False,True,True,True,
mp-aaabxfss,NaAcTl2,Ac1-Na1-Tl2,Ac-Na-Tl,Ac;Na;Tl,3,4,12.636,31.125,8.50882393377575,225,Cubic,ABC2,0.0,False,False,False,True,Ac
mp-aaabxfst,HfMnRh2,Hf1-Mn1-Rh2,Hf-Mn-Rh,Hf;Mn;Rh,3,4,62.602,175.043,11.480291293203647,225,Cubic,ABC2,0.0,False,True,True,True,
mp-aaabxfsu,MgGaNi2,Ga1-Mg1-Ni2,Ga-Mg-Ni,Ga;Mg;Ni,3,4,40.522,116.982,6.738742999928747,225,Cubic,ABC2,0.0,False,False,False,True,Ga
mp-aaabxfsv,TiZnNi2,Ni2-Ti1-Zn1,Ni-Ti-Zn,Ni;Ti;Zn,3,4,55.791,160.513,7.528060240725143,225,Cubic,ABC2,0.0,False,True,True,True,
mp-aaabxfsw,HfNbTc2,Hf1-Nb1-Tc2,Hf-Nb-Tc,Hf;Nb;Tc,3,4,90.767,218.707,11.521158290527092,225,Cubic,ABC2,0.0,False,False,False,True,Nb
mp-aaabxfsy,NaHoTl2,Ho1-Na1-Tl2,Ho-Na-Tl,Ho;Na;Tl,3,4,23.742,38.106,9.16396438188334,225,Cubic,ABC2,0.0,False,True,True,True,
mp-aaabxfsz,NaHgPd2,Hg1-Na1-Pd2,Hg-Na-Pd,Hg;Na;Pd,3,4,24.87,80.025,10.05155196713894,225,Cubic,ABC2,0.0,False,False,False,True,Hg
mp-aaabxfta,NaLaAu2,Au2-La1-Na1,Au-La-Na,Au;La;Na,3,4,16.143,55.109,9.369788506660939,225,Cubic,ABC2,0.0,False,True,True,True,
mp-aaabxftc,NaInHg2,Hg2-In1-Na1,Hg-In-Na,Hg;In;Na,3,4,9.66,25.727,8.692537469460769,225,Cubic,ABC2,0.0,False,False,False,True,Hg
mp-aaabxftj,NaMgPb2,Mg1-Na1-Pb2,Mg-Na-Pb,Mg;Na;Pb,3,4,7.06,15.404,6.99542609526146,225,Cubic,ABC2,0.0,False,True,True,True,
mp-aaabxftk,NaSmHg2,Hg2-Na1-Sm1,Hg-Na-Sm,Hg;Na;Sm,3,4,14.613,43.362,9.280699678575932,225,Cubic,ABC2,0.002939725833329021,False,False,False,True,Hg
mp-aaabxftl,NaSmTl2,Na1-Sm1-Tl2,Na-Sm-Tl,Na;Sm;Tl,3,4,19.687,36.766,8.611120191125174,225,Cubic,ABC2,0.005893130781252864,False,True,True,True,
mp-aaabxftm,NaMgTl2,Mg1-Na1-Tl2,Mg-Na-Tl,Mg;Na;Tl,3,4,13.0,24.965,7.132820936739914,225,Cubic,ABC2,0.0,False,True,True,True,
mp-aaabxftn,NaSmAu2,Au2-Na1-Sm1,Au-Na-Sm,Au;Na;Sm,3,4,18.192,59.904,10.22972860092132,225,Cubic,ABC2,0.0,False,True,True,True,
mp-aaabxfto,NaPrTl2,Na1-Pr1-Tl2,Na-Pr-Tl,Na;Pr;Tl,3,4,17.268,35.668,8.196870780897157,225,Cubic,ABC2,0.0021092467708285767,False,True,True,True,
mp-aaabxftp,NaNdAu2,Au2-Na1-Nd1,Au-Na-Nd,Au;Na;Nd,3,4,17.696,57.865,9.855740993147027,225,Cubic,ABC2,0.01275582603125125,False,True,True,True,
mp-aaabxftr,NaNdHg2,Hg2-Na1-Nd1,Hg-Na-Nd,Hg;Na;Nd,3,4,14.872,42.221,8.967901183731374,225,Cubic,ABC2,0.0,False,False,False,True,Hg
mp-aaabxfts,LiSmTl2,Li1-Sm1-Tl2,Li-Sm-Tl,Li;Sm;Tl,3,4,15.962,41.722,9.113905925697905,225,Cubic,ABC2,0.0,False,True,True,True,
mp-aaabxftt,NaErTl2,Er1-Na1-Tl2,Er-Na-Tl,Er;Na;Tl,3,4,23.846,37.926,9.24873621026274,225,Cubic,ABC2,0.0,False,True,True,True,
mp-aaabxftu,NaPrAu2,Au2-Na1-Pr1,Au-Na-Pr,Au;Na;Pr,3,4,17.065,56.68,9.63727959128835,225,Cubic,ABC2,0.0005935409375026346,False,True,True,True,
mp-aaabxftv,NaPrHg2,Hg2-Na1-Pr1,Hg-Na-Pr,Hg;Na;Pr,3,4,14.842,41.671,8.785433043114354,225,Cubic,ABC2,0.0,False,False,False,True,Hg
mp-aaabxftz,MgGaPd2,Ga1-Mg1-Pd2,Ga-Mg-Pd,Ga;Mg;Pd,3,4,31.091,120.303,8.269497331305935,225,Cubic,ABC2,0.0,False,False,False,True,Ga
mp-aaabxfub,MgGaRh2,Ga1-Mg1-Rh2,Ga-Mg-Rh,Ga;Mg;Rh,3,4,80.766,155.284,8.647598168608937,225,Cubic,ABC2,0.0,False,False,False,True,Ga
mp-aaabxfud,NaTl2Cd,Cd1-Na1-Tl2,Cd-Na-Tl,Cd;Na;Tl,3,4,7.617,23.718,8.166416051188996,225,Cubic,ABC2,0.0,False,True,True,True,
mp-aaabxfug,Hf2MoRh,Hf2-Mo1-Rh1,Hf-Mo-Rh,Hf;Mo;Rh,3,4,75.907,173.159,13.037700526674318,225,Cubic,ABC2,0.030073170869577837,False,True,True,True,
mp-aaabxfuh,Hf2OsRh,Hf2-Os1-Rh1,Hf-Os-Rh,Hf;Os;Rh,3,4,55.152,201.65,15.49507256344412,225,Cubic,ABC2,0.0,False,True,True,True,
mp-aaabxfuo,Hf2MnIr,Hf2-Ir1-Mn1,Hf-Ir-Mn,Hf;Ir;Mn,3,4,88.412,192.899,15.044691290153136,225,Cubic,ABC2,0.0,False,True,True,True,
mp-aaabxfuv,NaTl2Bi,Bi1-Na1-Tl2,Bi-Na-Tl,Bi;Na;Tl,3,4,8.941,27.25,8.537402172536375,225,Cubic,ABC2,0.014346414999991453,False,True,True,True,
mp-aaabxfuw,MgAsPt5,As1-Mg1-Pt5,As-Mg-Pt,As;Mg;Pt,3,7,70.948,182.409,15.606394567487968,123,Tetragonal,ABC5,0.0,False,False,False,True,As
mp-aaabxfux,Be2CuRu,Be2-Cu1-Ru1,Be-Cu-Ru,Be;Cu;Ru,3,4,96.573,182.617,7.426903311962121,225,Cubic,ABC2,0.0008402499999977664,False,True,True,True,
mp-aaabxfuy,PaAlTc2,Al1-Pa1-Tc2,Al-Pa-Tc,Al;Pa;Tc,3,4,42.333,181.984,10.8754168661818,225,Cubic,ABC2,0.0,False,False,False,True,Pa
mp-aaabxfuz,PaAlRu2,Al1-Pa1-Ru2,Al-Pa-Ru,Al;Pa;Ru,3,4,15.527,178.546,10.93405627081392,225,Cubic,ABC2,0.0,False,False,False,True,Pa
mp-aaabxfva,MgCdAu2,Au2-Cd1-Mg1,Au-Cd-Mg,Au;Cd;Mg,3,4,21.743,86.378,11.63374004525568,225,Cubic,ABC2,0.01627025500000201,False,True,True,True,
mp-aaabxfvb,YbNdRh2,Nd1-Rh2-Yb1,Nd-Rh-Yb,Nd;Rh;Yb,3,4,27.617,87.977,10.567159958841732,225,Cubic,ABC2,0.0736422787500004,False,True,True,True,
mp-aaabxfvc,MgAlPd2,Al1-Mg1-Pd2,Al-Mg-Pd,Al;Mg;Pd,3,4,40.012,124.171,7.190085333163906,225,Cubic,ABC2,0.0,False,True,True,True,
mp-aaabxfvf,MgAlRh2,Al1-Mg1-Rh2,Al-Mg-Rh,Al;Mg;Rh,3,4,85.611,155.745,7.501718860918842,225,Cubic,ABC2,0.0,False,True,True,True,
mp-aaabxfvg,Dy2ZnGa,Dy2-Ga1-Zn1,Dy-Ga-Zn,Dy;Ga;Zn,3,4,39.796,65.862,8.383395705090896,225,Cubic,ABC2,0.02062792703124927,False,False,False,True,Ga
mp-aaabxfvi,YbNdHg2,Hg2-Nd1-Yb1,Hg-Nd-Yb,Hg;Nd;Yb,3,4,23.048,49.525,10.899622679888681,225,Cubic,ABC2,0.016622015000002932,False,False,False,True,Hg
mp-aaabxfvj,Dy2AlZn,Al1-Dy2-Zn1,Al-Dy-Zn,Al;Dy;Zn,3,4,39.898,63.933,7.46714700186837,225,Cubic,ABC2,0.012720849374996845,False,True,True,True,
mp-aaabxfvk,MgGeIr2,Ge1-Ir2-Mg1,Ge-Ir-Mg,Ge;Ir;Mg,3,4,79.79,184.958,13.704617769369259,225,Cubic,ABC2,0.019706491986839936,False,True,True,True,
mp-aaabxfvm,MgGeRh2,Ge1-Mg1-Rh2,Ge-Mg-Rh,Ge;Mg;Rh,3,4,58.759,162.451,8.756421651038163,225,Cubic,ABC2,0.0,False,True,True,True,
mp-aaabxfvn,HfBeRh2,Be1-Hf1-Rh2,Be-Hf-Rh,Be;Hf;Rh,3,4,67.567,189.784,11.280534326297856,225,Cubic,ABC2,0.0,False,True,True,True,
mp-aaabxfvp,HfScCo2,Co2-Hf1-Sc1,Co-Hf-Sc,Co;Hf;Sc,3,4,69.939,138.178,9.104895762794051,225,Cubic,ABC2,0.0,False,True,True,True,
mp-aaabxfvq,HfPd5,Hf1-Pd5,Hf-Pd,Hf;Pd,2,6,68.884,167.044,12.27479709409031,65,Orthorhombic,AB5,0.0,False,True,True,True,
mp-aaabxfvr,Ca2CdPb,Ca2-Cd1-Pb1,Ca-Cd-Pb,Ca;Cd;Pb,3,4,21.831,32.385,5.623999513953306,225,Cubic,ABC2,0.0,False,True,True,True,
mp-aaabxfvv,YbHg3,Hg3-Yb1,Hg-Yb,Hg;Yb,2,8,14.403,38.477,12.861301130661786,194,Hexagonal,AB3,0.0,False,False,False,True,Hg
mp-aaabxfvw,YbTaRu2,Ru2-Ta1-Yb1,Ru-Ta-Yb,Ru;Ta;Yb,3,4,73.821,171.591,13.905179128420745,225,Cubic,ABC2,0.0,False,True,True,True,
mp-aaabxfvy,HfCdRh2,Cd1-Hf1-Rh2,Cd-Hf-Rh,Cd;Hf;Rh,3,4,60.425,169.501,12.207841054630748,225,Cubic,ABC2,0.0,False,True,True,True,
mp-aaabxfwa,HfCu3,Cu3-Hf1,Cu-Hf,Cu;Hf,2,4,16.975,136.591,10.670178379658335,225,Cubic,AB3,0.0739975925762213,False,True,True,True,
mp-aaabxfwd,Hf2FeOs,Fe1-Hf2-Os1,Fe-Hf-Os,Fe;Hf;Os,3,4,95.692,201.248,15.148137021007564,225,Cubic,ABC2,0.0,False,True,True,True,
mp-aaabxfwh,MgGaAg2,Ag2-Ga1-Mg1,Ag-Ga-Mg,Ag;Ga;Mg,3,4,15.528,68.65,7.252252369346885,225,Cubic,ABC2,0.0,False,False,False,True,Ga
mp-aaabxfwk,MgGaIr2,Ga1-Ir2-Mg1,Ga-Ir-Mg,Ga;Ir;Mg,3,4,96.083,187.256,13.696685193438269,225,Cubic,ABC2,0.0,False,False,False,True,Ga
mp-aaabxfwl,MgFeRh2,Fe1-Mg1-Rh2,Fe-Mg-Rh,Fe;Mg;Rh,3,4,73.504,154.144,8.321098528198622,225,Cubic,ABC2,0.0,False,True,True,True,
mp-aaabxfwp,FeGeRu2,Fe1-Ge1-Ru2,Fe-Ge-Ru,Fe;Ge;Ru,3,4,101.794,223.605,10.10099649876485,225,Cubic,ABC2,0.0,False,True,True,True,
mp-aaabxfwr,Co3Pt,Co3-Pt1,Co-Pt,Co;Pt,2,8,94.266,211.803,12.56939401617149,194,Hexagonal,AB3,0.0,False,True,True,True,
mp-aaabxfwt,TmGaRh2,Ga1-Rh2-Tm1,Ga-Rh-Tm,Ga;Rh;Tm,3,4,55.923,147.294,11.201394929812729,225,Cubic,ABC2,0.0,False,False,False,True,Ga
mp-aaabxfxa,TmCdPt2,Cd1-Pt2-Tm1,Cd-Pt-Tm,Cd;Pt;Tm,3,4,20.588,123.512,14.563154103584573,225,Cubic,ABC2,0.020986137500000446,False,True,True,True,
mp-aaabxfxe,TmCdRh2,Cd1-Rh2-Tm1,Cd-Rh-Tm,Cd;Rh;Tm,3,4,52.847,127.101,11.247282570574113,225,Cubic,ABC2,0.0,False,True,True,True,
mp-aaabxfxh,TmHfOs2,Hf1-Os2-Tm1,Hf-Os-Tm,Hf;Os;Tm,3,4,86.548,182.794,16.754650817667606,225,Cubic,ABC2,0.0883033713281236,False,True,True,True,
mp-aaabxfxi,TmLuMg2,Lu1-Mg2-Tm1,Lu-Mg-Tm,Lu;Mg;Tm,3,4,23.143,45.134,6.216709250712058,225,Cubic,ABC2,0.003314475833332331,False,True,True,True,
mp-aaabxfxj,TmInRh2,In1-Rh2-Tm1,In-Rh-Tm,In;Rh;Tm,3,4,40.486,134.846,11.290671294954889,225,Cubic,ABC2,0.0,False,True,True,True,
mp-aaabxfxn,TmHfRu2,Hf1-Ru2-Tm1,Hf-Ru-Tm,Hf;Ru;Tm,3,4,73.726,161.823,12.759908099651899,225,Cubic,ABC2,0.0,False,True,True,True,
mp-aaabxfxo,Dy2PdRu,Dy2-Pd1-Ru1,Dy-Pd-Ru,Dy;Pd;Ru,3,4,37.091,104.247,10.74592078765012,225,Cubic,ABC2,0.0,False,True,True,True,
mp-aaabxfxr,Dy2IrRu,Dy2-Ir1-Ru1,Dy-Ir-Ru,Dy;Ir;Ru,3,4,53.425,125.9,12.910631868921731,225,Cubic,ABC2,0.01669928459821346,False,True,True,True,
mp-aaabxfxw,Th2BiTe,Bi1-Te1-Th2,Bi-Te-Th,Bi;Te;Th,3,4,50.256,80.336,11.23392720981058,225,Cubic,ABC2,0.0,False,False,False,True,Te
mp-aaabxfyb,Be2NiIr,Be2-Ir1-Ni1,Be-Ir-Ni,Be;Ir;Ni,3,4,114.747,231.437,11.141179041468025,225,Cubic,ABC2,0.0,False,True,True,True,
mp-aaabxfyc,TmMgRh2,Mg1-Rh2-Tm1,Mg-Rh-Tm,Mg;Rh;Tm,3,4,52.742,116.23,9.560079285097597,225,Cubic,ABC2,0.0,False,True,True,True,
mp-aaabxfyd,LiScTl2,Li1-Sc1-Tl2,Li-Sc-Tl,Li;Sc;Tl,3,4,22.125,44.718,8.455393790216581,225,Cubic,ABC2,0.0,False,True,True,True,
mp-aaabxfyg,TaZnRu2,Ru2-Ta1-Zn1,Ru-Ta-Zn,Ru;Ta;Zn,3,4,85.139,226.089,12.501901277580695,225,Cubic,ABC2,0.0,False,True,True,True,
mp-aaabxfyh,Ti6Al16Ni7,Al16-Ni7-Ti6,Al-Ni-Ti,Al;Ni;Ti,3,29,89.296,128.39,4.534508567708431,225,Cubic,A6B7C16,0.0,False,True,True,True,
mp-aaabxfyj,Tm2ZnIr,Ir1-Tm2-Zn1,Ir-Tm-Zn,Ir;Tm;Zn,3,4,38.748,100.748,12.167988639249812,225,Cubic,ABC2,0.01624018000000227,False,True,True,True,
mp-aaabxfym,Lu2MgIn,In1-Lu2-Mg1,In-Lu-Mg,In;Lu;Mg,3,4,32.495,55.4,8.073839347893333,225,Cubic,ABC2,0.0,False,True,True,True,
mp-aaabxfyn,TmNbOs2,Nb1-Os2-Tm1,Nb-Os-Tm,Nb;Os;Tm,3,4,90.483,205.913,15.279415983769075,225,Cubic,ABC2,0.05057059585937651,False,False,False,True,Nb
mp-aaabxfyu,TmNbRu2,Nb1-Ru2-Tm1,Nb-Ru-Tm,Nb;Ru;Tm,3,4,73.733,179.898,11.133299504775467,225,Cubic,ABC2,0.0,False,False,False,True,Nb
mp-aaabxfyv,TmSnRu2,Ru2-Sn1-Tm1,Ru-Sn-Tm,Ru;Sn;Tm,3,4,68.88,153.366,11.477620800537427,225,Cubic,ABC2,0.0,False,True,True,True,
mp-aaabxfyw,TmTc2W,Tc2-Tm1-W1,Tc-Tm-W,Tc;Tm;W,3,4,78.138,202.895,13.52020891818044,225,Cubic,ABC2,0.14006933875000271,False,True,False,True,
mp-aaabxfza,TbYbHg2,Hg2-Tb1-Yb1,Hg-Tb-Yb,Hg;Tb;Yb,3,4,26.236,52.205,11.667253283253618,225,Cubic,ABC2,0.0,False,False,False,True,Hg
mp-aaabxfzb,LuNbRu2,Lu1-Nb1-Ru2,Lu-Nb-Ru,Lu;Nb;Ru,3,4,79.038,182.535,11.394720627425176,225,Cubic,ABC2,0.0,False,False,False,True,Nb
mp-aaabxfzd,DyZnRh2,Dy1-Rh2-Zn1,Dy-Rh-Zn,Dy;Rh;Zn,3,4,45.355,129.806,10.65869554801676,225,Cubic,ABC2,0.0,False,True,True,True,
mp-aaabxfzi,TmTaRu2,Ru2-Ta1-Tm1,Ru-Ta-Tm,Ru;Ta;Tm,3,4,80.951,188.12,13.324595404491737,225,Cubic,ABC2,0.0,False,True,True,True,
mp-aaabxfzy,NbAlOs2,Al1-Nb1-Os2,Al-Nb-Os,Al;Nb;Os,3,4,129.33,260.723,13.679510981797353,225,Cubic,ABC2,0.0,False,False,False,True,Nb
mp-aaabxgab,Tm2AgPt,Ag1-Pt1-Tm2,Ag-Pt-Tm,Ag;Pt;Tm,3,4,34.96,96.269,12.31505218520542,225,Cubic,ABC2,0.012716216249991419,False,True,True,True,
mp-aaabxgac,Tm2AgRu,Ag1-Ru1-Tm2,Ag-Ru-Tm,Ag;Ru;Tm,3,4,38.929,96.69,10.937952649860515,225,Cubic,ABC2,0.0,False,True,True,True,
mp-aaabxgae,Tm2CdOs,Cd1-Os1-Tm2,Cd-Os-Tm,Cd;Os;Tm,3,4,37.595,101.396,12.393328553506,225,Cubic,ABC2,0.06367457225000095,False,True,True,True,
mp-aaabxgar,Ho2InAg,Ag1-Ho2-In1,Ag-Ho-In,Ag;Ho;In,3,4,29.025,65.284,9.041266102316445,225,Cubic,ABC2,0.0,False,True,True,True,
mp-aaabxgas,TmZnPd2,Pd2-Tm1-Zn1,Pd-Tm-Zn,Pd;Tm;Zn,3,4,15.796,108.889,10.486215514694976,225,Cubic,ABC2,0.011171605416665287,False,True,True,True,
mp-aaabxgat,TmZnRh2,Rh2-Tm1-Zn1,Rh-Tm-Zn,Rh;Tm;Zn,3,4,52.839,135.447,11.078944240483331,225,Cubic,ABC2,0.0,False,True,True,True,
mp-aaabxgbc,Be2CuRh,Be2-Cu1-Rh1,Be-Cu-Rh,Be;Cu;Rh,3,4,52.236,171.518,7.438307608509059,225,Cubic,ABC2,0.0,False,True,True,True,
mp-aaabxgbo,Lu2PdRu,Lu2-Pd1-Ru1,Lu-Pd-Ru,Lu;Pd;Ru,3,4,46.14,115.779,11.998655791000349,225,Cubic,ABC2,0.0,False,True,True,True,
mp-aaabxgbp,Lu2IrRu,Ir1-Lu2-Ru1,Ir-Lu-Ru,Ir;Lu;Ru,3,4,66.037,137.722,14.319094977931742,225,Cubic,ABC2,0.0,False,True,True,True,
mp-aaabxgbt,Lu2CoRu,Co1-Lu2-Ru1,Co-Lu-Ru,Co;Lu;Ru,3,4,56.419,118.848,11.80778413714245,225,Cubic,ABC2,0.0,False,True,True,True,
mp-aaabxgbx,Lu2MgTc,Lu2-Mg1-Tc1,Lu-Mg-Tc,Lu;Mg;Tc,3,4,27.045,79.162,9.184869336741638,225,Cubic,ABC2,0.0639314710416663,False,True,False,True,
mp-aaabxgcg,Tm2ZnPt,Pt1-Tm2-Zn1,Pt-Tm-Zn,Pt;Tm;Zn,3,4,39.448,93.112,11.813721932888644,225,Cubic,ABC2,0.012348472916667852,False,True,True,True,
mp-aaabxgci,Tm2HgOs,Hg1-Os1-Tm2,Hg-Os-Tm,Hg;Os;Tm,3,4,35.412,106.578,14.065215309315091,225,Cubic,ABC2,0.08362528132812486,False,False,False,True,Hg
mp-aaabxgck,Zn3Rh,Rh1-Zn3,Rh-Zn,Rh;Zn,2,4,48.806,128.64,8.79446671669478,139,Tetragonal,AB3,0.0,False,True,True,True,
mp-aaabxgcx,Zn3Pt,Pt1-Zn3,Pt-Zn,Pt;Zn,2,4,52.461,137.109,11.179019061317744,139,Tetragonal,AB3,0.0,False,True,True,True,
mp-aaabxgcy,Tm2MgAl,Al1-Mg1-Tm2,Al-Mg-Tm,Al;Mg;Tm,3,4,38.344,58.554,6.759787093655082,225,Cubic,ABC2,0.0,False,True,True,True,
mp-aaabxgcz,Zn3Pd,Pd1-Zn3,Pd-Zn,Pd;Zn,2,4,44.23,111.133,8.64158336323594,139,Tetragonal,AB3,0.0,False,True,True,True,
mp-aaabxgdc,Tm2MgIr,Ir1-Mg1-Tm2,Ir-Mg-Tm,Ir;Mg;Tm,3,4,26.832,87.72,10.691377953989305,225,Cubic,ABC2,0.10516028387500054,False,True,True,True,
mp-aaabxgdd,Tm2MgOs,Mg1-Os1-Tm2,Mg-Os-Tm,Mg;Os;Tm,3,4,29.624,89.938,10.792344851314532,225,Cubic,ABC2,0.043622588359369274,False,True,True,True,
mp-aaabxgde,Zn3Ir,Ir1-Zn3,Ir-Zn,Ir;Zn,2,4,52.945,146.356,11.395951581415932,139,Tetragonal,AB3,0.0,False,True,True,True,
mp-aaabxgdg,DyTaRu2,Dy1-Ru2-Ta1,Dy-Ru-Ta,Dy;Ru;Ta,3,4,68.958,181.822,12.906859066359026,225,Cubic,ABC2,0.0,False,True,True,True,
mp-aaabxgdp,YCo,Co1-Y1,Co-Y,Co;Y,2,4,22.17,53.429,5.426234619578163,166,Trigonal,AB,0.0,False,True,True,True,
mp-aaabxgds,YMg3,Mg3-Y1,Mg-Y,Mg;Y,2,4,26.114,43.03,2.735967616150203,225,Cubic,AB3,0.0,False,True,True,True,
mp-aaabxgdv,LuSnRu2,Lu1-Ru2-Sn1,Lu-Ru-Sn,Lu;Ru;Sn,3,4,71.105,156.439,11.74020138727347,225,Cubic,ABC2,0.0,False,True,True,True,
mp-aaabxgdy,V3Ru,Ru1-V3,Ru-V,Ru;V,2,4,89.252,221.654,7.858075350178251,225,Cubic,AB3,0.0,False,True,True,True,
mp-aaabxgeb,V3Re,Re1-V3,Re-V,Re;V,2,4,59.053,233.519,10.27327095358344,225,Cubic,AB3,0.0,False,True,True,True,
mp-aaabxgeq,ThPt3,Pt3-Th1,Pt-Th,Pt;Th,2,8,44.381,174.749,17.706522310970414,194,Hexagonal,AB3,0.0,False,True,True,True,
mp-aaabxges,TmAlCu,Al1-Cu1-Tm1,Al-Cu-Tm,Al;Cu;Tm,3,9,45.234,85.691,7.726574190888006,189,Hexagonal,ABC,0.0,False,True,True,True,
mp-aaabxget,Tm2MgGe2,Ge2-Mg1-Tm2,Ge-Mg-Tm,Ge;Mg;Tm,3,10,56.917,76.381,7.763877081890751,127,Tetragonal,AB2C2,0.0,False,True,True,True,
mp-aaabxgew,Lu2ZnAu,Au1-Lu2-Zn1,Au-Lu-Zn,Au;Lu;Zn,3,4,38.614,80.916,11.710685250281442,225,Cubic,ABC2,0.008753405937497405,False,True,True,True,
mp-aaabxgfp,ZnPd3,Pd3-Zn1,Pd-Zn,Pd;Zn,2,4,36.377,151.261,10.574042703208923,139,Tetragonal,AB3,0.011163510625002537,False,True,True,True,
mp-aaabxgfq,YbNdAg2,Ag2-Nd1-Yb1,Ag-Nd-Yb,Ag;Nd;Yb,3,4,19.85,50.84,8.701716796257793,225,Cubic,ABC2,0.015435849999999363,False,True,True,True,
mp-aaabxgfu,YTe,Te1-Y1,Te-Y,Te;Y,2,2,38.592,59.171,6.041245793518925,187,Hexagonal,AB,0.0,False,False,False,True,Te
mp-aaabxgfw,Y2NiIr,Ir1-Ni1-Y2,Ir-Ni-Y,Ir;Ni;Y,3,4,42.924,106.626,8.893667899703406,225,Cubic,ABC2,0.026191693466797616,False,True,True,True,
mp-aaabxgfx,Y2MgRu,Mg1-Ru1-Y2,Mg-Ru-Y,Mg;Ru;Y,3,4,20.648,74.058,5.557845845610721,225,Cubic,ABC2,0.060845908562500384,False,True,True,True,
mp-aaabxgfy,LuZrRu2,Lu1-Ru2-Zr1,Lu-Ru-Zr,Lu;Ru;Zr,3,4,72.197,156.979,10.795967159641354,225,Cubic,ABC2,0.0,False,True,True,True,
mp-aaabxggf,TiAlPd2,Al1-Pd2-Ti1,Al-Pd-Ti,Al;Pd;Ti,3,4,28.706,158.18,7.794154364689214,225,Cubic,ABC2,0.0,False,True,True,True,
mp-aaabxggg,TiAlOs2,Al1-Os2-Ti1,Al-Os-Ti,Al;Os;Ti,3,4,113.141,244.229,13.170393141058648,225,Cubic,ABC2,0.0021014711538427377,False,True,True,True,
mp-aaabxggi,LiSc2Pt,Li1-Pt1-Sc2,Li-Pt-Sc,Li;Pt;Sc,3,4,37.52,89.908,6.7070359490567,225,Cubic,ABC2,0.0,False,True,True,True,
mp-aaabxggk,Lu2AgHg,Ag1-Hg1-Lu2,Ag-Hg-Lu,Ag;Hg;Lu,3,4,29.755,73.413,11.61999950519336,225,Cubic,ABC2,0.0,False,False,False,True,Hg
mp-aaabxggm,TiGaRu2,Ga1-Ru2-Ti1,Ga-Ru-Ti,Ga;Ru;Ti,3,4,87.343,212.674,9.298649792263676,225,Cubic,ABC2,0.0,False,False,False,True,Ga
mp-aaabxggn,Tm2MgTc,Mg1-Tc1-Tm2,Mg-Tc-Tm,Mg;Tc;Tm,3,4,27.589,77.305,8.775540256541227,225,Cubic,ABC2,0.07509658062499813,False,True,False,True,
mp-aaabxggo,ThGa3,Ga3-Th1,Ga-Th,Ga;Th,2,8,43.146,85.675,8.747250475118358,194,Hexagonal,AB3,0.0,False,False,False,True,Ga
mp-aaabxggx,Lu2AgRu,Ag1-Lu2-Ru1,Ag-Lu-Ru,Ag;Lu;Ru,3,4,39.928,98.781,11.423861829881623,225,Cubic,ABC2,0.0,False,True,True,True,
mp-aaabxgha,MnV2Os,Mn1-Os1-V2,Mn-Os-V,Mn;Os;V,3,4,115.151,265.263,11.131297189344581,225,Cubic,ABC2,0.011769333879318111,False,True,True,True,
mp-aaabxghd,VCo2Ge,Co2-Ge1-V1,Co-Ge-V,Co;Ge;V,3,4,81.715,197.789,8.322683494970198,225,Cubic,ABC2,0.004143578819442162,False,True,True,True,
mp-aaabxghf,Pm2SnAu,Au1-Pm2-Sn1,Au-Pm-Sn,Au;Pm;Sn,3,4,19.943,65.878,9.235578025401573,225,Cubic,ABC2,0.0,False,True,False,True,
mp-aaabxghh,Ti2MnRu,Mn1-Ru1-Ti2,Mn-Ru-Ti,Mn;Ru;Ti,3,4,78.85,193.143,7.44185457530936,225,Cubic,ABC2,0.0,False,True,True,True,
mp-aaabxghi,Ac2CuSn,Ac2-Cu1-Sn1,Ac-Cu-Sn,Ac;Cu;Sn,3,4,13.564,46.296,8.358643506617318,225,Cubic,ABC2,0.1424265850000026,False,False,False,True,Ac
mp-aaabxghj,VGaTc2,Ga1-Tc2-V1,Ga-Tc-V,Ga;Tc;V,3,4,78.962,229.778,9.301703122992786,225,Cubic,ABC2,0.0,False,False,False,True,Ga
mp-aaabxghu,VTc2Ge,Ge1-Tc2-V1,Ge-Tc-V,Ge;Tc;V,3,4,96.105,243.003,9.45586963000526,225,Cubic,ABC2,0.0,False,True,False,True,
mp-aaabxghw,V2CrRe,Cr1-Re1-V2,Cr-Re-V,Cr;Re;V,3,4,112.266,253.319,10.611090689755127,225,Cubic,ABC2,0.004517771250000635,False,False,False,True,Cr
mp-aaabxghx,V2CrOs,Cr1-Os1-V2,Cr-Os-V,Cr;Os;V,3,4,118.265,261.007,10.870882748402256,225,Cubic,ABC2,0.0,False,False,False,True,Cr
mp-aaabxghy,VZnRu2,Ru2-V1-Zn1,Ru-V-Zn,Ru;V;Zn,3,4,79.087,225.829,9.682978084155774,225,Cubic,ABC2,0.0,False,True,True,True,
mp-aaabxgic,V2CrFe,Cr1-Fe1-V2,Cr-Fe-V,Cr;Fe;V,3,4,102.939,231.816,7.244342436479398,225,Cubic,ABC2,0.0,False,False,False,True,Cr
mp-aaabxgig,V2CrRu,Cr1-Ru1-V2,Cr-Ru-V,Cr;Ru;V,3,4,103.536,241.192,8.127341481678304,225,Cubic,ABC2,0.011705994999999803,False,False,False,True,Cr
mp-aaabxgih,V2CrTc,Cr1-Tc1-V2,Cr-Tc-V,Cr;Tc;V,3,4,95.291,238.066,7.938593535857466,225,Cubic,ABC2,0.004401685000001265,False,False,False,True,Cr
mp-aaabxgii,VIr3,Ir3-V1,Ir-V,Ir;V,2,8,186.516,321.065,18.46418797432032,194,Hexagonal,AB3,0.0,False,True,True,True,
mp-aaabxgij,V2ReOs,Os1-Re1-V2,Os-Re-V,Os;Re;V,3,4,136.853,289.662,14.262153131668345,225,Cubic,ABC2,0.0,False,True,True,True,
mp-aaabxgil,V2TcOs,Os1-Tc1-V2,Os-Tc-V,Os;Tc;V,3,4,129.105,275.44,11.714296847744466,225,Cubic,ABC2,0.0,False,True,False,True,
mp-aaabxgin,V2TcRu,Ru1-Tc1-V2,Ru-Tc-V,Ru;Tc;V,3,4,109.902,254.239,9.08826845174942,225,Cubic,ABC2,0.0,False,True,False,True,
mp-aaabxgio,YAgHg2,Ag1-Hg2-Y1,Ag-Hg-Y,Ag;Hg;Y,3,4,17.156,69.569,10.992402938564306,225,Cubic,ABC2,0.0,False,False,False,True,Hg
mp-aaabxgip,YCdAg2,Ag2-Cd1-Y1,Ag-Cd-Y,Ag;Cd;Y,3,4,15.786,71.324,8.009774012850876,225,Cubic,ABC2,0.0,False,True,True,True,
mp-aaabxgiq,YAlAg2,Ag2-Al1-Y1,Ag-Al-Y,Ag;Al;Y,3,4,23.742,82.71,6.826862280713564,225,Cubic,ABC2,0.019086362892679176,False,True,True,True,
mp-aaabxgir,Lu2InAg,Ag1-In1-Lu2,Ag-In-Lu,Ag;In;Lu,3,4,32.13,69.509,9.840462308033464,225,Cubic,ABC2,0.0,False,True,True,True,
mp-aaabxgiy,YMgCd2,Cd2-Mg1-Y1,Cd-Mg-Y,Cd;Mg;Y,3,4,26.509,53.873,5.952948391427176,225,Cubic,ABC2,0.0,False,True,True,True,
mp-aaabxgjb,YMgZn2,Mg1-Y1-Zn2,Mg-Y-Zn,Mg;Y;Zn,3,4,36.417,59.874,5.050548842662684,225,Cubic,ABC2,0.0,False,True,True,True,
mp-aaabxgjd,YZnRh2,Rh2-Y1-Zn1,Rh-Y-Zn,Rh;Y;Zn,3,4,44.737,126.817,8.772331672147397,225,Cubic,ABC2,0.02112669687500013,False,True,True,True,
mp-aaabxgjf,YTaRu2,Ru2-Ta1-Y1,Ru-Ta-Y,Ru;Ta;Y,3,4,69.742,179.127,11.115626023156276,225,Cubic,ABC2,0.0,False,True,True,True,
mp-aaabxgjg,YCdPd2,Cd1-Pd2-Y1,Cd-Pd-Y,Cd;Pd;Y,3,4,27.819,97.382,8.727873096749198,225,Cubic,ABC2,0.0,False,True,True,True,
mp-aaabxgji,YCdAu2,Au2-Cd1-Y1,Au-Cd-Y,Au;Cd;Y,3,4,21.097,87.395,11.524512097563145,225,Cubic,ABC2,0.0,False,True,True,True,
mp-aaabxgjj,TiMnRh2,Mn1-Rh2-Ti1,Mn-Rh-Ti,Mn;Rh;Ti,3,4,75.228,183.807,8.77041017580093,225,Cubic,ABC2,0.0,False,True,True,True,
mp-aaabxgjk,YCdPt2,Cd1-Pt2-Y1,Cd-Pt-Y,Cd;Pt;Y,3,4,20.954,116.26,12.458319309479954,225,Cubic,ABC2,0.012575528749997567,False,True,True,True,
mp-aaabxgjl,YCdHg2,Cd1-Hg2-Y1,Cd-Hg-Y,Cd;Hg;Y,3,4,19.287,76.015,10.587201692983898,225,Cubic,ABC2,0.0,False,False,False,True,Hg
mp-aaabxgjn,YAl3,Al3-Y1,Al-Y,Al;Y,2,8,38.964,70.402,3.56233527312944,194,Hexagonal,AB3,0.0,False,True,True,True,
mp-aaabxgjq,YThRu2,Ru2-Th1-Y1,Ru-Th-Y,Ru;Th;Y,3,4,30.249,124.42,10.236810519329865,225,Cubic,ABC2,0.012931485312495994,False,True,True,True,
mp-aaabxgjr,TiMn2Al,Al1-Mn2-Ti1,Al-Mn-Ti,Al;Mn;Ti,3,4,83.1,159.093,5.8034633419583,225,Cubic,ABC2,0.0,False,True,True,True,
mp-aaabxgjt,Ti2ReOs,Os1-Re1-Ti2,Os-Re-Ti,Os;Re;Ti,3,4,110.684,240.23,13.05007425889019,225,Cubic,ABC2,0.0035615131250565923,False,True,True,True,
mp-aaabxgjw,YbZrRh2,Rh2-Yb1-Zr1,Rh-Yb-Zr,Rh;Yb;Zr,3,4,30.229,127.688,10.762926066027225,225,Cubic,ABC2,0.047764782499999825,False,True,True,True,
mp-aaabxgjx,TiMnCo2,Co2-Mn1-Ti1,Co-Mn-Ti,Co;Mn;Ti,3,4,77.429,168.613,7.3318193223052734,225,Cubic,ABC2,0.0,False,True,True,True,
mp-aaabxgjy,Ti2RePd,Pd1-Re1-Ti2,Pd-Re-Ti,Pd;Re;Ti,3,4,72.804,193.113,10.431826356444494,225,Cubic,ABC2,0.0,False,True,True,True,
mp-aaabxgkg,Yb2AgBi,Ag1-Bi1-Yb2,Ag-Bi-Yb,Ag;Bi;Yb,3,4,24.271,38.939,9.988450982764775,225,Cubic,ABC2,0.11900467499999934,False,True,True,True,
mp-aaabxgko,Mn2VGe,Ge1-Mn2-V1,Ge-Mn-V,Ge;Mn;V,3,4,110.157,224.329,8.08507083767764,225,Cubic,ABC2,0.0,False,True,True,True,
mp-aaabxgks,AcTe3,Ac1-Te3,Ac-Te,Ac;Te,2,4,20.884,47.939,7.868439194082251,139,Tetragonal,AB3,0.23110915531250242,False,False,False,True,Ac;Te
mp-aaabxgku,Y2AlZn,Al1-Y2-Zn1,Al-Y-Zn,Al;Y;Zn,3,4,40.862,62.953,4.7987447913737356,225,Cubic,ABC2,0.004866133749999335,False,True,True,True,
mp-aaabxgkv,Y2AgRu,Ag1-Ru1-Y2,Ag-Ru-Y,Ag;Ru;Y,3,4,35.774,90.313,7.351718575241382,225,Cubic,ABC2,0.0,False,True,True,True,
mp-aaabxgkw,Be3Ru,Be3-Ru1,Be-Ru,Be;Ru,2,4,123.56,180.438,5.6087807333329245,139,Tetragonal,AB3,0.0,False,True,True,True,
mp-aaabxgkx,LuZnPd2,Lu1-Pd2-Zn1,Lu-Pd-Zn,Lu;Pd;Zn,3,4,18.066,111.102,10.795759634770333,225,Cubic,ABC2,0.0,False,True,True,True,
mp-aaabxgla,LuZnRh2,Lu1-Rh2-Zn1,Lu-Rh-Zn,Lu;Rh;Zn,3,4,56.941,138.683,11.38323415156627,225,Cubic,ABC2,0.0,False,True,True,True,
mp-aaabxgld,Ti2MnIr,Ir1-Mn1-Ti2,Ir-Mn-Ti,Ir;Mn;Ti,3,4,97.188,212.034,10.06294328575606,225,Cubic,ABC2,0.0,False,True,True,True,
mp-aaabxgll,Li2CdAu,Au1-Cd1-Li2,Au-Cd-Li,Au;Cd;Li,3,4,12.122,44.869,8.116432676263269,225,Cubic,ABC2,0.0,False,True,True,True,
mp-aaabxglm,LiNd2Ga,Ga1-Li1-Nd2,Ga-Li-Nd,Ga;Li;Nd,3,4,24.558,43.608,5.882322021892225,225,Cubic,ABC2,0.020288928854167665,False,False,False,True,Ga
mp-aaabxglr,Y2Mg,Mg1-Y2,Mg-Y,Mg;Y,2,6,20.535,41.701,3.8258020559875803,63,Orthorhombic,AB2,0.021158450000000606,False,True,True,True,
mp-aaabxglt,VGeRu2,Ge1-Ru2-V1,Ge-Ru-V,Ge;Ru;V,3,4,105.622,236.881,9.827844969958049,225,Cubic,ABC2,0.0,False,True,True,True,
mp-aaabxglu,VGaRu2,Ga1-Ru2-V1,Ga-Ru-V,Ga;Ru;V,3,4,112.122,236.904,9.780756463974086,225,Cubic,ABC2,0.0,False,False,False,True,Ga
mp-aaabxglv,Y2CuRh,Cu1-Rh1-Y2,Cu-Rh-Y,Cu;Rh;Y,3,4,33.634,88.993,6.872429522586505,225,Cubic,ABC2,0.010462957946428375,False,True,True,True,
mp-aaabxglw,Y2CuRu,Cu1-Ru1-Y2,Cu-Ru-Y,Cu;Ru;Y,3,4,40.684,92.142,6.936039471396006,225,Cubic,ABC2,0.0,False,True,True,True,
mp-aaabxglz,Ti2NiMo,Mo1-Ni1-Ti2,Mo-Ni-Ti,Mo;Ni;Ti,3,4,76.912,170.681,7.094547221935764,225,Cubic,ABC2,0.0,False,True,True,True,
mp-aaabxgma,Y2ZnRu,Ru1-Y2-Zn1,Ru-Y-Zn,Ru;Y;Zn,3,4,30.47,87.008,6.728440307629081,225,Cubic,ABC2,0.0,False,True,True,True,
mp-aaabxgmc,Y2CuIr,Cu1-Ir1-Y2,Cu-Ir-Y,Cu;Ir;Y,3,4,37.98,99.876,8.7099795182532,225,Cubic,ABC2,0.014566892569443546,False,True,True,True,
mp-aaabxgmf,NdPbAu2,Au2-Nd1-Pb1,Au-Nd-Pb,Au;Nd;Pb,3,4,19.233,75.68,12.761286381259687,225,Cubic,ABC2,0.0,False,True,True,True,
mp-aaabxgmi,Y2IrPd,Ir1-Pd1-Y2,Ir-Pd-Y,Ir;Pd;Y,3,4,42.364,109.327,9.428993939348178,225,Cubic,ABC2,0.0,False,True,True,True,
mp-aaabxgmk,Y2MgAl,Al1-Mg1-Y2,Al-Mg-Y,Al;Mg;Y,3,4,36.348,54.789,3.802879776039826,225,Cubic,ABC2,0.0,False,True,True,True,
mp-aaabxgml,Y2IrRh,Ir1-Rh1-Y2,Ir-Rh-Y,Ir;Rh;Y,3,4,33.326,119.564,9.643949117450918,225,Cubic,ABC2,0.0,False,True,True,True,
mp-aaabxgmm,Li5Mg,Li5-Mg1,Li-Mg,Li;Mg,2,6,9.799,17.412,0.80630911684004,189,Hexagonal,AB5,0.00328050972222238,False,True,True,True,
mp-aaabxgmp,LuGaPd2,Ga1-Lu1-Pd2,Ga-Lu-Pd,Ga;Lu;Pd,3,4,18.845,115.558,10.846603716049021,225,Cubic,ABC2,0.017691638541663224,False,False,False,True,Ga
mp-aaabxgmr,LuGaRh2,Ga1-Lu1-Rh2,Ga-Lu-Rh,Ga;Lu;Rh,3,4,60.379,149.694,11.5045491566531,225,Cubic,ABC2,0.0,False,False,False,True,Ga
mp-aaabxgmt,MgRh3,Mg1-Rh3,Mg-Rh,Mg;Rh,2,4,85.898,181.297,9.430670862205671,44,Orthorhombic,AB3,0.0,False,True,True,True,
mp-aaabxgnh,Na2MgSn,Mg1-Na2-Sn1,Mg-Na-Sn,Mg;Na;Sn,3,8,18.808,22.948,2.774366828332308,194,Hexagonal,ABC2,0.0,False,True,True,True,
mp-aaabxgnw,TiGeRu2,Ge1-Ru2-Ti1,Ge-Ru-Ti,Ge;Ru;Ti,3,4,116.587,228.106,9.480006416381764,225,Cubic,ABC2,0.0,False,True,True,True,
mp-aaabxgnx,Y2NiRu,Ni1-Ru1-Y2,Ni-Ru-Y,Ni;Ru;Y,3,4,40.076,104.846,7.079870159872613,225,Cubic,ABC2,0.01610984093750023,False,True,True,True,
mp-aaabxgoe,Yb2CdPb,Cd1-Pb1-Yb2,Cd-Pb-Yb,Cd;Pb;Yb,3,4,22.062,33.75,9.711070363396628,225,Cubic,ABC2,0.0,False,True,True,True,
mp-aaabxgof,Ti2TcRh,Rh1-Tc1-Ti2,Rh-Tc-Ti,Rh;Tc;Ti,3,4,95.495,203.459,8.248102241308004,225,Cubic,ABC2,0.0,False,True,False,True,
mp-aaabxgog,Ti2TcRu,Ru1-Tc1-Ti2,Ru-Tc-Ti,Ru;Tc;Ti,3,4,94.372,208.121,8.25428329666584,225,Cubic,ABC2,0.0,False,True,False,True,
mp-aaabxgoj,TiNbRe2,Nb1-Re2-Ti1,Nb-Re-Ti,Nb;Re;Ti,3,4,111.453,250.96,13.37718834668738,225,Cubic,ABC2,0.0,False,False,False,True,Nb
mp-aaabxgom,TiMn2W,Mn2-Ti1-W1,Mn-Ti-W,Mn;Ti;W,3,4,113.185,243.092,10.682809269090544,225,Cubic,ABC2,0.0,False,True,True,True,
mp-aaabxgop,Y2ZnIr,Ir1-Y2-Zn1,Ir-Y-Zn,Ir;Y;Zn,3,4,35.758,93.884,8.46702886103018,225,Cubic,ABC2,0.016318813958336342,False,True,True,True,
mp-aaabxgoq,Yb2AgPt,Ag1-Pt1-Yb2,Ag-Pt-Yb,Ag;Pt;Yb,3,4,22.834,56.533,12.315615085827812,225,Cubic,ABC2,0.0008667168750022824,False,True,True,True,
mp-aaabxgor,YbMgCd2,Cd2-Mg1-Yb1,Cd-Mg-Yb,Cd;Mg;Yb,3,4,17.587,38.38,7.286882362615564,225,Cubic,ABC2,0.0,False,True,True,True,
mp-aaabxgot,YbLuRh2,Lu1-Rh2-Yb1,Lu-Rh-Yb,Lu;Rh;Yb,3,4,38.627,100.492,12.326334117949536,225,Cubic,ABC2,0.010047469999999947,False,True,True,True,
mp-aaabxgou,TiRe2W,Re2-Ti1-W1,Re-Ti-W,Re;Ti;W,3,4,142.198,287.241,16.26009910477331,225,Cubic,ABC2,0.0,False,True,True,True,
mp-aaabxgov,TiReTc2,Re1-Tc2-Ti1,Re-Tc-Ti,Re;Tc;Ti,3,4,125.232,271.275,11.960227746742586,225,Cubic,ABC2,0.039950444809662145,False,True,False,True,
mp-aaabxgow,Li2TlAg,Ag1-Li2-Tl1,Ag-Li-Tl,Ag;Li;Tl,3,4,17.026,32.933,7.44005125704015,225,Cubic,ABC2,0.008540689999978923,False,True,True,True,
mp-aaabxgpb,Y2ZnIn,In1-Y2-Zn1,In-Y-Zn,In;Y;Zn,3,4,33.082,59.596,5.927229969493745,225,Cubic,ABC2,0.024287124687514705,False,True,True,True,
mp-aaabxgpi,TiMn2V,Mn2-Ti1-V1,Mn-Ti-V,Mn;Ti;V,3,4,76.292,195.509,6.903843205928251,225,Cubic,ABC2,0.0,False,True,True,True,
mp-aaabxgqa,HoGaRh2,Ga1-Ho1-Rh2,Ga-Ho-Rh,Ga;Ho;Rh,3,4,49.846,143.634,10.903413517631448,225,Cubic,ABC2,0.0,False,False,False,True,Ga
mp-aaabxgqm,LiSm2Ru,Li1-Ru1-Sm2,Li-Ru-Sm,Li;Ru;Sm,3,4,25.565,66.47,7.619993135987324,225,Cubic,ABC2,0.006810339973956303,False,True,True,True,
mp-aaabxgqq,Ti2MnNi,Mn1-Ni1-Ti2,Mn-Ni-Ti,Mn;Ni;Ti,3,4,66.646,173.551,6.511944764407952,225,Cubic,ABC2,0.0,False,True,True,True,
mp-aaabxgqv,Ti2ReIr,Ir1-Re1-Ti2,Ir-Re-Ti,Ir;Re;Ti,3,4,118.676,234.973,13.069278476452887,225,Cubic,ABC2,0.0,False,True,True,True,
mp-aaabxgrg,Ti2ReNi,Ni1-Re1-Ti2,Ni-Re-Ti,Ni;Re;Ti,3,4,80.092,194.083,9.781329654129026,225,Cubic,ABC2,0.0,False,True,True,True,
mp-aaabxgri,TiZnAu2,Au2-Ti1-Zn1,Au-Ti-Zn,Au;Ti;Zn,3,4,28.603,133.602,12.577144720290717,225,Cubic,ABC2,0.0,False,True,True,True,
mp-aaabxgrj,Li2HgPd,Hg1-Li2-Pd1,Hg-Li-Pd,Hg;Li;Pd,3,4,13.98,52.245,8.573634040826656,225,Cubic,ABC2,0.0,False,False,False,True,Hg
mp-aaabxgrl,CoTc3,Co1-Tc3,Co-Tc,Co;Tc,2,8,154.37,287.788,10.84808741167523,194,Hexagonal,AB3,0.0,False,True,False,True,
mp-aaabxgrn,Li2YbGe,Ge1-Li2-Yb1,Ge-Li-Yb,Ge;Li;Yb,3,4,30.808,38.24,6.070535778872124,225,Cubic,ABC2,0.28349551583333543,False,True,True,True,
mp-aaabxgrp,Li2InSn,In1-Li2-Sn1,In-Li-Sn,In;Li;Sn,3,4,14.569,35.36,5.108006746927978,225,Cubic,ABC2,0.0,False,True,True,True,
mp-aaabxgrq,LiPrHg2,Hg2-Li1-Pr1,Hg-Li-Pr,Hg;Li;Pr,3,4,9.986,47.688,9.231169344991384,225,Cubic,ABC2,0.0,False,False,False,True,Hg
mp-aaabxgrr,YbCdAg2,Ag2-Cd1-Yb1,Ag-Cd-Yb,Ag;Cd;Yb,3,4,15.429,53.798,9.60584259366879,225,Cubic,ABC2,0.0,False,True,True,True,
mp-aaabxgru,YbCdHg2,Cd1-Hg2-Yb1,Cd-Hg-Yb,Cd;Hg;Yb,3,4,11.442,41.342,11.851299679595806,225,Cubic,ABC2,0.0,False,False,False,True,Hg
mp-aaabxgrv,Ga2IrRh,Ga2-Ir1-Rh1,Ga-Ir-Rh,Ga;Ir;Rh,3,4,48.354,198.415,12.691765813511283,225,Cubic,ABC2,0.0,False,False,False,True,Ga
mp-aaabxgrz,Y2MgGe2,Ge2-Mg1-Y2,Ge-Mg-Y,Ge;Mg;Y,3,10,54.985,72.846,5.100153210756611,127,Tetragonal,AB2C2,0.0,False,True,True,True,
mp-aaabxgsf,YbErPd2,Er1-Pd2-Yb1,Er-Pd-Yb,Er;Pd;Yb,3,4,27.507,79.277,11.00032035813277,225,Cubic,ABC2,0.010458262499998483,False,True,True,True,
mp-aaabxgsi,YbGaPd2,Ga1-Pd2-Yb1,Ga-Pd-Yb,Ga;Pd;Yb,3,4,9.818,94.214,10.85635997255702,225,Cubic,ABC2,0.030556898828127288,False,False,False,True,Ga
mp-aaabxgsj,YbGaRh2,Ga1-Rh2-Yb1,Ga-Rh-Yb,Ga;Rh;Yb,3,4,55.665,130.602,11.80054004981403,225,Cubic,ABC2,0.0,False,False,False,True,Ga
mp-aaabxgsl,YbHfRh2,Hf1-Rh2-Yb1,Hf-Rh-Yb,Hf;Rh;Yb,3,4,38.75,134.565,13.022428455311932,225,Cubic,ABC2,0.018986018221163192,False,True,True,True,
mp-aaabxgsu,Ti2MnOs,Mn1-Os1-Ti2,Mn-Os-Ti,Mn;Os;Ti,3,4,88.015,210.074,9.993084608211658,225,Cubic,ABC2,0.0,False,True,True,True,
mp-aaabxgtf,Ga2CoRu,Co1-Ga2-Ru1,Co-Ga-Ru,Co;Ga;Ru,3,4,88.172,188.326,9.531774960799163,225,Cubic,ABC2,0.05598914999999671,False,False,False,True,Ga
mp-aaabxgtg,TiMn2Ga,Ga1-Mn2-Ti1,Ga-Mn-Ti,Ga;Mn;Ti,3,4,76.368,160.207,7.170268967409253,225,Cubic,ABC2,0.03382918218749964,False,False,False,True,Ga
mp-aaabxgtm,CrPd3,Cr1-Pd3,Cr-Pd,Cr;Pd,2,4,66.576,152.758,10.289696425929673,221,Cubic,AB3,0.0,False,False,False,True,Cr
mp-aaabxgtp,YbInAg2,Ag2-In1-Yb1,Ag-In-Yb,Ag;In;Yb,3,4,21.769,55.757,9.626385479911178,225,Cubic,ABC2,0.0,False,True,True,True,
mp-aaabxgtq,YbInHg2,Hg2-In1-Yb1,Hg-In-Yb,Hg;In;Yb,3,4,8.103,40.699,11.562356270035803,225,Cubic,ABC2,0.02525098083332722,False,False,False,True,Hg
mp-aaabxgtt,LiSc2Rh,Li1-Rh1-Sc2,Li-Rh-Sc,Li;Rh;Sc,3,4,30.034,85.14,4.6703430435464774,225,Cubic,ABC2,0.0,False,True,True,True,
mp-aaabxgtv,LiSc2Ru,Li1-Ru1-Sc2,Li-Ru-Sc,Li;Ru;Sc,3,4,34.245,87.654,4.687132331557285,225,Cubic,ABC2,0.0,False,True,True,True,
mp-aaabxgtw,LuCdRh2,Cd1-Lu1-Rh2,Cd-Lu-Rh,Cd;Lu;Rh,3,4,53.675,128.593,11.520660872936487,225,Cubic,ABC2,0.0,False,True,True,True,
mp-aaabxgtx,LuCo2Sn,Co2-Lu1-Sn1,Co-Lu-Sn,Co;Lu;Sn,3,4,69.17,127.341,10.682083260254283,225,Cubic,ABC2,0.02753685874999956,False,True,True,True,
mp-aaabxgty,GaCu3,Cu3-Ga1,Cu-Ga,Cu;Ga,2,8,45.438,124.561,8.501445612975395,194,Hexagonal,AB3,0.0021768104326920223,False,False,False,True,Ga
mp-aaabxgud,Ti2MoPt,Mo1-Pt1-Ti2,Mo-Pt-Ti,Mo;Pt;Ti,3,4,87.695,194.966,10.306290283380635,225,Cubic,ABC2,0.0,False,True,True,True,
mp-aaabxguf,TaZnCo2,Co2-Ta1-Zn1,Co-Ta-Zn,Co;Ta;Zn,3,4,81.324,201.21,11.63725220683251,225,Cubic,ABC2,0.0,False,True,True,True,
mp-aaabxgug,LuGaCu2,Cu2-Ga1-Lu1,Cu-Ga-Lu,Cu;Ga;Lu,3,4,31.195,94.234,9.62762719970512,225,Cubic,ABC2,0.03238065416667002,False,False,False,True,Ga
mp-aaabxguh,Ti2MoIr,Ir1-Mo1-Ti2,Ir-Mo-Ti,Ir;Mo;Ti,3,4,83.939,208.29,10.421940537074121,225,Cubic,ABC2,0.0,False,True,True,True,
mp-aaabxguj,TiTc2Sb,Sb1-Tc2-Ti1,Sb-Tc-Ti,Sb;Tc;Ti,3,4,97.116,210.128,9.516408445218358,225,Cubic,ABC2,0.0,False,True,False,True,
mp-aaabxguk,TiTc2W,Tc2-Ti1-W1,Tc-Ti-W,Tc;Ti;W,3,4,119.069,257.893,11.688655568301982,225,Cubic,ABC2,0.0,False,True,False,True,
mp-aaabxgul,LaYbAg2,Ag2-La1-Yb1,Ag-La-Yb,Ag;La;Yb,3,4,16.211,46.367,8.32174142237337,225,Cubic,ABC2,0.03416574750000123,False,True,True,True,
mp-aaabxgum,LiSmHg2,Hg2-Li1-Sm1,Hg-Li-Sm,Hg;Li;Sm,3,4,10.941,50.518,9.827091032229744,225,Cubic,ABC2,0.0,False,False,False,True,Hg
mp-aaabxgun,YbMgTl2,Mg1-Tl2-Yb1,Mg-Tl-Yb,Mg;Tl;Yb,3,4,17.094,35.189,9.586839275688666,225,Cubic,ABC2,0.0,False,True,True,True,
mp-aaabxguo,YbMgHg2,Hg2-Mg1-Yb1,Hg-Mg-Yb,Hg;Mg;Yb,3,4,18.79,42.899,10.519590603300914,225,Cubic,ABC2,0.0,False,False,False,True,Hg
mp-aaabxgup,YbPd2Au,Au1-Pd2-Yb1,Au-Pd-Yb,Au;Pd;Yb,3,4,24.769,104.932,13.428762750346333,225,Cubic,ABC2,0.08215635291664825,False,True,True,True,
mp-aaabxgvo,Ti2TcIr,Ir1-Tc1-Ti2,Ir-Tc-Ti,Ir;Tc;Ti,3,4,110.73,223.944,10.724279185623137,225,Cubic,ABC2,0.0,False,True,False,True,
mp-aaabxgvp,YbPaPt2,Pa1-Pt2-Yb1,Pa-Pt-Yb,Pa;Pt;Yb,3,4,28.281,118.801,15.577412399049683,225,Cubic,ABC2,0.18709373208333346,False,False,False,True,Pa
mp-aaabxgvq,Ti2OsRu,Os1-Ru1-Ti2,Os-Ru-Ti,Os;Ru;Ti,3,4,119.766,231.602,10.873188051410116,225,Cubic,ABC2,0.0,False,True,True,True,
mp-aaabxgvt,Yb2CuIr,Cu1-Ir1-Yb2,Cu-Ir-Yb,Cu;Ir;Yb,3,4,33.64,69.855,12.90876243115455,225,Cubic,ABC2,0.0,False,True,True,True,
mp-aaabxgvu,LuHfRu2,Hf1-Lu1-Ru2,Hf-Lu-Ru,Hf;Lu;Ru,3,4,74.76,163.884,13.03731544438435,225,Cubic,ABC2,0.0,False,True,True,True,
mp-aaabxgvv,Lu2CuPt,Cu1-Lu2-Pt1,Cu-Lu-Pt,Cu;Lu;Pt,3,4,42.41,101.128,12.75041353591499,225,Cubic,ABC2,0.0,False,True,True,True,
mp-aaabxgwc,Yb2CuRh,Cu1-Rh1-Yb2,Cu-Rh-Yb,Cu;Rh;Yb,3,4,25.194,54.848,11.017688524944619,225,Cubic,ABC2,0.017859190624999854,False,True,True,True,
mp-aaabxgwe,PaBi3,Bi3-Pa1,Bi-Pa,Bi;Pa,2,4,26.866,64.281,12.10970028959268,139,Tetragonal,AB3,0.09584472875000216,False,False,False,True,Pa
mp-aaabxgwf,YbNbRu2,Nb1-Ru2-Yb1,Nb-Ru-Yb,Nb;Ru;Yb,3,4,66.692,163.841,11.634859147152264,225,Cubic,ABC2,0.0,False,False,False,True,Nb
mp-aaabxgwg,PaAu3,Au3-Pa1,Au-Pa,Au;Pa,2,4,15.063,125.869,16.30657772337568,225,Cubic,AB3,0.04053874749999409,False,False,False,True,Pa
mp-aaabxgwh,LaYbCd2,Cd2-La1-Yb1,Cd-La-Yb,Cd;La;Yb,3,4,20.338,40.401,7.634391214527739,225,Cubic,ABC2,0.021662702499998687,False,True,True,True,
mp-aaabxgwl,Li2TlPd,Li2-Pd1-Tl1,Li-Pd-Tl,Li;Pd;Tl,3,4,13.18,48.609,8.297593107209266,225,Cubic,ABC2,0.0,False,True,True,True,
mp-aaabxgwo,LiZrPt2,Li1-Pt2-Zr1,Li-Pt-Zr,Li;Pt;Zr,3,4,27.199,139.016,12.136857071234092,225,Cubic,ABC2,0.010696489289770739,False,True,True,True,
mp-aaabxgwp,Li2YTl,Li2-Tl1-Y1,Li-Tl-Y,Li;Tl;Y,3,4,32.362,41.319,6.290974703077707,225,Cubic,ABC2,0.0,False,True,True,True,
mp-aaabxgwq,LiZrRh2,Li1-Rh2-Zr1,Li-Rh-Zr,Li;Rh;Zr,3,4,45.895,137.351,8.100758560561474,225,Cubic,ABC2,0.0,False,True,True,True,
mp-aaabxgwr,Be2CuPt,Be2-Cu1-Pt1,Be-Cu-Pt,Be;Cu;Pt,3,4,70.542,173.915,10.61643967516679,225,Cubic,ABC2,0.0,False,True,True,True,
mp-aaabxgws,LiZr2Os,Li1-Os1-Zr2,Li-Os-Zr,Li;Os;Zr,3,4,47.3,134.753,8.735687238282642,225,Cubic,ABC2,0.0,False,True,True,True,
mp-aaabxgwu,LiZr2Re,Li1-Re1-Zr2,Li-Re-Zr,Li;Re;Zr,3,4,37.587,126.874,8.525552335317325,225,Cubic,ABC2,0.011782068516669852,False,True,True,True,
mp-aaabxgww,Li2AgHg,Ag1-Hg1-Li2,Ag-Hg-Li,Ag;Hg;Li,3,4,9.484,37.398,7.799198494896688,225,Cubic,ABC2,0.0,False,False,False,True,Hg
mp-aaabxgwy,Ti2TcOs,Os1-Tc1-Ti2,Os-Tc-Ti,Os;Tc;Ti,3,4,99.119,225.088,10.68232942173778,225,Cubic,ABC2,0.0,False,True,False,True,
mp-aaabxgwz,Ti2RePt,Pt1-Re1-Ti2,Pt-Re-Ti,Pt;Re;Ti,3,4,77.792,212.512,12.828839168832792,225,Cubic,ABC2,0.0691250500000038,False,True,True,True,
mp-aaabxgxa,Ti2TcNi,Ni1-Tc1-Ti2,Ni-Tc-Ti,Ni;Tc;Ti,3,4,73.802,168.312,7.318791552982399,225,Cubic,ABC2,0.0,False,True,False,True,
mp-aaabxgxb,Li2AgAu,Ag1-Au1-Li2,Ag-Au-Li,Ag;Au;Li,3,4,17.539,49.503,8.422293660270512,225,Cubic,ABC2,0.0,False,True,True,True,
mp-aaabxgxg,LuInRh2,In1-Lu1-Rh2,In-Lu-Rh,In;Lu;Rh,3,4,43.403,138.075,11.566981050281955,225,Cubic,ABC2,0.0,False,True,True,True,
mp-aaabxgxk,TiSnRu2,Ru2-Sn1-Ti1,Ru-Sn-Ti,Ru;Sn;Ti,3,4,106.326,205.955,9.779703074087262,225,Cubic,ABC2,0.0,False,True,True,True,
mp-aaabxgxp,LiZr2Tc,Li1-Tc1-Zr2,Li-Tc-Zr,Li;Tc;Zr,3,4,26.476,117.351,6.556001197672208,225,Cubic,ABC2,0.0,False,True,False,True,
mp-aaabxgxq,YbPmAu2,Au2-Pm1-Yb1,Au-Pm-Yb,Au;Pm;Yb,3,4,25.776,68.459,12.254401854798644,225,Cubic,ABC2,0.0,False,True,False,True,
mp-aaabxgxr,GaGeRu2,Ga1-Ge1-Ru2,Ga-Ge-Ru,Ga;Ge;Ru,3,4,74.202,203.806,10.247076166235022,225,Cubic,ABC2,0.0,False,False,False,True,Ga
mp-aaabxgxs,YbPmAg2,Ag2-Pm1-Yb1,Ag-Pm-Yb,Ag;Pm;Yb,3,4,21.554,51.003,8.819468436140825,225,Cubic,ABC2,0.0,False,True,False,True,
mp-aaabxgxt,Li2AcIn,Ac1-In1-Li2,Ac-In-Li,Ac;In;Li,3,4,19.316,35.03,5.948721211446669,225,Cubic,ABC2,0.0,False,False,False,True,Ac
mp-aaabxgxu,TiZnCo2,Co2-Ti1-Zn1,Co-Ti-Zn,Co;Ti;Zn,3,4,89.75,180.042,7.839278335663689,225,Cubic,ABC2,0.0,False,True,True,True,
mp-aaabxgxv,Ti3Os,Os1-Ti3,Os-Ti,Os;Ti,2,4,51.02,160.895,8.781153496231076,225,Cubic,AB3,0.0,False,True,True,True,
mp-aaabxgxw,Ti3Tl,Ti3-Tl1,Ti-Tl,Ti;Tl,2,4,59.015,108.872,7.840057842188128,139,Tetragonal,AB3,0.0,False,True,True,True,
mp-aaabxgxz,YbPmPt2,Pm1-Pt2-Yb1,Pm-Pt-Yb,Pm;Pt;Yb,3,4,34.918,91.912,13.528762537067895,225,Cubic,ABC2,0.0,False,True,False,True,
mp-aaabxgye,Yb2HgPb,Hg1-Pb1-Yb2,Hg-Pb-Yb,Hg;Pb;Yb,3,4,28.619,37.023,11.127790598774066,225,Cubic,ABC2,0.0,False,False,False,True,Hg
mp-aaabxgyf,Yb2HgGe,Ge1-Hg1-Yb2,Ge-Hg-Yb,Ge;Hg;Yb,3,4,32.244,44.342,10.425588618438846,225,Cubic,ABC2,0.05705549750000216,False,False,False,True,Hg
mp-aaabxgyi,LiZn2Rh,Li1-Rh1-Zn2,Li-Rh-Zn,Li;Rh;Zn,3,4,37.415,102.513,7.233544838055526,225,Cubic,ABC2,0.0,False,True,True,True,
mp-aaabxgyk,TiVTc2,Tc2-Ti1-V1,Tc-Ti-V,Tc;Ti;V,3,4,95.113,226.153,8.49574465714015,225,Cubic,ABC2,0.0,False,True,False,True,
mp-aaabxgym,TiVRe2,Re2-Ti1-V1,Re-Ti-V,Re;Ti;V,3,4,111.69,257.696,13.399777471835371,225,Cubic,ABC2,0.0,False,True,True,True,
mp-aaabxgyo,Yb2CdSn,Cd1-Sn1-Yb2,Cd-Sn-Yb,Cd;Sn;Yb,3,4,25.303,36.108,8.7000630649502,225,Cubic,ABC2,0.08891211791667075,False,True,True,True,
mp-aaabxgyp,MgAlAg2,Ag2-Al1-Mg1,Ag-Al-Mg,Ag;Al;Mg,3,4,21.024,80.359,6.36463505697679,225,Cubic,ABC2,0.0,False,True,True,True,
mp-aaabxgyq,YbPmZn2,Pm1-Yb1-Zn2,Pm-Yb-Zn,Pm;Yb;Zn,3,4,29.381,45.614,7.764945057543431,225,Cubic,ABC2,0.0,False,True,False,True,
mp-aaabxgyr,MgAlIr2,Al1-Ir2-Mg1,Al-Ir-Mg,Al;Ir;Mg,3,4,106.717,188.646,12.664411431910972,225,Cubic,ABC2,0.0,False,True,True,True,
mp-aaabxgyu,LiZrAu2,Au2-Li1-Zr1,Au-Li-Zr,Au;Li;Zr,3,4,5.343,103.353,11.152872685968163,225,Cubic,ABC2,0.008098890484689036,False,True,True,True,
mp-aaabxgyv,LiZrIr2,Ir2-Li1-Zr1,Ir-Li-Zr,Ir;Li;Zr,3,4,53.838,164.912,12.751983240292768,225,Cubic,ABC2,0.0,False,True,True,True,
mp-aaabxgyw,Cd2PdRh,Cd2-Pd1-Rh1,Cd-Pd-Rh,Cd;Pd;Rh,3,4,48.221,123.024,10.439292058204419,225,Cubic,ABC2,0.0,False,True,True,True,
mp-aaabxgyy,Ti2TcPt,Pt1-Tc1-Ti2,Pt-Tc-Ti,Pt;Tc;Ti,3,4,72.828,201.234,10.535346717800774,225,Cubic,ABC2,0.0,False,True,False,True,
mp-aaabxgyz,Cd2PtRh,Cd2-Pt1-Rh1,Cd-Pt-Rh,Cd;Pt;Rh,3,4,44.683,136.955,12.5313873366045,225,Cubic,ABC2,0.0,False,True,True,True,
mp-aaabxgza,TiZnCu2,Cu2-Ti1-Zn1,Cu-Ti-Zn,Cu;Ti;Zn,3,4,52.34,130.031,7.358661609245294,225,Cubic,ABC2,0.0,False,True,True,True,
mp-aaabxgzb,Ti2TcPd,Pd1-Tc1-Ti2,Pd-Tc-Ti,Pd;Tc;Ti,3,4,65.713,182.368,8.113251763568456,225,Cubic,ABC2,0.0,False,True,False,True,
mp-aaabxgzc,Li2CePb,Ce1-Li2-Pb1,Ce-Li-Pb,Ce;Li;Pb,3,4,33.556,46.894,6.859710436363252,225,Cubic,ABC2,0.05367610107143017,False,False,False,True,Ce
mp-aaabxgzf,Li2MgSn,Li2-Mg1-Sn1,Li-Mg-Sn,Li;Mg;Sn,3,4,21.546,34.883,3.484754361932004,225,Cubic,ABC2,0.03690549249999897,False,True,True,True,
mp-aaabxgzg,LiSc2Tc,Li1-Sc2-Tc1,Li-Sc-Tc,Li;Sc;Tc,3,4,32.676,82.734,4.5209843994527485,225,Cubic,ABC2,0.0,False,True,False,True,
mp-aaabxgzj,LiMg2,Li1-Mg2,Li-Mg,Li;Mg,2,3,19.141,30.17,1.470811393398441,139,Tetragonal,AB2,0.0,False,True,True,True,
mp-aaabxgzo,ThSnRu2,Ru2-Sn1-Th1,Ru-Sn-Th,Ru;Sn;Th,3,4,51.878,152.686,11.6407224946759,225,Cubic,ABC2,0.0015044939583432893,False,True,True,True,
mp-aaabxgzr,YbPrAg2,Ag2-Pr1-Yb1,Ag-Pr-Yb,Ag;Pr;Yb,3,4,18.108,54.172,8.537077142509798,225,Cubic,ABC2,0.020584299999999445,False,True,True,True,
mp-aaabxgzs,Ti2ReRh,Re1-Rh1-Ti2,Re-Rh-Ti,Re;Rh;Ti,3,4,102.659,213.72,10.609827064201733,225,Cubic,ABC2,0.0,False,True,True,True,
mp-aaabxgzv,Ac2IrAu,Ac2-Au1-Ir1,Ac-Au-Ir,Ac;Au;Ir,3,4,17.573,75.286,12.670324461201282,225,Cubic,ABC2,0.0,False,False,False,True,Ac
mp-aaabxgzw,AcTlAu2,Ac1-Au2-Tl1,Ac-Au-Tl,Ac;Au;Tl,3,4,10.319,59.76,12.926502515888904,225,Cubic,ABC2,0.0,False,False,False,True,Ac
mp-aaabxhab,AcSnAu2,Ac1-Au2-Sn1,Ac-Au-Sn,Ac;Au;Sn,3,4,14.645,70.36,11.92550168707799,225,Cubic,ABC2,0.006366787812510211,False,False,False,True,Ac
mp-aaabxhae,CoRe3,Co1-Re3,Co-Re,Co;Re,2,8,163.317,352.906,18.455278376167602,194,Hexagonal,AB3,0.0,False,True,True,True,
mp-aaabxhah,LiGaAg2,Ag2-Ga1-Li1,Ag-Ga-Li,Ag;Ga;Li,3,4,27.563,66.916,7.452464528231965,225,Cubic,ABC2,0.0,False,False,False,True,Ga
mp-aaabxhai,Li2CaSn,Ca1-Li2-Sn1,Ca-Li-Sn,Ca;Li;Sn,3,4,27.664,34.099,3.415970529875506,225,Cubic,ABC2,0.0,False,True,True,True,
mp-aaabxhak,BeAlIr2,Al1-Be1-Ir2,Al-Be-Ir,Al;Be;Ir,3,4,124.518,237.931,13.968555326011622,225,Cubic,ABC2,0.0,False,True,True,True,
mp-aaabxham,CeAlAg2,Ag2-Al1-Ce1,Ag-Al-Ce,Ag;Al;Ce,3,4,13.835,68.397,7.411971116355602,225,Cubic,ABC2,0.05376293166666635,False,False,False,True,Ce
mp-aaabxhan,LuReTc2,Lu1-Re1-Tc2,Lu-Re-Tc,Lu;Re;Tc,3,4,90.915,218.979,14.14977143027897,225,Cubic,ABC2,0.18336958843749862,False,True,False,True,
mp-aaabxhas,TmNi2Sn,Ni2-Sn1-Tm1,Ni-Sn-Tm,Ni;Sn;Tm,3,4,32.569,117.1,10.089504172857207,225,Cubic,ABC2,0.02365042407737672,False,True,True,True,
mp-aaabxhaw,YbPrHg2,Hg2-Pr1-Yb1,Hg-Pr-Yb,Hg;Pr;Yb,3,4,21.802,48.488,10.70438115970989,225,Cubic,ABC2,0.025265917499993407,False,False,False,True,Hg
mp-aaabxhax,AcMgCd2,Ac1-Cd2-Mg1,Ac-Cd-Mg,Ac;Cd;Mg,3,4,14.378,43.051,7.001942477149552,225,Cubic,ABC2,0.0,False,False,False,True,Ac
mp-aaabxhba,TmCdPd2,Cd1-Pd2-Tm1,Cd-Pd-Tm,Cd;Pd;Tm,3,4,28.97,102.769,10.726090686704747,225,Cubic,ABC2,0.0,False,True,True,True,
mp-aaabxhbb,TmCdHg2,Cd1-Hg2-Tm1,Cd-Hg-Tm,Cd;Hg;Tm,3,4,20.768,64.458,12.270881894886843,225,Cubic,ABC2,0.0,False,False,False,True,Hg
mp-aaabxhbc,BaTlHg2,Ba1-Hg2-Tl1,Ba-Hg-Tl,Ba;Hg;Tl,3,4,8.57,26.909,9.682918992123541,225,Cubic,ABC2,0.0,False,False,False,True,Hg
mp-aaabxhbd,CdPd3,Cd1-Pd3,Cd-Pd,Cd;Pd,2,4,42.281,135.78,10.868788934130825,139,Tetragonal,AB3,0.0,False,True,True,True,
mp-aaabxhbe,Li2CaGe,Ca1-Ge1-Li2,Ca-Ge-Li,Ca;Ge;Li,3,4,26.755,37.315,2.876514090921156,225,Cubic,ABC2,0.002683509583333077,False,True,True,True,
mp-aaabxhbh,Al2IrRu,Al2-Ir1-Ru1,Al-Ir-Ru,Al;Ir;Ru,3,4,127.182,218.535,10.590165187016208,225,Cubic,ABC2,0.0,False,True,True,True,
mp-aaabxhbi,Y3Al7Cu2,Al7-Cu2-Y3,Al-Cu-Y,Al;Cu;Y,3,12,58.97,86.943,4.344356721317417,166,Trigonal,A2B3C7,0.0,False,True,True,True,
mp-aaabxhbj,YbSmZn2,Sm1-Yb1-Zn2,Sm-Yb-Zn,Sm;Yb;Zn,3,4,29.126,45.837,7.928798407536444,225,Cubic,ABC2,0.0,False,True,True,True,
mp-aaabxhbk,YbSnRh2,Rh2-Sn1-Yb1,Rh-Sn-Yb,Rh;Sn;Yb,3,4,36.271,126.934,11.843146279881859,225,Cubic,ABC2,0.0,False,True,True,True,
mp-aaabxhbl,YbSmRh2,Rh2-Sm1-Yb1,Rh-Sm-Yb,Rh;Sm;Yb,3,4,29.843,90.68,10.932002603541296,225,Cubic,ABC2,0.036323334999998735,False,True,True,True,
mp-aaabxhbm,YbScRh2,Rh2-Sc1-Yb1,Rh-Sc-Yb,Rh;Sc;Yb,3,4,40.561,108.619,10.031012894874095,225,Cubic,ABC2,0.022140230000001537,False,True,True,True,
mp-aaabxhbn,YbSnAu2,Au2-Sn1-Yb1,Au-Sn-Yb,Au;Sn;Yb,3,4,15.34,70.05,13.091864998624263,225,Cubic,ABC2,0.0,False,True,True,True,
mp-aaabxhbo,YbSbPd2,Pd2-Sb1-Yb1,Pd-Sb-Yb,Pd;Sb;Yb,3,4,23.938,91.016,10.97057754797523,225,Cubic,ABC2,0.11058248816964422,False,True,True,True,
mp-aaabxhbp,YbPrZn2,Pr1-Yb1-Zn2,Pr-Yb-Zn,Pr;Yb;Zn,3,4,28.411,43.874,7.488097069698344,225,Cubic,ABC2,0.0,False,True,True,True,
mp-aaabxhbr,YbTlPd2,Pd2-Tl1-Yb1,Pd-Tl-Yb,Pd;Tl;Yb,3,4,15.978,82.283,12.45022221310268,225,Cubic,ABC2,0.029935519583332848,False,True,True,True,
mp-aaabxhbs,CaLaCd2,Ca1-Cd2-La1,Ca-Cd-La,Ca;Cd;La,3,4,20.861,40.129,5.660367667608259,225,Cubic,ABC2,0.0,False,True,True,True,
mp-aaabxhbt,AlVRu2,Al1-Ru2-V1,Al-Ru-V,Al;Ru;V,3,4,125.212,236.108,8.57134350812533,225,Cubic,ABC2,0.0,False,True,True,True,
mp-aaabxhbu,YbTl2Cd,Cd1-Tl2-Yb1,Cd-Tl-Yb,Cd;Tl;Yb,3,4,11.787,34.091,10.747295107381964,225,Cubic,ABC2,0.12744943083335158,False,True,True,True,
mp-aaabxhbw,Er2InAg,Ag1-Er2-In1,Ag-Er-In,Ag;Er;In,3,4,30.299,65.736,9.236951196761844,225,Cubic,ABC2,0.0,False,True,True,True,
mp-aaabxhbx,Dy2TlCd,Cd1-Dy2-Tl1,Cd-Dy-Tl,Cd;Dy;Tl,3,4,25.723,57.964,9.933143185043457,225,Cubic,ABC2,0.0,False,True,True,True,
mp-aaabxhby,CaBi3,Bi3-Ca1,Bi-Ca,Bi;Ca,2,4,13.126,45.159,8.865244681353255,221,Cubic,AB3,0.0683335375000027,False,True,True,True,
mp-aaabxhbz,DyMgTl2,Dy1-Mg1-Tl2,Dy-Mg-Tl,Dy;Mg;Tl,3,4,10.569,47.333,9.512603692888776,225,Cubic,ABC2,0.038983076944444583,False,True,True,True,
mp-aaabxhca,Dy2TlAg,Ag1-Dy2-Tl1,Ag-Dy-Tl,Ag;Dy;Tl,3,4,25.22,61.975,10.203033318217978,225,Cubic,ABC2,0.0,False,True,True,True,
mp-aaabxhce,Hf2ZnRe,Hf2-Re1-Zn1,Hf-Re-Zn,Hf;Re;Zn,3,4,60.682,160.36,14.04961393937621,225,Cubic,ABC2,0.0,False,True,True,True,
mp-aaabxhcg,CaSmHg2,Ca1-Hg2-Sm1,Ca-Hg-Sm,Ca;Hg;Sm,3,4,25.27,49.261,9.014843247284032,225,Cubic,ABC2,0.0,False,False,False,True,Hg
mp-aaabxhch,CaPrZn2,Ca1-Pr1-Zn2,Ca-Pr-Zn,Ca;Pr;Zn,3,4,26.267,43.686,5.128623791346499,225,Cubic,ABC2,0.0,False,True,True,True,
mp-aaabxhck,Ac2ZnGe,Ac2-Ge1-Zn1,Ac-Ge-Zn,Ac;Ge;Zn,3,4,21.003,47.092,8.271958026443132,225,Cubic,ABC2,0.0,False,False,False,True,Ac
mp-aaabxhcm,YbSmHg2,Hg2-Sm1-Yb1,Hg-Sm-Yb,Hg;Sm;Yb,3,4,25.265,50.682,11.228250421416767,225,Cubic,ABC2,0.0,False,False,False,True,Hg
mp-aaabxhco,CdPt3,Cd1-Pt3,Cd-Pt,Cd;Pt,2,4,50.231,189.833,17.486942438694793,221,Cubic,AB3,0.007683415000002469,False,True,True,True,
mp-aaabxhcq,Be2RhAu,Au1-Be2-Rh1,Au-Be-Rh,Au;Be;Rh,3,4,27.888,183.765,11.270590153028206,225,Cubic,ABC2,0.0,False,True,True,True,
mp-aaabxhcs,ErNbOs2,Er1-Nb1-Os2,Er-Nb-Os,Er;Nb;Os,3,4,87.3,202.723,15.130844234267228,225,Cubic,ABC2,0.10686802075000301,False,False,False,True,Nb
mp-aaabxhcx,Al2FeIr,Al2-Fe1-Ir1,Al-Fe-Ir,Al;Fe;Ir,3,4,110.178,203.229,9.75437044497402,225,Cubic,ABC2,0.0,False,True,True,True,
mp-aaabxhcz,AlZnRh2,Al1-Rh2-Zn1,Al-Rh-Zn,Al;Rh;Zn,3,4,92.448,184.832,9.040266113556932,225,Cubic,ABC2,0.0,False,True,True,True,
mp-aaabxhdd,GaNiRh2,Ga1-Ni1-Rh2,Ga-Ni-Rh,Ga;Ni;Rh,3,4,64.205,173.642,10.30514737149928,225,Cubic,ABC2,0.0,False,False,False,True,Ga
mp-aaabxheb,CaSmZn2,Ca1-Sm1-Zn2,Ca-Sm-Zn,Ca;Sm;Zn,3,4,27.213,45.189,5.474465758259845,225,Cubic,ABC2,0.0,False,True,True,True,
mp-aaabxhed,NdDyMg2,Dy1-Mg2-Nd1,Dy-Mg-Nd,Dy;Mg;Nd,3,4,22.984,40.013,5.230661569189578,225,Cubic,ABC2,0.0,False,True,True,True,
mp-aaabxheh,Nd2CdIn,Cd1-In1-Nd2,Cd-In-Nd,Cd;In;Nd,3,4,21.146,50.858,7.328511119354606,225,Cubic,ABC2,0.0,False,True,True,True,
mp-aaabxhej,MgScRh2,Mg1-Rh2-Sc1,Mg-Rh-Sc,Mg;Rh;Sc,3,4,60.221,127.869,7.110447833609644,225,Cubic,ABC2,0.0,False,True,True,True,
mp-aaabxhel,MgTaOs2,Mg1-Os2-Ta1,Mg-Os-Ta,Mg;Os;Ta,3,4,100.834,228.974,15.563019767246649,225,Cubic,ABC2,0.0,False,True,True,True,
mp-aaabxhen,MgSnRh2,Mg1-Rh2-Sn1,Mg-Rh-Sn,Mg;Rh;Sn,3,4,26.257,147.583,9.029191278628566,225,Cubic,ABC2,0.0,False,True,True,True,
mp-aaabxher,MgSc2Cd,Cd1-Mg1-Sc2,Cd-Mg-Sc,Cd;Mg;Sc,3,4,33.262,57.839,4.158601433951054,225,Cubic,ABC2,0.0,False,True,True,True,
mp-aaabxhet,MgSc2Ru,Mg1-Ru1-Sc2,Mg-Ru-Sc,Mg;Ru;Sc,3,4,16.985,90.878,4.734999331944378,225,Cubic,ABC2,0.10369779749999974,False,True,True,True,
mp-aaabxheu,MgSc2Tl,Mg1-Sc2-Tl1,Mg-Sc-Tl,Mg;Sc;Tl,3,4,23.613,58.309,5.764032731194561,225,Cubic,ABC2,0.0,False,True,True,True,
mp-aaabxhev,MgSc2Os,Mg1-Os1-Sc2,Mg-Os-Sc,Mg;Os;Sc,3,4,25.439,105.142,6.778778842409504,225,Cubic,ABC2,0.007761566145835452,False,True,True,True,
mp-aaabxhew,MgSc2Tc,Mg1-Sc2-Tc1,Mg-Sc-Tc,Mg;Sc;Tc,3,4,22.204,88.439,4.603291341296432,225,Cubic,ABC2,0.017830675312500155,False,True,False,True,
mp-aaabxhfc,Hf2CoTc,Co1-Hf2-Tc1,Co-Hf-Tc,Co;Hf;Tc,3,4,84.695,177.082,12.876199130911239,225,Cubic,ABC2,0.0,False,True,False,True,
mp-aaabxhfi,HfZnCu2,Cu2-Hf1-Zn1,Cu-Hf-Zn,Cu;Hf;Zn,3,4,43.166,129.32,10.404683160003009,225,Cubic,ABC2,0.0,False,True,True,True,
mp-aaabxhfr,Ac2MgSn,Ac2-Mg1-Sn1,Ac-Mg-Sn,Ac;Mg;Sn,3,4,15.688,38.111,7.210601872733318,225,Cubic,ABC2,0.0,False,False,False,True,Ac
mp-aaabxhfs,CaCdHg2,Ca1-Cd1-Hg2,Ca-Cd-Hg,Ca;Cd;Hg,3,4,11.995,38.807,9.246739649644532,225,Cubic,ABC2,0.0,False,False,False,True,Hg
mp-aaabxhfv,Ac2IrPd,Ac2-Ir1-Pd1,Ac-Ir-Pd,Ac;Ir;Pd,3,4,20.378,77.317,11.797209445309734,225,Cubic,ABC2,0.0,False,False,False,True,Ac
mp-aaabxhfx,HoNbOs2,Ho1-Nb1-Os2,Ho-Nb-Os,Ho;Nb;Os,3,4,84.188,200.406,14.98150278120535,225,Cubic,ABC2,0.129550517291662,False,False,False,True,Nb
mp-aaabxhga,HoNbRu2,Ho1-Nb1-Ru2,Ho-Nb-Ru,Ho;Nb;Ru,3,4,66.781,173.786,10.888245297292247,225,Cubic,ABC2,0.0,False,False,False,True,Nb
mp-aaabxhgc,HfTc2W,Hf1-Tc2-W1,Hf-Tc-W,Hf;Tc;W,3,4,118.179,246.139,14.251422197756336,225,Cubic,ABC2,0.0,False,True,False,True,
mp-aaabxhgd,Be2PdRh,Be2-Pd1-Rh1,Be-Pd-Rh,Be;Pd;Rh,3,4,99.772,193.549,8.553975987968155,225,Cubic,ABC2,0.0,False,True,True,True,
mp-aaabxhge,HoTaRu2,Ho1-Ru2-Ta1,Ho-Ru-Ta,Ho;Ru;Ta,3,4,73.942,183.596,13.047488088358913,225,Cubic,ABC2,0.0,False,True,True,True,
mp-aaabxhgf,HfZnAu2,Au2-Hf1-Zn1,Au-Hf-Zn,Au;Hf;Zn,3,4,16.877,137.013,14.738330044063341,225,Cubic,ABC2,0.0,False,True,True,True,
mp-aaabxhgi,Tm2TlAg,Ag1-Tl1-Tm2,Ag-Tl-Tm,Ag;Tl;Tm,3,4,29.296,66.273,10.826402858966162,225,Cubic,ABC2,0.0,False,True,True,True,
mp-aaabxhgj,V3Os,Os1-V3,Os-V,Os;V,2,4,109.532,246.21,10.552933954757195,225,Cubic,AB3,0.0,False,True,True,True,
mp-aaabxhgn,LuTaRu2,Lu1-Ru2-Ta1,Lu-Ru-Ta,Lu;Ru;Ta,3,4,87.342,190.885,13.610688073129827,225,Cubic,ABC2,0.0,False,True,True,True,
mp-aaabxhgp,LuTaOs2,Lu1-Os2-Ta1,Lu-Os-Ta,Lu;Os;Ta,3,4,102.576,218.717,17.789793173880096,225,Cubic,ABC2,0.0,False,True,True,True,
mp-aaabxhgq,NaTmTl2,Na1-Tl2-Tm1,Na-Tl-Tm,Na;Tl;Tm,3,4,23.164,37.535,9.329530959514369,225,Cubic,ABC2,0.0,False,True,True,True,
mp-aaabxhgt,Lu2TlAg,Ag1-Lu2-Tl1,Ag-Lu-Tl,Ag;Lu;Tl,3,4,29.72,65.545,11.257345405400178,225,Cubic,ABC2,0.0,False,True,True,True,
mp-aaabxhgv,Lu2TlCd,Cd1-Lu2-Tl1,Cd-Lu-Tl,Cd;Lu;Tl,3,4,21.558,60.239,10.888465807975287,225,Cubic,ABC2,0.0,False,True,True,True,
mp-aaabxhgw,VFe3,Fe3-V1,Fe-V,Fe;V,2,4,92.605,195.459,7.7529242708990616,225,Cubic,AB3,0.0,False,True,True,True,
mp-aaabxhha,LuSbRu2,Lu1-Ru2-Sb1,Lu-Ru-Sb,Lu;Ru;Sb,3,4,88.091,168.296,12.00222090909246,225,Cubic,ABC2,0.03476482250000146,False,True,True,True,
mp-aaabxhhb,TiBe2Ir,Be2-Ir1-Ti1,Be-Ir-Ti,Be;Ir;Ti,3,4,65.793,189.33,9.339250074797057,225,Cubic,ABC2,0.0,False,True,True,True,
mp-aaabxhhc,TiGaPd2,Ga1-Pd2-Ti1,Ga-Pd-Ti,Ga;Pd;Ti,3,4,18.4,155.629,8.927521139178884,225,Cubic,ABC2,0.0,False,False,False,True,Ga
mp-aaabxhhf,TiBeRh2,Be1-Rh2-Ti1,Be-Rh-Ti,Be;Rh;Ti,3,4,98.384,203.582,8.367928538305547,225,Cubic,ABC2,0.0,False,True,True,True,
mp-aaabxhhi,LiSm2Ir,Ir1-Li1-Sm2,Ir-Li-Sm,Ir;Li;Sm,3,4,30.036,74.686,9.249318639934913,225,Cubic,ABC2,0.011556883083326142,False,True,True,True,
mp-aaabxhhm,LiSm2Os,Li1-Os1-Sm2,Li-Os-Sm,Li;Os;Sm,3,4,31.695,74.266,9.359629287413517,225,Cubic,ABC2,0.0,False,True,True,True,
mp-aaabxhho,TiBeCo2,Be1-Co2-Ti1,Be-Co-Ti,Be;Co;Ti,3,4,104.999,191.214,6.6459439388101185,225,Cubic,ABC2,0.0,False,True,True,True,
mp-aaabxhhq,TiBeIr2,Be1-Ir2-Ti1,Be-Ir-Ti,Be;Ir;Ti,3,4,121.444,241.903,13.861601948388842,225,Cubic,ABC2,0.0,False,True,True,True,
mp-aaabxhhr,TiAlRu2,Al1-Ru2-Ti1,Al-Ru-Ti,Al;Ru;Ti,3,4,91.984,209.627,8.116907803895197,225,Cubic,ABC2,0.0,False,True,True,True,
mp-aaabxhhs,YGaRh2,Ga1-Rh2-Y1,Ga-Rh-Y,Ga;Rh;Y,3,4,44.976,138.306,8.894444074473629,225,Cubic,ABC2,0.0,False,False,False,True,Ga
mp-aaabxhhu,YLuMg2,Lu1-Mg2-Y1,Lu-Mg-Y,Lu;Mg;Y,3,4,23.614,43.556,4.850126935088318,225,Cubic,ABC2,0.0032109075000024134,False,True,True,True,
mp-aaabxhhv,YZrRu2,Ru2-Y1-Zr1,Ru-Y-Zr,Ru;Y;Zr,3,4,65.206,147.893,8.5010922051976,225,Cubic,ABC2,0.02422455156249903,False,True,True,True,
mp-aaabxhhw,Y2AgIr,Ag1-Ir1-Y2,Ag-Ir-Y,Ag;Ir;Y,3,4,32.475,96.832,9.03411917443847,225,Cubic,ABC2,0.01625410546875017,False,True,True,True,
mp-aaabxhhx,VRh3,Rh3-V1,Rh-V,Rh;V,2,8,128.846,251.039,10.759486311914648,194,Hexagonal,AB3,0.0,False,True,True,True,
mp-aaabxhhy,YMgAg2,Ag2-Mg1-Y1,Ag-Mg-Y,Ag;Mg;Y,3,4,13.385,64.686,6.308500627455636,225,Cubic,ABC2,0.0,False,True,True,True,
mp-aaabxhhz,YInRh2,In1-Rh2-Y1,In-Rh-Y,In;Rh;Y,3,4,37.6,127.682,9.181257589766561,225,Cubic,ABC2,0.0,False,True,True,True,
mp-aaabxhia,YMgHg2,Hg2-Mg1-Y1,Hg-Mg-Y,Hg;Mg;Y,3,4,26.818,61.585,9.148488573495888,225,Cubic,ABC2,0.0,False,False,False,True,Hg
mp-aaabxhib,YMgRh2,Mg1-Rh2-Y1,Mg-Rh-Y,Mg;Rh;Y,3,4,47.658,109.638,7.390616156886133,225,Cubic,ABC2,0.0,False,True,True,True,
mp-aaabxhic,Y2PdRu,Pd1-Ru1-Y2,Pd-Ru-Y,Pd;Ru;Y,3,4,37.213,102.15,7.690061995220133,225,Cubic,ABC2,0.0,False,True,True,True,
mp-aaabxhie,TiInPd2,In1-Pd2-Ti1,In-Pd-Ti,In;Pd;Ti,3,4,22.501,125.716,8.996336345155717,225,Cubic,ABC2,0.0,False,True,True,True,
mp-aaabxhif,KTl2Bi,Bi1-K1-Tl2,Bi-K-Tl,Bi;K;Tl,3,4,5.834,22.656,7.959815172276117,225,Cubic,ABC2,0.0,False,True,True,True,
mp-aaabxhih,YMgAu2,Au2-Mg1-Y1,Au-Mg-Y,Au;Mg;Y,3,4,20.128,83.086,9.991539481507463,225,Cubic,ABC2,0.0,False,True,True,True,
mp-aaabxhii,HoMg3,Ho1-Mg3,Ho-Mg,Ho;Mg,2,4,26.726,40.634,4.052959771532126,225,Cubic,AB3,0.0,False,True,True,True,
mp-aaabxhij,Y2RuRh,Rh1-Ru1-Y2,Rh-Ru-Y,Rh;Ru;Y,3,4,46.33,111.433,7.8765342909012475,225,Cubic,ABC2,0.0028095790624993455,False,True,True,True,
mp-aaabxhik,ThSnAu2,Au2-Sn1-Th1,Au-Sn-Th,Au;Sn;Th,3,4,17.763,99.611,13.169141355462028,225,Cubic,ABC2,0.0,False,True,True,True,
mp-aaabxhil,Yb2CdIn,Cd1-In1-Yb2,Cd-In-Yb,Cd;In;Yb,3,4,20.71,34.611,8.576863899712494,225,Cubic,ABC2,0.0,False,True,True,True,
mp-aaabxhim,Li2PdAu,Au1-Li2-Pd1,Au-Li-Pd,Au;Li;Pd,3,4,23.405,68.175,9.29977515130509,225,Cubic,ABC2,0.0,False,True,True,True,
mp-aaabxhin,YbAgPd2,Ag1-Pd2-Yb1,Ag-Pd-Yb,Ag;Pd;Yb,3,4,24.979,91.195,11.30653759994866,225,Cubic,ABC2,0.04106778031249547,False,True,True,True,
mp-aaabxhio,Li2NdAl,Al1-Li2-Nd1,Al-Li-Nd,Al;Li;Nd,3,4,29.333,42.611,3.799337301594599,225,Cubic,ABC2,0.0004588985416660307,False,True,True,True,
mp-aaabxhip,Li2NdTl,Li2-Nd1-Tl1,Li-Nd-Tl,Li;Nd;Tl,3,4,28.708,39.457,6.958546624537956,225,Cubic,ABC2,0.0,False,True,True,True,
mp-aaabxhiq,Li2YbPb,Li2-Pb1-Yb1,Li-Pb-Yb,Li;Pb;Yb,3,4,23.4,28.662,7.582077392629678,225,Cubic,ABC2,0.1400244265000019,False,True,True,True,
mp-aaabxhir,Li2NdIn,In1-Li2-Nd1,In-Li-Nd,In;Li;Nd,3,4,29.888,40.663,5.244129233543007,225,Cubic,ABC2,0.0,False,True,True,True,
mp-aaabxhit,Ti2ZnRe,Re1-Ti2-Zn1,Re-Ti-Zn,Re;Ti;Zn,3,4,62.502,168.977,9.370198966737481,225,Cubic,ABC2,0.0,False,True,True,True,
mp-aaabxhiw,Ti3Zn,Ti3-Zn1,Ti-Zn,Ti;Zn,2,4,52.136,110.213,5.342035793035355,221,Cubic,AB3,0.01046169916666706,False,True,True,True,
mp-aaabxhix,Ti2ZnTc,Tc1-Ti2-Zn1,Tc-Ti-Zn,Tc;Ti;Zn,3,4,47.873,158.023,7.027686585039847,225,Cubic,ABC2,0.0,False,True,False,True,
mp-aaabxhiy,TlCdRh2,Cd1-Rh2-Tl1,Cd-Rh-Tl,Cd;Rh;Tl,3,4,51.879,137.541,12.39921068458908,225,Cubic,ABC2,0.0,False,True,True,True,
mp-aaabxhjc,Li2YbSn,Li2-Sn1-Yb1,Li-Sn-Yb,Li;Sn;Yb,3,4,29.306,34.107,6.160679868730849,225,Cubic,ABC2,0.08504774074999943,False,True,True,True,
mp-aaabxhjd,Li2LaIn,In1-La1-Li2,In-La-Li,In;La;Li,3,4,26.277,37.747,4.886897919542761,225,Cubic,ABC2,0.0,False,True,True,True,
mp-aaabxhje,Li2MgCd,Cd1-Li2-Mg1,Cd-Li-Mg,Cd;Li;Mg,3,4,20.86,28.998,3.3175692669341332,225,Cubic,ABC2,0.013729252500000122,False,True,True,True,
mp-aaabxhjg,Li2PrIn,In1-Li2-Pr1,In-Li-Pr,In;Li;Pr,3,4,27.925,38.333,5.10089088214754,225,Cubic,ABC2,0.0,False,True,True,True,
mp-aaabxhjj,AcAg,Ac1-Ag1,Ac-Ag,Ac;Ag,2,2,16.405,43.963,8.879033317752006,221,Cubic,AB,0.0,False,False,False,True,Ac
mp-aaabxhjm,Li2SnPt,Li2-Pt1-Sn1,Li-Pt-Sn,Li;Pt;Sn,3,4,29.364,67.708,8.913408894207727,225,Cubic,ABC2,0.17321259250000054,False,True,True,True,
mp-aaabxhjn,AcYbHg2,Ac1-Hg2-Yb1,Ac-Hg-Yb,Ac;Hg;Yb,3,4,17.216,42.483,10.998237470771869,225,Cubic,ABC2,0.0,False,False,False,True,Ac;Hg
mp-aaabxhjv,Lu2CdIn,Cd1-In1-Lu2,Cd-In-Lu,Cd;In;Lu,3,4,20.582,59.863,9.568689017180596,225,Cubic,ABC2,0.0,False,True,True,True,
mp-aaabxhjx,TiTc2Mo,Mo1-Tc2-Ti1,Mo-Tc-Ti,Mo;Tc;Ti,3,4,122.887,248.307,9.3224663952263,225,Cubic,ABC2,0.0,False,True,False,True,
mp-aaabxhkc,Ti2MnRh,Mn1-Rh1-Ti2,Mn-Rh-Ti,Mn;Rh;Ti,3,4,80.041,191.897,7.468151715688254,225,Cubic,ABC2,0.0,False,True,True,True,
mp-aaabxhkd,HfSnRu2,Hf1-Ru2-Sn1,Hf-Ru-Sn,Hf;Ru;Sn,3,4,107.6,199.577,12.359050181207829,225,Cubic,ABC2,0.0,False,True,True,True,
mp-aaabxhke,CaNdZn2,Ca1-Nd1-Zn2,Ca-Nd-Zn,Ca;Nd;Zn,3,4,26.537,44.441,5.253945109809025,225,Cubic,ABC2,0.0,False,True,True,True,
mp-aaabxhkh,CaYHg2,Ca1-Hg2-Y1,Ca-Hg-Y,Ca;Hg;Y,3,4,27.182,52.306,8.317300767588081,225,Cubic,ABC2,0.0,False,False,False,True,Hg
mp-aaabxhki,Be2NiPt,Be2-Ni1-Pt1,Be-Ni-Pt,Be;Ni;Pt,3,4,63.503,197.731,10.959925365652268,225,Cubic,ABC2,0.0,False,True,True,True,
mp-aaabxhkj,AcMgHg2,Ac1-Hg2-Mg1,Ac-Hg-Mg,Ac;Hg;Mg,3,4,13.617,48.779,9.689128294368308,225,Cubic,ABC2,0.0,False,False,False,True,Ac;Hg
mp-aaabxhkl,CaNdRh2,Ca1-Nd1-Rh2,Ca-Nd-Rh,Ca;Nd;Rh,3,4,27.763,82.434,7.636939820886608,225,Cubic,ABC2,0.019301107624996483,False,True,True,True,
mp-aaabxhkm,CaDyHg2,Ca1-Dy1-Hg2,Ca-Dy-Hg,Ca;Dy;Hg,3,4,26.726,51.03,9.511920582249104,225,Cubic,ABC2,0.0,False,False,False,True,Hg
mp-aaabxhml,CaCdPd2,Ca1-Cd1-Pd2,Ca-Cd-Pd,Ca;Cd;Pd,3,4,15.863,75.884,7.743719729334947,225,Cubic,ABC2,0.021220550937500082,False,True,True,True,
mp-aaabxhmq,Al2IrOs,Al2-Ir1-Os1,Al-Ir-Os,Al;Ir;Os,3,4,130.885,233.311,13.20303854397132,225,Cubic,ABC2,0.0,False,True,True,True,
mp-aaabxhmr,ErSnRu2,Er1-Ru2-Sn1,Er-Ru-Sn,Er;Ru;Sn,3,4,66.736,150.594,11.363846041092911,225,Cubic,ABC2,0.0,False,True,True,True,
mp-aaabxhms,AcMg,Ac1-Mg1,Ac-Mg,Ac;Mg,2,2,19.546,30.934,5.988173118384934,221,Cubic,AB,0.0,False,False,False,True,Ac
mp-aaabxhmt,DySnAu2,Au2-Dy1-Sn1,Au-Dy-Sn,Au;Dy;Sn,3,4,15.162,88.94,12.767546027525713,225,Cubic,ABC2,0.0,False,True,True,True,
mp-aaabxhmu,BeVCo2,Be1-Co2-V1,Be-Co-V,Be;Co;V,3,4,57.185,44.835,7.076499216347548,225,Cubic,ABC2,0.0,False,True,True,True,
mp-aaabxhnb,DyLuMg2,Dy1-Lu1-Mg2,Dy-Lu-Mg,Dy;Lu;Mg,3,4,22.533,43.506,6.026510663968667,225,Cubic,ABC2,0.0016739900000022345,False,True,True,True,
mp-aaabxhnf,ErTaOs2,Er1-Os2-Ta1,Er-Os-Ta,Er;Os;Ta,3,4,95.013,212.608,17.30244812895569,225,Cubic,ABC2,0.05006208420833502,False,True,True,True,
mp-aaabxhqe,TiMn2Ge,Ge1-Mn2-Ti1,Ge-Mn-Ti,Ge;Mn;Ti,3,4,85.453,191.642,7.531624330252518,225,Cubic,ABC2,0.03427372426724418,False,True,True,True,
mp-aaabxisj,ScZn2Ag,Ag1-Sc1-Zn2,Ag-Sc-Zn,Ag;Sc;Zn,3,4,35.169,84.013,6.918996016366077,225,Cubic,ABC2,0.004820286666665119,False,True,True,True,
mp-aaabxisk,Sc2CoOs,Co1-Os1-Sc2,Co-Os-Sc,Co;Os;Sc,3,4,64.672,137.844,8.754295145054707,225,Cubic,ABC2,0.0,False,True,True,True,
mp-aaabxiso,TaBeRu2,Be1-Ru2-Ta1,Be-Ru-Ta,Be;Ru;Ta,3,4,73.87,234.983,11.764555803953591,225,Cubic,ABC2,0.0,False,True,True,True,
mp-aaabxisq,BeGaIr2,Be1-Ga1-Ir2,Be-Ga-Ir,Be;Ga;Ir,3,4,107.436,238.142,15.06366818568829,225,Cubic,ABC2,0.0,False,False,False,True,Ga
mp-aaabxisr,Sc2CuPt,Cu1-Pt1-Sc2,Cu-Pt-Sc,Cu;Pt;Sc,3,4,44.091,112.788,8.181920681149675,225,Cubic,ABC2,0.0,False,True,True,True,
mp-aaabxiss,LaSnAu2,Au2-La1-Sn1,Au-La-Sn,Au;La;Sn,3,4,21.755,77.314,11.241723449168502,225,Cubic,ABC2,0.0,False,True,True,True,
mp-aaabxist,LiHfPd2,Hf1-Li1-Pd2,Hf-Li-Pd,Hf;Li;Pd,3,4,19.867,117.376,10.127994884421625,225,Cubic,ABC2,0.013918019128791315,False,True,True,True,
mp-aaabxisu,TaMn2Al,Al1-Mn2-Ta1,Al-Mn-Ta,Al;Mn;Ta,3,4,107.903,201.123,9.783355339534223,225,Cubic,ABC2,0.0,False,True,True,True,
mp-aaabxisv,LiY2Pt,Li1-Pt1-Y2,Li-Pt-Y,Li;Pt;Y,3,4,30.073,71.412,7.1599906546357595,225,Cubic,ABC2,0.033942637291666244,False,True,True,True,
mp-aaabxisx,TaTiOs2,Os2-Ta1-Ti1,Os-Ta-Ti,Os;Ta;Ti,3,4,94.516,267.946,16.235589138501176,225,Cubic,ABC2,0.0,False,True,True,True,
mp-aaabxisz,Al2RuPt,Al2-Pt1-Ru1,Al-Pt-Ru,Al;Pt;Ru,3,4,97.729,201.068,10.452342166014677,225,Cubic,ABC2,0.0,False,True,True,True,
mp-aaabxitb,ScCdAg2,Ag2-Cd1-Sc1,Ag-Cd-Sc,Ag;Cd;Sc,3,4,26.055,80.644,7.907214551726482,225,Cubic,ABC2,0.0,False,True,True,True,
mp-aaabxitc,Sm2PdRu,Pd1-Ru1-Sm2,Pd-Ru-Sm,Pd;Ru;Sm,3,4,29.904,94.638,9.617010157630872,225,Cubic,ABC2,0.036652392812502654,False,True,True,True,
mp-aaabxite,SmHoMg2,Ho1-Mg2-Sm1,Ho-Mg-Sm,Ho;Mg;Sm,3,4,21.549,40.49,5.462975328087922,225,Cubic,ABC2,0.0,False,True,True,True,
mp-aaabxitf,SmMgCd2,Cd2-Mg1-Sm1,Cd-Mg-Sm,Cd;Mg;Sm,3,4,25.367,52.617,6.814635083361879,225,Cubic,ABC2,0.0,False,True,True,True,
mp-aaabxitl,ScVRu2,Ru2-Sc1-V1,Ru-Sc-V,Ru;Sc;V,3,4,87.109,194.203,8.286116161633968,225,Cubic,ABC2,0.0,False,True,True,True,
mp-aaabxitp,ReOs3,Os3-Re1,Os-Re,Os;Re,2,8,248.808,395.382,21.659311856537766,194,Hexagonal,AB3,0.0,False,True,True,True,
mp-aaabxitr,SmGa3,Ga3-Sm1,Ga-Sm,Ga;Sm,2,8,41.914,69.324,7.332724274714832,194,Hexagonal,AB3,0.0,False,False,False,True,Ga
mp-aaabxits,CaMgHg2,Ca1-Hg2-Mg1,Ca-Hg-Mg,Ca;Hg;Mg,3,4,17.74,40.504,7.94605054954813,225,Cubic,ABC2,0.0,False,False,False,True,Hg
mp-aaabxitt,LiHo2Ga,Ga1-Ho2-Li1,Ga-Ho-Li,Ga;Ho;Li,3,4,34.678,54.046,7.317834958280314,225,Cubic,ABC2,0.026632636354167794,False,False,False,True,Ga
mp-aaabxitu,ScNbRu2,Nb1-Ru2-Sc1,Nb-Ru-Sc,Nb;Ru;Sc,3,4,92.83,196.752,8.68230369154705,225,Cubic,ABC2,0.0,False,False,False,True,Nb
mp-aaabxitv,BaNaHg2,Ba1-Hg2-Na1,Ba-Hg-Na,Ba;Hg;Na,3,4,2.7,20.768,7.085625808250093,225,Cubic,ABC2,0.0,False,False,False,True,Hg
mp-aaabxitw,LiHfRh2,Hf1-Li1-Rh2,Hf-Li-Rh,Hf;Li;Rh,3,4,55.025,145.866,10.68571925612379,225,Cubic,ABC2,0.0,False,True,True,True,
mp-aaabxitx,Sr2CdSn,Cd1-Sn1-Sr2,Cd-Sn-Sr,Cd;Sn;Sr,3,4,22.989,29.052,5.024855353847551,225,Cubic,ABC2,0.0,False,True,True,True,
mp-aaabxiue,ScGaRu2,Ga1-Ru2-Sc1,Ga-Ru-Sc,Ga;Ru;Sc,3,4,62.044,167.594,8.640738580036528,225,Cubic,ABC2,0.0,False,False,False,True,Ga
mp-aaabxiuf,SmCdHg2,Cd1-Hg2-Sm1,Cd-Hg-Sm,Cd;Hg;Sm,3,4,13.446,60.568,11.305137094388682,225,Cubic,ABC2,0.0,False,False,False,True,Hg
mp-aaabxiug,SmCd3,Cd3-Sm1,Cd-Sm,Cd;Sm,2,4,23.153,56.236,8.399635422798909,225,Cubic,AB3,0.00198218874999867,False,True,True,True,
mp-aaabxiuh,SmDyMg2,Dy1-Mg2-Sm1,Dy-Mg-Sm,Dy;Mg;Sm,3,4,21.856,40.294,5.401920960509075,225,Cubic,ABC2,0.0,False,True,True,True,
mp-aaabxiui,LiCd2Au,Au1-Cd2-Li1,Au-Cd-Li,Au;Cd;Li,3,4,16.546,64.741,9.452136097509074,225,Cubic,ABC2,0.0,False,True,True,True,
mp-aaabxiul,Sr2AgPt,Ag1-Pt1-Sr2,Ag-Pt-Sr,Ag;Pt;Sr,3,4,16.759,39.938,7.250693594574403,225,Cubic,ABC2,0.04328616988281553,False,True,True,True,
mp-aaabxiup,LiCa2Tl,Ca2-Li1-Tl1,Ca-Li-Tl,Ca;Li;Tl,3,4,14.441,26.242,4.16955330258387,225,Cubic,ABC2,0.0,False,True,True,True,
mp-aaabxiut,SrLi2Sn,Li2-Sn1-Sr1,Li-Sn-Sr,Li;Sn;Sr,3,4,21.366,30.554,3.923709190270107,225,Cubic,ABC2,0.0,False,True,True,True,
mp-aaabxiuu,SrMgTl2,Mg1-Sr1-Tl2,Mg-Sr-Tl,Mg;Sr;Tl,3,4,8.433,29.945,7.346429487888387,225,Cubic,ABC2,0.0,False,True,True,True,
mp-aaabxiuz,PrCdHg2,Cd1-Hg2-Pr1,Cd-Hg-Pr,Cd;Hg;Pr,3,4,18.366,57.938,10.746004601109897,225,Cubic,ABC2,0.0,False,False,False,True,Hg
mp-aaabxiva,PrMgCd2,Cd2-Mg1-Pr1,Cd-Mg-Pr,Cd;Mg;Pr,3,4,23.368,50.25,6.411571440576985,225,Cubic,ABC2,0.0,False,True,True,True,
mp-aaabxivd,SmMgHg2,Hg2-Mg1-Sm1,Hg-Mg-Sm,Hg;Mg;Sm,3,4,25.006,59.687,9.898253423213504,225,Cubic,ABC2,0.0,False,False,False,True,Hg
mp-aaabxive,Sm2ZnIr,Ir1-Sm2-Zn1,Ir-Sm-Zn,Ir;Sm;Zn,3,4,30.325,86.846,10.253144216394062,225,Cubic,ABC2,0.04210837958332814,False,True,True,True,
mp-aaabxivi,CeZn2Ag,Ag1-Ce1-Zn2,Ag-Ce-Zn,Ag;Ce;Zn,3,4,25.752,58.884,7.802845859836637,225,Cubic,ABC2,0.028436172348484057,False,False,False,True,Ce
mp-aaabxivl,Pm3Pb,Pb1-Pm3,Pb-Pm,Pb;Pm,2,4,22.668,44.905,8.665543498940423,221,Cubic,AB3,0.0,False,True,False,True,
mp-aaabxivn,Sm2TlCd,Cd1-Sm2-Tl1,Cd-Sm-Tl,Cd;Sm;Tl,3,4,21.025,53.486,8.993458988274877,225,Cubic,ABC2,0.0,False,True,True,True,
mp-aaabxivs,LiCd2Pd,Cd2-Li1-Pd1,Cd-Li-Pd,Cd;Li;Pd,3,4,22.13,71.539,7.907501280106787,225,Cubic,ABC2,0.0,False,True,True,True,
mp-aaabxiwc,LiCd2Pt,Cd2-Li1-Pt1,Cd-Li-Pt,Cd;Li;Pt,3,4,23.689,84.2,9.990058134962075,225,Cubic,ABC2,0.0,False,True,True,True,
mp-aaabxiwg,LiCa2Hg,Ca2-Hg1-Li1,Ca-Hg-Li,Ca;Hg;Li,3,4,12.698,26.023,4.258503313950911,225,Cubic,ABC2,0.020214906782407338,False,False,False,True,Hg
mp-aaabxiwh,LiCa2In,Ca2-In1-Li1,Ca-In-Li,Ca;In;Li,3,4,18.813,27.505,2.890750316185822,225,Cubic,ABC2,0.0,False,True,True,True,
mp-aaabxiwi,TcOs3,Os3-Tc1,Os-Tc,Os;Tc,2,8,239.966,377.014,19.287201353589463,194,Hexagonal,AB3,0.0,False,True,False,True,
mp-aaabxiwj,Er2OsPd,Er2-Os1-Pd1,Er-Os-Pd,Er;Os;Pd,3,4,47.096,117.96,13.090694766797627,225,Cubic,ABC2,0.022984457250001533,False,True,True,True,
mp-aaabxiwk,Er2IrRu,Er2-Ir1-Ru1,Er-Ir-Ru,Er;Ir;Ru,3,4,58.373,130.801,13.46624526998346,225,Cubic,ABC2,0.0,False,True,True,True,
mp-aaabxiwm,TaFeRu2,Fe1-Ru2-Ta1,Fe-Ru-Ta,Fe;Ru;Ta,3,4,104.493,238.287,12.2960002570704,225,Cubic,ABC2,0.0,False,True,True,True,
mp-aaabxiwn,CaPrHg2,Ca1-Hg2-Pr1,Ca-Hg-Pr,Ca;Hg;Pr,3,4,22.66,47.326,8.579143739188169,225,Cubic,ABC2,0.0,False,False,False,True,Hg
mp-aaabxiwo,SmAgHg2,Ag1-Hg2-Sm1,Ag-Hg-Sm,Ag;Hg;Sm,3,4,18.217,67.274,11.727137167184305,225,Cubic,ABC2,0.0,False,False,False,True,Hg
mp-aaabxiws,LiCa2Ir,Ca2-Ir1-Li1,Ca-Ir-Li,Ca;Ir;Li,3,4,26.111,48.032,5.230325488646048,225,Cubic,ABC2,0.01924372333333224,False,True,True,True,
mp-aaabxiwt,LiGa2Ni,Ga2-Li1-Ni1,Ga-Li-Ni,Ga;Li;Ni,3,4,42.228,90.52,6.542978099720842,225,Cubic,ABC2,0.004769647954544709,False,False,False,True,Ga
mp-aaabxiwu,CaNdCd2,Ca1-Cd2-Nd1,Ca-Cd-Nd,Ca;Cd;Nd,3,4,21.903,41.739,5.954178858987324,225,Cubic,ABC2,0.0,False,True,True,True,
mp-aaabxiww,Li3In,In1-Li3,In-Li,In;Li,2,4,16.087,24.555,3.048207792484837,225,Cubic,AB3,0.005150574464284574,False,True,True,True,
mp-aaabxiwx,Li3Pt,Li3-Pt1,Li-Pt,Li;Pt,2,4,15.779,46.404,6.363315337880937,225,Cubic,AB3,0.024064876785715228,False,True,True,True,
mp-aaabxiwz,RbSn3,Rb1-Sn3,Rb-Sn,Rb;Sn,2,8,8.094,12.419,4.8882811995711375,194,Hexagonal,AB3,0.016086287812498767,False,True,True,True,
mp-aaabxixd,Sc2ZnIr,Ir1-Sc2-Zn1,Ir-Sc-Zn,Ir;Sc;Zn,3,4,40.989,119.005,8.154950747653759,225,Cubic,ABC2,0.0,False,True,True,True,
mp-aaabxixe,TbMgHg2,Hg2-Mg1-Tb1,Hg-Mg-Tb,Hg;Mg;Tb,3,4,25.823,61.719,10.366405276449544,225,Cubic,ABC2,0.0,False,False,False,True,Hg
mp-aaabxixf,LiY2Ir,Ir1-Li1-Y2,Ir-Li-Y,Ir;Li;Y,3,4,32.546,80.823,7.3681201662449585,225,Cubic,ABC2,0.0,False,True,True,True,
mp-aaabxixl,Ac2GePd,Ac2-Ge1-Pd1,Ac-Ge-Pd,Ac;Ge;Pd,3,4,16.817,56.205,9.09726447399536,225,Cubic,ABC2,0.0,False,False,False,True,Ac
mp-aaabxixm,Sc2ZnGa,Ga1-Sc2-Zn1,Ga-Sc-Zn,Ga;Sc;Zn,3,4,46.4,78.569,4.95255761774268,225,Cubic,ABC2,0.0,False,False,False,True,Ga
mp-aaabxixn,Sc2ZnOs,Os1-Sc2-Zn1,Os-Sc-Zn,Os;Sc;Zn,3,4,45.33,120.86,8.199554782195813,225,Cubic,ABC2,0.0,False,True,True,True,
mp-aaabxixp,LaAgHg2,Ag1-Hg2-La1,Ag-Hg-La,Ag;Hg;La,3,4,11.582,59.426,10.767922479236365,225,Cubic,ABC2,0.004949376250003468,False,False,False,True,Hg
mp-aaabxixq,TbGa3,Ga3-Tb1,Ga-Tb,Ga;Tb,2,8,44.485,71.201,7.767815520729727,194,Hexagonal,AB3,0.0,False,False,False,True,Ga
mp-aaabxixs,LaBi3,Bi3-La1,Bi-La,Bi;La,2,4,15.364,53.973,10.038852874113456,221,Cubic,AB3,0.06345386999999647,False,True,True,True,
mp-aaabxixu,LiZn2Pd,Li1-Pd1-Zn2,Li-Pd-Zn,Li;Pd;Zn,3,4,26.455,87.893,7.074820855935199,225,Cubic,ABC2,0.0,False,True,True,True,
mp-aaabxixv,LiZn2Pt,Li1-Pt1-Zn2,Li-Pt-Zn,Li;Pt;Zn,3,4,31.667,104.433,9.673461460397798,225,Cubic,ABC2,0.0,False,True,True,True,
mp-aaabxixw,LiZn2Ni,Li1-Ni1-Zn2,Li-Ni-Zn,Li;Ni;Zn,3,4,35.747,41.35,6.38469534357366,225,Cubic,ABC2,0.0,False,True,True,True,
mp-aaabxixx,LiZn2Ir,Ir1-Li1-Zn2,Ir-Li-Zn,Ir;Li;Zn,3,4,40.679,116.817,9.870296609824592,225,Cubic,ABC2,0.0,False,True,True,True,
mp-aaabxixy,SmAgAu2,Ag1-Au2-Sm1,Ag-Au-Sm,Ag;Au;Sm,3,4,12.155,84.99,12.499942472765085,225,Cubic,ABC2,0.0,False,True,True,True,
mp-aaabxixz,LiZn2Au,Au1-Li1-Zn2,Au-Li-Zn,Au;Li;Zn,3,4,20.303,80.793,9.12991180207275,225,Cubic,ABC2,0.0,False,True,True,True,
mp-aaabxiyb,CaPrCd2,Ca1-Cd2-Pr1,Ca-Cd-Pr,Ca;Cd;Pr,3,4,21.552,40.978,5.834376544410291,225,Cubic,ABC2,0.0,False,True,True,True,
mp-aaabxiyc,LiZnPd2,Li1-Pd2-Zn1,Li-Pd-Zn,Li;Pd;Zn,3,4,50.885,109.393,8.47759280945856,225,Cubic,ABC2,0.0,False,True,True,True,
mp-aaabxiyg,ScTc3,Sc1-Tc3,Sc-Tc,Sc;Tc,2,4,92.758,216.144,9.057406536376421,225,Cubic,AB3,0.11536893812500004,False,True,False,True,
mp-aaabxiyh,ScCdHg2,Cd1-Hg2-Sc1,Cd-Hg-Sc,Cd;Hg;Sc,3,4,23.311,68.137,10.658077951209314,225,Cubic,ABC2,0.0,False,False,False,True,Hg
mp-aaabxiyi,Re3Os,Os1-Re3,Os-Re,Os;Re,2,8,203.733,374.539,20.901161256802048,194,Hexagonal,AB3,0.0,False,True,True,True,
mp-aaabxiyk,CaMgTl2,Ca1-Mg1-Tl2,Ca-Mg-Tl,Ca;Mg;Tl,3,4,10.983,33.477,7.267123972420086,225,Cubic,ABC2,0.0,False,True,True,True,
mp-aaabxiyl,LiHo2Pt,Ho2-Li1-Pt1,Ho-Li-Pt,Ho;Li;Pt,3,4,31.91,74.476,10.275693989390236,225,Cubic,ABC2,0.039627764166667134,False,True,True,True,
mp-aaabxiyo,Be2CoPt,Be2-Co1-Pt1,Be-Co-Pt,Be;Co;Pt,3,4,111.666,207.943,11.164226596659367,225,Cubic,ABC2,0.0,False,True,True,True,
mp-aaabxiyp,Be2CoNi,Be2-Co1-Ni1,Be-Co-Ni,Be;Co;Ni,3,4,125.949,194.115,6.418714600588576,225,Cubic,ABC2,0.0,False,True,True,True,
mp-aaabxiyq,LiAlCu2,Al1-Cu2-Li1,Al-Cu-Li,Al;Cu;Li,3,4,53.421,87.133,5.193932316438471,225,Cubic,ABC2,0.0,False,True,True,True,
mp-aaabxiyr,Be2CuIr,Be2-Cu1-Ir1,Be-Cu-Ir,Be;Cu;Ir,3,4,67.75,210.143,10.874731390935674,225,Cubic,ABC2,0.0,False,True,True,True,
mp-aaabxiys,Be2CoIr,Be2-Co1-Ir1,Be-Co-Ir,Be;Co;Ir,3,4,113.398,219.36,11.21370562110609,225,Cubic,ABC2,0.0,False,True,True,True,
mp-aaabxiyt,BeVOs2,Be1-Os2-V1,Be-Os-V,Be;Os;V,3,4,123.705,276.013,14.453767548423816,225,Cubic,ABC2,0.0,False,True,True,True,
mp-aaabxiyv,Ho2MgAl,Al1-Ho2-Mg1,Al-Ho-Mg,Al;Ho;Mg,3,4,36.114,55.443,6.45693884643772,225,Cubic,ABC2,0.0,False,True,True,True,
mp-aaabxiyy,Be2IrPt,Be2-Ir1-Pt1,Be-Ir-Pt,Be;Ir;Pt,3,4,125.302,238.159,15.005201512108439,225,Cubic,ABC2,0.0,False,True,True,True,
mp-aaabxiyz,Tc3Pt,Pt1-Tc3,Pt-Tc,Pt;Tc,2,8,178.077,286.08,13.78454543086755,194,Hexagonal,AB3,0.0,False,True,False,True,
mp-aaabxizd,LiTb2Ir,Ir1-Li1-Tb2,Ir-Li-Tb,Ir;Li;Tb,3,4,33.159,81.503,10.071551497482634,225,Cubic,ABC2,0.0,False,True,True,True,
mp-aaabxizf,LiInAu2,Au2-In1-Li1,Au-In-Li,Au;In;Li,3,4,20.793,76.048,11.741617374343937,225,Cubic,ABC2,0.0,False,True,True,True,
mp-aaabxizg,TbHg3,Hg3-Tb1,Hg-Tb,Hg;Tb,2,8,21.49,59.883,12.984229411302888,194,Hexagonal,AB3,0.0,False,False,False,True,Hg
mp-aaabxizi,TbTe,Tb1-Te1,Tb-Te,Tb;Te,2,2,39.055,60.402,7.959740356583082,187,Hexagonal,AB,0.0,False,False,False,True,Te
mp-aaabxizk,Ga2RuRh,Ga2-Rh1-Ru1,Ga-Rh-Ru,Ga;Rh;Ru,3,4,92.754,199.112,10.223940366711927,225,Cubic,ABC2,0.0,False,False,False,True,Ga
mp-aaabxizw,BeVFe2,Be1-Fe2-V1,Be-Fe-V,Be;Fe;V,3,4,107.484,212.177,6.8485688577701325,225,Cubic,ABC2,0.0,False,True,True,True,
mp-aaabxizy,AlCuAu2,Al1-Au2-Cu1,Al-Au-Cu,Al;Au;Cu,3,4,18.751,134.721,12.837859609313394,225,Cubic,ABC2,0.0,False,True,True,True,
mp-aaabxizz,Be2RuAu,Au1-Be2-Ru1,Au-Be-Ru,Au;Be;Ru,3,4,99.781,193.573,11.335799090573126,225,Cubic,ABC2,0.0,False,True,True,True,
mp-aaabxjal,Al2CoIr,Al2-Co1-Ir1,Al-Co-Ir,Al;Co;Ir,3,4,93.491,199.848,9.876311510869082,225,Cubic,ABC2,0.0,False,True,True,True,
mp-aaabxjas,Al2RuRh,Al2-Rh1-Ru1,Al-Rh-Ru,Al;Rh;Ru,3,4,119.809,200.128,7.910704160118112,225,Cubic,ABC2,0.0,False,True,True,True,
mp-aaabxjat,Hf2TcRu,Hf2-Ru1-Tc1,Hf-Ru-Tc,Hf;Ru;Tc,3,4,91.598,193.02,13.4139546630437,225,Cubic,ABC2,0.0,False,True,False,True,
mp-aaabxjaw,Al2FeNi,Al2-Fe1-Ni1,Al-Fe-Ni,Al;Fe;Ni,3,4,89.022,163.496,5.881667524696167,225,Cubic,ABC2,0.02440800500000062,False,True,True,True,
mp-aaabxjbi,Li3Ge,Ge1-Li3,Ge-Li,Ge;Li,2,4,22.258,32.98,2.570759483174504,225,Cubic,AB3,0.008542325000000073,False,True,True,True,
mp-aaabxjbj,Li3Cd,Cd1-Li3,Cd-Li,Cd;Li,2,4,5.553,22.509,2.989063586847887,225,Cubic,AB3,0.00600666750000034,False,True,True,True,
mp-aaabxjbl,TcIr3,Ir3-Tc1,Ir-Tc,Ir;Tc,2,8,157.989,341.997,19.305164922237513,194,Hexagonal,AB3,0.0,False,True,False,True,
mp-aaabxjbm,ThCdHg2,Cd1-Hg2-Th1,Cd-Hg-Th,Cd;Hg;Th,3,4,16.677,72.453,12.277215931948747,225,Cubic,ABC2,0.0,False,False,False,True,Hg
mp-aaabxjbo,DyMgSn,Dy1-Mg1-Sn1,Dy-Mg-Sn,Dy;Mg;Sn,3,6,37.406,57.967,6.579994249878872,139,Tetragonal,ABC,0.0,False,True,True,True,
mp-aaabxjbp,Dy2MgTl,Dy2-Mg1-Tl1,Dy-Mg-Tl,Dy;Mg;Tl,3,4,21.635,50.473,8.519412382700503,225,Cubic,ABC2,0.014710298750004291,False,True,True,True,
mp-aaabxjbq,Ca2MgIn,Ca2-In1-Mg1,Ca-In-Mg,Ca;In;Mg,3,4,20.709,30.387,3.098281898756195,225,Cubic,ABC2,0.0,False,True,True,True,
mp-aaabxjbt,ThCdAu2,Au2-Cd1-Th1,Au-Cd-Th,Au;Cd;Th,3,4,19.368,99.567,13.33905622313,225,Cubic,ABC2,0.0,False,True,True,True,
mp-aaabxjbw,TcRu3,Ru3-Tc1,Ru-Tc,Ru;Tc,2,8,192.283,308.589,11.842229966712033,194,Hexagonal,AB3,0.0,False,True,False,True,
mp-aaabxjbx,Tc3Ni,Ni1-Tc3,Ni-Tc,Ni;Tc,2,8,150.925,286.678,10.784148761505582,194,Hexagonal,AB3,0.0,False,True,False,True,
mp-aaabxjcb,CeTlAu2,Au2-Ce1-Tl1,Au-Ce-Tl,Au;Ce;Tl,3,4,20.109,83.944,13.026391576573642,225,Cubic,ABC2,0.0,False,False,False,True,Ce
mp-aaabxjcm,ThCdAg2,Ag2-Cd1-Th1,Ag-Cd-Th,Ag;Cd;Th,3,4,19.287,82.451,10.072267959015832,225,Cubic,ABC2,0.0,False,True,True,True,
mp-aaabxjek,AcPbAu2,Ac1-Au2-Pb1,Ac-Au-Pb,Ac;Au;Pb,3,4,17.124,65.405,12.89119460837043,225,Cubic,ABC2,0.0,False,False,False,True,Ac
mp-aaabxjqy,ScSnRu2,Ru2-Sc1-Sn1,Ru-Sc-Sn,Ru;Sc;Sn,3,4,80.239,169.616,9.124567238545499,225,Cubic,ABC2,0.0,False,True,True,True,
mp-aaabxjrg,Sc2CuAu,Au1-Cu1-Sc2,Au-Cu-Sc,Au;Cu;Sc,3,4,36.068,97.087,7.778398058421664,225,Cubic,ABC2,0.0006946874999984587,False,True,True,True,
mp-aaabxjrl,Sc2CoRu,Co1-Ru1-Sc2,Co-Ru-Sc,Co;Ru;Sc,3,4,59.335,135.073,6.506248745884801,225,Cubic,ABC2,0.0,False,True,True,True,
mp-aaabxjrm,DyMgAu2,Au2-Dy1-Mg1,Au-Dy-Mg,Au;Dy;Mg,3,4,20.809,84.578,11.49867119444797,225,Cubic,ABC2,0.0,False,True,True,True,
mp-aaabxjrt,ScZnRh2,Rh2-Sc1-Zn1,Rh-Sc-Zn,Rh;Sc;Zn,3,4,60.401,151.149,8.576982430558852,225,Cubic,ABC2,0.0,False,True,True,True,
mp-aaabxjrv,TaCuRh2,Cu1-Rh2-Ta1,Cu-Rh-Ta,Cu;Rh;Ta,3,4,40.955,224.467,12.787138485894259,225,Cubic,ABC2,0.0,False,True,True,True,
mp-aaabxjrx,DyMgCd2,Cd2-Dy1-Mg1,Cd-Dy-Mg,Cd;Dy;Mg,3,4,26.236,54.341,7.283627458519517,225,Cubic,ABC2,0.0,False,True,True,True,
mp-aaabxjrz,Al2NiRu,Al2-Ni1-Ru1,Al-Ni-Ru,Al;Ni;Ru,3,4,83.722,180.486,6.902788997659129,225,Cubic,ABC2,0.0,False,True,True,True,
mp-aaabxjsd,Ta2CrFe,Cr1-Fe1-Ta2,Cr-Fe-Ta,Cr;Fe;Ta,3,4,99.304,231.932,13.435303440544772,225,Cubic,ABC2,0.012144368347222212,False,False,False,True,Cr
mp-aaabxjse,Al3Cr,Al3-Cr1,Al-Cr,Al;Cr,2,4,84.189,106.001,3.843500171044708,139,Tetragonal,AB3,0.0,False,False,False,True,Cr
mp-aaabxjsk,ScNbOs2,Nb1-Os2-Sc1,Nb-Os-Sc,Nb;Os;Sc,3,4,108.258,220.674,13.112283147979733,225,Cubic,ABC2,0.0,False,False,False,True,Nb
mp-aaabxjsm,TaGaOs2,Ga1-Os2-Ta1,Ga-Os-Ta,Ga;Os;Ta,3,4,122.335,268.88,17.174300902707134,225,Cubic,ABC2,0.0,False,False,False,True,Ga
mp-aaabxjsq,ReIr3,Ir3-Re1,Ir-Re,Ir;Re,2,8,159.736,358.896,21.6636582396211,194,Hexagonal,AB3,0.0,False,True,True,True,
mp-aaabxjss,Sc2CuIr,Cu1-Ir1-Sc2,Cu-Ir-Sc,Cu;Ir;Sc,3,4,46.495,129.422,8.402278897455615,225,Cubic,ABC2,0.0,False,True,True,True,
mp-aaabxjst,ScNbTc2,Nb1-Sc1-Tc2,Nb-Sc-Tc,Nb;Sc;Tc,3,4,66.322,186.133,8.355342894237497,225,Cubic,ABC2,0.0,False,False,False,True,Nb
mp-aaabxjsw,La2AgRu,Ag1-La2-Ru1,Ag-La-Ru,Ag;La;Ru,3,4,8.445,71.667,8.081466971246675,225,Cubic,ABC2,0.05268616839285656,False,True,True,True,
mp-aaabxjsz,La2AgSn,Ag1-La2-Sn1,Ag-La-Sn,Ag;La;Sn,3,4,17.588,49.213,7.043880219875885,225,Cubic,ABC2,0.02941770893749851,False,True,True,True,
mp-aaabxjta,Sc2CuOs,Cu1-Os1-Sc2,Cu-Os-Sc,Cu;Os;Sc,3,4,53.734,127.176,8.439118299253186,225,Cubic,ABC2,0.0,False,True,True,True,
mp-aaabxjtb,LiCa2Cd,Ca2-Cd1-Li1,Ca-Cd-Li,Ca;Cd;Li,3,4,11.67,23.718,2.831784245085691,225,Cubic,ABC2,0.0,False,True,True,True,
mp-aaabxjtd,LiCa2Ga,Ca2-Ga1-Li1,Ca-Ga-Li,Ca;Ga;Li,3,4,20.928,28.548000000000002,2.464771756417507,225,Cubic,ABC2,0.0009458095833325686,False,False,False,True,Ga
mp-aaabxjtf,LiYTl2,Li1-Tl2-Y1,Li-Tl-Y,Li;Tl;Y,3,4,16.305,41.8,8.378561260817943,225,Cubic,ABC2,0.0,False,True,True,True,
mp-aaabxjti,LiYHg2,Hg2-Li1-Y1,Hg-Li-Y,Hg;Li;Y,3,4,12.474,52.184,9.100930599127054,225,Cubic,ABC2,0.0,False,False,False,True,Hg
mp-aaabxjtn,AcGa3,Ac1-Ga3,Ac-Ga,Ac;Ga,2,8,37.601,58.767,7.61250374747161,194,Hexagonal,AB3,0.026944765000006754,False,False,False,True,Ac;Ga
mp-aaabxjto,TaRu3,Ru3-Ta1,Ru-Ta,Ru;Ta,2,4,139.6,276.055,13.480335266413773,221,Cubic,AB3,0.05670708916666456,False,True,True,True,
mp-aaabxjtt,TaTiMn2,Mn2-Ta1-Ti1,Mn-Ta-Ti,Mn;Ta;Ti,3,4,83.607,207.781,10.177049867071114,225,Cubic,ABC2,0.0,False,True,True,True,
mp-aaabxjty,DyMgHg2,Dy1-Hg2-Mg1,Dy-Hg-Mg,Dy;Hg;Mg,3,4,26.307,62.879,10.5158712919153,225,Cubic,ABC2,0.0,False,False,False,True,Hg
mp-aaabxjua,BeNbRu2,Be1-Nb1-Ru2,Be-Nb-Ru,Be;Nb;Ru,3,4,69.434,227.135,9.090154229640504,225,Cubic,ABC2,0.0,False,False,False,True,Nb
mp-aaabxjub,LiVRh2,Li1-Rh2-V1,Li-Rh-V,Li;Rh;V,3,4,80.647,179.191,8.419331344799712,225,Cubic,ABC2,0.0,False,True,True,True,
mp-aaabxjug,LiHfPt2,Hf1-Li1-Pt2,Hf-Li-Pt,Hf;Li;Pt,3,4,23.595,146.996,14.678148661495175,225,Cubic,ABC2,0.0,False,True,True,True,
mp-aaabxjuj,BeCrRu2,Be1-Cr1-Ru2,Be-Cr-Ru,Be;Cr;Ru,3,4,103.767,254.421,9.0720560910115,225,Cubic,ABC2,0.0,False,False,False,True,Cr
mp-aaabxjuk,AcAu3,Ac1-Au3,Ac-Au,Ac;Au,2,8,22.77,74.927,13.74297419173336,194,Hexagonal,AB3,0.0,False,False,False,True,Ac
mp-aaabxjum,BeFeRh2,Be1-Fe1-Rh2,Be-Fe-Rh,Be;Fe;Rh,3,4,87.815,206.038,9.074986877697603,225,Cubic,ABC2,0.0,False,True,True,True,
mp-aaabxjuo,ScInRh2,In1-Rh2-Sc1,In-Rh-Sc,In;Rh;Sc,3,4,70.882,149.145,9.019253532466061,225,Cubic,ABC2,0.0,False,True,True,True,
mp-aaabxjus,TaTiRe2,Re2-Ta1-Ti1,Re-Ta-Ti,Re;Ta;Ti,3,4,116.994,257.421,15.710756326407015,225,Cubic,ABC2,0.0,False,True,True,True,
mp-aaabxjuv,Ca2TlCd,Ca2-Cd1-Tl1,Ca-Cd-Tl,Ca;Cd;Tl,3,4,19.163,32.155,5.678606110787909,225,Cubic,ABC2,0.0,False,True,True,True,
mp-aaabxjuw,ScMnRh2,Mn1-Rh2-Sc1,Mn-Rh-Sc,Mn;Rh;Sc,3,4,62.195,149.04,8.179650724461682,225,Cubic,ABC2,0.0,False,True,True,True,
mp-aaabxjuz,SmCdAg2,Ag2-Cd1-Sm1,Ag-Cd-Sm,Ag;Cd;Sm,3,4,8.012,67.735,8.86414680883013,225,Cubic,ABC2,0.0,False,True,True,True,
mp-aaabxjva,Ca2ZnRh,Ca2-Rh1-Zn1,Ca-Rh-Zn,Ca;Rh;Zn,3,4,21.138,48.691,4.623336231262788,225,Cubic,ABC2,0.02117505034722278,False,True,True,True,
mp-aaabxjvf,Sm2IrRu,Ir1-Ru1-Sm2,Ir-Ru-Sm,Ir;Ru;Sm,3,4,41.151,114.186,11.602511636922388,225,Cubic,ABC2,0.08871150750000112,False,True,True,True,
mp-aaabxjvh,SmYMg2,Mg2-Sm1-Y1,Mg-Sm-Y,Mg;Sm;Y,3,4,21.373,40.002,4.27427271577262,225,Cubic,ABC2,0.0,False,True,True,True,
mp-aaabxjvi,SmMgAg2,Ag2-Mg1-Sm1,Ag-Mg-Sm,Ag;Mg;Sm,3,4,6.665,62.849,7.216832374836215,225,Cubic,ABC2,0.0,False,True,True,True,
mp-aaabxjvj,SmCu4Ag,Ag1-Cu4-Sm1,Ag-Cu-Sm,Ag;Cu;Sm,3,6,31.012,100.508,8.991041003313555,216,Cubic,ABC4,0.0,False,True,True,True,
mp-aaabxjvo,Sm2AgIr,Ag1-Ir1-Sm2,Ag-Ir-Sm,Ag;Ir;Sm,3,4,25.511,89.778,10.74920629903676,225,Cubic,ABC2,0.03240154816441532,False,True,True,True,
mp-aaabxjvp,Sm2AgRu,Ag1-Ru1-Sm2,Ag-Ru-Sm,Ag;Ru;Sm,3,4,27.293,83.326,9.190546945636875,225,Cubic,ABC2,0.0,False,True,True,True,
mp-aaabxjvq,SmAl3,Al3-Sm1,Al-Sm,Al;Sm,2,8,43.821,68.731,4.6593030911332765,194,Hexagonal,AB3,0.0,False,True,True,True,
mp-aaabxjvs,LiCdAg2,Ag2-Cd1-Li1,Ag-Cd-Li,Ag;Cd;Li,3,4,8.994,58.234,7.625138743251653,225,Cubic,ABC2,0.01247786624999847,False,True,True,True,
mp-aaabxjvt,LiTm2Al,Al1-Li1-Tm2,Al-Li-Tm,Al;Li;Tm,3,4,35.568,53.804,6.654917083779421,225,Cubic,ABC2,0.0,False,True,True,True,
mp-aaabxjvu,BeVRu2,Be1-Ru2-V1,Be-Ru-V,Be;Ru;V,3,4,90.582,241.663,8.773307169227465,225,Cubic,ABC2,0.0,False,True,True,True,
mp-aaabxjvw,SmTlAg2,Ag2-Sm1-Tl1,Ag-Sm-Tl,Ag;Sm;Tl,3,4,19.196,65.15,10.311443206215689,225,Cubic,ABC2,0.015820380723042593,False,True,True,True,
mp-aaabxjvz,SmHg3,Hg3-Sm1,Hg-Sm,Hg;Sm,2,8,21.074,57.544,12.466927336110015,194,Hexagonal,AB3,0.0,False,False,False,True,Hg
mp-aaabxjwb,ScTlRh2,Rh2-Sc1-Tl1,Rh-Sc-Tl,Rh;Sc;Tl,3,4,59.512,143.099,10.909979522819091,225,Cubic,ABC2,0.0,False,True,True,True,
mp-aaabxjwc,SmCdAu2,Au2-Cd1-Sm1,Au-Cd-Sm,Au;Cd;Sm,3,4,7.809,82.573,12.262230291338218,225,Cubic,ABC2,0.0,False,True,True,True,
mp-aaabxjwh,Sm2CuIr,Cu1-Ir1-Sm2,Cu-Ir-Sm,Cu;Ir;Sm,3,4,30.369,89.382,10.569791594601545,225,Cubic,ABC2,0.043416417638887594,False,True,True,True,
mp-aaabxjwo,Sm2MgAl,Al1-Mg1-Sm2,Al-Mg-Sm,Al;Mg;Sm,3,4,30.872,50.087,5.535211804739549,225,Cubic,ABC2,0.0,False,True,True,True,
mp-aaabxjwp,Sm2CuRu,Cu1-Ru1-Sm2,Cu-Ru-Sm,Cu;Ru;Sm,3,4,32.134,84.831,8.951911078488395,225,Cubic,ABC2,0.013692500781250061,False,True,True,True,
mp-aaabxjwq,ScZnCu2,Cu2-Sc1-Zn1,Cu-Sc-Zn,Cu;Sc;Zn,3,4,28.575,99.218,6.590283540508478,225,Cubic,ABC2,0.0,False,True,True,True,
mp-aaabxjwr,ScTaRu2,Ru2-Sc1-Ta1,Ru-Sc-Ta,Ru;Sc;Ta,3,4,102.073,204.892,10.993329105371622,225,Cubic,ABC2,0.0,False,True,True,True,
mp-aaabxjwt,Sm2IrRh,Ir1-Rh1-Sm2,Ir-Rh-Sm,Ir;Rh;Sm,3,4,24.382,110.279,11.489986199519771,225,Cubic,ABC2,0.0,False,True,True,True,
mp-aaabxjwv,ScTaTc2,Sc1-Ta1-Tc2,Sc-Ta-Tc,Sc;Ta;Tc,3,4,73.091,194.629,10.603507732137519,225,Cubic,ABC2,0.03792005031250234,False,True,False,True,
mp-aaabxjwy,AlGeRu2,Al1-Ge1-Ru2,Al-Ge-Ru,Al;Ge;Ru,3,4,94.027,214.114,9.14927732189598,225,Cubic,ABC2,0.0,False,True,True,True,
mp-aaabxjxc,LaBiAu2,Au2-Bi1-La1,Au-Bi-La,Au;Bi;La,3,4,12.425,73.505,12.17529060094303,225,Cubic,ABC2,0.03769158318694199,False,True,True,True,
mp-aaabxjxd,ScCdRh2,Cd1-Rh2-Sc1,Cd-Rh-Sc,Cd;Rh;Sc,3,4,50.956,139.152,8.940632815517564,225,Cubic,ABC2,0.0,False,True,True,True,
mp-aaabxjxf,ScCdPd2,Cd1-Pd2-Sc1,Cd-Pd-Sc,Cd;Pd;Sc,3,4,22.942,113.454,8.630649793487622,225,Cubic,ABC2,0.0,False,True,True,True,
mp-aaabxjxj,ScGaCo2,Co2-Ga1-Sc1,Co-Ga-Sc,Co;Ga;Sc,3,4,87.694,149.332,7.263068330317368,225,Cubic,ABC2,0.021061685892858506,False,False,False,True,Ga
mp-aaabxjxk,ScGaIr2,Ga1-Ir2-Sc1,Ga-Ir-Sc,Ga;Ir;Sc,3,4,94.927,192.627,13.45884682508034,225,Cubic,ABC2,0.0,False,False,False,True,Ga
mp-aaabxjxl,CuGeRh2,Cu1-Ge1-Rh2,Cu-Ge-Rh,Cu;Ge;Rh,3,4,66.761,199.92,10.470245893545341,225,Cubic,ABC2,0.0,False,True,True,True,
mp-aaabxjxn,ErNbRu2,Er1-Nb1-Ru2,Er-Nb-Ru,Er;Nb;Ru,3,4,70.762,177.241,11.01598987291363,225,Cubic,ABC2,0.0,False,False,False,True,Nb
mp-aaabxjxp,Sm2ZnRu,Ru1-Sm2-Zn1,Ru-Sm-Zn,Ru;Sm;Zn,3,4,24.579,81.483,8.653235027785655,225,Cubic,ABC2,0.023532666249997725,False,True,True,True,
mp-aaabxjxq,ScAlRh2,Al1-Rh2-Sc1,Al-Rh-Sc,Al;Rh;Sc,3,4,82.681,163.077,7.596267119967254,225,Cubic,ABC2,0.0,False,True,True,True,
mp-aaabxjxs,LiCdPd2,Cd1-Li1-Pd2,Cd-Li-Pd,Cd;Li;Pd,3,4,30.879,93.448,8.574470330905863,225,Cubic,ABC2,0.0,False,True,True,True,
mp-aaabxjxt,SrAcHg2,Ac1-Hg2-Sr1,Ac-Hg-Sr,Ac;Hg;Sr,3,4,18.913,37.418,9.068158037302883,225,Cubic,ABC2,0.0,False,False,False,True,Ac;Hg
mp-aaabxjxv,LiVIr2,Ir2-Li1-V1,Ir-Li-V,Ir;Li;V,3,4,108.216,223.046,14.079964478023067,225,Cubic,ABC2,0.0,False,True,True,True,
mp-aaabxjxw,ScGaRh2,Ga1-Rh2-Sc1,Ga-Rh-Sc,Ga;Rh;Sc,3,4,75.808,163.021,8.721662764571676,225,Cubic,ABC2,0.0,False,False,False,True,Ga
mp-aaabxjya,Sm2MgGe2,Ge2-Mg1-Sm2,Ge-Mg-Sm,Ge;Mg;Sm,3,10,50.773,68.5,6.554491042452134,127,Tetragonal,AB2C2,0.0,False,True,True,True,
mp-aaabxjzu,SmInRh2,In1-Rh2-Sm1,In-Rh-Sm,In;Rh;Sm,3,4,38.283,121.874,10.233448528098286,225,Cubic,ABC2,0.0,False,True,True,True,
mp-aaabxjzv,LaInHg2,Hg2-In1-La1,Hg-In-La,Hg;In;La,3,4,11.561,52.025,10.205410097248562,225,Cubic,ABC2,0.0,False,False,False,True,Hg
mp-aaabxkab,SmPbAu2,Au2-Pb1-Sm1,Au-Pb-Sm,Au;Pb;Sm,3,4,18.567,77.954,13.133582647420557,225,Cubic,ABC2,0.0,False,True,True,True,
mp-aaaccfde,NaSnSb,Na1-Sb1-Sn1,Na-Sb-Sn,Na;Sb;Sn,3,6,13.031,22.663,4.447049797168481,186,Hexagonal,ABC,0.0,False,True,True,True,
mp-aaaccsoj,LiAlGe,Al1-Ge1-Li1,Al-Ge-Li,Al;Ge;Li,3,3,4.5600000000000005,48.554,3.46953717776191,216,Cubic,ABC,0.3403994533333341,False,True,True,True,
mp-aaaccsoq,ZrFeSb,Fe1-Sb1-Zr1,Fe-Sb-Zr,Fe;Sb;Zr,3,3,67.211,119.495,7.585618999654472,216,Cubic,ABC,0.03950998916666304,False,True,True,True,
mp-aaaccsou,VFeTe,Fe1-Te1-V1,Fe-Te-V,Fe;Te;V,3,3,53.837,134.14,7.855439167569146,216,Cubic,ABC,0.16760904172222357,False,False,False,True,Te
mp-aaaccspc,VSnPd,Pd1-Sn1-V1,Pd-Sn-V,Pd;Sn;V,3,3,31.185,120.16,7.861397734410487,216,Cubic,ABC,0.2886810008333356,False,True,True,True,
mp-aaaccspg,AlVPt,Al1-Pt1-V1,Al-Pt-V,Al;Pt;V,3,3,27.745,139.456,8.974562451425042,216,Cubic,ABC,0.6046053022222262,False,True,True,True,
mp-aaaccspm,VGePt,Ge1-Pt1-V1,Ge-Pt-V,Ge;Pt;V,3,3,3.848,145.001,10.309555763044076,216,Cubic,ABC,0.3270285683333327,False,True,True,True,
mp-aaaccsqa,VGaPt,Ga1-Pt1-V1,Ga-Pt-V,Ga;Pt;V,3,3,15.44,136.177,10.284677003423253,216,Cubic,ABC,0.39998383333333454,False,False,False,True,Ga
mp-aaaccsrc,VSnPt,Pt1-Sn1-V1,Pt-Sn-V,Pt;Sn;V,3,3,40.965,137.912,10.294422384920997,216,Cubic,ABC,0.17335847166666785,False,True,True,True,
mp-aaaccsrl,CrGeRh,Cr1-Ge1-Rh1,Cr-Ge-Rh,Cr;Ge;Rh,3,3,8.741,118.263,7.651004468404811,216,Cubic,ABC,0.3599239499999989,False,False,False,True,Cr
mp-aaacctep,BaNaSn,Ba1-Na1-Sn1,Ba-Na-Sn,Ba;Na;Sn,3,3,3.472,18.381,4.076919854460189,216,Cubic,ABC,0.2916173378735629,False,True,True,True,
mp-aaaccteq,CaMgSn,Ca1-Mg1-Sn1,Ca-Mg-Sn,Ca;Mg;Sn,3,3,17.467,33.364,3.4982093158067222,216,Cubic,ABC,0.25602086500000043,False,True,True,True,
mp-aaacdhjx,FeSb3,Fe1-Sb3,Fe-Sb,Fe;Sb,2,16,47.232,100.502,7.22736229183918,204,Cubic,AB3,0.0,False,True,True,True,
mp-aaacdhle,YbNdCd2,Cd2-Nd1-Yb1,Cd-Nd-Yb,Cd;Nd;Yb,3,4,21.937,42.101,8.008013951389914,225,Cubic,ABC2,0.009851085000001092,False,True,True,True,
mp-aaacdhlf,V3Ag,Ag1-V3,Ag-V,Ag;V,2,4,28.888,159.817,7.399936040785644,221,Cubic,AB3,0.37058322333333216,False,True,True,True,
mp-aaacdhlh,Tm2MgTl,Mg1-Tl1-Tm2,Mg-Tl-Tm,Mg;Tl;Tm,3,4,19.59,51.653,9.013725379213891,225,Cubic,ABC2,0.025296336249998497,False,True,True,True,
mp-aaacdhmo,ZnCuNi2,Cu1-Ni2-Zn1,Cu-Ni-Zn,Cu;Ni;Zn,3,4,56.716,155.672,8.712532442979903,225,Cubic,ABC2,0.007258229999999699,False,True,True,True,
mp-aaacdhmp,ZnCuPt2,Cu1-Pt2-Zn1,Cu-Pt-Zn,Cu;Pt;Zn,3,4,55.834,183.726,15.17325510633607,225,Cubic,ABC2,0.0023948674999978437,False,True,True,True,
mp-aaacdhmu,ZnCo3,Co3-Zn1,Co-Zn,Co;Zn,2,4,51.41,183.266,8.693253781766211,225,Cubic,AB3,0.07570645852272762,False,True,True,True,
mp-aaacdhnc,ZnCr3,Cr3-Zn1,Cr-Zn,Cr;Zn,2,4,71.217,108.873,6.952734130523913,225,Cubic,AB3,0.23313614000000094,False,False,False,True,Cr
mp-aaacdhnd,ZnGe3,Ge3-Zn1,Ge-Zn,Ge;Zn,2,4,5.969,61.403,6.285351610217392,221,Cubic,AB3,0.26886964124999935,False,True,True,True,
mp-aaacdhod,ZnRh3,Rh3-Zn1,Rh-Zn,Rh;Zn,2,4,91.273,209.272,10.975447544633354,139,Tetragonal,AB3,0.01551501249999987,False,True,True,True,
mp-aaacdhox,DyYHg2,Dy1-Hg2-Y1,Dy-Hg-Y,Dy;Hg;Y,3,4,27.672,66.15,10.427490461465043,225,Cubic,ABC2,0.0,False,False,False,True,Hg
mp-aaacdhpb,ZnHg3,Hg3-Zn1,Hg-Zn,Hg;Zn,2,4,3.365,21.227,11.48041782902603,221,Cubic,AB3,0.12809470874999818,False,False,False,True,Hg
mp-aaacdhqi,Zn2NiIr,Ir1-Ni1-Zn2,Ir-Ni-Zn,Ir;Ni;Zn,3,4,56.286,176.569,11.98797238850082,225,Cubic,ABC2,0.007683492500000888,False,True,True,True,
mp-aaacdhsl,Zn2PdAu,Au1-Pd1-Zn2,Au-Pd-Zn,Au;Pd;Zn,3,4,18.995,128.444,11.729027302139752,225,Cubic,ABC2,0.007885327500000372,False,True,True,True,
mp-aaacdhto,TmMg3,Mg3-Tm1,Mg-Tm,Mg;Tm,2,8,20.14,40.818,4.077509327144824,194,Hexagonal,AB3,0.009440907321430103,False,True,True,True,
mp-aaacdhtq,DyYAl2,Al2-Dy1-Y1,Al-Dy-Y,Al;Dy;Y,3,4,36.907,65.046,5.4266828892242405,225,Cubic,ABC2,0.042303950535718116,False,True,True,True,
mp-aaacdhts,DyYAg2,Ag2-Dy1-Y1,Ag-Dy-Y,Ag;Dy;Y,3,4,33.808,67.395,7.999792879804491,225,Cubic,ABC2,0.0001222675000001061,False,True,True,True,
mp-aaacdhub,YZr,Y1-Zr1,Y-Zr,Y;Zr,2,2,36.189,62.206,5.460581090195444,187,Hexagonal,AB,0.11260126166666495,False,True,True,True,
mp-aaacdhut,Zr3Pt,Pt1-Zr3,Pt-Zr,Pt;Zr,2,4,16.539,128.477,9.475166871741425,221,Cubic,AB3,0.12437268499999732,False,True,True,True,
mp-aaacdhvv,Tm2ZnAg,Ag1-Tm2-Zn1,Ag-Tm-Zn,Ag;Tm;Zn,3,4,31.805,68.975,9.395605473667283,225,Cubic,ABC2,0.005480029999997527,False,True,True,True,
mp-aaacdhwb,TbAlCu2,Al1-Cu2-Tb1,Al-Cu-Tb,Al;Cu;Tb,3,4,23.388,92.528,7.632287296554135,225,Cubic,ABC2,0.028690801874997618,False,True,True,True,
mp-aaacdhyg,Zn3Cu,Cu1-Zn3,Cu-Zn,Cu;Zn,2,8,63.909,92.401,7.777003956558761,194,Hexagonal,AB3,0.0,False,True,True,True,
mp-aaacdhyi,YbTh3,Th3-Yb1,Th-Yb,Th;Yb,2,4,31.315,44.763,11.1133164013597,221,Cubic,AB3,0.03724859125000535,False,True,True,True,
mp-aaacdhym,Zn6Mo,Mo1-Zn6,Mo-Zn,Mo;Zn,2,7,48.313,91.897,7.033026166987661,225,Cubic,AB6,0.0,False,True,True,True,
mp-aaacdhza,YbTmHg2,Hg2-Tm1-Yb1,Hg-Tm-Yb,Hg;Tm;Yb,3,4,25.438,53.312,12.138244876315724,225,Cubic,ABC2,0.0,False,False,False,True,Hg
mp-aaacdhzh,Ti3Ga,Ga1-Ti3,Ga-Ti,Ga;Ti,2,4,64.387,116.433,5.394927954151293,139,Tetragonal,AB3,0.012396137499999682,False,False,False,True,Ga
mp-aaacdhzj,V3Mo,Mo1-V3,Mo-V,Mo;V,2,4,36.67,203.583,7.360069506377138,225,Cubic,AB3,0.0,False,True,True,True,
mp-aaacdiaa,Zr3Zn,Zn1-Zr3,Zn-Zr,Zn;Zr,2,4,40.008,94.083,6.7509980244070364,139,Tetragonal,AB3,0.04093808500000051,False,True,True,True,
mp-aaacdial,YbMg3,Mg3-Yb1,Mg-Yb,Mg;Yb,2,8,11.895,28.79,3.798456376249509,194,Hexagonal,AB3,0.010675103749999693,False,True,True,True,
mp-aaacdibf,SrCaTl2,Ca1-Sr1-Tl2,Ca-Sr-Tl,Ca;Sr;Tl,3,4,16.901,28.313,6.886724061271265,225,Cubic,ABC2,0.009532575000001486,False,True,True,True,
mp-aaacdicq,TbY3,Tb1-Y3,Tb-Y,Tb;Y,2,4,23.922,39.722,5.470185669965287,221,Cubic,AB3,0.07852532999999795,False,True,True,True,
mp-aaacdido,YbMgIn2,In2-Mg1-Yb1,In-Mg-Yb,In;Mg;Yb,3,4,17.921,37.737,7.034186367263478,225,Cubic,ABC2,0.04615874083334148,False,True,True,True,
mp-aaacdidt,Tl3Hg,Hg1-Tl3,Hg-Tl,Hg;Tl,2,4,8.347,26.92,11.211962616331038,221,Cubic,AB3,0.027282111666664832,False,False,False,True,Hg
mp-aaacdiek,TcAs3,As3-Tc1,As-Tc,As;Tc,2,4,40.429,130.278,8.070284599126751,139,Tetragonal,AB3,0.5796727312499996,False,False,False,True,As
mp-aaacdien,V2MoOs,Mo1-Os1-V2,Mo-Os-V,Mo;Os;V,3,4,116.67,263.582,11.421290280944017,225,Cubic,ABC2,0.0,False,True,True,True,
mp-aaacdier,Ta2TcW,Ta2-Tc1-W1,Ta-Tc-W,Ta;Tc;W,3,4,104.672,250.356,16.01754964270039,225,Cubic,ABC2,0.014745202142854907,False,True,False,True,
mp-aaacdiez,Ti2CuTc,Cu1-Tc1-Ti2,Cu-Tc-Ti,Cu;Tc;Ti,3,4,52.288,167.17,7.218700674611809,225,Cubic,ABC2,0.002355828749998068,False,True,False,True,
mp-aaacdifc,TiPt3,Pt3-Ti1,Pt-Ti,Pt;Ti,2,8,90.295,233.898,17.025996617589445,194,Hexagonal,AB3,0.01377564321428082,False,True,True,True,
mp-aaacdifk,Zr3As2,As2-Zr3,As-Zr,As;Zr,2,20,62.953,125.408,6.882188129802454,62,Orthorhombic,A2B3,0.0,False,False,False,True,As
mp-aaacdifu,Ti2VIr,Ir1-Ti2-V1,Ir-Ti-V,Ir;Ti;V,3,4,84.534,179.691,9.342679721097678,225,Cubic,ABC2,0.0,False,True,True,True,
mp-aaacdifx,Ti2ReTc,Re1-Tc1-Ti2,Re-Tc-Ti,Re;Tc;Ti,3,4,83.786,217.331,10.432786810317259,225,Cubic,ABC2,0.0,False,True,False,True,
mp-aaacdiga,Tm2ZnGa,Ga1-Tm2-Zn1,Ga-Tm-Zn,Ga;Tm;Zn,3,4,41.351,68.836,8.997542547616558,225,Cubic,ABC2,0.025892467187500046,False,False,False,True,Ga
mp-aaacdign,LaTb3,La1-Tb3,La-Tb,La;Tb,2,8,19.382,34.964,7.561324760862899,194,Hexagonal,AB3,0.01655439749999843,False,True,True,True,
mp-aaacdihe,Tm2ZnHg,Hg1-Tm2-Zn1,Hg-Tm-Zn,Hg;Tm;Zn,3,4,32.424,68.285,10.653143551451867,225,Cubic,ABC2,0.013091164999998739,False,False,False,True,Hg
mp-aaacdihf,Ti2ReRu,Re1-Ru1-Ti2,Re-Ru-Ti,Re;Ru;Ti,3,4,93.59,219.69,10.621799825654799,225,Cubic,ABC2,0.008236759999999066,False,True,True,True,
mp-aaacdijb,TaNbTc2,Nb1-Ta1-Tc2,Nb-Ta-Tc,Nb;Ta;Tc,3,4,123.911,251.053,11.972307592754978,225,Cubic,ABC2,0.0,False,False,False,True,Nb
mp-aaacdije,TcPt3,Pt3-Tc1,Pt-Tc,Pt;Tc,2,4,134.934,261.344,18.54301517735911,139,Tetragonal,AB3,0.0,False,True,False,True,
mp-aaacdijp,Ti2IrW,Ir1-Ti2-W1,Ir-Ti-W,Ir;Ti;W,3,4,92.111,216.082,12.73057037444565,225,Cubic,ABC2,0.0,False,True,True,True,
mp-aaacdike,YbMg,Mg1-Yb1,Mg-Yb,Mg;Yb,2,2,13.027,24.014,5.330846352552937,221,Cubic,AB,0.0,False,True,True,True,
mp-aaacdikf,U3Pa,Pa1-U3,Pa-U,Pa;U,2,4,34.507,96.534,18.26648967196359,139,Tetragonal,AB3,0.21689532999999983,False,False,False,True,Pa
mp-aaacdikw,Yb2InHg,Hg1-In1-Yb2,Hg-In-Yb,Hg;In;Yb,3,4,18.49,36.324,10.062233164892053,225,Cubic,ABC2,0.007314125000000615,False,False,False,True,Hg
mp-aaacdilw,Ti2MnRe,Mn1-Re1-Ti2,Mn-Re-Ti,Mn;Re;Ti,3,4,71.729,230.659,9.757641606874827,225,Cubic,ABC2,0.0228985784499951,False,True,True,True,
mp-aaacdimp,YErAl2,Al2-Er1-Y1,Al-Er-Y,Al;Er;Y,3,4,36.138,65.872,5.583679656612858,225,Cubic,ABC2,0.04241517571428233,False,True,True,True,
mp-aaacdimu,YErAg2,Ag2-Er1-Y1,Ag-Er-Y,Ag;Er;Y,3,4,35.034,68.674,8.190759458320375,225,Cubic,ABC2,0.0005878375000012426,False,True,True,True,
mp-aaacdiod,TmLuIn2,In2-Lu1-Tm1,In-Lu-Tm,In;Lu;Tm,3,4,15.051,57.35,9.296115711949724,225,Cubic,ABC2,0.011427070833327946,False,True,True,True,
mp-aaacdipq,SmMg3,Mg3-Sm1,Mg-Sm,Mg;Sm,2,8,17.395,38.754,3.587596678252128,194,Hexagonal,AB3,0.03094696625000104,False,True,True,True,
mp-aaacdiqa,Sm2AlZn,Al1-Sm2-Zn1,Al-Sm-Zn,Al;Sm;Zn,3,4,31.189,56.309,6.568929355281391,225,Cubic,ABC2,0.0146709390624995,False,True,True,True,
mp-aaacdiqh,Sm2AgSn,Ag1-Sm2-Sn1,Ag-Sm-Sn,Ag;Sm;Sn,3,4,21.731,62.377,8.115630581660811,225,Cubic,ABC2,0.02769060649774957,False,True,True,True,
mp-aaacdiqs,SmTmZn2,Sm1-Tm1-Zn2,Sm-Tm-Zn,Sm;Tm;Zn,3,4,27.032,58.598,8.107301404477875,225,Cubic,ABC2,0.008225664999997662,False,True,True,True,
mp-aaacdiqw,SmSnAu2,Au2-Sm1-Sn1,Au-Sm-Sn,Au;Sm;Sn,3,4,17.723,84.809,12.089545268716643,225,Cubic,ABC2,0.0,False,True,True,True,
mp-aaacdiqy,SmYAg2,Ag2-Sm1-Y1,Ag-Sm-Y,Ag;Sm;Y,3,4,27.002,63.294,7.537878753632086,225,Cubic,ABC2,0.0036848850000019695,False,True,True,True,
mp-aaacdira,Sm2AgRh,Ag1-Rh1-Sm2,Ag-Rh-Sm,Ag;Rh;Sm,3,4,21.569,79.206,9.06593047105808,225,Cubic,ABC2,0.024012994560808743,False,True,True,True,
mp-aaacdirg,Sm2TlAg,Ag1-Sm2-Tl1,Ag-Sm-Tl,Ag;Sm;Tl,3,4,18.836,57.182,9.226332117857247,225,Cubic,ABC2,0.0,False,True,True,True,
mp-aaacdirk,SmYZn2,Sm1-Y1-Zn2,Sm-Y-Zn,Sm;Y;Zn,3,4,27.058,59.049,6.507250810330515,225,Cubic,ABC2,0.0034751000000001753,False,True,True,True,
mp-aaacdirl,SmTmTl2,Sm1-Tl2-Tm1,Sm-Tl-Tm,Sm;Tl;Tm,3,4,15.513,52.625,10.856670280876363,225,Cubic,ABC2,0.0,False,True,True,True,
mp-aaacdirt,SmLu3,Lu3-Sm1,Lu-Sm,Lu;Sm,2,8,28.525,43.336,9.123755841840904,194,Hexagonal,AB3,0.005403381250005168,False,True,True,True,
mp-aaacditt,SmLuMg2,Lu1-Mg2-Sm1,Lu-Mg-Sm,Lu;Mg;Sm,3,4,22.235,40.91,5.707861170920239,225,Cubic,ABC2,0.002833552083333135,False,True,True,True,
mp-aaacdiup,SmHgAu2,Au2-Hg1-Sm1,Au-Hg-Sm,Au;Hg;Sm,3,4,11.832,83.971,13.805060711255637,225,Cubic,ABC2,0.0,False,False,False,True,Hg
mp-aaacdivb,SmErHg2,Er1-Hg2-Sm1,Er-Hg-Sm,Er;Hg;Sm,3,4,21.019,62.653,11.289287260675426,225,Cubic,ABC2,0.0,False,False,False,True,Hg
mp-aaacdivg,SmDyZn2,Dy1-Sm1-Zn2,Dy-Sm-Zn,Dy;Sm;Zn,3,4,27.83,57.307,7.855376421487582,225,Cubic,ABC2,0.003719167499999898,False,True,True,True,
mp-aaacdivt,SmHoTl2,Ho1-Sm1-Tl2,Ho-Sm-Tl,Ho;Sm;Tl,3,4,15.194,52.516,10.723922534679387,225,Cubic,ABC2,0.0,False,True,True,True,
mp-aaacdiwu,Sm(AgGe)2,Ag2-Ge2-Sm1,Ag-Ge-Sm,Ag;Ge;Sm,3,5,41.54,83.302,8.275273795690996,139,Tetragonal,AB2C2,0.0017604871111123188,False,True,True,True,
mp-aaacdixg,SnPb,Pb1-Sn1,Pb-Sn,Pb;Sn,2,2,14.712,44.231,9.028799778360401,187,Hexagonal,AB,0.1431317349999972,False,True,True,True,
mp-aaacdjdt,Sc2TlTc,Sc2-Tc1-Tl1,Sc-Tc-Tl,Sc;Tc;Tl,3,4,32.002,103.541,8.246523903838805,225,Cubic,ABC2,0.034164898020832446,False,True,False,True,
mp-aaacdjdy,Sc2PdAu,Au1-Pd1-Sc2,Au-Pd-Sc,Au;Pd;Sc,3,4,28.725,107.16,8.557768322822321,225,Cubic,ABC2,0.008915302500000166,False,True,True,True,
mp-aaacdjeb,Sc2GaPt,Ga1-Pt1-Sc2,Ga-Pt-Sc,Ga;Pt;Sc,3,4,36.88,107.133,7.920993202361917,225,Cubic,ABC2,0.005126592500000804,False,False,False,True,Ga
mp-aaacdjei,Sc3Cd,Cd1-Sc3,Cd-Sc,Cd;Sc,2,8,34.349,59.118,4.4204129781652295,194,Hexagonal,AB3,0.005746059999999886,False,True,True,True,
mp-aaacdjej,Sc2AlIr,Al1-Ir1-Sc2,Al-Ir-Sc,Al;Ir;Sc,3,4,51.8,117.54,7.130537635775474,225,Cubic,ABC2,0.029382904668804777,False,True,True,True,
mp-aaacdjel,Sc2RuAu,Au1-Ru1-Sc2,Au-Ru-Sc,Au;Ru;Sc,3,4,30.673000000000002,125.306,8.900530760870323,225,Cubic,ABC2,0.0,False,True,True,True,
mp-aaacdjeo,Sc2CdAg,Ag1-Cd1-Sc2,Ag-Cd-Sc,Ag;Cd;Sc,3,4,31.094,72.853,6.023669248742864,225,Cubic,ABC2,0.010521727500002243,False,True,True,True,
mp-aaacdjeq,Sc2AlCu,Al1-Cu1-Sc2,Al-Cu-Sc,Al;Cu;Sc,3,4,38.357,81.231,3.9911803222696323,225,Cubic,ABC2,0.021006542500000336,False,True,True,True,
mp-aaacdjfb,ScAu3,Au3-Sc1,Au-Sc,Au;Sc,2,8,29.776,116.515,14.133897112512546,194,Hexagonal,AB3,0.06656842499999982,False,True,True,True,
mp-aaacdjfe,Sc2GaAu,Au1-Ga1-Sc2,Au-Ga-Sc,Au;Ga;Sc,3,4,35.177,90.144,7.522861703624283,225,Cubic,ABC2,0.023590276249997544,False,False,False,True,Ga
mp-aaacdjff,Sc2GaIr,Ga1-Ir1-Sc2,Ga-Ir-Sc,Ga;Ir;Sc,3,4,47.121,118.555,8.165779611835246,225,Cubic,ABC2,0.025148502500000447,False,False,False,True,Ga
mp-aaacdjfn,Sc2AlAg,Ag1-Al1-Sc2,Ag-Al-Sc,Ag;Al;Sc,3,4,34.736,78.735,4.600119778737995,225,Cubic,ABC2,0.0,False,True,True,True,
mp-aaacdjfo,La3Dy,Dy1-La3,Dy-La,Dy;La,2,4,15.277,29.518,6.74514773490482,139,Tetragonal,AB3,0.03004708250000121,False,True,True,True,
mp-aaacdjfs,La3Er,Er1-La3,Er-La,Er;La,2,4,16.724,29.595,6.8525360912246605,139,Tetragonal,AB3,0.03469065791666637,False,True,True,True,
mp-aaacdjfu,Sc2AlCd,Al1-Cd1-Sc2,Al-Cd-Sc,Al;Cd;Sc,3,4,37.11,72.984,4.544616527606184,225,Cubic,ABC2,0.007978842500001804,False,True,True,True,
mp-aaacdjgf,ScZn2Au,Au1-Sc1-Zn2,Au-Sc-Zn,Au;Sc;Zn,3,4,37.129,98.751,9.267737926150627,225,Cubic,ABC2,0.019625049791667237,False,True,True,True,
mp-aaacdjgv,NaBi3,Bi3-Na1,Bi-Na,Bi;Na,2,8,11.214,32.912,8.726178543542998,194,Hexagonal,AB3,0.09552020124999672,False,True,True,True,
mp-aaacdjgz,HoErAg2,Ag2-Er1-Ho1,Ag-Er-Ho,Ag;Er;Ho,3,4,35.826,69.968,9.61949549222383,225,Cubic,ABC2,0.006121307500000839,False,True,True,True,
mp-aaacdjhd,LaSmZn2,La1-Sm1-Zn2,La-Sm-Zn,La;Sm;Zn,3,4,26.851,49.862,6.851645178938671,225,Cubic,ABC2,0.007090907499998522,False,True,True,True,
mp-aaacdjhi,MgCd2,Cd2-Mg1,Cd-Mg,Cd;Mg,2,6,4.888,42.98,6.225082912358775,189,Hexagonal,AB2,0.05262193222222211,False,True,True,True,
mp-aaacdjhl,ScTiRu2,Ru2-Sc1-Ti1,Ru-Sc-Ti,Ru;Sc;Ti,3,4,77.929,177.267,7.871138054844871,225,Cubic,ABC2,0.0,False,True,True,True,
mp-aaacdjho,La2IrAu,Au1-Ir1-La2,Au-Ir-La,Au;Ir;La,3,4,12.239,86.527,11.05342805346053,225,Cubic,ABC2,0.0571087125000016,False,True,True,True,
mp-aaacdjhp,Sc2NiRh,Ni1-Rh1-Sc2,Ni-Rh-Sc,Ni;Rh;Sc,3,4,40.973,118.07,6.307743540502304,225,Cubic,ABC2,0.02037354749999931,False,True,True,True,
mp-aaacdjhu,Sc2OsAu,Au1-Os1-Sc2,Au-Os-Sc,Au;Os;Sc,3,4,36.621,135.881,10.967422956682222,225,Cubic,ABC2,0.0031471114236119035,False,True,True,True,
mp-aaacdjim,HoErAl2,Al2-Er1-Ho1,Al-Er-Ho,Al;Er;Ho,3,4,36.47,67.462,7.025904917584178,225,Cubic,ABC2,0.02072918218750175,False,True,True,True,
mp-aaacdjjg,ScRu3,Ru3-Sc1,Ru-Sc,Ru;Sc,2,4,64.747,203.337,9.4712750632467,221,Cubic,AB3,0.24500875249999865,False,True,True,True,
mp-aaacdjjy,ScRu3,Ru3-Sc1,Ru-Sc,Ru;Sc,2,4,59.908,203.422,9.456385660119611,139,Tetragonal,AB3,0.24237717249999768,False,True,True,True,
mp-aaacdjka,La3Hf,Hf1-La3,Hf-La,Hf;La,2,4,21.816,40.645,7.711567486733834,221,Cubic,AB3,0.19807081124999826,False,True,True,True,
mp-aaacdjlg,Na2CdHg,Cd1-Hg1-Na2,Cd-Hg-Na,Cd;Hg;Na,3,4,7.485,17.144,5.558042338559255,225,Cubic,ABC2,0.011814057857141513,False,False,False,True,Hg
mp-aaacdjli,LiLu2Al,Al1-Li1-Lu2,Al-Li-Lu,Al;Li;Lu,3,4,35.495,54.59,7.027135429196214,225,Cubic,ABC2,0.004134654999997878,False,True,True,True,
mp-aaacdjlk,MgCr,Cr1-Mg1,Cr-Mg,Cr;Mg,2,2,33.265,57.229,3.448555774910329,221,Cubic,AB,0.5904662275000003,False,False,False,True,Cr
mp-aaacdjmm,MgInAg2,Ag2-In1-Mg1,Ag-In-Mg,Ag;In;Mg,3,4,19.238,68.284,7.571758481400633,225,Cubic,ABC2,0.0,False,True,True,True,
mp-aaacdjmq,ScCu3,Cu3-Sc1,Cu-Sc,Cu;Sc,2,4,39.197,103.118,6.785303528628996,139,Tetragonal,AB3,0.03170728749999974,False,True,True,True,
mp-aaacdjon,ScCdCu2,Cd1-Cu2-Sc1,Cd-Cu-Sc,Cd;Cu;Sc,3,4,37.258,90.97,7.136517064935625,225,Cubic,ABC2,0.0033742649999979335,False,True,True,True,
mp-aaacdjoo,ScZn2Pd,Pd1-Sc1-Zn2,Pd-Sc-Zn,Pd;Sc;Zn,3,4,33.304,104.061,7.315898498905573,225,Cubic,ABC2,0.02733567953125071,False,True,True,True,
mp-aaacdjop,ScZn3,Sc1-Zn3,Sc-Zn,Sc;Zn,2,4,38.927,78.798,6.149930036480788,225,Cubic,AB3,0.01924412249999996,False,True,True,True,
mp-aaacdjov,Mn3Al,Al1-Mn3,Al-Mn,Al;Mn,2,4,91.053,179.795,6.807593167587179,225,Cubic,AB3,0.06899594353448268,False,True,True,True,
mp-aaacdjoz,ScAlPt2,Al1-Pt2-Sc1,Al-Pt-Sc,Al;Pt;Sc,3,4,14.097,157.156,11.718544876601909,225,Cubic,ABC2,0.019959054374998786,False,True,True,True,
mp-aaacdjpm,NaCd3,Cd3-Na1,Cd-Na,Cd;Na,2,8,10.71,27.528,6.276814166690652,194,Hexagonal,AB3,0.002285523750000351,False,True,True,True,
mp-aaacdjpu,NaAg3,Ag3-Na1,Ag-Na,Ag;Na,2,4,21.232,52.516,7.450875391505543,139,Tetragonal,AB3,0.07214084708333246,False,True,True,True,
mp-aaacdjqb,Mn3Zn,Mn3-Zn1,Mn-Zn,Mn;Zn,2,4,65.253,199.466,8.14289677519284,139,Tetragonal,AB3,0.21583686471264407,False,True,True,True,
mp-aaacdjql,LiTl3,Li1-Tl3,Li-Tl,Li;Tl,2,4,7.189,26.317,9.42016137094001,221,Cubic,AB3,0.04103744249999863,False,True,True,True,
mp-aaacdjrx,ScNb,Nb1-Sc1,Nb-Sc,Nb;Sc,2,2,32.331,102.567,5.53204353447599,187,Hexagonal,AB,0.18642095250000068,False,False,False,True,Nb
mp-aaacdjsa,NdTm3,Nd1-Tm3,Nd-Tm,Nd;Tm,2,4,23.677,40.739,8.638293893458911,221,Cubic,AB3,0.04954279312499921,False,True,True,True,
mp-aaacdjss,KLa3,K1-La3,K-La,K;La,2,4,6.112,19.467,4.633575646037014,139,Tetragonal,AB3,0.42827477550000026,False,True,True,True,
mp-aaacdjsy,LaMgTl2,La1-Mg1-Tl2,La-Mg-Tl,La;Mg;Tl,3,4,15.15,44.465,8.427831013156373,225,Cubic,ABC2,0.016575830208334974,False,True,True,True,
mp-aaacdjti,Lu3Al,Al1-Lu3,Al-Lu,Al;Lu,2,8,33.866,53.348,9.090716608504401,194,Hexagonal,AB3,0.002837988750002296,False,True,True,True,
mp-aaacdjtm,Ho2RuAu,Au1-Ho2-Ru1,Au-Ho-Ru,Au;Ho;Ru,3,4,35.688,104.31,12.30410452673299,225,Cubic,ABC2,0.014462650703125135,False,True,True,True,
mp-aaacdjts,HoLuCd2,Cd2-Ho1-Lu1,Cd-Ho-Lu,Cd;Ho;Lu,3,4,28.768,59.674,9.215862632232264,225,Cubic,ABC2,0.005409427499998287,False,True,True,True,
mp-aaacdjuq,Lu3Ga,Ga1-Lu3,Ga-Lu,Ga;Lu,2,8,27.112,53.035,9.963722904313936,194,Hexagonal,AB3,0.10216128093750143,False,False,False,True,Ga
mp-aaacdjvg,NaLi3,Li3-Na1,Li-Na,Li;Na,2,8,5.99,11.571,0.7446722524751701,194,Hexagonal,AB3,0.04065985874999978,False,True,True,True,
mp-aaacdjvp,Li2MgGe,Ge1-Li2-Mg1,Ge-Li-Mg,Ge;Li;Mg,3,4,25.839,38.78,2.86130005955749,225,Cubic,ABC2,0.05123874500000003,False,True,True,True,
mp-aaacdjwg,SbRh3,Rh3-Sb1,Rh-Sb,Rh;Sb,2,4,100.722,205.763,11.431432253597608,221,Cubic,AB3,0.005245416250001966,False,True,True,True,
mp-aaacdjwh,Li2MgHg,Hg1-Li2-Mg1,Hg-Li-Mg,Hg;Li;Mg,3,4,18.917,30.915,5.451327450505401,225,Cubic,ABC2,0.02231218499999965,False,False,False,True,Hg
mp-aaacdjwr,SbPt3,Pt3-Sb1,Pt-Sb,Pt;Sb,2,4,26.833,178.413,16.979989620365423,225,Cubic,AB3,0.12348518750000181,False,True,True,True,
mp-aaacdjxm,LiMg2,Li1-Mg2,Li-Mg,Li;Mg,2,6,13.561,28.486,1.420025382117182,63,Orthorhombic,AB2,0.02857837166666677,False,True,True,True,
mp-aaacdjzb,LiLa3,La3-Li1,La-Li,La;Li,2,8,8.867,23.83,5.467256407670115,194,Hexagonal,AB3,0.14494223041666388,False,True,True,True,
mp-aaacdjzs,LuScRh2,Lu1-Rh2-Sc1,Lu-Rh-Sc,Lu;Rh;Sc,3,4,46.272,130.571,9.852225369512935,225,Cubic,ABC2,0.02521121000000104,False,True,True,True,
mp-aaacdkac,Lu2AgPt,Ag1-Lu2-Pt1,Ag-Lu-Pt,Ag;Lu;Pt,3,4,35.918,99.763,12.825985832949977,225,Cubic,ABC2,0.009948287187498295,False,True,True,True,
mp-aaacdkad,Hf2ReTc,Hf2-Re1-Tc1,Hf-Re-Tc,Hf;Re;Tc,3,4,79.557,199.747,15.167778247543703,225,Cubic,ABC2,0.027327045099999836,False,True,False,True,
mp-aaacdkag,K3W,K3-W1,K-W,K;W,2,4,2.93,8.076,2.6855755582524843,225,Cubic,AB3,1.50155492775,False,True,True,True,
mp-aaacdkap,LiMg2,Li1-Mg2,Li-Mg,Li;Mg,2,6,23.398,29.769,1.46219365685845,12,Monoclinic,AB2,0.010646323333333818,False,True,True,True,
mp-aaacdkaz,Ho3In,Ho3-In1,Ho-In,Ho;In,2,8,27.113,49.414,8.988146324553506,194,Hexagonal,AB3,0.01565317124999943,False,True,True,True,
mp-aaacdkdq,FeRe,Fe1-Re1,Fe-Re,Fe;Re,2,2,156.612,319.664,15.529544314862994,187,Hexagonal,AB,0.10490795041666345,False,True,True,True,
mp-aaacdkdu,Lu2AlZn,Al1-Lu2-Zn1,Al-Lu-Zn,Al;Lu;Zn,3,4,40.238,67.89,8.446312764432983,225,Cubic,ABC2,0.0181320643750027,False,True,True,True,
mp-aaacdkem,LuTh3,Lu1-Th3,Lu-Th,Lu;Th,2,4,34.157,51.667,11.418401953089877,221,Cubic,AB3,0.039404945833339866,False,True,True,True,
mp-aaacdker,LiCe2Ru,Ce2-Li1-Ru1,Ce-Li-Ru,Ce;Li;Ru,3,4,6.7,65.477,7.409568696089238,225,Cubic,ABC2,0.13503314652777743,False,False,False,True,Ce
mp-aaacdkeu,La2TlZn,La2-Tl1-Zn1,La-Tl-Zn,La;Tl;Zn,3,4,16.18,45.039,7.66484394398446,225,Cubic,ABC2,0.014424927499996798,False,True,True,True,
mp-aaacdkfc,La2TlHg,Hg1-La2-Tl1,Hg-La-Tl,Hg;La;Tl,3,4,17.844,48.249,9.10306433589718,225,Cubic,ABC2,0.0013906024999954525,False,False,False,True,Hg
mp-aaacdkgk,Nd2IrAu,Au1-Ir1-Nd2,Au-Ir-Nd,Au;Ir;Nd,3,4,24.25,92.21,11.75153531247615,225,Cubic,ABC2,0.058283607678569105,False,True,True,True,
mp-aaacdkgs,K3Sn,K3-Sn1,K-Sn,K;Sn,2,4,2.325,9.269,2.218611574916369,225,Cubic,AB3,0.1157761451249999,False,True,True,True,
mp-aaacdkho,Lu2ZnGa,Ga1-Lu2-Zn1,Ga-Lu-Zn,Ga;Lu;Zn,3,4,40.108,68.94,9.445173334565798,225,Cubic,ABC2,0.031897512812498974,False,False,False,True,Ga
mp-aaacdkhy,Lu2ZnHg,Hg1-Lu2-Zn1,Hg-Lu-Zn,Hg;Lu;Zn,3,4,32.936,70.073,11.115078330246329,225,Cubic,ABC2,0.012180250000000115,False,False,False,True,Hg
mp-aaacdkie,LuRu3,Lu1-Ru3,Lu-Ru,Lu;Ru,2,4,58.922,191.106,12.32517102636279,221,Cubic,AB3,0.3564366724999992,False,True,True,True,
mp-aaacdkif,Lu2ZnAg,Ag1-Lu2-Zn1,Ag-Lu-Zn,Ag;Lu;Zn,3,4,32.871,69.957,9.826157750503313,225,Cubic,ABC2,0.0,False,True,True,True,
mp-aaacdkjk,LuMg3,Lu1-Mg3,Lu-Mg,Lu;Mg,2,8,18.141,41.172,4.216577868316795,194,Hexagonal,AB3,0.014713240000000738,False,True,True,True,
mp-aaacdkjp,Ho3Lu,Ho3-Lu1,Ho-Lu,Ho;Lu,2,8,30.304,44.373,8.983287410154288,194,Hexagonal,AB3,0.002323482083333772,False,True,True,True,
mp-aaacdkli,Lu2InHg,Hg1-In1-Lu2,Hg-In-Lu,Hg;In;Lu,3,4,24.399,65.863,11.056427669852056,225,Cubic,ABC2,0.011971444999993253,False,False,False,True,Hg
mp-aaacdkly,LuTe2,Lu1-Te2,Lu-Te,Lu;Te,2,6,19.562,60.626,8.396012256190776,129,Tetragonal,AB2,0.09559990833333476,False,False,False,True,Te
mp-aaacdkmt,Lu2MgHg,Hg1-Lu2-Mg1,Hg-Lu-Mg,Hg;Lu;Mg,3,4,25.804,57.128,9.61047617797492,225,Cubic,ABC2,0.020433825000000017,False,False,False,True,Hg
mp-aaacdkpe,PdAu3,Au3-Pd1,Au-Pd,Au;Pd,2,4,22.521,143.059,16.61540439984078,221,Cubic,AB3,0.004613015000003884,False,True,True,True,
mp-aaacdkpl,LiHo2Al,Al1-Ho2-Li1,Al-Ho-Li,Al;Ho;Li,3,4,33.455,51.616,6.330659694787564,225,Cubic,ABC2,0.010715533333332417,False,True,True,True,
mp-aaacdkpr,La2ZnGa,Ga1-La2-Zn1,Ga-La-Zn,Ga;La;Zn,3,4,25.569,47.145,6.388607990373567,225,Cubic,ABC2,0.025233581875003352,False,False,False,True,Ga
mp-aaacdkqj,PaAl3,Al3-Pa1,Al-Pa,Al;Pa,2,4,66.056,93.654,6.486074671885115,221,Cubic,AB3,0.03944891749999968,False,False,False,True,Pa
mp-aaacdkqs,LiLa2Al,Al1-La2-Li1,Al-La-Li,Al;La;Li,3,4,21.112,36.572,4.618475962565104,225,Cubic,ABC2,0.02777335364583422,False,True,True,True,
mp-aaacdkrf,LaPrHg2,Hg2-La1-Pr1,Hg-La-Pr,Hg;La;Pr,3,4,17.531,51.146,9.56085736364021,225,Cubic,ABC2,0.0,False,False,False,True,Hg
mp-aaacdkri,HoHfRu2,Hf1-Ho1-Ru2,Hf-Ho-Ru,Hf;Ho;Ru,3,4,71.534,157.415,12.492205212259691,225,Cubic,ABC2,0.009657785703124588,False,True,True,True,
mp-aaacdkrl,Lu2TlHg,Hg1-Lu2-Tl1,Hg-Lu-Tl,Hg;Lu;Tl,3,4,21.382,63.57,12.389522572048346,225,Cubic,ABC2,0.006757544999995702,False,False,False,True,Hg
mp-aaacdkrm,LaNdZn2,La1-Nd1-Zn2,La-Nd-Zn,La;Nd;Zn,3,4,27.055,47.768,6.637382572074343,225,Cubic,ABC2,0.0018844900000001275,False,True,True,True,
mp-aaacdksc,PaAlCu2,Al1-Cu2-Pa1,Al-Cu-Pa,Al;Cu;Pa,3,4,27.647,112.124,9.219195801743304,225,Cubic,ABC2,0.0934581807142898,False,False,False,True,Pa
mp-aaacdktw,Lu2CdAg,Ag1-Cd1-Lu2,Ag-Cd-Lu,Ag;Cd;Lu,3,4,28.195,66.319,9.95601547951343,225,Cubic,ABC2,0.0,False,True,True,True,
mp-aaacdktx,La2ZnAg,Ag1-La2-Zn1,Ag-La-Zn,Ag;La;Zn,3,4,16.435,48.916,6.7953596153593505,225,Cubic,ABC2,0.014379089999998484,False,True,True,True,
mp-aaacdkut,LiFePd2,Fe1-Li1-Pd2,Fe-Li-Pd,Fe;Li;Pd,3,4,34.793,119.616,8.258846669576709,225,Cubic,ABC2,0.012542315833332651,False,True,True,True,
mp-aaacdkxz,HoScRu2,Ho1-Ru2-Sc1,Ho-Ru-Sc,Ho;Ru;Sc,3,4,51.077,130.162,9.507814623609692,225,Cubic,ABC2,0.014213198203124833,False,True,True,True,
mp-aaacdkyc,Nd3Sm,Nd3-Sm1,Nd-Sm,Nd;Sm,2,4,19.689,34.408,6.896607005807618,221,Cubic,AB3,0.024900389375002163,False,True,True,True,
mp-aaacdleb,HoErTl2,Er1-Ho1-Tl2,Er-Ho-Tl,Er;Ho;Tl,3,4,13.122,52.564,11.361474132220119,225,Cubic,ABC2,0.0,False,True,True,True,
mp-aaacdlfh,HoErZn2,Er1-Ho1-Zn2,Er-Ho-Zn,Er;Ho;Zn,3,4,30.971,62.845,8.600484619878406,225,Cubic,ABC2,0.0003772550000000763,False,True,True,True,
mp-aaacdlhy,Ho3Mg,Ho3-Mg1,Ho-Mg,Ho;Mg,2,8,25.844,41.03,7.386141356814983,194,Hexagonal,AB3,0.05358727750000192,False,True,True,True,
mp-aaacdlib,NdDy3,Dy3-Nd1,Dy-Nd,Dy;Nd,2,8,22.519,38.234,7.9707324636742065,194,Hexagonal,AB3,0.005072960625000178,False,True,True,True,
mp-aaacdlic,OsRu3,Os1-Ru3,Os-Ru,Os;Ru,2,8,215.629,331.196,14.600597698168812,194,Hexagonal,AB3,0.0,False,True,True,True,
mp-aaacdlil,RuRh3,Rh3-Ru1,Rh-Ru,Rh;Ru,2,4,166.99,265.771,12.002403444361843,221,Cubic,AB3,0.0347198320833364,False,True,True,True,
mp-aaacdlir,RuRh3,Rh3-Ru1,Rh-Ru,Rh;Ru,2,8,110.675,267.514,11.983171053084188,194,Hexagonal,AB3,0.04545359333333465,False,True,True,True,
mp-aaacdlji,Ir3Ru,Ir3-Ru1,Ir-Ru,Ir;Ru,2,4,226.427,337.871,19.54556622486043,139,Tetragonal,AB3,0.0,False,True,True,True,
mp-aaacdlju,PtRh3,Pt1-Rh3,Pt-Rh,Pt;Rh,2,4,132.714,252.972,14.318302563978774,221,Cubic,AB3,0.0019054425000000208,False,True,True,True,
mp-aaacdlkl,Nd2AgHg,Ag1-Hg1-Nd2,Ag-Hg-Nd,Ag;Hg;Nd,3,4,17.033,56.88,9.01080311671505,225,Cubic,ABC2,0.003556877499995892,False,False,False,True,Hg
mp-aaacdlkt,Pt3Rh,Pt3-Rh1,Pt-Rh,Pt;Rh,2,4,78.168,248.019,18.60863761981734,221,Cubic,AB3,0.01815076499999435,False,True,True,True,
mp-aaacdllj,Re3Tc,Re3-Tc1,Re-Tc,Re;Tc,2,8,170.331,348.896,18.22792807159262,194,Hexagonal,AB3,0.0051513925000037375,False,True,False,True,
mp-aaacdlln,Re3Pb,Pb1-Re3,Pb-Re,Pb;Re,2,4,26.112,244.499,18.776322024082557,225,Cubic,AB3,0.9921363037500015,False,True,True,True,
mp-aaacdllo,Re3W,Re3-W1,Re-W,Re;W,2,4,146.125,342.858,19.961549483718674,139,Tetragonal,AB3,0.12750222375000675,False,True,True,True,
mp-aaacdllp,Re3Sb,Re3-Sb1,Re-Sb,Re;Sb,2,4,53.395,259.398,17.290930580906615,225,Cubic,AB3,0.5845286912500001,False,True,True,True,
mp-aaacdllt,IrRu,Ir1-Ru1,Ir-Ru,Ir;Ru,2,2,156.327,329.122,17.087992658447785,187,Hexagonal,AB,0.01739469666666338,False,True,True,True,
mp-aaacdlmc,Re3Ir,Ir1-Re3,Ir-Re,Ir;Re,2,4,218.264,366.016,20.917421098479476,139,Tetragonal,AB3,0.01332998000000174,False,True,True,True,
mp-aaacdlnb,Re3Ru,Re3-Ru1,Re-Ru,Re;Ru,2,4,193.1,352.99,18.54747616945684,44,Orthorhombic,AB3,0.0,False,True,True,True,
mp-aaacdlpl,NdErMg2,Er1-Mg2-Nd1,Er-Mg-Nd,Er;Mg;Nd,3,4,22.854,40.097,5.349275165840015,225,Cubic,ABC2,0.00027753750000059085,False,True,True,True,
mp-aaacdlpr,NdErTl2,Er1-Nd1-Tl2,Er-Nd-Tl,Er;Nd;Tl,3,4,14.981,51.522,10.51121671637163,225,Cubic,ABC2,0.0031136925000003757,False,True,True,True,
mp-aaacdlpv,NdSmZn2,Nd1-Sm1-Zn2,Nd-Sm-Zn,Nd;Sm;Zn,3,4,28.981,53.007,7.175280441930013,225,Cubic,ABC2,0.0010366849999989824,False,True,True,True,
mp-aaacdltg,Pt3Rh,Pt3-Rh1,Pt-Rh,Pt;Rh,2,4,79.874,249.556,18.612058315556368,139,Tetragonal,AB3,0.0,False,True,True,True,
mp-aaacdlth,Hg3Pd,Hg3-Pd1,Hg-Pd,Hg;Pd,2,4,5.286,68.071,14.205754959167901,221,Cubic,AB3,0.14702903624999664,False,False,False,True,Hg
mp-aaacdltp,Re3Ru,Re3-Ru1,Re-Ru,Re;Ru,2,8,184.629,350.663,18.545999177102548,194,Hexagonal,AB3,0.005148133749997896,False,True,True,True,
mp-aaacdltr,K3Tl,K3-Tl1,K-Tl,K;Tl,2,4,2.908,5.574,2.571657407135831,221,Cubic,AB3,0.08472879322321436,False,True,True,True,
mp-aaacdluc,NdErZn2,Er1-Nd1-Zn2,Er-Nd-Zn,Er;Nd;Zn,3,4,27.584,57.029,7.7682901145731105,225,Cubic,ABC2,0.00984155999999814,False,True,True,True,
mp-aaacdlug,LiAg2Pb,Ag2-Li1-Pb1,Ag-Li-Pb,Ag;Li;Pb,3,4,8.871,47.164,8.702558596665053,225,Cubic,ABC2,0.01602720666666624,False,True,True,True,
mp-aaacdlwu,NdTmTl2,Nd1-Tl2-Tm1,Nd-Tl-Tm,Nd;Tl;Tm,3,4,16.032,52.034,10.572694832192079,225,Cubic,ABC2,0.005064154000000265,False,True,True,True,
mp-aaacdlyd,Rb3V,Rb3-V1,Rb-V,Rb;V,2,4,2.138,5.686,2.223112626922107,225,Cubic,AB3,0.925049321875,False,True,True,True,
mp-aaacdlzi,Rb3Tc,Rb3-Tc1,Rb-Tc,Rb;Tc,2,4,1.895,5.4030000000000005,2.758859909407833,139,Tetragonal,AB3,1.241442663125,False,True,False,True,
mp-aaacdlzq,NdTlAg2,Ag2-Nd1-Tl1,Ag-Nd-Tl,Ag;Nd;Tl,3,4,18.307,62.88,9.971254740028733,225,Cubic,ABC2,0.026972744399511583,False,True,True,True,
mp-aaacdmah,Rb3Sr,Rb3-Sr1,Rb-Sr,Rb;Sr,2,4,1.448,3.974,1.784242717519624,221,Cubic,AB3,0.13683376687499993,False,True,True,True,
mp-aaacdmas,Rb3Ru,Rb3-Ru1,Rb-Ru,Rb;Ru,2,4,2.7,3.293,3.178597884051068,225,Cubic,AB3,1.1124389893750002,False,True,True,True,
mp-aaacdmbj,KPr3,K1-Pr3,K-Pr,K;Pr,2,4,6.489,21.468,4.846467109573814,221,Cubic,AB3,0.440888020500001,False,True,True,True,
mp-aaacdmbz,Rb3Os,Os1-Rb3,Os-Rb,Os;Rb,2,4,2.648,6.657,4.480413458343261,225,Cubic,AB3,1.4086711268750003,False,True,True,True,
mp-aaacdmcv,NdY3,Nd1-Y3,Nd-Y,Nd;Y,2,4,21.65,38.765,5.149790844984146,221,Cubic,AB3,0.07200533062499659,False,True,True,True,
mp-aaacdmcw,Rb3Na,Na1-Rb3,Na-Rb,Na;Rb,2,4,1.363999999999999,3.34,1.538357233775288,221,Cubic,AB3,0.04839936153017321,False,True,True,True,
mp-aaacdmdn,Rb3Na,Na1-Rb3,Na-Rb,Na;Rb,2,4,1.15,3.363,1.55748879542951,225,Cubic,AB3,0.04730255903017211,False,True,True,True,
mp-aaacdmfl,Rb3Mo,Mo1-Rb3,Mo-Rb,Mo;Rb,2,4,1.881,5.203,2.492011282326296,225,Cubic,AB3,1.2047173593749996,False,True,True,True,
mp-aaacdmfq,Rb3Li,Li1-Rb3,Li-Rb,Li;Rb,2,4,1.5390000000000001,3.531,1.549271090900494,221,Cubic,AB3,0.14514899354166677,False,True,True,True,
mp-aaacdmfv,HfZrTc2,Hf1-Tc2-Zr1,Hf-Tc-Zr,Hf;Tc;Zr,3,4,71.432,182.079,10.924482733145613,225,Cubic,ABC2,0.0,False,True,False,True,
mp-aaacdmga,Rb3In,In1-Rb3,In-Rb,In;Rb,2,4,2.719,4.908,2.571479728481367,221,Cubic,AB3,0.16634191892045447,False,True,True,True,
mp-aaacdmgc,Rb3Li,Li1-Rb3,Li-Rb,Li;Rb,2,4,1.129,3.577,1.583101434158693,225,Cubic,AB3,0.1435187310416668,False,True,True,True,
mp-aaacdmgz,HfZrZn2,Hf1-Zn2-Zr1,Hf-Zn-Zr,Hf;Zn;Zr,3,4,49.601,109.761,9.054092230894044,225,Cubic,ABC2,0.018419908125000717,False,True,True,True,
mp-aaacdmjc,Rb3Cd,Cd1-Rb3,Cd-Rb,Cd;Rb,2,4,0.915,3.5700000000000003,2.439800118850232,225,Cubic,AB3,0.07145298548076928,False,True,True,True,
mp-aaacdmjx,NdSmHg2,Hg2-Nd1-Sm1,Hg-Nd-Sm,Hg;Nd;Sm,3,4,18.171,57.477,10.341250621305667,225,Cubic,ABC2,0.0,False,False,False,True,Hg
mp-aaacdmou,Rb2HgAu,Au1-Hg1-Rb2,Au-Hg-Rb,Au;Hg;Rb,3,4,4.825,10.354,5.843633371307072,225,Cubic,ABC2,0.03029406527343781,False,False,False,True,Hg
mp-aaacdmqo,RbSr3,Rb1-Sr3,Rb-Sr,Rb;Sr,2,4,4.504,8.532,2.3791462482406542,139,Tetragonal,AB3,0.13891712562499992,False,True,True,True,
mp-aaacdmrt,RbPr3,Pr3-Rb1,Pr-Rb,Pr;Rb,2,4,7.573,20.132,5.174184683596247,139,Tetragonal,AB3,0.5131830443750003,False,True,True,True,
mp-aaacdmvv,Rb(FeAs)2,As2-Fe2-Rb1,As-Fe-Rb,As;Fe;Rb,3,5,24.942,39.583,5.48723419883971,139,Tetragonal,AB2C2,0.0,False,False,False,True,As
mp-aaacdmwe,LiCa2Mg,Ca2-Li1-Mg1,Ca-Li-Mg,Ca;Li;Mg,3,4,9.154,20.611,1.468906135135434,225,Cubic,ABC2,0.03616167083333366,False,True,True,True,
mp-aaacdmwt,RbCa3,Ca3-Rb1,Ca-Rb,Ca;Rb,2,4,5.159,11.416,1.7103576591074852,221,Cubic,AB3,0.22479138562500012,False,True,True,True,
mp-aaacdmxa,RbCa3,Ca3-Rb1,Ca-Rb,Ca;Rb,2,4,5.689,11.666,1.7154349752602411,225,Cubic,AB3,0.21772340812500013,False,True,True,True,
mp-aaacdmxo,RbCa3,Ca3-Rb1,Ca-Rb,Ca;Rb,2,4,5.022,11.18,1.7201007800586798,139,Tetragonal,AB3,0.21135005812500007,False,True,True,True,
mp-aaacdnbr,InSb3,In1-Sb3,In-Sb,In;Sb,2,4,8.082,44.916,6.945004141533967,221,Cubic,AB3,0.15019457000000358,False,True,True,True,
mp-aaacdnbs,InSb3,In1-Sb3,In-Sb,In;Sb,2,4,12.164,53.357,7.298630323956366,225,Cubic,AB3,0.14922964000000505,False,True,True,True,
mp-aaacdnbv,NdLuMg2,Lu1-Mg2-Nd1,Lu-Mg-Nd,Lu;Mg;Nd,3,4,23.058,40.599,5.533155095951729,225,Cubic,ABC2,0.009402833333331806,False,True,True,True,
mp-aaacdnby,NdLuIn2,In2-Lu1-Nd1,In-Lu-Nd,In;Lu;Nd,3,4,20.488,55.675,8.335547400076107,225,Cubic,ABC2,0.02775015569442374,False,True,True,True,
mp-aaacdncc,NdLuTl2,Lu1-Nd1-Tl2,Lu-Nd-Tl,Lu;Nd;Tl,3,4,17.653,52.906,10.723498128602895,225,Cubic,ABC2,0.012746842750001264,False,True,True,True,
mp-aaacdnfk,Li2TlPt,Li2-Pt1-Tl1,Li-Pt-Tl,Li;Pt;Tl,3,4,17.316,56.12,10.74659087111295,225,Cubic,ABC2,0.020782237500000633,False,True,True,True,
mp-aaacdngo,Pr3Hf,Hf1-Pr3,Hf-Pr,Hf;Pr,2,4,24.977,43.976,7.861044366716786,221,Cubic,AB3,0.21282626125000093,False,True,True,True,
mp-aaacdngp,Pr3Er,Er1-Pr3,Er-Pr,Er;Pr,2,4,19.5,34.921,7.028094636148732,221,Cubic,AB3,0.04252040541666702,False,True,True,True,
mp-aaacdngq,Pr3(CuSn)4,Cu4-Pr3-Sn4,Cu-Pr-Sn,Cu;Pr;Sn,3,11,48.022,79.671,7.716541388647373,71,Orthorhombic,A3B4C4,0.0,False,True,True,True,
mp-aaacdnha,Pr2ZnHg,Hg1-Pr2-Zn1,Hg-Pr-Zn,Hg;Pr;Zn,3,4,21.09,52.434,8.247247776390008,225,Cubic,ABC2,0.01841867499999994,False,False,False,True,Hg
mp-aaacdnhb,PrTm3,Pr1-Tm3,Pr-Tm,Pr;Tm,2,8,24.774,40.703,8.417627304051553,194,Hexagonal,AB3,0.011011798333328215,False,True,True,True,
mp-aaacdnhc,PrTe2,Pr1-Te2,Pr-Te,Pr;Te,2,6,25.001,54.837,6.935186352532597,129,Tetragonal,AB2,0.0,False,False,False,True,Te
mp-aaacdnhg,Pr2NiIr,Ir1-Ni1-Pr2,Ir-Ni-Pr,Ir;Ni;Pr,3,4,28.516,62.475,9.840266198725784,225,Cubic,ABC2,0.08262049187499887,False,True,True,True,
mp-aaacdnhi,PrHo3,Ho3-Pr1,Ho-Pr,Ho;Pr,2,8,23.682,39.752,8.050440064208631,194,Hexagonal,AB3,0.013162164583331304,False,True,True,True,
mp-aaacdnho,NdGe3,Ge3-Nd1,Ge-Nd,Ge;Nd,2,4,22.539,69.174,7.009052642857883,221,Cubic,AB3,0.09500349937500019,False,True,True,True,
mp-aaacdnlp,PrYZn2,Pr1-Y1-Zn2,Pr-Y-Zn,Pr;Y;Zn,3,4,27.633,55.032,6.14898858957937,225,Cubic,ABC2,0.007606392500000503,False,True,True,True,
mp-aaacdnmi,Pr2AgHg,Ag1-Hg1-Pr2,Ag-Hg-Pr,Ag;Hg;Pr,3,4,17.233,54.491,8.717101273141266,225,Cubic,ABC2,0.0,False,False,False,True,Hg
mp-aaacdnmn,PrTmTl2,Pr1-Tl2-Tm1,Pr-Tl-Tm,Pr;Tl;Tm,3,4,16.163,51.881,10.402878175761966,225,Cubic,ABC2,0.03400110325002714,False,True,True,True,
mp-aaacdnmo,Li3Be,Be1-Li3,Be-Li,Be;Li,2,4,14.376,26.474,0.842045641679052,139,Tetragonal,AB3,0.24167899125000014,False,True,True,True,
mp-aaacdnmr,PrSm3,Pr1-Sm3,Pr-Sm,Pr;Sm,2,4,21.072,35.965,7.114300436576517,221,Cubic,AB3,0.03131227708333384,False,True,True,True,
mp-aaacdnmv,PrTlAg2,Ag2-Pr1-Tl1,Ag-Pr-Tl,Ag;Pr;Tl,3,4,18.365,61.809,9.778112907781985,225,Cubic,ABC2,0.0315864285294114,False,True,True,True,
mp-aaacdnnq,PrNdZn2,Nd1-Pr1-Zn2,Nd-Pr-Zn,Nd;Pr;Zn,3,4,27.862,51.524,6.805569412671226,225,Cubic,ABC2,0.0,False,True,True,True,
mp-aaacdnoc,MoRu3,Mo1-Ru3,Mo-Ru,Mo;Ru,2,8,165.564,295.76,11.52142404060755,194,Hexagonal,AB3,0.0,False,True,True,True,
mp-aaacdnoq,PrNdMg2,Mg2-Nd1-Pr1,Mg-Nd-Pr,Mg;Nd;Pr,3,4,22.948,37.416,4.667596092246346,225,Cubic,ABC2,0.00518427999999993,False,True,True,True,
mp-aaacdnpk,Li3Al,Al1-Li3,Al-Li,Al;Li,2,4,18.203,26.875,1.169830187304085,139,Tetragonal,AB3,0.05941175812499999,False,True,True,True,
mp-aaacdnpw,PrSmMg2,Mg2-Pr1-Sm1,Mg-Pr-Sm,Mg;Pr;Sm,3,4,23.158,38.321,4.827442792981425,225,Cubic,ABC2,0.006634232500000614,False,True,True,True,
mp-aaacdnpy,Li3Cu,Cu1-Li3,Cu-Li,Cu;Li,2,4,12.521,31.489,2.296800946215908,139,Tetragonal,AB3,0.059976963055556,False,True,True,True,
mp-aaacdnpz,PrNdHg2,Hg2-Nd1-Pr1,Hg-Nd-Pr,Hg;Nd;Pr,3,4,18.684,55.153,9.923545191816533,225,Cubic,ABC2,0.0,False,False,False,True,Hg
mp-aaacdnqm,PrNdTl2,Nd1-Pr1-Tl2,Nd-Pr-Tl,Nd;Pr;Tl,3,4,16.497,50.892,9.523088856369544,225,Cubic,ABC2,0.0,False,True,True,True,
mp-aaacdnqu,Li3Cd,Cd1-Li3,Cd-Li,Cd;Li,2,4,8.36,22.645,2.9883802635674783,139,Tetragonal,AB3,0.0,False,True,True,True,
mp-aaacdnqw,LiAl3,Al3-Li1,Al-Li,Al;Li,2,4,39.623,62.466,2.225324613821831,139,Tetragonal,AB3,0.026654015000000975,False,True,True,True,
mp-aaacdnqz,LiAu3,Au3-Li1,Au-Li,Au;Li,2,4,31.714,102.226,14.548255315920525,139,Tetragonal,AB3,0.004237167500001249,False,True,True,True,
mp-aaacdnrk,PrSmTl2,Pr1-Sm1-Tl2,Pr-Sm-Tl,Pr;Sm;Tl,3,4,17.144,51.835,9.768101771466076,225,Cubic,ABC2,0.0005436825000026957,False,True,True,True,
mp-aaacdnrw,PrLuIn2,In2-Lu1-Pr1,In-Lu-Pr,In;Lu;Pr,3,4,20.724,55.104,8.188070740902145,225,Cubic,ABC2,0.030429283874990887,False,True,True,True,
mp-aaacdnrx,NdHoIn2,Ho1-In2-Nd1,Ho-In-Nd,Ho;In;Nd,3,4,21.051,55.325,8.049442789276046,225,Cubic,ABC2,0.0,False,True,True,True,
mp-aaacdntk,PrLuMg2,Lu1-Mg2-Pr1,Lu-Mg-Pr,Lu;Mg;Pr,3,4,23.46,41.51,5.43017243221889,225,Cubic,ABC2,0.009241715833331554,False,True,True,True,
mp-aaacdnug,NaLa3,La3-Na1,La-Na,La;Na,2,4,6.803,21.316,5.010667097169145,221,Cubic,AB3,0.23541829961206773,False,True,True,True,
mp-aaacdnuj,NaLi2Pb,Li2-Na1-Pb1,Li-Na-Pb,Li;Na;Pb,3,4,13.808,22.028,4.620815177442346,225,Cubic,ABC2,0.020113429716667408,False,True,True,True,
mp-aaacdnuu,NdTmMg2,Mg2-Nd1-Tm1,Mg-Nd-Tm,Mg;Nd;Tm,3,4,22.702,40.406,5.400046343037301,225,Cubic,ABC2,0.0053743649999971055,False,True,True,True,
mp-aaacdnuw,Li3Cr,Cr1-Li3,Cr-Li,Cr;Li,2,4,6.546,22.421,1.643373933311521,221,Cubic,AB3,0.3888354525000004,False,False,False,True,Cr
mp-aaacdnvj,Li3Ga,Ga1-Li3,Ga-Li,Ga;Li,2,4,19.231,23.233,2.336111397054028,225,Cubic,AB3,0.021047610833333508,False,False,False,True,Ga
mp-aaacdnvq,PrHoMg2,Ho1-Mg2-Pr1,Ho-Mg-Pr,Ho;Mg;Pr,3,4,23.12,39.674,5.189562222036773,225,Cubic,ABC2,0.0011599037500023002,False,True,True,True,
mp-aaacdnwh,Li3Hg,Hg1-Li3,Hg-Li,Hg;Li,2,4,15.939,25.641,5.207131929402513,139,Tetragonal,AB3,0.0,False,False,False,True,Hg
mp-aaacdnwp,Li3In,In1-Li3,In-Li,In;Li,2,4,16.433,24.671,3.021043626084964,139,Tetragonal,AB3,0.016660156964284134,False,True,True,True,
mp-aaacdnwv,PrGe3,Ge3-Pr1,Ge-Pr,Ge;Pr,2,4,22.594,69.29,6.839297817052955,221,Cubic,AB3,0.10225540500000108,False,True,True,True,
mp-aaacdnxj,Li3Ca,Ca1-Li3,Ca-Li,Ca;Li,2,4,7.417,14.299,0.961842234058732,139,Tetragonal,AB3,0.06004755895833336,False,True,True,True,
mp-aaacdnxk,NaAc2Sn,Ac2-Na1-Sn1,Ac-Na-Sn,Ac;Na;Sn,3,4,15.328,33.683,7.05159340678334,225,Cubic,ABC2,0.15515939437499782,False,False,False,True,Ac
mp-aaacdnxq,Mn2GaW,Ga1-Mn2-W1,Ga-Mn-W,Ga;Mn;W,3,4,114.133,240.29,11.67982094033558,225,Cubic,ABC2,0.15844272887931155,False,False,False,True,Ga
mp-aaacdnyo,Hf3Tl,Hf3-Tl1,Hf-Tl,Hf;Tl,2,4,55.501,104.481,13.801002253808798,139,Tetragonal,AB3,0.0,False,True,True,True,
mp-aaacdnyv,LaAu3,Au3-La1,Au-La,Au;La,2,4,7.408,80.791,13.24309580577221,225,Cubic,AB3,0.03713212168478375,False,True,True,True,
mp-aaacdnyw,Li2CdHg,Cd1-Hg1-Li2,Cd-Hg-Li,Cd;Hg;Li,3,4,12.342,30.724,7.34514616758532,225,Cubic,ABC2,0.0026787212499996826,False,False,False,True,Hg
mp-aaacdnzl,PrErZn2,Er1-Pr1-Zn2,Er-Pr-Zn,Er;Pr;Zn,3,4,27.557,55.889,7.617046470291963,225,Cubic,ABC2,0.012999425000000286,False,True,True,True,
mp-aaacdnzu,PrDy3,Dy3-Pr1,Dy-Pr,Dy;Pr,2,4,23.324,38.535,7.991958804030045,221,Cubic,AB3,0.046117740833338416,False,True,True,True,
mp-aaacdnzv,Li3Mg,Li3-Mg1,Li-Mg,Li;Mg,2,4,11.268,19.333,0.9167294869172341,25,Orthorhombic,AB3,0.0021042304166667414,False,True,True,True,
mp-aaacdnzy,PrDyTl2,Dy1-Pr1-Tl2,Dy-Pr-Tl,Dy;Pr;Tl,3,4,16.048,54.819,10.199537548873135,225,Cubic,ABC2,0.008574101000029088,False,True,True,True,
mp-aaacdoag,NaAl3,Al3-Na1,Al-Na,Al;Na,2,4,25.378,48.882,2.263957202080973,139,Tetragonal,AB3,0.18791399086206884,False,True,True,True,
mp-aaacdoah,PrErMg2,Er1-Mg2-Pr1,Er-Mg-Pr,Er;Mg;Pr,3,4,23.028,39.817,5.247705886505333,225,Cubic,ABC2,0.0002445824999997015,False,True,True,True,
mp-aaacdoap,PrErIn2,Er1-In2-Pr1,Er-In-Pr,Er;In;Pr,3,4,20.646,54.562,7.977575700678643,225,Cubic,ABC2,0.014126853750003221,False,True,True,True,
mp-aaacdocy,NaCdHg2,Cd1-Hg2-Na1,Cd-Hg-Na,Cd;Hg;Na,3,4,8.211,24.122,9.007065414704325,225,Cubic,ABC2,0.015048504999998435,False,False,False,True,Hg
mp-aaacdodo,NaCaTl2,Ca1-Na1-Tl2,Ca-Na-Tl,Ca;Na;Tl,3,4,11.459,24.373,6.766508021068022,225,Cubic,ABC2,0.015183137500002886,False,True,True,True,
mp-aaacdoei,Li3Mg,Li3-Mg1,Li-Mg,Li;Mg,2,4,4.316,18.913,0.924964689383152,225,Cubic,AB3,0.00999580541666667,False,True,True,True,
mp-aaacdoel,LiTmRh2,Li1-Rh2-Tm1,Li-Rh-Tm,Li;Rh;Tm,3,4,38.993,103.934,9.792217722044239,225,Cubic,ABC2,0.01998325499999698,False,True,True,True,
mp-aaacdoem,LiTm2Au,Au1-Li1-Tm2,Au-Li-Tm,Au;Li;Tm,3,4,35.495,64.88,9.972359713396724,225,Cubic,ABC2,0.06415147229166607,False,True,True,True,
mp-aaacdoen,NaCa2In,Ca2-In1-Na1,Ca-In-Na,Ca;In;Na,3,4,15.823,24.704,2.898233632771118,225,Cubic,ABC2,0.031864780362068856,False,True,True,True,
mp-aaacdoeo,LiMg,Li1-Mg1,Li-Mg,Li;Mg,2,6,18.66,25.743,1.255103673626461,12,Monoclinic,AB,0.011205559166666657,False,True,True,True,
mp-aaacdoer,Hf2OsPd,Hf2-Os1-Pd1,Hf-Os-Pd,Hf;Os;Pd,3,4,51.58,187.278,15.216724674822817,225,Cubic,ABC2,0.034108613749992855,False,True,True,True,
mp-aaacdoez,Hf3Ge2,Ge2-Hf3,Ge-Hf,Ge;Hf,2,10,84.987,133.921,11.889247306131313,127,Tetragonal,A2B3,0.0,False,True,True,True,
mp-aaacdofs,NaCu,Cu1-Na1,Cu-Na,Cu;Na,2,2,11.216,33.222,4.042181953242763,187,Hexagonal,AB,0.38996692172413816,False,True,True,True,
mp-aaacdohe,LiZr2Ir,Ir1-Li1-Zr2,Ir-Li-Zr,Ir;Li;Zr,3,4,40.126,131.667,8.752228290503052,225,Cubic,ABC2,0.026766439375006,False,True,True,True,
mp-aaacdohh,Li2AcTl,Ac1-Li2-Tl1,Ac-Li-Tl,Ac;Li;Tl,3,4,14.653,33.082,7.420643762677194,225,Cubic,ABC2,0.0,False,False,False,True,Ac
mp-aaacdohi,Li3Tc,Li3-Tc1,Li-Tc,Li;Tc,2,4,18.07,34.091,3.252554940340886,225,Cubic,AB3,0.6144726837499999,False,True,False,True,
mp-aaacdohp,Nd2ZnAg,Ag1-Nd2-Zn1,Ag-Nd-Zn,Ag;Nd;Zn,3,4,21.056,54.104,7.370633317888337,225,Cubic,ABC2,0.005125747499999278,False,True,True,True,
mp-aaacdohr,HoErPd2,Er1-Ho1-Pd2,Er-Ho-Pd,Er;Ho;Pd,3,4,26.844,92.604,10.652405903680366,225,Cubic,ABC2,0.017130163124999598,False,True,True,True,
mp-aaacdohs,Nd2ZnGa,Ga1-Nd2-Zn1,Ga-Nd-Zn,Ga;Nd;Zn,3,4,26.014,54.936,6.948877461655416,225,Cubic,ABC2,0.005450062499997799,False,False,False,True,Ga
mp-aaacdoie,NdSc3,Nd1-Sc3,Nd-Sc,Nd;Sc,2,8,24.132,44.174,4.241111248827086,194,Hexagonal,AB3,0.06864229687499979,False,True,True,True,
mp-aaacdokb,NaEr3,Er3-Na1,Er-Na,Er;Na,2,4,18.579,33.418,7.092042246956073,225,Cubic,AB3,0.32038161086206784,False,True,True,True,
mp-aaacdoke,Li3Ag,Ag1-Li3,Ag-Li,Ag;Li,2,4,12.498,25.865,3.154649914835254,139,Tetragonal,AB3,0.0013151149999997003,False,True,True,True,
mp-aaacdokp,Hf3Bi,Bi1-Hf3,Bi-Hf,Bi;Hf,2,4,29.873,102.841,13.434512363237166,139,Tetragonal,AB3,0.0746035554166653,False,True,True,True,
mp-aaacdoku,LiLa3,La3-Li1,La-Li,La;Li,2,4,10.268,30.515,5.260644828603706,221,Cubic,AB3,0.1477278254166663,False,True,True,True,
mp-aaacdokv,Nd2Mg,Mg1-Nd2,Mg-Nd,Mg;Nd,2,6,18.853,36.226,5.45770941534097,63,Orthorhombic,AB2,0.013947642499999802,False,True,True,True,
mp-aaacdokw,LiLuHg2,Hg2-Li1-Lu1,Hg-Li-Lu,Hg;Li;Lu,3,4,16.026,54.534,11.173407351823501,225,Cubic,ABC2,0.0,False,False,False,True,Hg
mp-aaacdorc,HoTh3,Ho1-Th3,Ho-Th,Ho;Th,2,4,33.704,52.284,11.182138897567146,221,Cubic,AB3,0.04728064625000883,False,True,True,True,
mp-aaacdork,LiLu2Ga,Ga1-Li1-Lu2,Ga-Li-Lu,Ga;Li;Lu,3,4,37.55,56.068,8.09870297964737,225,Cubic,ABC2,0.03845257385416545,False,False,False,True,Ga
mp-aaacdorm,LiHf2Ir,Hf2-Ir1-Li1,Hf-Ir-Li,Hf;Ir;Li,3,4,57.973,142.948,13.179399003599519,225,Cubic,ABC2,0.014170271944447421,False,True,True,True,
mp-aaacdoro,LiHf2Tc,Hf2-Li1-Tc1,Hf-Li-Tc,Hf;Li;Tc,3,4,38.137,127.886,10.87470702033718,225,Cubic,ABC2,0.0325120033333306,False,True,False,True,
mp-aaacdowj,Hf3Au,Au1-Hf3,Au-Hf,Au;Hf,2,4,10.695,122.505,14.77788396767801,221,Cubic,AB3,0.14295759000000174,False,True,True,True,
mp-aaacdoxc,LiEr2Tl,Er2-Li1-Tl1,Er-Li-Tl,Er;Li;Tl,3,4,28.817,50.836,8.893285427065653,225,Cubic,ABC2,0.027121833055557154,False,True,True,True,
mp-aaacdoxj,Nd3Zr,Nd3-Zr1,Nd-Zr,Nd;Zr,2,8,20.853,41.816,6.824354611909759,194,Hexagonal,AB3,0.1453266668750004,False,True,True,True,
mp-aaacdoye,NiAg3,Ag3-Ni1,Ag-Ni,Ag;Ni,2,4,28.17,127.322,9.784968164776647,221,Cubic,AB3,0.1896411599999972,False,True,True,True,
mp-aaacdoyq,NiAu3,Au3-Ni1,Au-Ni,Au;Ni,2,4,20.114,144.369,16.446139090168543,221,Cubic,AB3,0.08892086999999549,False,True,True,True,
mp-aaacdoyz,LiEr2Ga,Er2-Ga1-Li1,Er-Ga-Li,Er;Ga;Li,3,4,36.081,54.254,7.507047429980451,225,Cubic,ABC2,0.027004099947916416,False,False,False,True,Ga
mp-aaacdozf,Ni3Bi,Bi1-Ni3,Bi-Ni,Bi;Ni,2,4,40.924,136.809,11.296007516478555,221,Cubic,AB3,0.17344036671875074,False,True,True,True,
mp-aaacdozm,NiAu3,Au3-Ni1,Au-Ni,Au;Ni,2,8,26.657,131.736,16.413220237573206,194,Hexagonal,AB3,0.08884928249999291,False,True,True,True,
mp-aaacdozy,Ni3Au,Au1-Ni3,Au-Ni,Au;Ni,2,4,60.99,173.428,12.129401871464886,139,Tetragonal,AB3,0.09746691250000339,False,True,True,True,
mp-aaacdpas,Ni3Au,Au1-Ni3,Au-Ni,Au;Ni,2,8,46.299,173.553,12.120094945055577,194,Hexagonal,AB3,0.10469737500000065,False,True,True,True,
mp-aaacdpbb,Ni3Sb,Ni3-Sb1,Ni-Sb,Ni;Sb,2,4,57.89,164.639,9.474486289275312,221,Cubic,AB3,0.04490288750000104,False,True,True,True,
mp-aaacdpbk,NaMg3,Mg3-Na1,Mg-Na,Mg;Na,2,4,8.351,24.546,1.561874656350122,221,Cubic,AB3,0.12091819779102053,False,True,True,True,
mp-aaacdpbr,NaTm3,Na1-Tm3,Na-Tm,Na;Tm,2,4,20.509,33.868,7.27003114614524,225,Cubic,AB3,0.3258491633620686,False,True,True,True,
mp-aaacdpby,NaNi3,Na1-Ni3,Na-Ni,Na;Ni,2,4,36.546,96.01,6.405190894631296,139,Tetragonal,AB3,0.5174665583620701,False,True,True,True,
mp-aaacdpcm,PrBiPd2,Bi1-Pd2-Pr1,Bi-Pd-Pr,Bi;Pd;Pr,3,4,11.465,88.095,10.439858124247616,225,Cubic,ABC2,0.08131200374999992,False,True,True,True,
mp-aaacdpcv,Ni3Sb,Ni3-Sb1,Ni-Sb,Ni;Sb,2,8,56.636,161.359,9.487065899458145,194,Hexagonal,AB3,0.047439457500001225,False,True,True,True,
mp-aaacdpet,NaRe3,Na1-Re3,Na-Re,Na;Re,2,4,94.173,236.918,15.766593222409348,225,Cubic,AB3,0.8082840296120679,False,True,True,True,
mp-aaacdpfv,NaPd3,Na1-Pd3,Na-Pd,Na;Pd,2,4,36.663,97.437,8.677787512428015,139,Tetragonal,AB3,0.00025291500000079736,False,True,True,True,
mp-aaacdpga,MgPd5,Mg1-Pd5,Mg-Pd,Mg;Pd,2,6,37.371,140.811,9.835367493274518,155,Trigonal,AB5,0.0,False,True,True,True,
mp-aaacdpjd,NpAs3,As3-Np1,As-Np,As;Np,2,4,30.199,99.455,9.642004561107418,139,Tetragonal,AB3,0.09092665499999697,False,False,False,True,As;Np
mp-aaacdpjf,MgPd5,Mg1-Pd5,Mg-Pd,Mg;Pd,2,6,44.646,140.05,9.829627671529614,189,Hexagonal,AB5,0.0029721600000014448,False,True,True,True,
mp-aaacdple,NaSnPd2,Na1-Pd2-Sn1,Na-Pd-Sn,Na;Pd;Sn,3,4,24.056,80.165,8.276351107520298,225,Cubic,ABC2,0.02848388666666324,False,True,True,True,
mp-aaacdplu,Li3Ag,Ag1-Li3,Ag-Li,Ag;Li,2,8,7.681,26.62,3.120448675872581,194,Hexagonal,AB3,0.0056665212499993345,False,True,True,True,
mp-aaacdplw,NaRu3,Na1-Ru3,Na-Ru,Na;Ru,2,4,41.644,172.715,9.148478787259897,139,Tetragonal,AB3,0.8170243733620701,False,True,True,True,
mp-aaacdpmg,NaTc3,Na1-Tc3,Na-Tc,Na;Tc,2,4,62.388,186.78,8.700657118618066,225,Cubic,AB3,0.761437884612068,False,True,False,True,
mp-aaacdpmi,NaTa3,Na1-Ta3,Na-Ta,Na;Ta,2,4,16.731,132.843,12.510693893912636,225,Cubic,AB3,0.8012825308620677,False,True,True,True,
mp-aaacdpml,LaDyRu2,Dy1-La1-Ru2,Dy-La-Ru,Dy;La;Ru,3,4,33.847,101.916,9.930411362277297,225,Cubic,ABC2,0.12000021041294584,False,True,True,True,
mp-aaacdpnx,NaMo3,Mo3-Na1,Mo-Na,Mo;Na,2,4,14.462,165.314,7.837665165857048,225,Cubic,AB3,0.9307021208620689,False,True,True,True,
mp-aaacdpod,La2MgTl,La2-Mg1-Tl1,La-Mg-Tl,La;Mg;Tl,3,4,16.716,40.649,6.686370308402293,225,Cubic,ABC2,0.012027028416667918,False,True,True,True,
mp-aaacdpof,Na3Bi,Bi1-Na3,Bi-Na,Bi;Na,2,4,9.212,19.11,4.034752833863512,225,Cubic,AB3,0.01568028999999882,False,True,True,True,
mp-aaacdppo,PrAs3,As3-Pr1,As-Pr,As;Pr,2,4,20.306,75.341,6.837253801312933,221,Cubic,AB3,0.2166344450000004,False,False,False,True,As
mp-aaacdpqd,Li3Th,Li3-Th1,Li-Th,Li;Th,2,4,5.399,26.408,4.581215828309625,225,Cubic,AB3,0.41619980749999996,False,True,True,True,
mp-aaacdprc,Pm2Mg,Mg1-Pm2,Mg-Pm,Mg;Pm,2,3,16.61,36.536,5.6062844727185155,139,Tetragonal,AB2,0.017991257499997637,False,True,False,True,
mp-aaacdprl,MgRh5,Mg1-Rh5,Mg-Rh,Mg;Rh,2,6,87.191,198.411,10.223483706081172,8,Monoclinic,AB5,0.05350583333333159,False,True,True,True,
mp-aaacdprv,MgRe3,Mg1-Re3,Mg-Re,Mg;Re,2,4,99.376,261.655,15.93760625355647,225,Cubic,AB3,0.27538156687499793,False,True,True,True,
mp-aaacdpsw,OsAu3,Au3-Os1,Au-Os,Au;Os,2,4,15.146,183.641,18.937977438767128,221,Cubic,AB3,0.6890121375000007,False,True,True,True,
mp-aaacdpum,ThMgZn2,Mg1-Th1-Zn2,Mg-Th-Zn,Mg;Th;Zn,3,4,23.653,67.816,7.414507886405946,225,Cubic,ABC2,0.0016726212500017823,False,True,True,True,
mp-aaacdpun,Ta2ReMo,Mo1-Re1-Ta2,Mo-Re-Ta,Mo;Re;Ta,3,4,110.354,256.583,16.01733119819222,225,Cubic,ABC2,0.0,False,True,True,True,
mp-aaacdpuo,HoTaOs2,Ho1-Os2-Ta1,Ho-Os-Ta,Ho;Os;Ta,3,4,91.004,210.79,17.134805118334615,225,Cubic,ABC2,0.07701465354166714,False,True,True,True,
mp-aaacdpuq,ZnGaIr2,Ga1-Ir2-Zn1,Ga-Ir-Zn,Ga;Ir;Zn,3,4,92.854,216.901,15.306668575077,225,Cubic,ABC2,0.0,False,False,False,True,Ga
mp-aaacdpus,Ho2AgIr,Ag1-Ho2-Ir1,Ag-Ho-Ir,Ag;Ho;Ir,3,4,33.565,101.795,12.177513537789222,225,Cubic,ABC2,0.02261397203124904,False,True,True,True,
mp-aaacdpuw,ZnGaRh2,Ga1-Rh2-Zn1,Ga-Rh-Zn,Ga;Rh;Zn,3,4,83.13,177.634,10.18569169300675,225,Cubic,ABC2,0.0,False,False,False,True,Ga
mp-aaacdpux,Ta2TcMo,Mo1-Ta2-Tc1,Mo-Ta-Tc,Mo;Ta;Tc,3,4,102.984,242.63,13.921696930542154,225,Cubic,ABC2,0.0,False,True,False,True,
mp-aaacdpvb,CdInRh2,Cd1-In1-Rh2,Cd-In-Rh,Cd;In;Rh,3,4,59.398,144.382,10.606053365940912,225,Cubic,ABC2,0.0,False,True,True,True,
mp-aaacdpvd,HoMgHg2,Hg2-Ho1-Mg1,Hg-Ho-Mg,Hg;Ho;Mg,3,4,26.252,62.805,10.637131684268631,225,Cubic,ABC2,0.0,False,False,False,True,Hg
mp-aaacdpvg,Pm2SnHg,Hg1-Pm2-Sn1,Hg-Pm-Sn,Hg;Pm;Sn,3,4,19.612,58.633,8.990648966409761,225,Cubic,ABC2,0.0,False,False,False,True,Hg
mp-aaacdpvk,TbCdAu2,Au2-Cd1-Tb1,Au-Cd-Tb,Au;Cd;Tb,3,4,21.331,87.541,12.837172872771704,225,Cubic,ABC2,0.0,False,True,True,True,
mp-aaacdpvo,LiMg2Pd,Li1-Mg2-Pd1,Li-Mg-Pd,Li;Mg;Pd,3,4,25.898,57.675,3.930826041838931,225,Cubic,ABC2,0.0,False,True,True,True,
mp-aaacdpvq,Ta2VRu,Ru1-Ta2-V1,Ru-Ta-V,Ru;Ta;V,3,4,82.513,227.823,13.478342737884995,225,Cubic,ABC2,0.0,False,True,True,True,
mp-aaacdpvy,Ta3Ru,Ru1-Ta3,Ru-Ta,Ru;Ta,2,4,86.954,225.21,15.772431292793694,225,Cubic,AB3,0.0,False,True,True,True,
mp-aaacdpvz,LiNd2Os,Li1-Nd2-Os1,Li-Nd-Os,Li;Nd;Os,3,4,30.528,73.027,8.796773051933949,225,Cubic,ABC2,0.010008829114589446,False,True,True,True,
mp-aaacdpwa,Ho2MgIn,Ho2-In1-Mg1,Ho-In-Mg,Ho;In;Mg,3,4,28.17,53.469,7.421717182345047,225,Cubic,ABC2,0.0,False,True,True,True,
mp-aaacdpwe,TbMgRh2,Mg1-Rh2-Tb1,Mg-Rh-Tb,Mg;Rh;Tb,3,4,45.839,113.246,9.014694304929487,225,Cubic,ABC2,0.0,False,True,True,True,
mp-aaacdpwg,TbCdAg2,Ag2-Cd1-Tb1,Ag-Cd-Tb,Ag;Cd;Tb,3,4,11.975,71.476,9.320487317469762,225,Cubic,ABC2,0.0,False,True,True,True,
mp-aaacdpwh,LiMgPd2,Li1-Mg1-Pd2,Li-Mg-Pd,Li;Mg;Pd,3,4,40.498,84.673,6.794669030644206,225,Cubic,ABC2,0.0,False,True,True,True,
mp-aaacdpwj,NbGaRu2,Ga1-Nb1-Ru2,Ga-Nb-Ru,Ga;Nb;Ru,3,4,106.447,233.221,10.083032089768365,225,Cubic,ABC2,0.0,False,False,False,True,Ga;Nb
mp-aaacdpwl,Na3Tl,Na3-Tl1,Na-Tl,Na;Tl,2,4,5.181,12.052,3.682911948495732,139,Tetragonal,AB3,0.009273631562500384,False,True,True,True,
mp-aaacdpwm,Nd2AgIr,Ag1-Ir1-Nd2,Ag-Ir-Nd,Ag;Ir;Nd,3,4,20.958,83.856,10.154365508087142,225,Cubic,ABC2,0.04816758115941866,False,True,True,True,
mp-aaacdpwp,Hf2ReRh,Hf2-Re1-Rh1,Hf-Re-Rh,Hf;Re;Rh,3,4,92.43,197.44,15.313224519299022,225,Cubic,ABC2,0.0,False,True,True,True,
mp-aaacdpwx,HoCdAu2,Au2-Cd1-Ho1,Au-Cd-Ho,Au;Cd;Ho,3,4,22.834,89.835,13.162368609679778,225,Cubic,ABC2,0.0,False,True,True,True,
mp-aaacdpwy,Er2AgIr,Ag1-Er2-Ir1,Ag-Er-Ir,Ag;Er;Ir,3,4,34.938,103.391,12.422763216495412,225,Cubic,ABC2,0.01892319999999703,False,True,True,True,
mp-aaacdpxa,LiMgAu2,Au2-Li1-Mg1,Au-Li-Mg,Au;Li;Mg,3,4,18.185,68.967,10.438594393349259,225,Cubic,ABC2,0.0,False,True,True,True,
mp-aaacdpxd,TbGaRh2,Ga1-Rh2-Tb1,Ga-Rh-Tb,Ga;Rh;Tb,3,4,44.279,132.553,10.574455737647824,225,Cubic,ABC2,0.0,False,False,False,True,Ga
mp-aaacdpxh,Ta2CrRu,Cr1-Ru1-Ta2,Cr-Ru-Ta,Cr;Ru;Ta,3,4,104.198,243.884,13.826060122587437,225,Cubic,ABC2,0.0,False,False,False,True,Cr
mp-aaacdpxj,Zn2PtRh,Pt1-Rh1-Zn2,Pt-Rh-Zn,Pt;Rh;Zn,3,4,67.06,174.554,12.53972205102734,225,Cubic,ABC2,0.0,False,True,True,True,
mp-aaacdpxk,YbAl2Cu,Al2-Cu1-Yb1,Al-Cu-Yb,Al;Cu;Yb,3,12,42.706,68.224,6.511695823536032,166,Trigonal,ABC2,0.0018038173611127917,False,True,True,True,
mp-aaacdpxm,MgNbRu2,Mg1-Nb1-Ru2,Mg-Nb-Ru,Mg;Nb;Ru,3,4,81.355,188.842,8.549075809519925,225,Cubic,ABC2,0.0,False,False,False,True,Nb
mp-aaacdpxq,Nb3Ru,Nb3-Ru1,Nb-Ru,Nb;Ru,2,4,88.985,208.891,9.269278994970103,225,Cubic,AB3,0.0,False,False,False,True,Nb
mp-aaacdpxs,ZrAlRu2,Al1-Ru2-Zr1,Al-Ru-Zr,Al;Ru;Zr,3,4,75.849,188.517,8.47569953829288,225,Cubic,ABC2,0.0,False,True,True,True,
mp-aaacdpxu,MgInRh2,In1-Mg1-Rh2,In-Mg-Rh,In;Mg;Rh,3,4,68.715,136.968,8.873822164530567,225,Cubic,ABC2,0.0,False,True,True,True,
mp-aaacdpxv,Ce2ZnPb,Ce2-Pb1-Zn1,Ce-Pb-Zn,Ce;Pb;Zn,3,4,16.368,35.63,8.224268391828861,225,Cubic,ABC2,0.06882511041666728,False,False,False,True,Ce
mp-aaacdpxy,Yb2ZnGa,Ga1-Yb2-Zn1,Ga-Yb-Zn,Ga;Yb;Zn,3,4,26.477,37.583,8.48369819305778,225,Cubic,ABC2,0.0,False,False,False,True,Ga
mp-aaacdpxz,ZrGeRu2,Ge1-Ru2-Zr1,Ge-Ru-Zr,Ge;Ru;Zr,3,4,90.314,205.066,9.708206504490951,225,Cubic,ABC2,0.0,False,True,True,True,
mp-aaacdpya,PaAgAu2,Ag1-Au2-Pa1,Ag-Au-Pa,Ag;Au;Pa,3,4,16.372,121.198,14.42616345121052,225,Cubic,ABC2,0.13700548125000012,False,False,False,True,Pa
mp-aaacdpyb,Nd2ZnIr,Ir1-Nd2-Zn1,Ir-Nd-Zn,Ir;Nd;Zn,3,4,26.458,80.699,9.664057901156644,225,Cubic,ABC2,0.05436595098214436,False,True,True,True,
mp-aaacdpys,ZrCdAu2,Au2-Cd1-Zr1,Au-Cd-Zr,Au;Cd;Zr,3,4,33.045,121.203,12.638649555626966,225,Cubic,ABC2,0.0,False,True,True,True,
mp-aaacdpyt,MgMnRh2,Mg1-Mn1-Rh2,Mg-Mn-Rh,Mg;Mn;Rh,3,4,56.653,136.68,8.149973707722332,225,Cubic,ABC2,0.0,False,True,True,True,
mp-aaacdqbm,ZrNbTc2,Nb1-Tc2-Zr1,Nb-Tc-Zr,Nb;Tc;Zr,3,4,77.459,203.512,9.24701486072665,225,Cubic,ABC2,0.0,False,False,False,True,Nb
mp-aaacdqbp,ZrCdRh2,Cd1-Rh2-Zr1,Cd-Rh-Zr,Cd;Rh;Zr,3,4,52.302,161.156,9.872593444754484,225,Cubic,ABC2,0.0,False,True,True,True,
mp-aaacdqbt,Hf2TcOs,Hf2-Os1-Tc1,Hf-Os-Tc,Hf;Os;Tc,3,4,92.747,206.099,15.464433545416973,225,Cubic,ABC2,0.0,False,True,False,True,
mp-aaacdqbu,LiTbTl2,Li1-Tb1-Tl2,Li-Tb-Tl,Li;Tb;Tl,3,4,17.115,42.072,9.519870032819497,225,Cubic,ABC2,0.0,False,True,True,True,
mp-aaacdqbx,ZrTc2W,Tc2-W1-Zr1,Tc-W-Zr,Tc;W;Zr,3,4,113.467,238.342,11.859032890741329,225,Cubic,ABC2,0.0,False,True,False,True,
mp-aaacdqby,Pm2ZnGa,Ga1-Pm2-Zn1,Ga-Pm-Zn,Ga;Pm;Zn,3,4,28.549,56.628,7.123623770772224,225,Cubic,ABC2,0.0,False,False,False,True,Ga
mp-aaacdqbz,MgZnRh2,Mg1-Rh2-Zn1,Mg-Rh-Zn,Mg;Rh;Zn,3,4,62.854,140.599,8.45597428433563,225,Cubic,ABC2,0.0,False,True,True,True,
mp-aaacdqcb,Zr2OsRu,Os1-Ru1-Zr2,Os-Ru-Zr,Os;Ru;Zr,3,4,91.155,196.255,11.077112127351604,225,Cubic,ABC2,0.0,False,True,True,True,
mp-aaacdqcc,ZrScOs2,Os2-Sc1-Zr1,Os-Sc-Zr,Os;Sc;Zr,3,4,91.242,188.108,12.436187629963761,225,Cubic,ABC2,0.0,False,True,True,True,
mp-aaacdqcf,Yb2PtAu,Au1-Pt1-Yb2,Au-Pt-Yb,Au;Pt;Yb,3,4,20.657,63.365,14.230437750592897,225,Cubic,ABC2,0.04147909458332322,False,True,True,True,
mp-aaacdqcg,MgScAg2,Ag2-Mg1-Sc1,Ag-Mg-Sc,Ag;Mg;Sc,3,4,28.927,72.567,6.091661699602151,225,Cubic,ABC2,0.0,False,True,True,True,
mp-aaacdqcl,Dy2MgGe2,Dy2-Ge2-Mg1,Dy-Ge-Mg,Dy;Ge;Mg,3,10,55.444,73.819,7.303462764257325,127,Tetragonal,AB2C2,0.0,False,True,True,True,
mp-aaacdqcn,LiTaIr2,Ir2-Li1-Ta1,Ir-Li-Ta,Ir;Li;Ta,3,4,100.908,222.448,16.233416286386323,225,Cubic,ABC2,0.0,False,True,True,True,
mp-aaacdqcp,LiNbIr2,Ir2-Li1-Nb1,Ir-Li-Nb,Ir;Li;Nb,3,4,85.649,209.556,13.652035844323661,225,Cubic,ABC2,0.0,False,False,False,True,Nb
mp-aaacdqcs,MgScPd2,Mg1-Pd2-Sc1,Mg-Pd-Sc,Mg;Pd;Sc,3,4,30.299,101.961,6.766822978623494,225,Cubic,ABC2,0.0,False,True,True,True,
mp-aaacdqcw,LiPr2Os,Li1-Os1-Pr2,Li-Os-Pr,Li;Os;Pr,3,4,28.583,70.817,8.479616180410083,225,Cubic,ABC2,0.025728106692707087,False,True,True,True,
mp-aaacdqcy,Hf2MnRh,Hf2-Mn1-Rh1,Hf-Mn-Rh,Hf;Mn;Rh,3,4,73.696,175.266,12.872885991072046,225,Cubic,ABC2,0.0,False,True,True,True,
mp-aaacdqde,Zr2TcPd,Pd1-Tc1-Zr2,Pd-Tc-Zr,Pd;Tc;Zr,3,4,52.852,159.375,8.738952601536191,225,Cubic,ABC2,0.0,False,True,False,True,
mp-aaacdqdg,MgSc2Al,Al1-Mg1-Sc2,Al-Mg-Sc,Al;Mg;Sc,3,4,43.212,64.52,2.806585634699416,225,Cubic,ABC2,0.0,False,True,True,True,
mp-aaacdqdi,ZrZnRh2,Rh2-Zn1-Zr1,Rh-Zn-Zr,Rh;Zn;Zr,3,4,59.624,172.759,9.487489794548448,225,Cubic,ABC2,0.0,False,True,True,True,
mp-aaacdqdl,Zr3Tl,Tl1-Zr3,Tl-Zr,Tl;Zr,2,4,46.953,96.017,8.748659231223302,221,Cubic,AB3,0.0,False,True,True,True,
mp-aaacdqdp,Tm2TlCd,Cd1-Tl1-Tm2,Cd-Tl-Tm,Cd;Tl;Tm,3,4,24.389,60.245,10.501608309792898,225,Cubic,ABC2,0.0,False,True,True,True,
mp-aaacdqth,ZnMo3,Mo3-Zn1,Mo-Zn,Mo;Zn,2,4,57.605,217.767,9.552044614311898,221,Cubic,AB3,0.1873060466666665,False,True,True,True,
mp-aaacdqtt,HgOs,Hg1-Os1,Hg-Os,Hg;Os,2,2,64.102,188.781,18.710078568704308,187,Hexagonal,AB,0.9914836774999998,False,False,False,True,Hg
mp-aaacdqus,Rb3Sm,Rb3-Sm1,Rb-Sm,Rb;Sm,2,4,1.738,5.436,2.5719925359088283,221,Cubic,AB3,0.6104326981249997,False,True,True,True,
mp-aaacdqwp,Pr2ZnAg,Ag1-Pr2-Zn1,Ag-Pr-Zn,Ag;Pr;Zn,3,4,20.487,52.345,7.104016236220092,225,Cubic,ABC2,0.005324622499999876,False,True,True,True,
mp-aaacdqwr,Pr2TlAg,Ag1-Pr2-Tl1,Ag-Pr-Tl,Ag;Pr;Tl,3,4,15.917,52.072,8.475233117426972,225,Cubic,ABC2,0.0,False,True,True,True,
mp-aaacdqwu,PrLu3,Lu3-Pr1,Lu-Pr,Lu;Pr,2,8,26.103,41.583,8.826888509123389,194,Hexagonal,AB3,0.006979634583338168,False,True,True,True,
mp-aaacdqwv,Pr2IrAu,Au1-Ir1-Pr2,Au-Ir-Pr,Au;Ir;Pr,3,4,21.893,89.437,11.384075064981356,225,Cubic,ABC2,0.06477693107142901,False,True,True,True,
mp-aaacdqxb,Pr2CdPb,Cd1-Pb1-Pr2,Cd-Pb-Pr,Cd;Pb;Pr,3,4,18.011,50.071,8.27804842994659,225,Cubic,ABC2,0.024514244687502185,False,True,True,True,
mp-aaacdqxg,Pr2InAg,Ag1-In1-Pr2,Ag-In-Pr,Ag;In;Pr,3,4,15.684,51.212,7.241061954750516,225,Cubic,ABC2,0.0017778075000016713,False,True,True,True,
mp-aaacdrdg,Mg2TlPb,Mg2-Pb1-Tl1,Mg-Pb-Tl,Mg;Pb;Tl,3,4,4.9350000000000005,35.144,7.329183565154068,225,Cubic,ABC2,0.0,False,True,True,True,
mp-aaacdrdl,MnBe2Co,Be2-Co1-Mn1,Be-Co-Mn,Be;Co;Mn,3,4,95.017,172.297,5.848799175929759,225,Cubic,ABC2,0.004891544008621018,False,True,True,True,
mp-aaacdrdo,MgW3,Mg1-W3,Mg-W,Mg;W,2,8,34.379,151.681,14.090088271743873,194,Hexagonal,AB3,0.49715697874999876,False,True,True,True,
mp-aaacdrdp,Mg2ZnPd,Mg2-Pd1-Zn1,Mg-Pd-Zn,Mg;Pd;Zn,3,4,25.948,72.28,5.419585579338686,225,Cubic,ABC2,0.009695222395834868,False,True,True,True,
mp-aaacdrdr,Mg2ZnRh,Mg2-Rh1-Zn1,Mg-Rh-Zn,Mg;Rh;Zn,3,4,29.257,84.27,5.576649917783419,225,Cubic,ABC2,0.014426390789473054,False,True,True,True,
mp-aaacdrdu,MgZr3,Mg1-Zr3,Mg-Zr,Mg;Zr,2,8,37.943,80.271,5.474739208244816,194,Hexagonal,AB3,0.04141552624999889,False,True,True,True,
mp-aaacdrdx,Mg3Cd,Cd1-Mg3,Cd-Mg,Cd;Mg,2,4,13.932,37.897,3.458721924363504,221,Cubic,AB3,0.01759173375000067,False,True,True,True,
mp-aaacdrdy,MgCd,Cd1-Mg1,Cd-Mg,Cd;Mg,2,6,13.131,42.072,5.188747690465317,38,Orthorhombic,AB,0.029356295833332213,False,True,True,True,
mp-aaacdrea,Mg3Co,Co1-Mg3,Co-Mg,Co;Mg,2,4,25.887,59.866,3.178494878602542,225,Cubic,AB3,0.1757561818749993,False,True,True,True,
mp-aaacdreb,Mg3Cr,Cr1-Mg3,Cr-Mg,Cr;Mg,2,4,22.719,44.069,2.519357351302379,139,Tetragonal,AB3,0.28454970125000045,False,False,False,True,Cr
mp-aaacdree,Mg3Ga,Ga1-Mg3,Ga-Mg,Ga;Mg,2,4,19.659,40.626,2.83535471028754,139,Tetragonal,AB3,0.04801992249999998,False,False,False,True,Ga
mp-aaacdref,Mg3Ga,Ga1-Mg3,Ga-Mg,Ga;Mg,2,4,12.543,41.632,2.864341703877818,221,Cubic,AB3,0.031655937500000064,False,False,False,True,Ga
mp-aaacdreg,Mg3Hg,Hg1-Mg3,Hg-Mg,Hg;Mg,2,4,13.677,40.931,5.252846068373007,221,Cubic,AB3,0.017491376249999746,False,False,False,True,Hg
mp-aaacdreh,Mg3In,In1-Mg3,In-Mg,In;Mg,2,4,20.553,38.832,3.389201508503354,139,Tetragonal,AB3,0.01696658250000027,False,True,True,True,
mp-aaacdrej,Mg3Mn,Mg3-Mn1,Mg-Mn,Mg;Mn,2,4,28.117,46.208,2.697733220790874,225,Cubic,AB3,0.1957906767672415,False,True,True,True,
mp-aaacdrek,Mg3Mn,Mg3-Mn1,Mg-Mn,Mg;Mn,2,4,20.217,44.054,2.6831893942142253,221,Cubic,AB3,0.2028769892672413,False,True,True,True,
mp-aaacdrel,Mg3Mo,Mg3-Mo1,Mg-Mo,Mg;Mo,2,4,52.21,72.683,3.772263785534703,221,Cubic,AB3,0.32807379625,False,True,True,True,
mp-aaacdreo,Mg3Os,Mg3-Os1,Mg-Os,Mg;Os,2,4,31.04,85.241,6.316534972735921,139,Tetragonal,AB3,0.1622593650000006,False,True,True,True,
mp-aaacdrep,Mg3Pa,Mg3-Pa1,Mg-Pa,Mg;Pa,2,4,32.735,48.729,5.252512341834195,225,Cubic,AB3,0.3515066975000032,False,False,False,True,Pa
mp-aaacdrer,Mg3Pb,Mg3-Pb1,Mg-Pb,Mg;Pb,2,4,18.965,36.348,4.782014811779613,139,Tetragonal,AB3,0.013847861249997706,False,True,True,True,
mp-aaacdres,Mg3Sn,Mg3-Sn1,Mg-Sn,Mg;Sn,2,4,20.038,41.535,3.5073865203958663,221,Cubic,AB3,0.009186113749999336,False,True,True,True,
mp-aaacdrfb,Mg3Re,Mg3-Re1,Mg-Re,Mg;Re,2,4,30.25,80.582,6.00784834746662,221,Cubic,AB3,0.4356747531249998,False,True,True,True,
mp-aaacdrfc,Mg3Ta,Mg3-Ta1,Mg-Ta,Mg;Ta,2,4,42.454,69.102,5.3073207948882395,221,Cubic,AB3,0.3785099694166667,False,True,True,True,
mp-aaacdrmo,Sc3Al,Al1-Sc3,Al-Sc,Al;Sc,2,4,43.099,64.254,3.090868604529306,221,Cubic,AB3,0.05220380249999934,False,True,True,True,
mp-aaacdrms,SmAs3,As3-Sm1,As-Sm,As;Sm,2,4,17.374,77.887,7.259177463802841,221,Cubic,AB3,0.23478984249999968,False,False,False,True,As
mp-aaacdrmx,SmTh3,Sm1-Th3,Sm-Th,Sm;Th,2,4,34.028,52.79,10.835764078837903,221,Cubic,AB3,0.056628410000008955,False,True,True,True,
mp-aaacdrnd,SmErMg2,Er1-Mg2-Sm1,Er-Mg-Sm,Er;Mg;Sm,3,4,21.424,40.708,5.522104827437362,225,Cubic,ABC2,0.0,False,True,True,True,
mp-aaacdrne,SmTm3,Sm1-Tm3,Sm-Tm,Sm;Tm,2,4,25.23,41.344,8.824929351340186,221,Cubic,AB3,0.04977068499999149,False,True,True,True,
mp-aaacdrnf,SmYAl2,Al2-Sm1-Y1,Al-Sm-Y,Al;Sm;Y,3,4,35.85,61.458,5.038441143705929,225,Cubic,ABC2,0.042123012187502695,False,True,True,True,
mp-aaacdrnj,Sm2AlCd,Al1-Cd1-Sm2,Al-Cd-Sm,Al;Cd;Sm,3,4,28.563,56.287,6.871391713238795,225,Cubic,ABC2,0.01913423906249978,False,True,True,True,
mp-aaacdrnn,Sc2ZnCu,Cu1-Sc2-Zn1,Cu-Sc-Zn,Cu;Sc;Zn,3,4,42.953,81.396,5.009986001175524,225,Cubic,ABC2,0.013394392500000407,False,True,True,True,
mp-aaacdrnr,SmDyTl2,Dy1-Sm1-Tl2,Dy-Sm-Tl,Dy;Sm;Tl,3,4,16.825,54.144,10.636973458312022,225,Cubic,ABC2,0.0,False,True,True,True,
mp-aaacdrnt,SmTmHg2,Hg2-Sm1-Tm1,Hg-Sm-Tm,Hg;Sm;Tm,3,4,22.229,63.549,11.383870640416264,225,Cubic,ABC2,0.0,False,False,False,True,Hg
mp-aaacdrob,SmHoZn2,Ho1-Sm1-Zn2,Ho-Sm-Zn,Ho;Sm;Zn,3,4,27.18,57.325,7.941479968658001,225,Cubic,ABC2,0.005041754999997039,False,True,True,True,
mp-aaacdrog,SmErIn2,Er1-In2-Sm1,Er-In-Sm,Er;In;Sm,3,4,20.911,55.814,8.366387794068826,225,Cubic,ABC2,0.004122224999999702,False,True,True,True,
mp-aaacdroh,SmErTl2,Er1-Sm1-Tl2,Er-Sm-Tl,Er;Sm;Tl,3,4,14.781,52.76,10.79610619794189,225,Cubic,ABC2,0.002372572500000558,False,True,True,True,
mp-aaacdroj,Sm2AgHg,Ag1-Hg1-Sm2,Ag-Hg-Sm,Ag;Hg;Sm,3,4,18.699,59.622,9.525572258584775,225,Cubic,ABC2,0.0,False,False,False,True,Hg
mp-aaacdrok,Sc3Sb,Sb1-Sc3,Sb-Sc,Sb;Sc,2,4,39.34,66.598,4.640506231999284,139,Tetragonal,AB3,0.08849430375000011,False,True,True,True,
mp-aaacdrol,SmLuIn2,In2-Lu1-Sm1,In-Lu-Sm,In;Lu;Sm,3,4,20.047,56.065,8.58564564795976,225,Cubic,ABC2,0.02036530399999137,False,True,True,True,
mp-aaacdron,SmLuZn2,Lu1-Sm1-Zn2,Lu-Sm-Zn,Lu;Sm;Zn,3,4,29.737,59.305,8.287418120349468,225,Cubic,ABC2,0.010332195000000155,False,True,True,True,
mp-aaacdros,SmRe3,Re3-Sm1,Re-Sm,Re;Sm,2,4,75.823,218.927,16.876978762830007,225,Cubic,AB3,0.52396289,False,True,True,True,
mp-aaacdrot,Sm2CdIr,Cd1-Ir1-Sm2,Cd-Ir-Sm,Cd;Ir;Sm,3,4,23.106,83.241,10.428436449829853,225,Cubic,ABC2,0.0919180316666619,False,True,True,True,
mp-aaacdrov,SmDyHg2,Dy1-Hg2-Sm1,Dy-Hg-Sm,Dy;Hg;Sm,3,4,18.658,61.688,11.088634407477507,225,Cubic,ABC2,0.0,False,False,False,True,Hg
mp-aaacdrpb,SmHoIn2,Ho1-In2-Sm1,Ho-In-Sm,Ho;In;Sm,3,4,21.466,56.394,8.291163771160578,225,Cubic,ABC2,0.0,False,True,True,True,
mp-aaacdrpc,SmYTl2,Sm1-Tl2-Y1,Sm-Tl-Y,Sm;Tl;Y,3,4,17.948,53.46,9.525934865760373,225,Cubic,ABC2,0.0,False,True,True,True,
mp-aaacdrrk,Sm2MgIr,Ir1-Mg1-Sm2,Ir-Mg-Sm,Ir;Mg;Sm,3,4,18.839,75.698,8.997096095116099,225,Cubic,ABC2,0.1337823912499978,False,True,True,True,
mp-aaacdrrl,Sm2MgTl,Mg1-Sm2-Tl1,Mg-Sm-Tl,Mg;Sm;Tl,3,4,21.479,46.667,7.67784008928536,225,Cubic,ABC2,0.004598202916666683,False,True,True,True,
mp-aaacdrya,SmDyIn2,Dy1-In2-Sm1,Dy-In-Sm,Dy;In;Sm,3,4,22.203,56.106,8.212419248602114,225,Cubic,ABC2,0.002973247499998166,False,True,True,True,
mp-aaacdryb,Sm3Hf,Hf1-Sm3,Hf-Sm,Hf;Sm,2,4,28.35,47.667,8.694793849623817,221,Cubic,AB3,0.17489729874999682,False,True,True,True,
mp-aaacdryl,Sm2TlHg,Hg1-Sm2-Tl1,Hg-Sm-Tl,Hg;Sm;Tl,3,4,20.78,57.031,10.346654543708254,225,Cubic,ABC2,0.0,False,False,False,True,Hg
mp-aaacdrym,Sm2ZnGa,Ga1-Sm2-Zn1,Ga-Sm-Zn,Ga;Sm;Zn,3,4,30.881,58.628,7.420115868865408,225,Cubic,ABC2,0.0027107737499978413,False,False,False,True,Ga
mp-aaacdryt,Sm2TlZn,Sm2-Tl1-Zn1,Sm-Tl-Zn,Sm;Tl;Zn,3,4,22.421,55.425,8.796057734651429,225,Cubic,ABC2,0.017576122500000402,False,True,True,True,
mp-aaacdrzb,SmY3,Sm1-Y3,Sm-Y,Sm;Y,2,4,22.803,39.02,5.284052000968117,221,Cubic,AB3,0.07348738999999682,False,True,True,True,
mp-aaacdrzc,Sm2RuAu,Au1-Ru1-Sm2,Au-Ru-Sm,Au;Ru;Sm,3,4,29.788,93.022,10.863167306804666,225,Cubic,ABC2,0.05341455531249917,False,True,True,True,
mp-aaacdrzl,SmYIn2,In2-Sm1-Y1,In-Sm-Y,In;Sm;Y,3,4,22.726,55.99,7.075589332807111,225,Cubic,ABC2,0.0014364950000000931,False,True,True,True,
mp-aaacdsaf,Sr(GeIr)2,Ge2-Ir2-Sr1,Ge-Ir-Sr,Ge;Ir;Sr,3,5,63.466,90.062,10.506120461660657,139,Tetragonal,AB2C2,0.0,False,True,True,True,
mp-aaacdsch,TbTlAg2,Ag2-Tb1-Tl1,Ag-Tb-Tl,Ag;Tb;Tl,3,4,20.09,68.02,10.778399807908743,225,Cubic,ABC2,0.019298539420291583,False,True,True,True,
mp-aaacdscl,TbYHg2,Hg2-Tb1-Y1,Hg-Tb-Y,Hg;Tb;Y,3,4,27.122,64.962,10.295667800165974,225,Cubic,ABC2,0.0,False,False,False,True,Hg
mp-aaacdscs,TbZr,Tb1-Zr1,Tb-Zr,Tb;Zr,2,2,32.407,59.661,7.640224723028754,187,Hexagonal,AB,0.11904500500000026,False,True,True,True,
mp-aaacdsdd,SrAcZn2,Ac1-Sr1-Zn2,Ac-Sr-Zn,Ac;Sr;Zn,3,4,22.956,34.157,6.179780856657206,225,Cubic,ABC2,0.0,False,False,False,True,Ac
mp-aaacdsdy,Sm2ZnIn,In1-Sm2-Zn1,In-Sm-Zn,In;Sm;Zn,3,4,26.257,55.434,7.502229596731976,225,Cubic,ABC2,0.009622552499997994,False,True,True,True,
mp-aaacdseb,SrAcTl2,Ac1-Sr1-Tl2,Ac-Sr-Tl,Ac;Sr;Tl,3,4,16.505,33.088,8.515517425445692,225,Cubic,ABC2,0.0,False,False,False,True,Ac
mp-aaacdsem,Th3Mg,Mg1-Th3,Mg-Th,Mg;Th,2,4,28.975,52.8,9.770559768738504,221,Cubic,AB3,0.07393113875000346,False,True,True,True,
mp-aaacdser,TlAu3,Au3-Tl1,Au-Tl,Au;Tl,2,4,9.318,86.313,16.324007280488622,139,Tetragonal,AB3,0.09483903499999968,False,True,True,True,
mp-aaacdsev,Sm2ZnHg,Hg1-Sm2-Zn1,Hg-Sm-Zn,Hg;Sm;Zn,3,4,20.46,56.78,9.040663141165334,225,Cubic,ABC2,0.0,False,False,False,True,Hg
mp-aaacdsex,TbYTl2,Tb1-Tl2-Y1,Tb-Tl-Y,Tb;Tl;Y,3,4,16.993,54.245,9.86653883840312,225,Cubic,ABC2,0.0,False,True,True,True,
mp-aaacdsey,Ti6Al16Pt7,Al16-Pt7-Ti6,Al-Pt-Ti,Al;Pt;Ti,3,29,38.65,131.544,7.544559857215812,225,Cubic,A6B7C16,0.004601559203859296,False,True,True,True,
mp-aaacdsfi,Sr(GePd)2,Ge2-Pd2-Sr1,Ge-Pd-Sr,Ge;Pd;Sr,3,5,31.552,76.495,7.2202705612412,139,Tetragonal,AB2C2,0.0,False,True,True,True,
mp-aaacdsfj,SrGe3Pd,Ge3-Pd1-Sr1,Ge-Pd-Sr,Ge;Pd;Sr,3,5,26.34,70.823,6.42035463634861,107,Tetragonal,ABC3,0.0,False,True,True,True,
mp-aaacdsfk,TbTmHg2,Hg2-Tb1-Tm1,Hg-Tb-Tm,Hg;Tb;Tm,3,4,27.068,68.08,11.818365793656278,225,Cubic,ABC2,0.0,False,False,False,True,Hg
mp-aaacdsfr,TmMnRh2,Mn1-Rh2-Tm1,Mn-Rh-Tm,Mn;Rh;Tm,3,4,49.453,135.403,10.671436966927356,225,Cubic,ABC2,0.014488595000000437,False,True,True,True,
mp-aaacdsgf,Th3Be,Be1-Th3,Be-Th,Be;Th,2,4,29.253,62.166,10.708560600692422,221,Cubic,AB3,0.3337101562500031,False,True,True,True,
mp-aaacdsgh,TmZr,Tm1-Zr1,Tm-Zr,Tm;Zr,2,2,40.177,67.086,8.19101825414406,187,Hexagonal,AB,0.060829237499998356,False,True,True,True,
mp-aaacdsgj,SmGe3,Ge3-Sm1,Ge-Sm,Ge;Sm,2,8,17.126,65.983,7.195881637715852,194,Hexagonal,AB3,0.10066589416666716,False,True,True,True,
mp-aaacdsgk,SrAc3,Ac3-Sr1,Ac-Sr,Ac;Sr,2,4,12.317,20.33,6.8525281588843185,139,Tetragonal,AB3,0.07353506395833875,False,False,False,True,Ac
mp-aaacdsgw,SmTm3,Sm1-Tm3,Sm-Tm,Sm;Tm,2,8,26.898,41.991,8.699741731093392,194,Hexagonal,AB3,0.008356954999996447,False,True,True,True,
mp-aaacdshj,Th3Au,Au1-Th3,Au-Th,Au;Th,2,4,15.655,72.964,12.906434064075071,221,Cubic,AB3,0.18480728250000222,False,True,True,True,
mp-aaacdsho,Tm2CuAu,Au1-Cu1-Tm2,Au-Cu-Tm,Au;Cu;Tm,3,4,40.594,86.553,11.621658225953121,225,Cubic,ABC2,0.01391397375000114,False,True,True,True,
mp-aaacdsib,Sm2ZnAg,Ag1-Sm2-Zn1,Ag-Sm-Zn,Ag;Sm;Zn,3,4,22.245,57.911,7.836335626122056,225,Cubic,ABC2,0.005592954999999122,False,True,True,True,
mp-aaacdsir,TmMg2Sc,Mg2-Sc1-Tm1,Mg-Sc-Tm,Mg;Sc;Tm,3,4,24.536,46.104,4.384807937399658,225,Cubic,ABC2,0.016503104375000355,False,True,True,True,
mp-aaacdskh,Ti2Ag,Ag1-Ti2,Ag-Ti,Ag;Ti,2,3,38.471,115.12,6.466751336282132,139,Tetragonal,AB2,0.0,False,True,True,True,
mp-aaacdsmq,Tm2AgHg,Ag1-Hg1-Tm2,Ag-Hg-Tm,Ag;Hg;Tm,3,4,28.734,71.509,11.17129418060229,225,Cubic,ABC2,0.0,False,False,False,True,Hg
mp-aaacdsow,Sm3Y,Sm3-Y1,Sm-Y,Sm;Y,2,8,20.299,35.996,6.606120201277847,194,Hexagonal,AB3,0.015621406250001968,False,True,True,True,
mp-aaacdspu,Tm2CdHg,Cd1-Hg1-Tm2,Cd-Hg-Tm,Cd;Hg;Tm,3,4,28.297,65.115,10.765437721180355,225,Cubic,ABC2,0.011264665000000562,False,False,False,True,Hg
mp-aaacdspz,ThMg3,Mg3-Th1,Mg-Th,Mg;Th,2,8,20.296,46.981,4.862544548508077,194,Hexagonal,AB3,0.07125463125000309,False,True,True,True,
mp-aaacdsqd,Ta2FeMo,Fe1-Mo1-Ta2,Fe-Mo-Ta,Fe;Mo;Ta,3,4,107.068,231.554,13.650971055036146,225,Cubic,ABC2,0.0,False,True,True,True,
mp-aaacdsqf,Tl3Cd,Cd1-Tl3,Cd-Tl,Cd;Tl,2,4,6.46,27.4,10.152383736165346,221,Cubic,AB3,0.07145271999999636,False,True,True,True,
mp-aaacdsqg,Tb2AgIr,Ag1-Ir1-Tb2,Ag-Ir-Tb,Ag;Ir;Tb,3,4,31.058,96.964,11.627396378349601,225,Cubic,ABC2,0.02206515679347909,False,True,True,True,
mp-aaacdsqx,TbLuHg2,Hg2-Lu1-Tb1,Hg-Lu-Tb,Hg;Lu;Tb,3,4,26.88,67.917,12.041484874151042,225,Cubic,ABC2,0.0,False,False,False,True,Hg
mp-aaacdsqz,TaW3,Ta1-W3,Ta-W,Ta;W,2,4,121.472,275.924,18.293660996936662,225,Cubic,AB3,0.0,False,True,True,True,
mp-aaacdssx,Sm3Cd,Cd1-Sm3,Cd-Sm,Cd;Sm,2,8,20.619,41.081,7.723154939965103,194,Hexagonal,AB3,0.06768366499999923,False,True,True,True,
mp-aaacdsvx,DyYCd2,Cd2-Dy1-Y1,Cd-Dy-Y,Cd;Dy;Y,3,4,24.488,56.229,7.472492711315076,225,Cubic,ABC2,0.005004622499999556,False,True,True,True,
mp-aaacdsvz,Dy3Y,Dy3-Y1,Dy-Y,Dy;Y,2,4,25.48,40.892,7.55149421314945,221,Cubic,AB3,0.057982719583336007,False,True,True,True,
mp-aaacdswb,YErZn2,Er1-Y1-Zn2,Er-Y-Zn,Er;Y;Zn,3,4,31.495,61.225,7.108011140042111,225,Cubic,ABC2,0.007656465000000168,False,True,True,True,
mp-aaacdswd,YGa3,Ga3-Y1,Ga-Y,Ga;Y,2,4,42.645,69.461,6.283972645031418,221,Cubic,AB3,0.04963566374999928,False,False,False,True,Ga
mp-aaacdswe,YErIn2,Er1-In2-Y1,Er-In-Y,Er;In;Y,3,4,21.058,57.035,7.625163049324372,225,Cubic,ABC2,0.01099417218750176,False,True,True,True,
mp-aaacdswf,YHoAg2,Ag2-Ho1-Y1,Ag-Ho-Y,Ag;Ho;Y,3,4,34.495,68.344,8.096959018382067,225,Cubic,ABC2,0.00033884500000169737,False,True,True,True,
mp-aaacdswh,YHoZn2,Ho1-Y1-Zn2,Ho-Y-Zn,Ho;Y;Zn,3,4,30.364,60.525,7.021504944238596,225,Cubic,ABC2,0.0007710300000001169,False,True,True,True,
mp-aaacdswj,YHoCd2,Cd2-Ho1-Y1,Cd-Ho-Y,Cd;Ho;Y,3,4,26.801,57.371,7.558453817614277,225,Cubic,ABC2,0.005984994999998605,False,True,True,True,
mp-aaacdswk,YLuTl2,Lu1-Tl2-Y1,Lu-Tl-Y,Lu;Tl;Y,3,4,16.293,55.052,10.345215258732775,225,Cubic,ABC2,0.0,False,True,True,True,
mp-aaacdswl,YLuZn2,Lu1-Y1-Zn2,Lu-Y-Zn,Lu;Y;Zn,3,4,35.072,62.844,7.380748891387322,225,Cubic,ABC2,0.006667844999999062,False,True,True,True,
mp-aaacdswo,DyYTl2,Dy1-Tl2-Y1,Dy-Tl-Y,Dy;Tl;Y,3,4,16.268,54.087,9.970548151782078,225,Cubic,ABC2,0.0026463525000011145,False,True,True,True,
mp-aaacdswp,YMg2Sc,Mg2-Sc1-Y1,Mg-Sc-Y,Mg;Sc;Y,3,4,25.076,44.842,2.984463146197807,225,Cubic,ABC2,0.009669714375000638,False,True,True,True,
mp-aaacdsxn,Sm5Mg,Mg1-Sm5,Mg-Sm,Mg;Sm,2,6,16.772,35.469,6.689866197187468,155,Trigonal,AB5,0.04516405833333348,False,True,True,True,
mp-aaacdsxt,SmCd3,Cd3-Sm1,Cd-Sm,Cd;Sm,2,8,20.865,54.374,8.175197101687147,194,Hexagonal,AB3,0.0,False,True,True,True,
mp-aaacdtdm,Sm3Er,Er1-Sm3,Er-Sm,Er;Sm,2,8,20.829,36.589,7.677245305975064,194,Hexagonal,AB3,0.0136977829166689,False,True,True,True,
mp-aaacdthg,DyYZn2,Dy1-Y1-Zn2,Dy-Y-Zn,Dy;Y;Zn,3,4,29.032,59.82,6.933092699220975,225,Cubic,ABC2,0.00752362249999905,False,True,True,True,
mp-aaacdthj,YHoAl2,Al2-Ho1-Y1,Al-Ho-Y,Al;Ho;Y,3,4,36.683,65.616,5.506742225372125,225,Cubic,ABC2,0.0402044454999988,False,True,True,True,
mp-aaacdtit,TaTiFe2,Fe2-Ta1-Ti1,Fe-Ta-Ti,Fe;Ta;Ti,3,4,80.366,211.21,10.304039166511945,225,Cubic,ABC2,0.01847399038461539,False,True,True,True,
mp-aaacdtol,Sm3Ho,Ho1-Sm3,Ho-Sm,Ho;Sm,2,8,20.498,36.414,7.6186425294550535,194,Hexagonal,AB3,0.0123678300000023,False,True,True,True,
mp-aaacdtow,VCuRh2,Cu1-Rh2-V1,Cu-Rh-V,Cu;Rh;V,3,4,37.09,218.716,9.909877388709845,225,Cubic,ABC2,0.0,False,True,True,True,
mp-aaacdtpj,SmMn3,Mn3-Sm1,Mn-Sm,Mn;Sm,2,8,29.185,72.777,7.179607958493641,194,Hexagonal,AB3,0.3461478065517234,False,True,True,True,
mp-aaacdtpr,YNbRu2,Nb1-Ru2-Y1,Nb-Ru-Y,Nb;Ru;Y,3,4,62.863,169.646,8.987624324893591,225,Cubic,ABC2,0.008713050520832155,False,False,False,True,Nb
mp-aaacdtpu,YErHg2,Er1-Hg2-Y1,Er-Hg-Y,Er;Hg;Y,3,4,28.694,63.799,10.63960533587478,225,Cubic,ABC2,0.0,False,False,False,True,Hg
mp-aaacdtpv,RbYb3,Rb1-Yb3,Rb-Yb,Rb;Yb,2,4,5.601,10.064,5.023150637694735,225,Cubic,AB3,0.7308290834374951,False,True,True,True,
mp-aaacdtpw,RbYb3,Rb1-Yb3,Rb-Yb,Rb;Yb,2,4,5.944,9.676,5.066660576281039,221,Cubic,AB3,0.7211634159374967,False,True,True,True,
mp-aaacdtqa,Yb3Zr,Yb3-Zr1,Yb-Zr,Yb;Zr,2,4,16.111,25.447,7.889843839132988,225,Cubic,AB3,0.14865712499999262,False,True,True,True,
mp-aaacdtqf,Yb3V,V1-Yb3,V-Yb,V;Yb,2,4,14.683,20.968,7.56423718925465,221,Cubic,AB3,0.23714135624999955,False,True,True,True,
mp-aaacdtqk,AcYbMg2,Ac1-Mg2-Yb1,Ac-Mg-Yb,Ac;Mg;Yb,3,4,16.494,27.943,5.628940522407174,225,Cubic,ABC2,0.037518067499998864,False,False,False,True,Ac
mp-aaacdtqp,Yb3Mn,Mn1-Yb3,Mn-Yb,Mn;Yb,2,4,10.761,19.156,7.929014130538882,225,Cubic,AB3,0.1579960821874984,False,True,True,True,
mp-aaacdtqq,Yb3Mg,Mg1-Yb3,Mg-Yb,Mg;Yb,2,4,9.45,18.16,6.348126097244618,221,Cubic,AB3,0.07489956625000005,False,True,True,True,
mp-aaacdtqv,Yb2AgHg,Ag1-Hg1-Yb2,Ag-Hg-Yb,Ag;Hg;Yb,3,4,18.393,38.785,10.716584441430792,225,Cubic,ABC2,0.0,False,False,False,True,Hg
mp-aaacdtqw,AcYbCd2,Ac1-Cd2-Yb1,Ac-Cd-Yb,Ac;Cd;Yb,3,4,18.723,36.361,8.316315583004835,225,Cubic,ABC2,0.04857708656249571,False,False,False,True,Ac
mp-aaacdtqx,Yb3Ti,Ti1-Yb3,Ti-Yb,Ti;Yb,2,4,14.63,20.615,7.248929070701816,221,Cubic,AB3,0.15635386708333243,False,True,True,True,
mp-aaacdtqz,YbSmPt2,Pt2-Sm1-Yb1,Pt-Sm-Yb,Pt;Sm;Yb,3,4,35.89,93.151,13.758738189199795,225,Cubic,ABC2,0.10183202874999608,False,True,True,True,
mp-aaacdtrb,Yb2GaHg,Ga1-Hg1-Yb2,Ga-Hg-Yb,Ga;Hg;Yb,3,4,23.271,39.597,10.212275427387441,225,Cubic,ABC2,0.0,False,False,False,True,Ga;Hg
mp-aaacdtrc,Yb2CdHg,Cd1-Hg1-Yb2,Cd-Hg-Yb,Cd;Hg;Yb,3,4,17.672,34.65,10.194811301906837,225,Cubic,ABC2,0.006666755000004798,False,False,False,True,Hg
mp-aaacdtrv,YbThPt2,Pt2-Th1-Yb1,Pt-Th-Yb,Pt;Th;Yb,3,4,30.747,106.657,14.766684553201118,225,Cubic,ABC2,0.17633592062500725,False,True,True,True,
mp-aaacdtrx,Yb2AgPd,Ag1-Pd1-Yb2,Ag-Pd-Yb,Ag;Pd;Yb,3,4,18.544,47.651,10.31571288042719,225,Cubic,ABC2,0.01675300249999978,False,True,True,True,
mp-aaacdtsj,YbPr3,Pr3-Yb1,Pr-Yb,Pr;Yb,2,4,14.306,28.124,6.830064210138099,221,Cubic,AB3,0.028412657500002325,False,True,True,True,
mp-aaacdtsm,SmGa2Co,Co1-Ga2-Sm1,Co-Ga-Sm,Co;Ga;Sm,3,8,39.1,93.932,7.7151155325363625,65,Orthorhombic,ABC2,0.0,False,False,False,True,Ga
mp-aaacdtso,Yb3Os,Os1-Yb3,Os-Yb,Os;Yb,2,4,8.033,45.883,12.850119649081599,225,Cubic,AB3,0.10587137593749674,False,True,True,True,
mp-aaacdtsw,TmTh3,Th3-Tm1,Th-Tm,Th;Tm,2,4,33.632,52.713,11.296684290850378,221,Cubic,AB3,0.04285810250001276,False,True,True,True,
mp-aaacdttq,Yb3Mg,Mg1-Yb3,Mg-Yb,Mg;Yb,2,4,9.43,19.265,6.50842325000891,225,Cubic,AB3,0.0874245137499976,False,True,True,True,
mp-aaacdtua,YbPrCd2,Cd2-Pr1-Yb1,Cd-Pr-Yb,Cd;Pr;Yb,3,4,21.5,41.352,7.858771318987624,225,Cubic,ABC2,0.01505899500000396,False,True,True,True,
mp-aaacdtuj,YbPrAu2,Au2-Pr1-Yb1,Au-Pr-Yb,Au;Pr;Yb,3,4,20.684,64.929,11.867094339112786,225,Cubic,ABC2,0.07292635062500352,False,True,True,True,
mp-aaacdtuk,YbPbAu2,Au2-Pb1-Yb1,Au-Pb-Yb,Au;Pb;Yb,3,4,14.993,62.462,13.960961853695977,225,Cubic,ABC2,0.07004724218747072,False,True,True,True,
mp-aaacdtul,YErMg2,Er1-Mg2-Y1,Er-Mg-Y,Er;Mg;Y,3,4,20.656,42.167,4.669520652073156,225,Cubic,ABC2,0.0035173800000007915,False,True,True,True,
mp-aaacdtup,TbPmRh2,Pm1-Rh2-Tb1,Pm-Rh-Tb,Pm;Rh;Tb,3,4,15.253,102.32,9.978806344342264,225,Cubic,ABC2,0.0,False,True,False,True,
mp-aaacdtus,YbErZn2,Er1-Yb1-Zn2,Er-Yb-Zn,Er;Yb;Zn,3,4,29.049,48.824,8.655015393749455,225,Cubic,ABC2,0.0,False,True,True,True,
mp-aaacdtut,YbDy3,Dy3-Yb1,Dy-Yb,Dy;Yb,2,4,19.241,33.683,8.464032800263869,221,Cubic,AB3,0.047278244166662375,False,True,True,True,
mp-aaacdtuu,YbErHg2,Er1-Hg2-Yb1,Er-Hg-Yb,Er;Hg;Yb,3,4,25.653,52.673,12.03216871508617,225,Cubic,ABC2,0.0,False,False,False,True,Hg
mp-aaacdtuy,YbSmPd2,Pd2-Sm1-Yb1,Pd-Sm-Yb,Pd;Sm;Yb,3,4,20.256,71.092,10.128234850791781,225,Cubic,ABC2,0.05038652624999784,False,True,True,True,
mp-aaacdtzr,BaSrYb2,Ba1-Sr1-Yb2,Ba-Sr-Yb,Ba;Sr;Yb,3,4,6.437,11.948,4.817675144284115,225,Cubic,ABC2,0.42636109083333196,False,True,True,True,
mp-aaacdtzs,YbOs3,Os3-Yb1,Os-Yb,Os;Yb,2,4,46.685,224.333,19.526888934047967,139,Tetragonal,AB3,0.6216422981249963,False,True,True,True,
mp-aaacdtzz,YbDyHg2,Dy1-Hg2-Yb1,Dy-Hg-Yb,Dy;Hg;Yb,3,4,26.151,52.438,11.80695367658492,225,Cubic,ABC2,0.0,False,False,False,True,Hg
mp-aaacduaa,Zn3Rh,Rh1-Zn3,Rh-Zn,Rh;Zn,2,8,36.556,125.139,8.815506626025597,194,Hexagonal,AB3,0.005577937499998242,False,True,True,True,
mp-aaacduad,TiOs3,Os3-Ti1,Os-Ti,Os;Ti,2,4,110.247,308.449,17.479910151493293,221,Cubic,AB3,0.2197645525000027,False,True,True,True,
mp-aaacduag,TmScRu2,Ru2-Sc1-Tm1,Ru-Sc-Tm,Ru;Sc;Tm,3,4,53.361,132.156,9.729094129079277,225,Cubic,ABC2,0.0,False,True,True,True,
mp-aaacduhk,TmScHg2,Hg2-Sc1-Tm1,Hg-Sc-Tm,Hg;Sc;Tm,3,4,28.405,72.216,10.87011212513375,225,Cubic,ABC2,0.003657652500002939,False,False,False,True,Hg
mp-aaacduiv,Sm3Hg,Hg1-Sm3,Hg-Sm,Hg;Sm,2,8,17.74,44.884,9.142358045147244,194,Hexagonal,AB3,0.0,False,False,False,True,Hg
mp-aaacduru,YTmAl2,Al2-Tm1-Y1,Al-Tm-Y,Al;Tm;Y,3,4,35.136,66.272,5.652990849861525,225,Cubic,ABC2,0.03729984400000319,False,True,True,True,
mp-aaacdusb,TmLuCo2,Co2-Lu1-Tm1,Co-Lu-Tm,Co;Lu;Tm,3,4,47.005,209.285,10.917535043054457,225,Cubic,ABC2,0.0,False,True,True,True,
mp-aaacduvd,VFeRu2,Fe1-Ru2-V1,Fe-Ru-V,Fe;Ru;V,3,4,108.03,232.744,9.488235678166342,225,Cubic,ABC2,0.014310354166662265,False,True,True,True,
mp-aaacduvo,SmNiGe2,Ge2-Ni1-Sm1,Ge-Ni-Sm,Ge;Ni;Sm,3,8,44.624,99.958,7.922325222447788,63,Orthorhombic,ABC2,0.0,False,True,True,True,
mp-aaacdvco,YTmMg2,Mg2-Tm1-Y1,Mg-Tm-Y,Mg;Tm;Y,3,4,21.693,42.606,4.7185306600803685,225,Cubic,ABC2,0.0037974825000004486,False,True,True,True,
mp-aaacdvcs,Sr3Cr,Cr1-Sr3,Cr-Sr,Cr;Sr,2,4,8.285,14.914,3.090441954980902,221,Cubic,AB3,0.4955988250000001,False,False,False,True,Cr
mp-aaacdvct,SrCaHg2,Ca1-Hg2-Sr1,Ca-Hg-Sr,Ca;Hg;Sr,3,4,16.275,31.022,7.287044015969529,225,Cubic,ABC2,0.018665545000002837,False,False,False,True,Hg
mp-aaacdvmt,Yb3In3Ge2Au,Au1-Ge2-In3-Yb3,Au-Ge-In-Yb,Au;Ge;In;Yb,4,9,37.631,54.772,9.418014583559719,189,Hexagonal,AB2C3D3,0.06796557111110957,False,True,True,True,
mp-aaacdvmw,Tl3V,Tl3-V1,Tl-V,Tl;V,2,4,4.946,37.409,10.8179160794693,139,Tetragonal,AB3,0.5089517749999999,False,True,True,True,
mp-aaacdvna,SrMg5,Mg5-Sr1,Mg-Sr,Mg;Sr,2,6,16.656,28.947,2.063938653617183,191,Hexagonal,AB5,0.02274900479166675,False,True,True,True,
mp-aaacdvnb,Zn3Co,Co1-Zn3,Co-Zn,Co;Zn,2,4,45.999,118.899,8.124287472310122,221,Cubic,AB3,0.05560045465909269,False,True,True,True,
mp-aaacdvns,Ti3Nb,Nb1-Ti3,Nb-Ti,Nb;Ti,2,4,24.306,122.685,5.588735918856932,139,Tetragonal,AB3,0.08193619749999925,False,False,False,True,Nb
mp-aaacdvnt,UCr3,Cr3-U1,Cr-U,Cr;U,2,4,26.475,177.103,11.615400564866748,225,Cubic,AB3,0.3701560949999987,False,False,False,True,Cr
mp-aaacdvnu,Yb2InSn,In1-Sn1-Yb2,In-Sn-Yb,In;Sn;Yb,3,4,16.544,35.777,8.575360821723162,225,Cubic,ABC2,0.10731455458333983,False,True,True,True,
mp-aaacdvom,YMg5,Mg5-Y1,Mg-Y,Mg;Y,2,6,17.204,37.533,2.353499849608893,12,Monoclinic,AB5,0.05254256333333274,False,True,True,True,
mp-aaacdvqt,SrTlHg2,Hg2-Sr1-Tl1,Hg-Sr-Tl,Hg;Sr;Tl,3,4,5.404,29.409,9.854888999733882,225,Cubic,ABC2,0.0,False,False,False,True,Hg
mp-aaacdvqu,ZrCu2Hg,Cu2-Hg1-Zr1,Cu-Hg-Zr,Cu;Hg;Zr,3,4,47.151,122.147,10.493854931323309,225,Cubic,ABC2,0.02472129156862657,False,False,False,True,Hg
mp-aaacdvsv,V2ReRu,Re1-Ru1-V2,Re-Ru-V,Re;Ru;V,3,4,126.088,268.222,11.652121418051996,225,Cubic,ABC2,0.0,False,True,True,True,
mp-aaacdvtf,HfMg3,Hf1-Mg3,Hf-Mg,Hf;Mg,2,8,32.213,55.161,4.805445514352927,194,Hexagonal,AB3,0.17328189625000068,False,True,True,True,
mp-aaacdvti,Sr3Yb,Sr3-Yb1,Sr-Yb,Sr;Yb,2,4,6.768,12.899000000000001,3.591096789205085,225,Cubic,AB3,0.2806434887499982,False,True,True,True,
mp-aaacdvto,ScOs3,Os3-Sc1,Os-Sc,Os;Sc,2,4,85.493,258.846,16.533008166133953,221,Cubic,AB3,0.384095409375,False,True,True,True,
mp-aaacdvtx,Lu2HgAu,Au1-Hg1-Lu2,Au-Hg-Lu,Au;Hg;Lu,3,4,32.929,82.566,13.402762057539148,225,Cubic,ABC2,0.0064854024999903,False,False,False,True,Hg
mp-aaacdvub,YbPrMg2,Mg2-Pr1-Yb1,Mg-Pr-Yb,Mg;Pr;Yb,3,4,18.446,30.717,4.972203935197153,225,Cubic,ABC2,0.00117217000000025,False,True,True,True,
mp-aaacdvwk,YbTa,Ta1-Yb1,Ta-Yb,Ta;Yb,2,2,28.309,73.373,13.098411359503004,187,Hexagonal,AB,0.37458866883333286,False,True,True,True,
mp-aaacdvze,YbPrPd2,Pd2-Pr1-Yb1,Pd-Pr-Yb,Pd;Pr;Yb,3,4,12.754,64.73,9.594433678418547,225,Cubic,ABC2,0.08018581999999697,False,True,True,True,
mp-aaacdvzw,YErTl2,Er1-Tl2-Y1,Er-Tl-Y,Er;Tl;Y,3,4,14.644,53.212,10.124921095637093,225,Cubic,ABC2,0.0,False,True,True,True,
mp-aaacdwhn,Sm5Mg,Mg1-Sm5,Mg-Sm,Mg;Sm,2,6,17.254,35.158,6.638263905799489,38,Orthorhombic,AB5,0.07316690166666628,False,True,True,True,
mp-aaacdwhp,TcAg3,Ag3-Tc1,Ag-Tc,Ag;Tc,2,4,34.212,104.348,9.939556135214273,139,Tetragonal,AB3,0.5944150537500015,False,True,False,True,
mp-aaacdwor,NaPd2Pb,Na1-Pb1-Pd2,Na-Pb-Pd,Na;Pb;Pd,3,4,14.516,72.915,9.698313603534606,225,Cubic,ABC2,0.027146794374999672,False,True,True,True,
mp-aaacdwot,Li5Mg,Li5-Mg1,Li-Mg,Li;Mg,2,6,8.46,17.319,0.805309668892187,155,Trigonal,AB5,0.0029402947222227915,False,True,True,True,
mp-aaacdwrk,SmInPd,In1-Pd1-Sm1,In-Pd-Sm,In;Pd;Sm,3,9,30.051,83.172,8.909471141183934,189,Hexagonal,ABC,0.0,False,True,True,True,
mp-aaacdwrp,Pr2CdSn,Cd1-Pr2-Sn1,Cd-Pr-Sn,Cd;Pr;Sn,3,4,19.655,54.037,7.251510455469794,225,Cubic,ABC2,0.03367819693749752,False,True,True,True,
mp-aaacdwrq,Pr2CdAg,Ag1-Cd1-Pr2,Ag-Cd-Pr,Ag;Cd;Pr,3,4,17.421,50.574,7.34506741642393,225,Cubic,ABC2,0.007137937500001357,False,True,True,True,
mp-aaacdwrv,LaDyMg2,Dy1-La1-Mg2,Dy-La-Mg,Dy;La;Mg,3,4,22.827,38.201,4.996089258076121,225,Cubic,ABC2,0.01509964020833543,False,True,True,True,
mp-aaacdwrx,PrYTl2,Pr1-Tl2-Y1,Pr-Tl-Y,Pr;Tl;Y,3,4,17.376,51.765,9.116108516963475,225,Cubic,ABC2,0.010007444500025997,False,True,True,True,
mp-aaacdwty,VIr,Ir1-V1,Ir-V,Ir;V,2,8,116.36,270.236,14.452630372850166,63,Orthorhombic,AB,0.011177717500004292,False,True,True,True,
mp-aaacdwyt,KNd3,K1-Nd3,K-Nd,K;Nd,2,4,7.949,22.351,5.050240344226176,139,Tetragonal,AB3,0.4473995111249991,False,True,True,True,
mp-aaacdxfx,NaCu3,Cu3-Na1,Cu-Na,Cu;Na,2,4,23.089,67.875,6.159068301884065,139,Tetragonal,AB3,0.31586984836206966,False,True,True,True,
mp-aaacdxgd,Pm2ZnHg,Hg1-Pm2-Zn1,Hg-Pm-Zn,Hg;Pm;Zn,3,4,20.8,56.196,8.739724121961816,225,Cubic,ABC2,0.0,False,False,False,True,Hg
mp-aaacdxge,HoTmMg2,Ho1-Mg2-Tm1,Ho-Mg-Tm,Ho;Mg;Tm,3,4,20.63,42.853,5.952319345685818,225,Cubic,ABC2,0.00253979499999879,False,True,True,True,
mp-aaacdxgj,Pm2ZnAg,Ag1-Pm2-Zn1,Ag-Pm-Zn,Ag;Pm;Zn,3,4,21.588,56.992,7.5527256937257565,225,Cubic,ABC2,0.0,False,True,False,True,
mp-aaacdxkx,HoGa2Pd,Ga2-Ho1-Pd1,Ga-Ho-Pd,Ga;Ho;Pd,3,8,48.755,97.878,9.164456964010776,63,Orthorhombic,ABC2,0.0,False,False,False,True,Ga
mp-aaacdxmr,HoGa3,Ga3-Ho1,Ga-Ho,Ga;Ho,2,8,41.108,69.96,8.018643991983694,194,Hexagonal,AB3,0.0,False,False,False,True,Ga
mp-aaacdxoe,TbSc,Sc1-Tb1,Sc-Tb,Sc;Tb,2,2,28.229,45.098,5.941104916377484,187,Hexagonal,AB,0.06901422750000208,False,True,True,True,
mp-aaacdxov,Pm2InHg,Hg1-In1-Pm2,Hg-In-Pm,Hg;In;Pm,3,4,19.899,55.365,8.81741064048236,225,Cubic,ABC2,0.0,False,False,False,True,Hg
mp-aaacdxpt,Na3Mg,Mg1-Na3,Mg-Na,Mg;Na,2,4,4.612,11.333,1.196722498986601,139,Tetragonal,AB3,0.09973374989585748,False,True,True,True,
mp-aaacdxqu,K3In,In1-K3,In-K,In;K,2,4,3.082,6.456,1.9504179050764041,139,Tetragonal,AB3,0.13485218838068191,False,True,True,True,
mp-aaacdxqv,K3In,In1-K3,In-K,In;K,2,4,3.261,6.339,1.9122843436846941,221,Cubic,AB3,0.14151411088068255,False,True,True,True,
mp-aaacdxqw,LiAl2Tc,Al2-Li1-Tc1,Al-Li-Tc,Al;Li;Tc,3,4,61.853,115.85,4.675407554468656,225,Cubic,ABC2,0.02452256285714327,False,True,False,True,
mp-aaacdxqx,LiAl2Os,Al2-Li1-Os1,Al-Li-Os,Al;Li;Os,3,4,67.515,136.0,7.537632735421222,225,Cubic,ABC2,0.02261172166666725,False,True,True,True,
mp-aaacdxtc,HoTmTl2,Ho1-Tl2-Tm1,Ho-Tl-Tm,Ho;Tl;Tm,3,4,14.109,53.76,11.437017049057793,225,Cubic,ABC2,0.0016451624999973546,False,True,True,True,
mp-aaacdxtd,Nb2RuW,Nb2-Ru1-W1,Nb-Ru-W,Nb;Ru;W,3,4,106.444,237.553,11.739064434260184,225,Cubic,ABC2,0.011075368837211386,False,False,False,True,Nb
mp-aaacdxtr,TmHfCo2,Co2-Hf1-Tm1,Co-Hf-Tm,Co;Hf;Tm,3,4,58.693,111.695,11.524159994024513,225,Cubic,ABC2,0.0962994890000024,False,True,True,True,
mp-aaacdxuy,Pm2PtAu,Au1-Pm2-Pt1,Au-Pm-Pt,Au;Pm;Pt,3,4,24.629,87.278,11.7285505311477,225,Cubic,ABC2,0.0,False,True,False,True,
mp-aaacdxuz,Na3Tl,Na3-Tl1,Na-Tl,Na;Tl,2,4,4.995,11.861,3.6420847350218652,221,Cubic,AB3,0.022761539062500447,False,True,True,True,
mp-aaacdxvf,NbTe,Nb1-Te1,Nb-Te,Nb;Te,2,2,64.213,118.463,8.356365540250554,187,Hexagonal,AB,0.2699971481250012,False,False,False,True,Nb;Te
mp-aaacdxvg,K3Cd,Cd1-K3,Cd-K,Cd;K,2,4,2.625,5.074,1.8121366578777731,221,Cubic,AB3,0.05621038273437584,False,True,True,True,
mp-aaacdxyr,PmYAl2,Al2-Pm1-Y1,Al-Pm-Y,Al;Pm;Y,3,4,35.164,60.622,4.904934217968126,225,Cubic,ABC2,0.02396299624999898,False,True,False,True,
mp-aaacdxyv,Na3Tl,Na3-Tl1,Na-Tl,Na;Tl,2,4,3.209,11.581,3.667514788134549,225,Cubic,AB3,0.018011489062498498,False,True,True,True,
mp-aaacdycs,LiBeAu2,Au2-Be1-Li1,Au-Be-Li,Au;Be;Li,3,4,34.74,105.456,12.380510247700668,225,Cubic,ABC2,0.0057941406249995,False,True,True,True,
mp-aaacdycz,Na3Rh,Na3-Rh1,Na-Rh,Na;Rh,2,8,9.445,20.449,3.117498886739991,194,Hexagonal,AB3,0.3718928388362066,False,True,True,True,
mp-aaacdygd,PmSmHg2,Hg2-Pm1-Sm1,Hg-Pm-Sm,Hg;Pm;Sm,3,4,17.81,58.175,10.457612009752113,225,Cubic,ABC2,0.0,False,False,False,True,Hg
mp-aaacdyil,HfMgAu2,Au2-Hf1-Mg1,Au-Hf-Mg,Au;Hf;Mg,3,4,33.178,121.119,13.15707466549781,225,Cubic,ABC2,0.0,False,True,True,True,
mp-aaacdyio,HoTmZn2,Ho1-Tm1-Zn2,Ho-Tm-Zn,Ho;Tm;Zn,3,4,32.116,63.012,8.695206906004874,225,Cubic,ABC2,0.0004258274999990874,False,True,True,True,
mp-aaacdyjq,Pm2ZnPt,Pm2-Pt1-Zn1,Pm-Pt-Zn,Pm;Pt;Zn,3,4,25.95,75.923,9.610749783048062,225,Cubic,ABC2,0.0,False,True,False,True,
mp-aaacdymn,Pm2ZnRh,Pm2-Rh1-Zn1,Pm-Rh-Zn,Pm;Rh;Zn,3,4,24.411,74.896,8.22173373378453,225,Cubic,ABC2,0.0,False,True,False,True,
mp-aaacdymu,Pm2ZnOs,Os1-Pm2-Zn1,Os-Pm-Zn,Os;Pm;Zn,3,4,28.611,87.655,9.986818234125536,225,Cubic,ABC2,0.0,False,True,False,True,
mp-aaacdymv,Ga3Bi,Bi1-Ga3,Bi-Ga,Bi;Ga,2,4,3.493999999999999,43.085,7.43209886884808,221,Cubic,AB3,0.07251306687500048,False,False,False,True,Ga
mp-aaacdyrm,HfAlFe2,Al1-Fe2-Hf1,Al-Fe-Hf,Al;Fe;Hf,3,4,92.953,172.287,9.650222105297708,225,Cubic,ABC2,0.010338156499999585,False,True,True,True,
mp-aaacdysq,K3Hg,Hg1-K3,Hg-K,Hg;K,2,4,0.904,4.365,2.560010329766221,225,Cubic,AB3,0.11182189312500057,False,False,False,True,Hg
mp-aaacdyub,Li2PmGe,Ge1-Li2-Pm1,Ge-Li-Pm,Ge;Li;Pm,3,4,26.433,50.35,5.334033701808419,225,Cubic,ABC2,0.0051801149999990415,False,True,False,True,
mp-aaacdyud,PmDyHg2,Dy1-Hg2-Pm1,Dy-Hg-Pm,Dy;Hg;Pm,3,4,17.988,60.869,10.934995764067063,225,Cubic,ABC2,0.0,False,False,False,True,Hg
mp-aaacdyue,PmDyIn2,Dy1-In2-Pm1,Dy-In-Pm,Dy;In;Pm,3,4,21.872,55.936,8.07158697106244,225,Cubic,ABC2,0.0,False,True,False,True,
mp-aaacdyvj,HfZr,Hf1-Zr1,Hf-Zr,Hf;Zr,2,2,45.497,101.368,9.732869266158062,187,Hexagonal,AB,0.0035997624999950517,False,True,True,True,
mp-aaacdywv,Pa3Zn,Pa3-Zn1,Pa-Zn,Pa;Zn,2,4,38.201,93.69,13.75052495233336,221,Cubic,AB3,0.08006403833333309,False,False,False,True,Pa
mp-aaacdyxh,Na3Cd,Cd1-Na3,Cd-Na,Cd;Na,2,8,6.122,11.971,2.4651507924091662,194,Hexagonal,AB3,0.0032200737500005516,False,True,True,True,
mp-aaacdyyl,BeAu3,Au3-Be1,Au-Be,Au;Be,2,4,30.875,140.648,15.388756192645817,221,Cubic,AB3,0.18183134000000178,False,True,True,True,
mp-aaacdyzb,Er2PdAu,Au1-Er2-Pd1,Au-Er-Pd,Au;Er;Pd,3,4,33.306,94.432,12.044542767667346,225,Cubic,ABC2,0.030108422499999676,False,True,True,True,
mp-aaacdyzc,Er2MgTl,Er2-Mg1-Tl1,Er-Mg-Tl,Er;Mg;Tl,3,4,19.866,51.119,8.860918429739895,225,Cubic,ABC2,0.01770057100000111,False,True,True,True,
mp-aaacdyzn,CaAc3,Ac3-Ca1,Ac-Ca,Ac;Ca,2,8,13.541,22.937,6.731380487878766,194,Hexagonal,AB3,0.02783329812499602,False,False,False,True,Ac
mp-aaacdzad,Er2ZnCu,Cu1-Er2-Zn1,Cu-Er-Zn,Cu;Er;Zn,3,4,33.579,68.856,9.04245961452673,225,Cubic,ABC2,0.010586814999999916,False,True,True,True,
mp-aaacdzae,Al3Tl,Al3-Tl1,Al-Tl,Al;Tl,2,4,10.322,49.964,5.753459500719362,221,Cubic,AB3,0.28470361666666477,False,True,True,True,
mp-aaacdzaf,Al3Zn,Al3-Zn1,Al-Zn,Al;Zn,2,4,33.527,78.655,3.732891461096586,221,Cubic,AB3,0.036298491250000176,False,True,True,True,
mp-aaacdzah,Ac2NiGe,Ac2-Ge1-Ni1,Ac-Ge-Ni,Ac;Ge;Ni,3,4,13.482,54.432,8.759686393682268,225,Cubic,ABC2,0.10338886890624366,False,False,False,True,Ac
mp-aaacdzak,Be3Fe,Be3-Fe1,Be-Fe,Be;Fe,2,4,99.945,151.52,4.021912777367925,221,Cubic,AB3,0.0,False,True,True,True,
mp-aaacdzay,Er3As,As1-Er3,As-Er,As;Er,2,4,18.755,56.983,9.823222526996036,221,Cubic,AB3,0.3718409849999986,False,False,False,True,As
mp-aaacdzmq,Er2ZnAu,Au1-Er2-Zn1,Au-Er-Zn,Au;Er;Zn,3,4,35.198,77.836,10.989587925641816,225,Cubic,ABC2,0.01833420656250695,False,True,True,True,
mp-aaacdzue,Dy2IrAu,Au1-Dy2-Ir1,Au-Dy-Ir,Au;Dy;Ir,3,4,34.691,108.554,13.674417582849404,225,Cubic,ABC2,0.011410145267859662,False,True,True,True,
mp-aaaceadr,CuAg3,Ag3-Cu1,Ag-Cu,Ag;Cu,2,8,20.565,96.627,9.654170425873739,194,Hexagonal,AB3,0.0857078075000004,False,True,True,True,
mp-aaaceads,Al2CoOs,Al2-Co1-Os1,Al-Co-Os,Al;Co;Os,3,4,111.008,203.003,9.801897702454761,225,Cubic,ABC2,0.0,False,True,True,True,
mp-aaaceakh,CsCa3,Ca3-Cs1,Ca-Cs,Ca;Cs,2,4,4.65,9.811,2.045189206022286,139,Tetragonal,AB3,0.2498763980172427,False,True,True,True,
mp-aaacealc,Dy2ZnIr,Dy2-Ir1-Zn1,Dy-Ir-Zn,Dy;Ir;Zn,3,4,36.14,95.673,11.434000480830374,225,Cubic,ABC2,0.02559391395833277,False,True,True,True,
mp-aaacealj,AcTlHg2,Ac1-Hg2-Tl1,Ac-Hg-Tl,Ac;Hg;Tl,3,4,7.739,44.138,11.75879564181708,225,Cubic,ABC2,0.0,False,False,False,True,Ac;Hg
mp-aaaceaoh,Dy2ZnHg,Dy2-Hg1-Zn1,Dy-Hg-Zn,Dy;Hg;Zn,3,4,27.597,63.653,10.005407076387582,225,Cubic,ABC2,0.01980998249999999,False,False,False,True,Hg
mp-aaacearb,BaSr3,Ba1-Sr3,Ba-Sr,Ba;Sr,2,8,5.229,10.675,2.890301440264761,194,Hexagonal,AB3,0.025372261250001582,False,True,True,True,
mp-aaaceare,CeDyZn2,Ce1-Dy1-Zn2,Ce-Dy-Zn,Ce;Dy;Zn,3,4,30.59,51.683,7.658125494367806,225,Cubic,ABC2,0.028588917500000033,False,False,False,True,Ce
mp-aaacearh,ErRu3,Er1-Ru3,Er-Ru,Er;Ru,2,4,33.566,181.137,11.90731468702834,139,Tetragonal,AB3,0.4017457124999986,False,True,True,True,
mp-aaacearn,Cr3Cu,Cr3-Cu1,Cr-Cu,Cr;Cu,2,4,72.044,220.871,7.797736366498113,221,Cubic,AB3,0.29384680250000095,False,False,False,True,Cr
mp-aaacearv,BeAg3,Ag3-Be1,Ag-Be,Ag;Be,2,4,38.839,103.296,8.667466443806655,221,Cubic,AB3,0.2282422425000017,False,True,True,True,
mp-aaacearx,BeGaCo2,Be1-Co2-Ga1,Be-Co-Ga,Be;Co;Ga,3,4,99.193,189.356,7.79084791698806,225,Cubic,ABC2,0.00802906250000035,False,False,False,True,Ga
mp-aaaceasu,Ca3Tl,Ca3-Tl1,Ca-Tl,Ca;Tl,2,8,8.383,23.597,4.021364444577641,194,Hexagonal,AB3,0.0,False,True,True,True,
mp-aaaceate,PmHo3,Ho3-Pm1,Ho-Pm,Ho;Pm,2,8,24.832,40.295,8.216003440470422,194,Hexagonal,AB3,0.011891413125006522,False,True,False,True,
mp-aaaceatr,DyHoIn2,Dy1-Ho1-In2,Dy-Ho-In,Dy;Ho;In,3,4,21.948,57.572,8.727332941057128,225,Cubic,ABC2,0.0,False,True,True,True,
mp-aaaceatw,Ce3Zn,Ce3-Zn1,Ce-Zn,Ce;Zn,2,4,19.568,34.023,8.178580891130798,139,Tetragonal,AB3,0.06016621500000241,False,False,False,True,Ce
mp-aaaceauj,AcMg3,Ac1-Mg3,Ac-Mg,Ac;Mg,2,4,17.525,34.101,4.3364131907520385,225,Cubic,AB3,0.010295386249998373,False,False,False,True,Ac
mp-aaaceaup,CaTmCd2,Ca1-Cd2-Tm1,Ca-Cd-Tm,Ca;Cd;Tm,3,4,24.297,45.017,6.774250297044391,225,Cubic,ABC2,0.009818232499998913,False,True,True,True,
mp-aaaceauu,BaTh3,Ba1-Th3,Ba-Th,Ba;Th,2,4,24.562,37.503,9.817195033816068,139,Tetragonal,AB3,0.37367080250000306,False,True,True,True,
mp-aaaceaxt,Al3Fe,Al3-Fe1,Al-Fe,Al;Fe,2,8,55.328,119.201,4.159292228205303,194,Hexagonal,AB3,0.17269562333333344,False,True,True,True,
mp-aaacebex,AcLa3,Ac1-La3,Ac-La,Ac;La,2,4,12.805,25.05,6.872902498776828,139,Tetragonal,AB3,0.025576441875003297,False,False,False,True,Ac
mp-aaacebnk,Co3Bi,Bi1-Co3,Bi-Co,Bi;Co,2,4,46.944,147.231,11.625217887019632,139,Tetragonal,AB3,0.4267362362500009,False,True,True,True,
mp-aaacebnl,CsIr,Cs1-Ir1,Cs-Ir,Cs;Ir,2,2,15.369,44.499,9.565346207452302,123,Tetragonal,AB,1.5572960199999955,False,True,True,True,
mp-aaacebnm,Ag3Ge,Ag3-Ge1,Ag-Ge,Ag;Ge,2,4,17.741,83.095,9.088792389643759,221,Cubic,AB3,0.09973090625000225,False,True,True,True,
mp-aaacebnn,Ag3Ge,Ag3-Ge1,Ag-Ge,Ag;Ge,2,4,10.842,82.772,9.00512281056461,225,Cubic,AB3,0.10019832625000191,False,True,True,True,
mp-aaacebnp,CoHg3,Co1-Hg3,Co-Hg,Co;Hg,2,4,11.284,63.448,13.957897948708558,221,Cubic,AB3,0.4741764099999983,False,False,False,True,Hg
mp-aaacebnr,AgAu3,Ag1-Au3,Ag-Au,Ag;Au,2,8,15.796,121.49,15.983460423752298,194,Hexagonal,AB3,0.011180219999999963,False,True,True,True,
mp-aaaceboa,Ag3Pd,Ag3-Pd1,Ag-Pd,Ag;Pd,2,4,33.362,105.215,10.323870510553318,139,Tetragonal,AB3,0.0,False,True,True,True,
mp-aaaceboe,AcEr3,Ac1-Er3,Ac-Er,Ac;Er,2,4,20.758,37.45,8.918238095736625,221,Cubic,AB3,0.07535548687500437,False,False,False,True,Ac
mp-aaacebog,Ac3Pr,Ac3-Pr1,Ac-Pr,Ac;Pr,2,8,14.427,25.621,7.917057823572972,194,Hexagonal,AB3,0.01780028020833413,False,False,False,True,Ac
mp-aaaceboh,Ac3Th,Ac3-Th1,Ac-Th,Ac;Th,2,8,18.276,32.211,9.134669805452887,194,Hexagonal,AB3,0.12970287812500203,False,False,False,True,Ac
mp-aaacebtr,Ag3Hg,Ag3-Hg1,Ag-Hg,Ag;Hg,2,4,22.963,79.37,11.39546421415728,221,Cubic,AB3,0.03182462187499979,False,False,False,True,Hg
mp-aaacebty,CaAcIn2,Ac1-Ca1-In2,Ac-Ca-In,Ac;Ca;In,3,4,17.546,37.832,6.383497601900196,225,Cubic,ABC2,0.0,False,False,False,True,Ac
mp-aaacebxy,Ac3Nd,Ac3-Nd1,Ac-Nd,Ac;Nd,2,8,14.982,26.403,7.999938415979236,194,Hexagonal,AB3,0.018526088750000724,False,False,False,True,Ac
mp-aaacebyx,AlFe2,Al1-Fe2,Al-Fe,Al;Fe,2,3,50.081,147.957,6.062745238523338,191,Hexagonal,AB2,0.1002202316666656,False,True,True,True,
mp-aaacechp,AlAg2,Ag2-Al1,Ag-Al,Ag;Al,2,6,33.298,94.159,7.880724824334864,63,Orthorhombic,AB2,0.007656157999999635,False,True,True,True,
mp-aaacechq,Al2Cu,Al2-Cu1,Al-Cu,Al;Cu,2,3,59.777,96.231,4.028749307894358,225,Cubic,AB2,0.0,False,True,True,True,
mp-aaacegyd,AlAs,Al1-As1,Al-As,Al;As,2,2,20.016,59.005,4.227691751305961,123,Tetragonal,AB,0.6252707449999999,False,False,False,True,As
mp-aaacevtb,TiRu3,Ru3-Ti1,Ru-Ti,Ru;Ti,2,4,100.073,247.859,10.131576887436882,221,Cubic,AB3,0.17323985750000048,False,True,True,True,
mp-aaacevts,TiGaFeCo,Co1-Fe1-Ga1-Ti1,Co-Fe-Ga-Ti,Co;Fe;Ga;Ti,4,4,113.059,192.595,7.849514663781803,216,Cubic,ABCD,0.0,False,False,False,True,Ga
mp-aaacevtt,TiInFe2,Fe2-In1-Ti1,Fe-In-Ti,Fe;In;Ti,3,4,130.828,246.765,8.937758139829318,225,Cubic,ABC2,0.17479369833333358,False,True,True,True,
mp-aaacevty,TiFe2Sb,Fe2-Sb1-Ti1,Fe-Sb-Ti,Fe;Sb;Ti,3,4,27.731,187.429,8.465382638013805,225,Cubic,ABC2,0.02720213499999513,False,True,True,True,
mp-aaacevub,TiFeCoSb,Co1-Fe1-Sb1-Ti1,Co-Fe-Sb-Ti,Co;Fe;Sb;Ti,4,4,68.732,170.979,8.409449568844728,216,Cubic,ABCD,0.1858268024999994,False,True,True,True,
mp-aaacevuc,TiFeCoAs,As1-Co1-Fe1-Ti1,As-Co-Fe-Ti,As;Co;Fe;Ti,4,4,52.824,187.342,7.9189488627980165,216,Cubic,ABCD,0.1405226000000015,False,False,False,True,As
mp-aaacevuj,TiAl3,Al3-Ti1,Al-Ti,Al;Ti,2,4,65.989,102.749,3.394595483076926,221,Cubic,AB3,0.023057415000000248,False,True,True,True,
mp-aaacevuk,Ti3Sn,Sn1-Ti3,Sn-Ti,Sn;Ti,2,4,37.386,113.274,6.042393528794803,225,Cubic,AB3,0.10550728750000005,False,True,True,True,
mp-aaacevup,Ti3Ge,Ge1-Ti3,Ge-Ti,Ge;Ti,2,4,38.711,123.634,5.580010157412107,225,Cubic,AB3,0.19227255597222204,False,True,True,True,
mp-aaacevuq,Ti3Ga,Ga1-Ti3,Ga-Ti,Ga;Ti,2,4,29.881,109.768,5.376816103452072,225,Cubic,AB3,0.12925891749999963,False,False,False,True,Ga
mp-aaacevwd,Ti3Al,Al1-Ti3,Al-Ti,Al;Ti,2,4,33.17,107.662,4.202122613523842,225,Cubic,AB3,0.11868281749999987,False,True,True,True,
mp-aaacevxd,Ti2GaNi,Ga1-Ni1-Ti2,Ga-Ni-Ti,Ga;Ni;Ti,3,4,45.216,121.628,6.303857097700672,216,Cubic,ABC2,0.19098405750000058,False,False,False,True,Ga
mp-aaacevxe,Ti2GaCo,Co1-Ga1-Ti2,Co-Ga-Ti,Co;Ga;Ti,3,4,52.933,138.266,6.50548774398224,216,Cubic,ABC2,0.17431408968749995,False,False,False,True,Ga
mp-aaacevxr,Ti2CoGe,Co1-Ge1-Ti2,Co-Ge-Ti,Co;Ge;Ti,3,4,49.069,145.264,6.614420915635745,216,Cubic,ABC2,0.3014262462499975,False,True,True,True,
mp-aaacevxs,Ti2AlV,Al1-Ti2-V1,Al-Ti-V,Al;Ti;V,3,4,34.101,117.59,4.538511285840006,216,Cubic,ABC2,0.1358033249999977,False,True,True,True,
mp-aaacevxt,Ti2AlFe,Al1-Fe1-Ti2,Al-Fe-Ti,Al;Fe;Ti,3,4,12.007,412.064,5.124910776489465,216,Cubic,ABC2,0.1816710274999993,False,True,True,True,
mp-aaacevxw,Ti2AlZn,Al1-Ti2-Zn1,Al-Ti-Zn,Al;Ti;Zn,3,4,14.141,96.88,4.741476055214181,216,Cubic,ABC2,0.2855937949999996,False,True,True,True,
mp-aaacevya,Ti2InNi,In1-Ni1-Ti2,In-Ni-Ti,In;Ni;Ti,3,4,43.517,35.899,6.780338358377425,216,Cubic,ABC2,0.2068041012499986,False,True,True,True,
mp-aaacevyd,Ti2AlCu,Al1-Cu1-Ti2,Al-Cu-Ti,Al;Cu;Ti,3,4,42.04,105.546,4.915813074411875,216,Cubic,ABC2,0.23511865374999985,False,True,True,True,
mp-aaacevyu,Ti2AlCr,Al1-Cr1-Ti2,Al-Cr-Ti,Al;Cr;Ti,3,4,49.611,104.525,4.634508879098418,216,Cubic,ABC2,0.12876863437499964,False,False,False,True,Cr
mp-aaacevzw,TbPd,Pd1-Tb1,Pd-Tb,Pd;Tb,2,4,28.181,81.785,9.658620563791219,63,Orthorhombic,AB,0.0013603162500004373,False,True,True,True,
mp-aaacewac,TbNi,Ni1-Tb1,Ni-Tb,Ni;Tb,2,4,27.534,76.757,8.909373915277111,63,Orthorhombic,AB,0.00021758833333418437,False,True,True,True,
mp-aaacewaf,TaPd,Pd1-Ta1,Pd-Ta,Pd;Ta,2,4,71.407,201.83,14.21401650045046,129,Tetragonal,AB,0.0,False,True,True,True,
mp-aaacewar,SmNi,Ni1-Sm1,Ni-Sm,Ni;Sm,2,4,23.373,70.621,8.149691176508053,63,Orthorhombic,AB,0.0,False,True,True,True,
mp-aaacewci,NbNi3,Nb1-Ni3,Nb-Ni,Nb;Ni,2,4,31.581,198.862,8.847317346220704,221,Cubic,AB3,0.1622637137500016,False,False,False,True,Nb
mp-aaacewcy,ScAl3,Al3-Sc1,Al-Sc,Al;Sc,2,4,67.287,82.594,2.928242243253798,139,Tetragonal,AB3,0.0931855800000001,False,True,True,True,
mp-aaacewdb,Sc2MnSn,Mn1-Sc2-Sn1,Mn-Sc-Sn,Mn;Sc;Sn,3,4,23.849,72.919,5.70438958963146,216,Cubic,ABC2,0.3131128160057486,False,True,True,True,
mp-aaacewfa,Sc2MnGe,Ge1-Mn1-Sc2,Ge-Mn-Sc,Ge;Mn;Sc,3,4,32.765,81.341,4.949847202675164,225,Cubic,ABC2,0.2857035601724158,False,True,True,True,
mp-aaacewgo,Pd3Au,Au1-Pd3,Au-Pd,Au;Pd,2,4,46.576,159.176,13.309075344447406,221,Cubic,AB3,0.0,False,True,True,True,
mp-aaacewhi,NiBi,Bi1-Ni1,Bi-Ni,Bi;Ni,2,4,36.741,88.03,11.173743819943438,194,Hexagonal,AB,0.026048007500001802,False,True,True,True,
mp-aaacewia,NdPd,Nd1-Pd1,Nd-Pd,Nd;Pd,2,4,25.201,73.81,8.412707184728594,63,Orthorhombic,AB,0.0,False,True,True,True,
mp-aaacewjo,NbPt,Nb1-Pt1,Nb-Pt,Nb;Pt,2,4,109.899,229.595,14.392481852101874,51,Orthorhombic,AB,0.0,False,False,False,True,Nb
mp-aaacewkb,NbFe3,Fe3-Nb1,Fe-Nb,Fe;Nb,2,4,78.6,198.022,8.345434089208911,225,Cubic,AB3,0.05254344499999952,False,False,False,True,Nb
mp-aaacewkc,NbCr3,Cr3-Nb1,Cr-Nb,Cr;Nb,2,4,84.137,226.813,7.7849119187371265,225,Cubic,AB3,0.12222914000000173,False,False,False,True,Cr;Nb
mp-aaacewkh,Nb3Fe,Fe1-Nb3,Fe-Nb,Fe;Nb,2,4,75.731,187.538,8.564535924992382,225,Cubic,AB3,0.08483668403846245,False,False,False,True,Nb
mp-aaacewki,Nb3Ni,Nb3-Ni1,Nb-Ni,Nb;Ni,2,4,66.041,174.363,8.467061108754855,225,Cubic,AB3,0.14445807124999988,False,False,False,True,Nb
mp-aaacewlz,Nb3Cr,Cr1-Nb3,Cr-Nb,Cr;Nb,2,4,23.16,183.542,8.241460891441065,225,Cubic,AB3,0.10981079249999937,False,False,False,True,Cr;Nb
mp-aaacewns,YTi,Ti1-Y1,Ti-Y,Ti;Y,2,2,17.122,48.406,4.606305262148959,221,Cubic,AB,0.36447532999999765,False,True,True,True,
mp-aaacewok,MoPt,Mo1-Pt1,Mo-Pt,Mo;Pt,2,4,137.971,275.137,15.611078768869216,51,Orthorhombic,AB,0.0,False,True,True,True,
mp-aaacewpy,MnFe3,Fe3-Mn1,Fe-Mn,Fe;Mn,2,4,93.423,195.98,8.158903923265134,123,Tetragonal,AB3,0.05122086301724238,False,True,True,True,
mp-aaacewqb,Mn3Fe,Fe1-Mn3,Fe-Mn,Fe;Mn,2,4,115.101,125.464,8.586817878160462,47,Orthorhombic,AB3,0.11893715155172302,False,True,True,True,
mp-aaacewqg,Mn3Ga,Ga1-Mn3,Ga-Mn,Ga;Mn,2,4,54.829,184.623,8.144097096695745,225,Cubic,AB3,0.08622319603448148,False,False,False,True,Ga
mp-aaacfaab,InBi,Bi1-In1,Bi-In,Bi;In,2,2,14.188,35.088,6.667144816392288,216,Cubic,AB,0.0,False,True,True,True,
mp-aaacfade,Li2SnIr,Ir1-Li2-Sn1,Ir-Li-Sn,Ir;Li;Sn,3,4,24.121,85.092,9.323156960423201,225,Cubic,ABC2,0.17969385749999844,False,True,True,True,
mp-aaacfale,HfIr,Hf1-Ir1,Hf-Ir,Hf;Ir,2,2,56.564,207.546,17.386345312547828,221,Cubic,AB,0.04242818999999898,False,True,True,True,
mp-aaacfals,LaAu,Au1-La1,Au-La,Au;La,2,4,14.169,64.033,9.91519451475332,63,Orthorhombic,AB,0.0,False,True,True,True,
mp-aaacffsn,Sm2InHg,Hg1-In1-Sm2,Hg-In-Sm,Hg;In;Sm,3,4,20.934,56.894,9.108689246115707,225,Cubic,ABC2,0.0,False,False,False,True,Hg
mp-aaacfggn,LaPrIn2,In2-La1-Pr1,In-La-Pr,In;La;Pr,3,4,22.228,51.388,6.932238099524873,225,Cubic,ABC2,0.012041219583331042,False,True,True,True,
mp-aaacfgjy,Eu(MgBi)2,Bi2-Eu1-Mg2,Bi-Eu-Mg,Bi;Eu;Mg,3,5,22.291,32.63,6.418448669183973,164,Trigonal,AB2C2,0.0,False,True,True,True,
mp-aaacfgna,ZnBi,Bi1-Zn1,Bi-Zn,Bi;Zn,2,16,17.17,38.35,8.082389632762762,61,Orthorhombic,AB,0.10665564624999746,False,True,True,True,
mp-aaacfiqa,HfPd3,Hf1-Pd3,Hf-Pd,Hf;Pd,2,4,81.621,179.875,12.764464487506293,221,Cubic,AB3,0.014758419999946426,False,True,True,True,
mp-aaacfiqb,HfRu3,Hf1-Ru3,Hf-Ru,Hf;Ru,2,4,85.143,232.863,12.92377026459361,221,Cubic,AB3,0.1901337025000025,False,True,True,True,
mp-aaacfiqi,InPd3,In1-Pd3,In-Pd,In;Pd,2,4,47.548,143.481,10.879915869691725,139,Tetragonal,AB3,0.005576428750000417,False,True,True,True,
mp-aaacfiqk,HoAu,Au1-Ho1,Au-Ho,Au;Ho,2,4,17.384,83.589,12.613854434281576,63,Orthorhombic,AB,0.0,False,True,True,True,
mp-aaacfiri,HgPt3,Hg1-Pt3,Hg-Pt,Hg;Pt,2,4,33.801,192.168,19.329992069424645,221,Cubic,AB3,0.10299595625000535,False,False,False,True,Hg
mp-aaacfirj,HfPt,Hf1-Pt1,Hf-Pt,Hf;Pt,2,4,55.584,176.476,16.387034471525304,63,Orthorhombic,AB,0.0,False,True,True,True,
mp-aaacfirl,HfOs3,Hf1-Os3,Hf-Os,Hf;Os,2,4,105.077,288.028,19.756099295308697,221,Cubic,AB3,0.25909898000000453,False,True,True,True,
mp-aaacfisw,HfAl3,Al3-Hf1,Al-Hf,Al;Hf,2,4,57.804,103.976,6.292142604307827,221,Cubic,AB3,0.02683596499999652,False,True,True,True,
mp-aaacfiuk,TlAs,As1-Tl1,As-Tl,As;Tl,2,2,17.574,36.447,7.191978972188256,216,Cubic,AB,0.11668702583332902,False,False,False,True,As
mp-aaacfiwj,GaCo2Ni,Co2-Ga1-Ni1,Co-Ga-Ni,Co;Ga;Ni,3,4,53.674,198.722,8.864777527552322,225,Cubic,ABC2,0.09440847634615324,False,False,False,True,Ga
mp-aaacfixo,FeCo3,Co3-Fe1,Co-Fe,Co;Fe,2,4,114.871,191.847,8.64893140953916,221,Cubic,AB3,0.056625132499999786,False,True,True,True,
mp-aaacfixp,Fe3Ni,Fe3-Ni1,Fe-Ni,Fe;Ni,2,4,72.293,179.994,8.00769241963616,225,Cubic,AB3,0.05910454999999981,False,True,True,True,
mp-aaacfixr,FeNi3,Fe1-Ni3,Fe-Ni,Fe;Ni,2,4,95.457,193.048,8.638926933467493,139,Tetragonal,AB3,0.01703252250000009,False,True,True,True,
mp-aaacfjac,DyAu,Au1-Dy1,Au-Dy,Au;Dy,2,4,17.544,82.469,12.373336421581575,63,Orthorhombic,AB,0.0,False,True,True,True,
mp-aaacfjah,CrNi3,Cr1-Ni3,Cr-Ni,Cr;Ni,2,4,105.884,196.281,8.539730632063835,139,Tetragonal,AB3,0.04015412250000061,False,False,False,True,Cr
mp-aaacfjbt,CrInCu2,Cr1-Cu2-In1,Cr-Cu-In,Cr;Cu;In,3,4,29.914,93.374,8.045769749969587,225,Cubic,ABC2,0.20180034714285888,False,False,False,True,Cr
mp-aaacfjcg,CrNi3,Cr1-Ni3,Cr-Ni,Cr;Ni,2,4,102.844,205.939,8.4253306779918,221,Cubic,AB3,0.007950109999999455,False,False,False,True,Cr
mp-aaacfjnu,Co3W,Co3-W1,Co-W,Co;W,2,4,146.065,274.04,12.828813473610808,221,Cubic,AB3,0.14703047249999912,False,True,True,True,
mp-aaacfjnv,Cr3Ni,Cr3-Ni1,Cr-Ni,Cr;Ni,2,4,100.224,155.147,7.416210834540911,225,Cubic,AB3,0.1761669437499993,False,False,False,True,Cr
mp-aaacfjnx,CrCo2As,As1-Co2-Cr1,As-Co-Cr,As;Co;Cr,3,4,76.573,187.113,8.371844292823882,225,Cubic,ABC2,0.1626098649999994,False,False,False,True,As;Cr
mp-aaacfjny,Cr3Ni,Cr3-Ni1,Cr-Ni,Cr;Ni,2,4,82.757,240.418,7.792965507376851,221,Cubic,AB3,0.15726529125000077,False,False,False,True,Cr
mp-aaacfjnz,Co3Mo,Co3-Mo1,Co-Mo,Co;Mo,2,4,140.331,255.044,9.740997927687745,221,Cubic,AB3,0.18429039500000144,False,True,True,True,
mp-aaacfjoa,CrCo3,Co3-Cr1,Co-Cr,Co;Cr,2,4,149.373,380.486,8.992378479541363,221,Cubic,AB3,0.15522828499999974,False,False,False,True,Cr
mp-aaacfjoc,Cr3Fe,Cr3-Fe1,Cr-Fe,Cr;Fe,2,4,93.238,227.443,7.643506932814143,225,Cubic,AB3,0.1267918125000005,False,False,False,True,Cr
mp-aaacfjof,Cr3Fe,Cr3-Fe1,Cr-Fe,Cr;Fe,2,4,60.631,239.14,7.697015742832594,221,Cubic,AB3,0.25941064000000047,False,False,False,True,Cr
mp-aaacfjqr,Co3Ni,Co3-Ni1,Co-Ni,Co;Ni,2,4,102.21,258.138,8.941141862493831,221,Cubic,AB3,0.01565101874999897,False,True,True,True,
mp-aaacfjwa,BiPd,Bi1-Pd1,Bi-Pd,Bi;Pd,2,4,25.074,89.644,11.249507697856705,194,Hexagonal,AB,0.0,False,True,True,True,
mp-aaacfjxq,AlVFeCo,Al1-Co1-Fe1-V1,Al-Co-Fe-V,Al;Co;Fe;V,4,4,82.704,204.053,6.798172013299997,216,Cubic,ABCD,0.029393292499997337,False,True,True,True,
mp-aaacfjyo,Al3V,Al3-V1,Al-V,Al;V,2,4,67.277,99.015,3.69158100606086,221,Cubic,AB3,0.13859146500000108,False,True,True,True,
mp-aaacfjyp,AlCu3,Al1-Cu3,Al-Cu,Al;Cu,2,4,41.554,138.447,7.190062412567341,221,Cubic,AB3,0.008516517500000376,False,True,True,True,
mp-aaacfjzc,ZrTi2,Ti2-Zr1,Ti-Zr,Ti;Zr,2,3,49.525,106.1,5.326238180669575,191,Hexagonal,AB2,0.03777308388888656,False,True,True,True,
mp-aaacfkaz,YbAg2,Ag2-Yb1,Ag-Yb,Ag;Yb,2,3,17.035,51.549,9.847797103963705,139,Tetragonal,AB2,0.0,False,True,True,True,
mp-aaacfkbn,VCoTe,Co1-Te1-V1,Co-Te-V,Co;Te;V,3,3,40.65,143.581,7.827480035040551,216,Cubic,ABC,0.2435880082037043,False,False,False,True,Te
mp-aaacfkds,Ti2Sn,Sn1-Ti2,Sn-Ti,Sn;Ti,2,3,17.188,73.05,5.165452330359102,216,Cubic,AB2,0.6013747750000036,False,True,True,True,
mp-aaacfkeg,Ti2In,In1-Ti2,In-Ti,In;Ti,2,3,0.8130000000000001,67.275,5.076553715693049,216,Cubic,AB2,0.6684108049999997,False,True,True,True,
mp-aaacfkku,MnFeTe,Fe1-Mn1-Te1,Fe-Mn-Te,Fe;Mn;Te,3,3,57.648,111.271,7.928892498779114,216,Cubic,ABC,0.12241186652298897,False,False,False,True,Te
mp-aaacfkkw,MnCoTe,Co1-Mn1-Te1,Co-Mn-Te,Co;Mn;Te,3,3,49.122,116.02,7.952793279815063,216,Cubic,ABC,0.03568680291666659,False,False,False,True,Te
mp-aaacfklz,MgAgSb,Ag1-Mg1-Sb1,Ag-Mg-Sb,Ag;Mg;Sb,3,3,16.306,58.085,5.920491649353577,216,Cubic,ABC,0.0,False,True,True,True,
mp-aaacfkmh,LiMnAs,As1-Li1-Mn1,As-Li-Mn,As;Li;Mn,3,3,33.252,43.203,4.186193810764451,216,Cubic,ABC,0.145942876340996,False,False,False,True,As
mp-aaacfkmw,CrTe,Cr1-Te1,Cr-Te,Cr;Te,2,2,5.567,44.382,4.876650496820993,216,Cubic,AB,0.3004170237499979,False,False,False,True,Cr;Te
mp-aaacfkpy,LiCdAs,As1-Cd1-Li1,As-Cd-Li,As;Cd;Li,3,3,3.251,46.662,5.5680637386157645,216,Cubic,ABC,0.2563376866666651,False,False,False,True,As
mp-aaacfkqa,LaTe,La1-Te1,La-Te,La;Te,2,2,34.068,54.624,7.23389807564307,221,Cubic,AB,0.12929045000000094,False,False,False,True,Te
mp-aaacfkst,CrTe,Cr1-Te1,Cr-Te,Cr;Te,2,2,29.155,60.543,6.356092055094652,225,Cubic,AB,0.17748001874999808,False,False,False,True,Cr;Te
mp-aaacfkut,MnAs,As1-Mn1,As-Mn,As;Mn,2,2,3.8689999999999998,33.641,4.682145722731049,216,Cubic,AB,0.44509168,False,False,False,True,As
mp-aaacfkuv,MnCo,Co1-Mn1,Co-Mn,Co;Mn,2,2,103.431,192.154,8.104722063211325,221,Cubic,AB,0.0,False,True,True,True,
mp-aaacfkyb,MnSb,Mn1-Sb1,Mn-Sb,Mn;Sb,2,2,29.705,69.337,6.757867512919346,225,Cubic,AB,0.1676001024999998,False,True,True,True,
mp-aaacfkyg,MnTe,Mn1-Te1,Mn-Te,Mn;Te,2,2,10.861,35.201,4.658835388832599,216,Cubic,AB,0.0,False,False,False,True,Te
mp-aaacfkyh,NaAs,As1-Na1,As-Na,As;Na,2,2,26.894,42.172,3.955635111954292,123,Tetragonal,AB,0.15243371625000002,False,False,False,True,As
mp-aaacfkzw,NbCo,Co1-Nb1,Co-Nb,Co;Nb,2,2,70.076,207.312,8.525277024039218,221,Cubic,AB,0.13343272516666715,False,False,False,True,Nb
mp-aaacfljc,EuZnGe,Eu1-Ge1-Zn1,Eu-Ge-Zn,Eu;Ge;Zn,3,3,37.354,58.661,6.803094252772048,187,Hexagonal,ABC,0.025009236666665657,False,True,True,True,
mp-aaacflmm,CrFeTe,Cr1-Fe1-Te1,Cr-Fe-Te,Cr;Fe;Te,3,3,54.599,93.912,7.7223528691558485,216,Cubic,ABC,0.24771065583333307,False,False,False,True,Cr;Te
mp-aaacflmn,CrCoTe,Co1-Cr1-Te1,Co-Cr-Te,Co;Cr;Te,3,3,48.166,101.026,7.796471116712637,216,Cubic,ABC,0.20841351583333267,False,False,False,True,Cr;Te
mp-aaacflvu,Al2Ru,Al2-Ru1,Al-Ru,Al;Ru,2,3,122.506,168.314,6.113680662152237,139,Tetragonal,AB2,0.019733673333332646,False,True,True,True,
mp-aaacfmex,CrCo,Co1-Cr1,Co-Cr,Co;Cr,2,2,113.281,214.789,7.9413434503077,221,Cubic,AB,0.1535611025000012,False,False,False,True,Cr
mp-aaacfnmv,MgNi,Mg1-Ni1,Mg-Ni,Mg;Ni,2,2,22.136,92.625,4.8561773765996445,221,Cubic,AB,0.04428836576388928,False,True,True,True,
mp-aaacfpzs,CrFeCoNi,Co1-Cr1-Fe1-Ni1,Co-Cr-Fe-Ni,Co;Cr;Fe;Ni,4,8,97.13,191.177,8.454657180829807,6,Monoclinic,ABCD,0.06658532291666752,False,False,False,True,Cr
mp-aaacfrjg,Sr3BiAs,As1-Bi1-Sr3,As-Bi-Sr,As;Bi;Sr,3,5,19.241,28.457,4.460483981566079,221,Cubic,ABC3,0.11553418875000077,False,False,False,True,As
mp-aaacfrjy,Ba3Sb2,Ba3-Sb2,Ba-Sb,Ba;Sb,2,5,11.131,20.26,3.9582846130625713,221,Cubic,A2B3,0.4163215811999996,False,True,True,True,
mp-aaacfrka,Ba3BiSb,Ba3-Bi1-Sb1,Ba-Bi-Sb,Ba;Bi;Sb,3,5,11.101,20.003,4.432204136893463,221,Cubic,ABC3,0.3368021081999979,False,True,True,True,
mp-aaacfrkb,Sr3BiSb,Bi1-Sb1-Sr3,Bi-Sb-Sr,Bi;Sb;Sr,3,5,13.656,23.823,4.2089644903845365,221,Cubic,ABC3,0.31015075700000017,False,True,True,True,
mp-aaacfrkd,Sr3Bi2,Bi2-Sr3,Bi-Sr,Bi;Sr,2,5,12.053,22.202,4.646855722748429,221,Cubic,A2B3,0.37063735899999983,False,True,True,True,
mp-aaacfrop,Ca3BiAs,As1-Bi1-Ca3,As-Bi-Ca,As;Bi;Ca,3,5,12.547,26.621,3.371919978871971,221,Cubic,ABC3,0.7087767585000009,False,False,False,True,As
mp-aaacfroq,Ca3BiSb,Bi1-Ca3-Sb1,Bi-Ca-Sb,Bi;Ca;Sb,3,5,13.792,26.893,3.7112005010400573,221,Cubic,ABC3,0.4774104008262037,False,True,True,True,
mp-aaacfrpa,Ba3SbAs,As1-Ba3-Sb1,As-Ba-Sb,As;Ba;Sb,3,5,10.293,19.616,3.703661953898635,221,Cubic,ABC3,0.6615983427384622,False,False,False,True,As
mp-aaacfrpc,Ba3BiAs,As1-Ba3-Bi1,As-Ba-Bi,As;Ba;Bi,3,5,9.183,18.404,4.078787856308982,221,Cubic,ABC3,0.6776658785384617,False,False,False,True,As
mp-aaacfrpf,Ba3BiSb,Ba3-Bi1-Sb1,Ba-Bi-Sb,Ba;Bi;Sb,3,5,9.944,19.129,4.327451702884617,221,Cubic,ABC3,0.4709770741999977,False,True,True,True,
mp-aaacfrpt,Ca3BiSb,Bi1-Ca3-Sb1,Bi-Ca-Sb,Bi;Ca;Sb,3,5,15.74,28.372,3.807964956880105,221,Cubic,ABC3,0.3202503528262044,False,True,True,True,
mp-aaacfrpw,Ba3Bi2,Ba3-Bi2,Ba-Bi,Ba;Bi,2,5,9.982,18.785,4.781195973548839,221,Cubic,A2B3,0.3856861690000004,False,True,True,True,
mp-aaacfsil,HfZn,Hf1-Zn1,Hf-Zn,Hf;Zn,2,2,47.206,115.663,11.220425234157771,221,Cubic,AB,0.008220216666664726,False,True,True,True,
mp-aaacfsiv,Ti2Zn,Ti2-Zn1,Ti-Zn,Ti;Zn,2,3,50.566,112.106,5.447668222900371,139,Tetragonal,AB2,0.0,False,True,True,True,
mp-aaacfsiw,TiZn,Ti1-Zn1,Ti-Zn,Ti;Zn,2,2,51.57,110.695,6.031314569392689,221,Cubic,AB,0.0,False,True,True,True,
mp-aaacfsix,Hf2Zn,Hf2-Zn1,Hf-Zn,Hf;Zn,2,3,58.908,109.609,11.776332722680031,139,Tetragonal,AB2,0.0,False,True,True,True,
mp-aaacfvki,SrMg6Mo,Mg6-Mo1-Sr1,Mg-Mo-Sr,Mg;Mo;Sr,3,8,25.678,39.303,2.9093362238172613,123,Tetragonal,ABC6,0.26515842874999995,False,True,True,True,
mp-aaacfvlp,SrMg6Nb,Mg6-Nb1-Sr1,Mg-Nb-Sr,Mg;Nb;Sr,3,8,20.756,38.931,2.780093199337442,123,Tetragonal,ABC6,0.21817046000000007,False,False,False,True,Nb
mp-aaacfxex,TmAu,Au1-Tm1,Au-Tm,Au;Tm,2,4,18.132,86.722,13.079375495252295,63,Orthorhombic,AB,0.0,False,True,True,True,
mp-aaacfxff,Mn2CoAs,As1-Co1-Mn2,As-Co-Mn,As;Co;Mn,3,4,76.451,199.678,8.540807072410766,216,Cubic,ABC2,0.1283730480172416,False,False,False,True,As
mp-aaacfxft,VCo3,Co3-V1,Co-V,Co;V,2,4,154.123,239.242,8.708594756325734,221,Cubic,AB3,0.087322275,False,True,True,True,
mp-aaacfxfv,VPt,Pt1-V1,Pt-V,Pt;V,2,4,116.114,236.927,14.245697698140667,51,Orthorhombic,AB,0.0002815350000009431,False,True,True,True,
mp-aaacfxge,ZrCd,Cd1-Zr1,Cd-Zr,Cd;Zr,2,4,28.439,79.118,7.568881321663611,129,Tetragonal,AB,0.0,False,True,True,True,
mp-aaacfxgg,ZrOs3,Os3-Zr1,Os-Zr,Os;Zr,2,4,107.11,278.47,17.22157065941202,221,Cubic,AB3,0.28457172624999316,False,True,True,True,
mp-aaacfxgh,ZrPd3,Pd3-Zr1,Pd-Zr,Pd;Zr,2,4,76.147,170.19,10.340760884322824,221,Cubic,AB3,0.025105371249999564,False,True,True,True,
mp-aaacfxgi,ZrRu3,Ru3-Zr1,Ru-Zr,Ru;Zr,2,4,86.307,224.96,10.435033010646437,221,Cubic,AB3,0.17816696500000262,False,True,True,True,
mp-aaacfxxh,TiAg,Ag1-Ti1,Ag-Ti,Ag;Ti,2,4,28.597,102.455,7.350221539947271,129,Tetragonal,AB,0.0,False,True,True,True,
mp-aaacfxyi,TiFeCoGe,Co1-Fe1-Ge1-Ti1,Co-Fe-Ge-Ti,Co;Fe;Ge;Ti,4,4,72.561,197.425,7.9305826150455285,216,Cubic,ABCD,0.028118637499999544,False,True,True,True,
mp-aaacfxyl,Ti2MnGe,Ge1-Mn1-Ti2,Ge-Mn-Ti,Ge;Mn;Ti,3,4,33.046,140.634,6.593434606696605,216,Cubic,ABC2,0.29441337455357264,False,True,True,True,
mp-aaacfxyt,Mn3Sn,Mn3-Sn1,Mn-Sn,Mn;Sn,2,4,27.863,138.52,8.13388231676002,225,Cubic,AB3,0.22307624030172235,False,True,True,True,
mp-aaacfxyu,MnFeCoGe,Co1-Fe1-Ge1-Mn1,Co-Fe-Ge-Mn,Co;Fe;Ge;Mn,4,4,88.054,205.404,8.634253620840703,216,Cubic,ABCD,0.01656803458333389,False,True,True,True,
mp-aaacfxyw,LiAg,Ag1-Li1,Ag-Li,Ag;Li,2,4,14.296,44.019,5.738281014870929,141,Tetragonal,AB,0.014274759999999276,False,True,True,True,
mp-aaacfxyz,CuPd,Cu1-Pd1,Cu-Pd,Cu;Pd,2,2,45.499,147.228,10.238943677781897,221,Cubic,AB,0.0,False,True,True,True,
mp-aaacfxzm,UBi,Bi1-U1,Bi-U,Bi;U,2,2,21.893,75.465,13.125430472016903,221,Cubic,AB,0.1116842299999945,False,True,True,True,
mp-aaacfxzx,InCu,Cu1-In1,Cu-In,Cu;In,2,4,19.561,68.624,7.596262836150107,194,Hexagonal,AB,0.04993737774999829,False,True,True,True,
mp-aaacfxzy,HfPt3,Hf1-Pt3,Hf-Pt,Hf;Pt,2,4,112.224,231.325,19.301958676851257,221,Cubic,AB3,0.007669869374979044,False,True,True,True,
mp-aaacfyab,HfBe,Be1-Hf1,Be-Hf,Be;Hf,2,4,67.239,116.852,9.969747300839945,63,Orthorhombic,AB,0.0590801495000024,False,True,True,True,
mp-aaacfyad,GaSb,Ga1-Sb1,Ga-Sb,Ga;Sb,2,4,29.749,44.722,5.294847524827733,186,Hexagonal,AB,0.014465242500001807,False,False,False,True,Ga
mp-aaacfyae,GaCo2Ni,Co2-Ga1-Ni1,Co-Ga-Ni,Co;Ga;Ni,3,4,60.729,177.04,8.844990575538596,139,Tetragonal,ABC2,0.07530284384615271,False,False,False,True,Ga
mp-aaacfyag,FeSnRh2,Fe1-Rh2-Sn1,Fe-Rh-Sn,Fe;Rh;Sn,3,4,68.595,177.299,10.284634881868726,139,Tetragonal,ABC2,0.0,False,True,True,True,
mp-aaacfyak,CrSnRh2,Cr1-Rh2-Sn1,Cr-Rh-Sn,Cr;Rh;Sn,3,4,69.419,167.812,10.108440179453654,139,Tetragonal,ABC2,0.0,False,False,False,True,Cr
mp-aaacfyal,CrFe3,Cr1-Fe3,Cr-Fe,Cr;Fe,2,4,77.935,178.768,7.99426844115343,225,Cubic,AB3,0.06367412500000036,False,False,False,True,Cr
mp-aaacfyay,CrCo2Bi,Bi1-Co2-Cr1,Bi-Co-Cr,Bi;Co;Cr,3,4,56.721,137.255,10.72760442464194,225,Cubic,ABC2,0.38314022000000136,False,False,False,True,Cr
mp-aaacfyba,CrCo2Sb,Co2-Cr1-Sb1,Co-Cr-Sb,Co;Cr;Sb,3,4,82.553,173.777,8.905301677751007,225,Cubic,ABC2,0.1203814712499991,False,False,False,True,Cr
mp-aaacfybb,CrCdTe2,Cd1-Cr1-Te2,Cd-Cr-Te,Cd;Cr;Te,3,4,8.827,38.574,5.228690901297386,115,Tetragonal,ABC2,0.1842461168749976,False,False,False,True,Cr;Te
mp-aaacfybd,CoSnRh2,Co1-Rh2-Sn1,Co-Rh-Sn,Co;Rh;Sn,3,4,68.25,185.482,10.631166063258728,139,Tetragonal,ABC2,0.06611664624999847,False,True,True,True,
mp-aaacfybu,ZrPd2,Pd2-Zr1,Pd-Zr,Pd;Zr,2,3,40.853,145.885,9.54640652523784,139,Tetragonal,AB2,0.011876317575758577,False,True,True,True,
mp-aaacfybw,Zr2Cd,Cd1-Zr2,Cd-Zr,Cd;Zr,2,3,32.238,78.996,7.234464217328776,139,Tetragonal,AB2,0.0,False,True,True,True,
mp-aaacfybz,ZrTe2,Te2-Zr1,Te-Zr,Te;Zr,2,3,13.397,13.477,5.986667095088376,164,Trigonal,AB2,0.0,False,False,False,True,Te
mp-aaacfycq,Ti2Rh,Rh1-Ti2,Rh-Ti,Rh;Ti,2,3,84.389,162.15,7.1019489782682,139,Tetragonal,AB2,0.0,False,True,True,True,
mp-aaacfycs,GaBi,Bi1-Ga1,Bi-Ga,Bi;Ga,2,2,20.084,36.141,6.872625439841775,216,Cubic,AB,0.0,False,False,False,True,Ga
mp-aaacfycu,ScAg2,Ag2-Sc1,Ag-Sc,Ag;Sc,2,3,36.624,88.836,7.5267065815720375,139,Tetragonal,AB2,0.0,False,True,True,True,
mp-aaacfycy,AlBi,Al1-Bi1,Al-Bi,Al;Bi,2,2,21.569,38.773,5.8376554893300785,216,Cubic,AB,0.09094327999999763,False,True,True,True,
mp-aaacfydb,LiCdAs,As1-Cd1-Li1,As-Cd-Li,As;Cd;Li,3,3,29.67,46.596,5.044381590568189,216,Cubic,ABC,0.0,False,False,False,True,As
mp-aaacfydc,LaBiPt,Bi1-La1-Pt1,Bi-La-Pt,Bi;La;Pt,3,3,33.23,78.997,10.650163041011075,216,Cubic,ABC,0.0,False,True,True,True,
mp-aaacfydg,MgNi,Mg1-Ni1,Mg-Ni,Mg;Ni,2,2,39.279,88.25,4.859377884882009,123,Tetragonal,AB,0.045670855763889406,False,True,True,True,
mp-aaacfydo,ScAu2,Au2-Sc1,Au-Sc,Au;Sc,2,3,46.472,117.569,12.8810661217567,139,Tetragonal,AB2,0.0,False,True,True,True,
mp-aaacfydp,ScCu2,Cu2-Sc1,Cu-Sc,Cu;Sc,2,3,42.846,101.63,6.208031261084953,139,Tetragonal,AB2,0.0,False,True,True,True,
mp-aaacfydq,NbTe2,Nb1-Te2,Nb-Te,Nb;Te,2,3,15.431,21.331,6.719719486598525,164,Trigonal,AB2,0.028679898888891664,False,False,False,True,Nb;Te
mp-aaacfydr,NbPd2,Nb1-Pd2,Nb-Pd,Nb;Pd,2,3,76.958,194.599,10.552156731291326,71,Orthorhombic,AB2,0.0,False,False,False,True,Nb
mp-aaacfydu,Hf2Hg,Hf2-Hg1,Hf-Hg,Hf;Hg,2,3,44.974,111.5,14.07459085436552,139,Tetragonal,AB2,0.0,False,False,False,True,Hg
mp-aaacfyeb,CrNiSb,Cr1-Ni1-Sb1,Cr-Ni-Sb,Cr;Ni;Sb,3,3,46.545,104.241,7.528601965942751,216,Cubic,ABC,0.1543926633333328,False,False,False,True,Cr
mp-aaacfyeg,AlTc2,Al1-Tc2,Al-Tc,Al;Tc,2,3,119.613,224.534,8.66413495987907,139,Tetragonal,AB2,0.0,False,True,False,True,
mp-aaacfyet,AlAu2,Al1-Au2,Al-Au,Al;Au,2,3,25.387,127.617,13.719573996603176,139,Tetragonal,AB2,0.015901574166669263,False,True,True,True,
mp-aaacfywy,KCdSb,Cd1-K1-Sb1,Cd-K-Sb,Cd;K;Sb,3,6,8.899000000000001,21.748,4.554128952864879,129,Tetragonal,ABC,0.0,False,True,True,True,
mp-aaacfyxd,CaBiAu,Au1-Bi1-Ca1,Au-Bi-Ca,Au;Bi;Ca,3,6,21.614,49.307,9.125807141611835,186,Hexagonal,ABC,0.04779071000000101,False,True,True,True,
mp-aaacfyxs,CoAs2,As2-Co1,As-Co,As;Co,2,6,87.289,124.542,7.357697340734819,58,Orthorhombic,AB2,0.01968061083333339,False,False,False,True,As
mp-aaacfyxu,DyAlZn,Al1-Dy1-Zn1,Al-Dy-Zn,Al;Dy;Zn,3,6,47.339,70.298,6.772615115854359,194,Hexagonal,ABC,0.00597042250000257,False,True,True,True,
mp-aaacfyxz,DyTe2,Dy1-Te2,Dy-Te,Dy;Te,2,6,22.777,58.827,7.897739379835382,129,Tetragonal,AB2,0.06719028333333554,False,False,False,True,Te
mp-aaacfyye,Er2Mg3Ru,Er2-Mg3-Ru1,Er-Mg-Ru,Er;Mg;Ru,3,6,31.234,49.451,5.999001931419782,123,Tetragonal,AB2C3,0.016467969166666485,False,True,True,True,
mp-aaacfyyf,ErCuSn,Cu1-Er1-Sn1,Cu-Er-Sn,Cu;Er;Sn,3,6,45.507,76.553,8.980933855364025,194,Hexagonal,ABC,0.05087143999999988,False,True,True,True,
mp-aaacfyyj,ErZnIn,Er1-In1-Zn1,Er-In-Zn,Er;In;Zn,3,6,40.822,65.841,8.577374489061809,194,Hexagonal,ABC,0.011497202333330847,False,True,True,True,
mp-aaacfyyk,ErZnGa,Er1-Ga1-Zn1,Er-Ga-Zn,Er;Ga;Zn,3,6,53.824,75.136,8.40164474590119,194,Hexagonal,ABC,0.021366865000000956,False,False,False,True,Ga
mp-aaacfyym,ErTe2,Er1-Te2,Er-Te,Er;Te,2,6,21.657,59.579,8.098271247802533,129,Tetragonal,AB2,0.06797701722222627,False,False,False,True,Te
mp-aaacfyyo,ErZnGa,Er1-Ga1-Zn1,Er-Ga-Zn,Er;Ga;Zn,3,6,59.377,75.872,8.43660592700348,186,Hexagonal,ABC,0.0,False,False,False,True,Ga
mp-aaacfyyt,EuZnGe,Eu1-Ge1-Zn1,Eu-Ge-Zn,Eu;Ge;Zn,3,6,37.428,46.265,6.843082428264408,47,Orthorhombic,ABC,0.058370194999998404,False,True,True,True,
mp-aaacfyyw,EuZnGe,Eu1-Ge1-Zn1,Eu-Ge-Zn,Eu;Ge;Zn,3,6,27.809,42.42,6.737268596366733,51,Orthorhombic,ABC,0.10148480833333196,False,True,True,True,
mp-aaacfyzd,Hf2GaSb3,Ga1-Hf2-Sb3,Ga-Hf-Sb,Ga;Hf;Sb,3,6,62.432,93.197,9.754586316645671,115,Tetragonal,AB2C3,0.0,False,False,False,True,Ga
mp-aaacfyzg,HfGa4Co,Co1-Ga4-Hf1,Co-Ga-Hf,Co;Ga;Hf,3,6,54.445,94.047,7.925094899779328,123,Tetragonal,ABC4,0.14537933944444248,False,False,False,True,Ga
mp-aaacfyzi,HfGaCu,Cu1-Ga1-Hf1,Cu-Ga-Hf,Cu;Ga;Hf,3,6,70.481,125.165,10.53680960264368,194,Hexagonal,ABC,0.0,False,False,False,True,Ga
mp-aaacfyzl,HfSb2,Hf1-Sb2,Hf-Sb,Hf;Sb,2,6,34.866,87.513,9.519404697777677,129,Tetragonal,AB2,0.07354802000000404,False,True,True,True,
mp-aaacfyzs,HoCuSn,Cu1-Ho1-Sn1,Cu-Ho-Sn,Cu;Ho;Sn,3,6,46.616,76.985,8.830887958264533,194,Hexagonal,ABC,0.04635102833333171,False,True,True,True,
mp-aaacfyzu,HfVGe,Ge1-Hf1-V1,Ge-Hf-V,Ge;Hf;V,3,6,76.649,156.878,10.036148791087243,129,Tetragonal,ABC,0.0,False,True,True,True,
mp-aaacfzaa,HoTe2,Ho1-Te2,Ho-Te,Ho;Te,2,6,22.227,59.177,8.0004909362264,129,Tetragonal,AB2,0.08565080124999724,False,False,False,True,Te
mp-aaacfzal,LaNi3Rh2,La1-Ni3-Rh2,La-Ni-Rh,La;Ni;Rh,3,6,51.436,109.911,9.130006878753726,191,Hexagonal,AB2C3,0.06488435833333561,False,True,True,True,
mp-aaacfzan,LaSbPd,La1-Pd1-Sb1,La-Pd-Sb,La;Pd;Sb,3,6,30.133,78.626,7.899323254754178,194,Hexagonal,ABC,0.0,False,True,True,True,
mp-aaacfzbg,Li3HoSb2,Ho1-Li3-Sb2,Ho-Li-Sb,Ho;Li;Sb,3,6,33.579,44.465,5.588144287414905,164,Trigonal,AB2C3,0.0,False,True,True,True,
mp-aaacfzbm,Li3PrBi2,Bi2-Li3-Pr1,Bi-Li-Pr,Bi;Li;Pr,3,6,27.09,37.325,6.621491797856047,164,Trigonal,AB2C3,0.0,False,True,True,True,
mp-aaacfzbw,Li3SmBi2,Bi2-Li3-Sm1,Bi-Li-Sm,Bi;Li;Sm,3,6,28.031,38.262,6.9210581127335455,164,Trigonal,AB2C3,0.0,False,True,True,True,
mp-aaacfzcc,LiMnSb,Li1-Mn1-Sb1,Li-Mn-Sb,Li;Mn;Sb,3,6,14.417,30.709,4.552237944509172,129,Tetragonal,ABC,0.19257127145593778,False,True,True,True,
mp-aaacfzck,Mg2Ge,Ge1-Mg2,Ge-Mg,Ge;Mg,2,6,15.766,48.583,3.385957768429123,194,Hexagonal,AB2,0.1528134983333329,False,True,True,True,
mp-aaacfzct,MnCoSb,Co1-Mn1-Sb1,Co-Mn-Sb,Co;Mn;Sb,3,6,36.492,86.94,7.8828632802029315,129,Tetragonal,ABC,0.055143562916665445,False,True,True,True,
mp-aaacfzde,NdSbTe,Nd1-Sb1-Te1,Nd-Sb-Te,Nd;Sb;Te,3,6,24.695,58.382,7.196507838741107,129,Tetragonal,ABC,0.0,False,False,False,True,Te
mp-aaacfzgo,PrSbPt,Pr1-Pt1-Sb1,Pr-Pt-Sb,Pr;Pt;Sb,3,6,35.836,86.816,10.116204795544883,186,Hexagonal,ABC,0.0,False,True,True,True,
mp-aaacfzhw,PrSbTe,Pr1-Sb1-Te1,Pr-Sb-Te,Pr;Sb;Te,3,6,21.419,57.378,7.022232236830318,129,Tetragonal,ABC,0.0,False,False,False,True,Te
mp-aaacfzij,RbMnBi,Bi1-Mn1-Rb1,Bi-Mn-Rb,Bi;Mn;Rb,3,6,9.919,15.6,5.491821869893013,129,Tetragonal,ABC,0.25051111089798805,False,True,True,True,
mp-aaacfznr,CaSnHg,Ca1-Hg1-Sn1,Ca-Hg-Sn,Ca;Hg;Sn,3,6,15.505,38.053,7.144541302095372,194,Hexagonal,ABC,0.06873256333333622,False,False,False,True,Hg
mp-aaacfzon,SmGeRu,Ge1-Ru1-Sm1,Ge-Ru-Sm,Ge;Ru;Sm,3,6,45.174,89.845,8.549272486211924,129,Tetragonal,ABC,0.0,False,True,True,True,
mp-aaacfzpq,SmSbTe,Sb1-Sm1-Te1,Sb-Sm-Te,Sb;Sm;Te,3,6,29.721,59.933,7.499944474778735,129,Tetragonal,ABC,0.0,False,False,False,True,Te
mp-aaacfzud,SmTlCd,Cd1-Sm1-Tl1,Cd-Sm-Tl,Cd;Sm;Tl,3,6,28.712,52.82,9.630648389299287,194,Hexagonal,ABC,0.01638880733333714,False,True,True,True,
mp-aaacfzuh,SrSnHg,Hg1-Sn1-Sr1,Hg-Sn-Sr,Hg;Sn;Sr,3,6,21.448,36.162,7.490172383761588,186,Hexagonal,ABC,0.0,False,False,False,True,Hg
mp-aaacfzuo,SmTe2,Sm1-Te2,Sm-Te,Sm;Te,2,6,24.397,56.908,7.379915565944132,129,Tetragonal,AB2,0.010562577500000003,False,False,False,True,Te
mp-aaacfzuz,SrHgPb,Hg1-Pb1-Sr1,Hg-Pb-Sr,Hg;Pb;Sr,3,6,18.165,32.261,8.629727070574992,186,Hexagonal,ABC,0.0,False,False,False,True,Hg
mp-aaacfzvb,SrZnSn,Sn1-Sr1-Zn1,Sn-Sr-Zn,Sn;Sr;Zn,3,6,27.358,37.518,5.219983435283029,194,Hexagonal,ABC,0.0,False,True,True,True,
mp-aaacfzvc,SrZnPb,Pb1-Sr1-Zn1,Pb-Sr-Zn,Pb;Sr;Zn,3,6,24.914,32.355,6.569153802733553,194,Hexagonal,ABC,0.017397941987177035,False,True,True,True,
mp-aaacfzwu,TbTe2,Tb1-Te2,Tb-Te,Tb;Te,2,6,23.413,58.632,7.772943078321755,129,Tetragonal,AB2,0.0537732516666658,False,False,False,True,Te
mp-aaacfzyf,ThSbTe,Sb1-Te1-Th1,Sb-Te-Th,Sb;Te;Th,3,6,31.492,69.097,8.828608569048173,129,Tetragonal,ABC,0.0,False,False,False,True,Te
mp-aaacfzyg,ThBiTe,Bi1-Te1-Th1,Bi-Te-Th,Bi;Te;Th,3,6,28.967,65.77,9.969604700320065,129,Tetragonal,ABC,0.0,False,False,False,True,Te
mp-aaacgczo,KMg6Mo,K1-Mg6-Mo1,K-Mg-Mo,K;Mg;Mo,3,8,21.388,39.445,2.578275204362746,187,Hexagonal,ABC6,0.39456294909375034,False,True,True,True,
mp-aaacgdbq,SrMg6Ti,Mg6-Sr1-Ti1,Mg-Sr-Ti,Mg;Sr;Ti,3,8,16.23,35.604,2.333103461714132,123,Tetragonal,ABC6,0.1720202108333333,False,True,True,True,
mp-aaacgddc,K2Sn,K2-Sn1,K-Sn,K;Sn,2,3,3.6390000000000002,8.242,2.037951109518367,225,Cubic,AB2,0.2773537425833328,False,True,True,True,
mp-aaacgdpw,KMg6V,K1-Mg6-V1,K-Mg-V,K;Mg;V,3,8,15.503,27.035,1.9287691607995132,123,Tetragonal,ABC6,0.30175019284375004,False,True,True,True,
mp-aaacgeom,NaMg6Zr,Mg6-Na1-Zr1,Mg-Na-Zr,Mg;Na;Zr,3,8,18.822,35.637,2.278250567421209,123,Tetragonal,ABC6,0.10735152732758646,False,True,True,True,
mp-aaacgfaq,SrYMg6,Mg6-Sr1-Y1,Mg-Sr-Y,Mg;Sr;Y,3,8,16.441,31.352,2.412244758566608,123,Tetragonal,ABC6,0.07392832812499961,False,True,True,True,
mp-aaacgfoj,CaMg6Mo,Ca1-Mg6-Mo1,Ca-Mg-Mo,Ca;Mg;Mo,3,8,26.463,41.748,2.631639593090097,123,Tetragonal,ABC6,0.2209939262499998,False,True,True,True,
mp-aaacgfpp,CaMg6Nb,Ca1-Mg6-Nb1,Ca-Mg-Nb,Ca;Mg;Nb,3,8,24.369,42.167,2.508312086415647,123,Tetragonal,ABC6,0.16852854250000027,False,False,False,True,Nb
mp-aaacgfqe,CaMg6W,Ca1-Mg6-W1,Ca-Mg-W,Ca;Mg;W,3,8,26.629,43.917,3.4831968014410792,123,Tetragonal,ABC6,0.30601905906887694,False,True,True,True,
mp-aaacgful,CaYMg6,Ca1-Mg6-Y1,Ca-Mg-Y,Ca;Mg;Y,3,8,13.092,34.78,2.190521330083753,38,Orthorhombic,ABC6,0.02710064687499969,False,True,True,True,
mp-aaacgfuv,CaMg6Zr,Ca1-Mg6-Zr1,Ca-Mg-Zr,Ca;Mg;Zr,3,8,20.459,38.262,2.357901847569779,123,Tetragonal,ABC6,0.06966552749999977,False,True,True,True,
mp-aaacgfwg,CaYMg6,Ca1-Mg6-Y1,Ca-Mg-Y,Ca;Mg;Y,3,8,18.212,33.841,2.168854900486825,123,Tetragonal,ABC6,0.03774940312499986,False,True,True,True,
mp-aaacgifi,HoCuSn,Cu1-Ho1-Sn1,Cu-Ho-Sn,Cu;Ho;Sn,3,6,53.287,79.602,8.911817798938722,186,Hexagonal,ABC,0.0,False,True,True,True,
mp-aaacgifj,PrNiSb,Ni1-Pr1-Sb1,Ni-Pr-Sb,Ni;Pr;Sb,3,6,35.539,88.333,7.614165636807253,194,Hexagonal,ABC,0.0,False,True,True,True,
mp-aaacgifl,TmInCu4,Cu4-In1-Tm1,Cu-In-Tm,Cu;In;Tm,3,6,55.5,109.749,9.52345845478763,216,Cubic,ABC4,0.0,False,True,True,True,
mp-aaacgigm,TbInPt4,In1-Pt4-Tb1,In-Pt-Tb,In;Pt;Tb,3,6,57.587,161.456,15.583786290509059,216,Cubic,ABC4,0.0334948274106992,False,True,True,True,
mp-aaacgigp,HoCu4Ag,Ag1-Cu4-Ho1,Ag-Cu-Ho,Ag;Cu;Ho,3,6,14.049,104.289,9.5811565812265,216,Cubic,ABC4,0.0,False,True,True,True,
mp-aaacgigt,ErCu2,Cu2-Er1,Cu-Er,Cu;Er,2,6,24.491,86.857,9.253454039698696,74,Orthorhombic,AB2,0.0,False,True,True,True,
mp-aaacgigw,HoCu4Au,Au1-Cu4-Ho1,Au-Cu-Ho,Au;Cu;Ho,3,6,33.425,110.424,11.284376412251744,216,Cubic,ABC4,0.0,False,True,True,True,
mp-aaacgihm,Be5Fe,Be5-Fe1,Be-Fe,Be;Fe,2,6,119.851,146.818,3.381109780180245,216,Cubic,AB5,0.04924908499999958,False,True,True,True,
mp-aaacgihy,HoInPt4,Ho1-In1-Pt4,Ho-In-Pt,Ho;In;Pt,3,6,57.77,163.795,15.770806697557378,216,Cubic,ABC4,0.04990918333333827,False,True,True,True,
mp-aaacgiig,ErPt5,Er1-Pt5,Er-Pt,Er;Pt,2,6,76.477,189.776,17.192590602326074,191,Hexagonal,AB5,0.030797769999999502,False,True,True,True,
mp-aaacgiiv,TiGaPd,Ga1-Pd1-Ti1,Ga-Pd-Ti,Ga;Pd;Ti,3,6,44.998,140.178,8.004439635566307,194,Hexagonal,ABC,0.0,False,False,False,True,Ga
mp-aaacgijr,ReGe2,Ge2-Re1,Ge-Re,Ge;Re,2,6,96.466,157.22,11.138692655182853,12,Monoclinic,AB2,0.014889390833335625,False,True,True,True,
mp-aaacgijt,PrSn2,Pr1-Sn2,Pr-Sn,Pr;Sn,2,6,30.622,53.735,7.315537188972868,65,Orthorhombic,AB2,0.0,False,True,True,True,
mp-aaacgiku,ErZn2,Er1-Zn2,Er-Zn,Er;Zn,2,6,42.435,70.145,8.370496877503706,74,Orthorhombic,AB2,0.0,False,True,True,True,
mp-aaacgila,CeAl3Pt2,Al3-Ce1-Pt2,Al-Ce-Pt,Al;Ce;Pt,3,6,65.017,130.404,9.305990516544242,191,Hexagonal,AB2C3,0.0402836735416674,False,False,False,True,Ce
mp-aaacgild,LuAlGe,Al1-Ge1-Lu1,Al-Ge-Lu,Al;Ge;Lu,3,6,58.396,84.386,7.7691967311226815,63,Orthorhombic,ABC,0.0,False,True,True,True,
mp-aaacgill,DyInPt4,Dy1-In1-Pt4,Dy-In-Pt,Dy;In;Pt,3,6,59.703,165.87,15.748234320406413,216,Cubic,ABC4,0.033566350000000966,False,True,True,True,
mp-aaacgilo,TmCu4Ag,Ag1-Cu4-Tm1,Ag-Cu-Tm,Ag;Cu;Tm,3,6,27.214,109.243,9.73927659012146,216,Cubic,ABC4,0.0,False,True,True,True,
mp-aaacgimg,HoCu4Pd,Cu4-Ho1-Pd1,Cu-Ho-Pd,Cu;Ho;Pd,3,6,48.519,115.869,9.865724795195352,216,Cubic,ABC4,0.0,False,True,True,True,
mp-aaacgimi,EuAl3Cu2,Al3-Cu2-Eu1,Al-Cu-Eu,Al;Cu;Eu,3,6,56.864,79.76,5.635208516293567,191,Hexagonal,AB2C3,0.0,False,True,True,True,
mp-aaacginb,LuGa5Co,Co1-Ga5-Lu1,Co-Ga-Lu,Co;Ga;Lu,3,7,50.001,87.39,8.117457968186434,123,Tetragonal,ABC5,0.0,False,False,False,True,Ga
mp-aaacginl,Zr(VGa2)2,Ga4-V2-Zr1,Ga-V-Zr,Ga;V;Zr,3,7,88.202,131.585,7.153724895175037,139,Tetragonal,AB2C4,0.0,False,False,False,True,Ga
mp-aaacginn,Hf(VGa2)2,Ga4-Hf1-V2,Ga-Hf-V,Ga;Hf;V,3,7,85.459,133.265,8.564178738916688,139,Tetragonal,AB2C4,0.0,False,False,False,True,Ga
mp-aaacgins,Ho(TiGa2)2,Ga4-Ho1-Ti2,Ga-Ho-Ti,Ga;Ho;Ti,3,7,60.465,96.685,7.177075319412634,139,Tetragonal,AB2C4,0.004112105714278336,False,False,False,True,Ga
mp-aaacginw,HfGa5Ni,Ga5-Hf1-Ni1,Ga-Hf-Ni,Ga;Hf;Ni,3,7,32.425,90.233,8.398340989851693,123,Tetragonal,ABC5,0.026785833142858095,False,False,False,True,Ga
mp-aaacgiol,ScGa5Ni,Ga5-Ni1-Sc1,Ga-Ni-Sc,Ga;Ni;Sc,3,7,43.307,84.543,6.467000089100285,123,Tetragonal,ABC5,0.0,False,False,False,True,Ga
mp-aaacgion,HfGa5Co,Co1-Ga5-Hf1,Co-Ga-Hf,Co;Ga;Hf,3,7,52.044,103.655,8.564592220626022,123,Tetragonal,ABC5,0.0,False,False,False,True,Ga
mp-aaacgipb,Ti(CrTe2)2,Cr2-Te4-Ti1,Cr-Te-Ti,Cr;Te;Ti,3,7,32.833,47.988,6.281856830474518,12,Monoclinic,AB2C4,0.035925570714288035,False,False,False,True,Cr;Te
mp-aaacgipg,InAsPt5,As1-In1-Pt5,As-In-Pt,As;In;Pt,3,7,59.621,189.205,16.355799189847044,123,Tetragonal,ABC5,0.0,False,False,False,True,As
mp-aaacgipn,Ti2VTe4,Te4-Ti2-V1,Te-Ti-V,Te;Ti;V,3,7,33.076,46.041,6.426081902890275,12,Monoclinic,AB2C4,0.009515937714289713,False,False,False,True,Te
mp-aaacgipr,Hf4Al3,Al3-Hf4,Al-Hf,Al;Hf,2,7,87.932,116.342,9.785395931409054,191,Hexagonal,A3B4,0.0,False,True,True,True,
mp-aaacgipt,ErGa5Co,Co1-Er1-Ga5,Co-Er-Ga,Co;Er;Ga,3,7,52.911,86.188,7.9028696514595715,123,Tetragonal,ABC5,0.0,False,False,False,True,Ga
mp-aaacgipx,TiGa5Co,Co1-Ga5-Ti1,Co-Ga-Ti,Co;Ga;Ti,3,7,50.857,108.798,6.979748527951851,123,Tetragonal,ABC5,0.009694247500000586,False,False,False,True,Ga
mp-aaacgiqe,Sc(TiGa2)2,Ga4-Sc1-Ti2,Ga-Sc-Ti,Ga;Sc;Ti,3,7,66.519,96.87,5.810826963294555,139,Tetragonal,AB2C4,0.0011790724999984903,False,False,False,True,Ga
mp-aaacgiqg,Tm(TiGa2)2,Ga4-Ti2-Tm1,Ga-Ti-Tm,Ga;Ti;Tm,3,7,62.39,96.793,7.288659163950987,139,Tetragonal,AB2C4,0.0,False,False,False,True,Ga
mp-aaacgiqj,ScGa5Fe,Fe1-Ga5-Sc1,Fe-Ga-Sc,Fe;Ga;Sc,3,7,54.39,90.193,6.490454260304745,123,Tetragonal,ABC5,0.005272000214284311,False,False,False,True,Ga
mp-aaacgiqk,ScGa5Co,Co1-Ga5-Sc1,Co-Ga-Sc,Co;Ga;Sc,3,7,50.935,93.026,6.566586397971182,123,Tetragonal,ABC5,0.0,False,False,False,True,Ga
mp-aaacgiqz,TmGa5Co,Co1-Ga5-Tm1,Co-Ga-Tm,Co;Ga;Tm,3,7,52.0,97.33,7.97178562609934,123,Tetragonal,ABC5,0.0,False,False,False,True,Ga
mp-aaacgiru,V2CrTe4,Cr1-Te4-V2,Cr-Te-V,Cr;Te;V,3,7,29.918,53.889,6.45888725035064,12,Monoclinic,AB2C4,0.02633513342856908,False,False,False,True,Cr;Te
mp-aaacgise,TbGa5Co,Co1-Ga5-Tb1,Co-Ga-Tb,Co;Ga;Tb,3,7,54.393,92.096,7.660948105971379,123,Tetragonal,ABC5,0.0,False,False,False,True,Ga
mp-aaacgisj,InAsPd5,As1-In1-Pd5,As-In-Pd,As;In;Pd,3,7,53.252,144.791,10.258215286412181,123,Tetragonal,ABC5,0.0,False,False,False,True,As
mp-aaacgisu,Zr(TiGa2)2,Ga4-Ti2-Zr1,Ga-Ti-Zr,Ga;Ti;Zr,3,7,70.165,112.537,6.53365559333156,139,Tetragonal,AB2C4,0.0,False,False,False,True,Ga
mp-aaacgisw,AlAsPt5,Al1-As1-Pt5,Al-As-Pt,Al;As;Pt,3,7,65.207,197.309,15.905167151104052,123,Tetragonal,ABC5,0.0,False,False,False,True,As
mp-aaacgitb,CdAsPt5,As1-Cd1-Pt5,As-Cd-Pt,As;Cd;Pt,3,7,58.167,183.707,16.34667200489363,123,Tetragonal,ABC5,0.0,False,False,False,True,As
mp-aaacgitd,TiGa5Ni,Ga5-Ni1-Ti1,Ga-Ni-Ti,Ga;Ni;Ti,3,7,34.363,101.134,6.853099988176654,123,Tetragonal,ABC5,0.04536378599999935,False,False,False,True,Ga
mp-aaacgitp,NpGa5Co,Co1-Ga5-Np1,Co-Ga-Np,Co;Ga;Np,3,7,72.274,100.231,8.95017827058107,123,Tetragonal,ABC5,0.007978494285715954,False,False,False,True,Ga;Np
mp-aaacgitz,Lu(TiGa2)2,Ga4-Lu1-Ti2,Ga-Lu-Ti,Ga;Lu;Ti,3,7,62.927,98.232,7.413951055955009,139,Tetragonal,AB2C4,0.0,False,False,False,True,Ga
mp-aaacgiuj,Ti2CrTe4,Cr1-Te4-Ti2,Cr-Te-Ti,Cr;Te;Ti,3,7,34.742,49.615,6.455669429917739,12,Monoclinic,AB2C4,0.0492931228571436,False,False,False,True,Cr;Te
mp-aaacgiuk,GaAsPd5,As1-Ga1-Pd5,As-Ga-Pd,As;Ga;Pd,3,7,58.097,152.092,10.08062626395214,123,Tetragonal,ABC5,0.0,False,False,False,True,As;Ga
mp-aaacgiur,TlAsPt5,As1-Pt5-Tl1,As-Pt-Tl,As;Pt;Tl,3,7,48.286,180.729,17.261788930244364,123,Tetragonal,ABC5,0.01657035017856856,False,False,False,True,As
mp-aaacgiuu,ZnAsPt5,As1-Pt5-Zn1,As-Pt-Zn,As;Pt;Zn,3,7,67.167,194.2,16.395535624187158,123,Tetragonal,ABC5,0.0,False,False,False,True,As
mp-aaacgiuw,Er(Al2Mo)2,Al4-Er1-Mo2,Al-Er-Mo,Al;Er;Mo,3,7,84.07,134.393,6.4143620400970445,139,Tetragonal,AB2C4,0.0010619858503417845,False,True,True,True,
mp-aaacgivc,Dy(TiGa2)2,Dy1-Ga4-Ti2,Dy-Ga-Ti,Dy;Ga;Ti,3,7,59.557,95.067,7.116142246224945,139,Tetragonal,AB2C4,0.009580947142849183,False,False,False,True,Ga
mp-aaacgivd,Sc(VGa2)2,Ga4-Sc1-V2,Ga-Sc-V,Ga;Sc;V,3,7,80.656,118.477,6.424559929134376,139,Tetragonal,AB2C4,0.0,False,False,False,True,Ga
mp-aaacgivn,YGa5Co,Co1-Ga5-Y1,Co-Ga-Y,Co;Ga;Y,3,7,53.183,85.957,6.723078320433068,123,Tetragonal,ABC5,0.0,False,False,False,True,Ga
mp-aaacgivq,V2FeTe4,Fe1-Te4-V2,Fe-Te-V,Fe;Te;V,3,7,32.385,49.149,6.890389869386061,12,Monoclinic,AB2C4,0.08079471428571416,False,False,False,True,Te
mp-aaacgiwv,TmPt,Pt1-Tm1,Pt-Tm,Pt;Tm,2,8,36.535,110.101,14.084180002543222,62,Orthorhombic,AB,0.0,False,True,True,True,
mp-aaacgixb,CePd7,Ce1-Pd7,Ce-Pd,Ce;Pd,2,8,45.333,143.898,11.034227548527697,225,Cubic,AB7,0.0,False,False,False,True,Ce
mp-aaacgixr,SmPt,Pt1-Sm1,Pt-Sm,Pt;Sm,2,8,32.196,97.549,12.146484405594636,62,Orthorhombic,AB,0.0,False,True,True,True,
mp-aaacgiyi,YPt,Pt1-Y1,Pt-Y,Pt;Y,2,8,33.963,102.153,10.48868665654102,62,Orthorhombic,AB,0.0,False,True,True,True,
mp-aaacgiyr,HfAl5Ni2,Al5-Hf1-Ni2,Al-Hf-Ni,Al;Hf;Ni,3,8,84.924,126.648,6.104976693454024,139,Tetragonal,AB2C5,0.012345198749999398,False,True,True,True,
mp-aaacgizh,Li2NdGe,Ge1-Li2-Nd1,Ge-Li-Nd,Ge;Li;Nd,3,8,27.258,43.547,4.853843967097246,194,Hexagonal,ABC2,0.163934614166668,False,True,True,True,
mp-aaacgizm,TbAu3,Au3-Tb1,Au-Tb,Au;Tb,2,8,26.739,101.371,15.189666837039288,59,Orthorhombic,AB3,0.0,False,True,True,True,
mp-aaacgjam,TmGa2Ni,Ga2-Ni1-Tm1,Ga-Ni-Tm,Ga;Ni;Tm,3,8,56.193,100.012,8.969832870259621,63,Orthorhombic,ABC2,0.0,False,False,False,True,Ga
mp-aaacgjbi,LuAu3,Au3-Lu1,Au-Lu,Au;Lu,2,8,35.878,112.13,16.25953442853636,59,Orthorhombic,AB3,0.0,False,True,True,True,
mp-aaacgjch,GaPt,Ga1-Pt1,Ga-Pt,Ga;Pt,2,8,51.944,167.158,14.279241799313146,198,Cubic,AB,0.0,False,False,False,True,Ga
mp-aaacgjci,LuGa2Ni,Ga2-Lu1-Ni1,Ga-Lu-Ni,Ga;Lu;Ni,3,8,57.495,103.459,9.238276414628924,63,Orthorhombic,ABC2,0.0,False,False,False,True,Ga
mp-aaachcqp,MgCd,Cd1-Mg1,Cd-Mg,Cd;Mg,2,4,20.186,41.755,5.149067635858248,12,Monoclinic,AB,0.03818579500000041,False,True,True,True,
mp-aaachcsk,MgCd,Cd1-Mg1,Cd-Mg,Cd;Mg,2,2,10.818,42.487,5.224507123024763,221,Cubic,AB,0.030768572500001312,False,True,True,True,
mp-aaachcux,Ca3Zn,Ca3-Zn1,Ca-Zn,Ca;Zn,2,4,8.857,20.037,2.349034171784622,221,Cubic,AB3,0.12952229125000003,False,True,True,True,
mp-aaachcwi,MgAl3,Al3-Mg1,Al-Mg,Al;Mg,2,4,27.355,65.112,2.450148633958814,139,Tetragonal,AB3,0.025026051249999792,False,True,True,True,
mp-aaachcyb,CaMg,Ca1-Mg1,Ca-Mg,Ca;Mg,2,2,6.514,21.589,1.619489941531505,187,Hexagonal,AB,0.13587175124999984,False,True,True,True,
mp-aaachcym,MgCd,Cd1-Mg1,Cd-Mg,Cd;Mg,2,2,14.201,40.284,5.036040141484219,166,Trigonal,AB,0.06349802250000103,False,True,True,True,
mp-aaachcyp,MgCd,Cd1-Mg1,Cd-Mg,Cd;Mg,2,4,8.885,40.188,5.025839543087987,164,Trigonal,AB,0.10601638083333342,False,True,True,True,
mp-aaachdah,MgAl,Al1-Mg1,Al-Mg,Al;Mg,2,2,7.203,48.143,2.182128286499344,187,Hexagonal,AB,0.06378801374999998,False,True,True,True,
mp-aaachdbr,Mg3Cd,Cd1-Mg3,Cd-Mg,Cd;Mg,2,4,13.855,38.741,3.40070895301218,187,Hexagonal,AB3,0.04869441874999936,False,True,True,True,
mp-aaachdcj,Mg3Bi,Bi1-Mg3,Bi-Mg,Bi;Mg,2,4,12.544,40.241,4.745185862835484,221,Cubic,AB3,0.030943198124997906,False,True,True,True,
mp-aaachdei,MgCd,Cd1-Mg1,Cd-Mg,Cd;Mg,2,2,12.967,41.638,5.191783091785109,123,Tetragonal,AB,0.015672457500000903,False,True,True,True,
mp-aaachdff,CaZn,Ca1-Zn1,Ca-Zn,Ca;Zn,2,2,19.961,32.75,3.490325118690217,221,Cubic,AB,0.026159390000000116,False,True,True,True,
mp-aaachdhe,Mg3Bi,Bi1-Mg3,Bi-Mg,Bi;Mg,2,4,7.408,39.456,4.633802868615339,44,Orthorhombic,AB3,0.13292185312499827,False,True,True,True,
mp-aaachdho,Ca2Zn,Ca2-Zn1,Ca-Zn,Ca;Zn,2,6,6.963,22.911,2.19584120752439,136,Tetragonal,AB2,0.16255221833333344,False,True,True,True,
mp-aaachdkv,Mg3Cd,Cd1-Mg3,Cd-Mg,Cd;Mg,2,4,12.876,38.235,3.4464462871630612,139,Tetragonal,AB3,0.037848721250000494,False,True,True,True,
mp-aaachdns,CaMg,Ca1-Mg1,Ca-Mg,Ca;Mg,2,2,8.429,21.47,1.618840540659599,166,Trigonal,AB,0.1343661312500002,False,True,True,True,
mp-aaachdoh,CaMg3,Ca1-Mg3,Ca-Mg,Ca;Mg,2,8,9.348,29.005,1.737278784442331,194,Hexagonal,AB3,0.05608773375000009,False,True,True,True,
mp-aaachdoj,Ca5Mg,Ca5-Mg1,Ca-Mg,Ca;Mg,2,6,7.009,18.063,1.578503922998626,187,Hexagonal,AB5,0.07003908749999965,False,True,True,True,
mp-aaachdqg,Mg5Cd,Cd1-Mg5,Cd-Mg,Cd;Mg,2,6,17.452,38.04,2.852003453434615,187,Hexagonal,AB5,0.07188611333333328,False,True,True,True,
mp-aaachwgl,Mg2Cu,Cu1-Mg2,Cu-Mg,Cu;Mg,2,6,25.405,59.925,3.394805539988014,140,Tetragonal,AB2,0.009202400000000388,False,True,True,True,
mp-aaaciouk,BiRh,Bi1-Rh1,Bi-Rh,Bi;Rh,2,4,38.731,111.998,11.947958041435982,194,Hexagonal,AB,0.0,False,True,True,True,
mp-aaacipat,LaNi,La1-Ni1,La-Ni,La;Ni,2,4,14.716,67.304,7.115907133734934,63,Orthorhombic,AB,0.0,False,True,True,True,
mp-aaaciyzo,CeGaCo,Ce1-Co1-Ga1,Ce-Co-Ga,Ce;Co;Ga,3,6,41.614,87.707,8.055358352549238,12,Monoclinic,ABC,0.0,False,False,False,True,Ce;Ga
mp-aaacjabt,FeSb2,Fe1-Sb2,Fe-Sb,Fe;Sb,2,6,24.115,65.924,8.160325222579155,140,Tetragonal,AB2,0.19145081666666464,False,True,True,True,
mp-aaacjbeg,TbSn2,Sn2-Tb1,Sn-Tb,Sn;Tb,2,6,38.323,60.169,8.219107074922386,63,Orthorhombic,AB2,0.0,False,True,True,True,
mp-aaacjhja,TmSn2,Sn2-Tm1,Sn-Tm,Sn;Tm,2,6,37.017,61.628,8.705483968507865,63,Orthorhombic,AB2,0.0,False,True,True,True,
mp-aaacjjjk,MnGe,Ge1-Mn1,Ge-Mn,Ge;Mn,2,8,76.408,142.529,7.833561235607772,198,Cubic,AB,0.0,False,True,True,True,
mp-aaacjjkr,YbGa2Ni,Ga2-Ni1-Yb1,Ga-Ni-Yb,Ga;Ni;Yb,3,8,36.326,69.78,8.907404911182471,63,Orthorhombic,ABC2,0.0,False,False,False,True,Ga
mp-aaacjknf,Ho6MnTe2,Ho6-Mn1-Te2,Ho-Mn-Te,Ho;Mn;Te,3,9,32.789,55.737,8.956594412897761,189,Hexagonal,AB2C6,0.0,False,False,False,True,Te
mp-aaackisd,Tm3(CuSn)4,Cu4-Sn4-Tm3,Cu-Sn-Tm,Cu;Sn;Tm,3,11,48.429,85.104,9.124384026319618,12,Monoclinic,A3B4C4,0.0,False,True,True,True,
mp-aaackivq,Fe2Mo,Fe2-Mo1,Fe-Mo,Fe;Mo,2,12,121.212,229.35,9.325144255549754,194,Hexagonal,AB2,0.001644767499998423,False,True,True,True,
mp-aaackshq,DyNi3,Dy1-Ni3,Dy-Ni,Dy;Ni,2,12,52.85,130.886,9.732574366548592,166,Trigonal,AB3,0.0,False,True,True,True,
mp-aaackvdw,NdGa6,Ga6-Nd1,Ga-Nd,Ga;Nd,2,14,45.953,60.633,6.609358631132041,125,Tetragonal,AB6,0.0,False,False,False,True,Ga
mp-aaacpdyp,MnAsRh,As1-Mn1-Rh1,As-Mn-Rh,As;Mn;Rh,3,9,37.166,141.905,8.919190587937488,189,Hexagonal,ABC,0.1022092299999997,False,False,False,True,As
mp-aaacpkpt,Ir3Os,Ir3-Os1,Ir-Os,Ir;Os,2,4,239.938,359.91,21.94738350113794,221,Cubic,AB3,0.021401844999999753,False,True,True,True,
mp-aaacpkqd,Ir3Rh,Ir3-Rh1,Ir-Rh,Ir;Rh,2,4,198.555,323.477,19.4910536451731,221,Cubic,AB3,0.006866324999997175,False,True,True,True,
mp-aaacpktr,K3Mo,K3-Mo1,K-Mo,K;Mo,2,4,2.555,6.71,1.772015966006471,225,Cubic,AB3,1.1662606427500002,False,True,True,True,
mp-aaacpmmc,Na3Au,Au1-Na3,Au-Na,Au;Na,2,4,6.198,18.941,4.411897018632818,225,Cubic,AB3,0.043165679999997764,False,True,True,True,
mp-aaacpnuc,Re3Ir,Ir1-Re3,Ir-Re,Ir;Re,2,4,207.287,365.406,20.94049659521062,221,Cubic,AB3,0.0,False,True,True,True,
mp-aaacpnux,Re3Rh,Re3-Rh1,Re-Rh,Re;Rh,2,8,175.246,328.997,18.560471418809517,194,Hexagonal,AB3,0.0,False,True,True,True,
mp-aaacpqbh,TiCu4,Cu4-Ti1,Cu-Ti,Cu;Ti,2,20,52.772,141.045,7.823193370720219,62,Orthorhombic,AB4,0.0,False,True,True,True,
mp-aaacptkb,ScFe2,Fe2-Sc1,Fe-Sc,Fe;Sc,2,24,64.99,128.842,6.157244453993654,194,Hexagonal,AB2,0.008439620000000758,False,True,True,True,
mp-aaacrgvr,TcRu,Ru1-Tc1,Ru-Tc,Ru;Tc,2,2,167.325,306.075,11.611768764115272,187,Hexagonal,AB,0.0,False,True,False,True,
mp-aaacrjzz,RuRh,Rh1-Ru1,Rh-Ru,Rh;Ru,2,2,137.973,282.182,12.024822764767197,187,Hexagonal,AB,0.03330715916666804,False,True,True,True,
mp-aaacrkaf,ReOs,Os1-Re1,Os-Re,Os;Re,2,2,243.938,385.891,21.285568091627677,187,Hexagonal,AB,0.0,False,True,True,True,
mp-aaacrktz,OsRu,Os1-Ru1,Os-Ru,Os;Ru,2,2,219.581,355.651,17.100005800279362,187,Hexagonal,AB,0.0,False,True,True,True,
mp-aaacrqdr,IrOs,Ir1-Os1,Ir-Os,Ir;Os,2,2,195.756,374.508,21.95998076889622,187,Hexagonal,AB,0.038359514999996236,False,True,True,True,
mp-aaacrqen,Ir4Os,Ir4-Os1,Ir-Os,Ir;Os,2,5,214.796,354.211,21.914307799372953,166,Trigonal,AB4,0.026585212000000524,False,True,True,True,
mp-aaacrqlo,IrRu,Ir1-Ru1,Ir-Ru,Ir;Ru,2,2,201.523,326.804,17.084347175765334,166,Trigonal,AB,0.036133686666666165,False,True,True,True,
mp-aaadjyvo,Li2Sb,Li2-Sb1,Li-Sb,Li;Sb,2,18,23.465,33.938,3.782735785668431,189,Hexagonal,AB2,0.0,False,True,True,True,
mp-aaafekuc,GaAs,As1-Ga1,As-Ga,As;Ga,2,2,23.295,65.249,6.211213540754923,119,Tetragonal,AB,0.35269887499999975,False,False,False,True,As;Ga
mp-aaafekuv,LiMg,Li1-Mg1,Li-Mg,Li;Mg,2,6,12.984,25.554,1.2716366410293691,65,Orthorhombic,AB,0.0067947066666667055,False,True,True,True,
mp-aaafekwf,Li9Ge4,Ge4-Li9,Ge-Li,Ge;Li,2,26,29.535,33.833,2.862461746651948,194,Hexagonal,A4B9,0.0,False,True,True,True,
mp-aaafhlhi,MgZn,Mg1-Zn1,Mg-Zn,Mg;Zn,2,6,21.384,43.601,3.935115892792105,38,Orthorhombic,AB,0.06703865063333336,False,True,True,True,
mp-aaafkwew,LiBe,Be1-Li1,Be-Li,Be;Li,2,4,27.752,34.988,1.158476025006015,11,Monoclinic,AB,0.16217515083333334,False,True,True,True,
mp-aaaflcev,LiCaSn,Ca1-Li1-Sn1,Ca-Li-Sn,Ca;Li;Sn,3,9,26.704,33.128,3.629513870050009,187,Hexagonal,ABC,0.00020515333333515073,False,True,True,True,
mp-aaaflckx,Mg3Cu,Cu1-Mg3,Cu-Mg,Cu;Mg,2,4,22.319,44.71,2.973724977621208,71,Orthorhombic,AB3,0.0775078924999999,False,True,True,True,
mp-aaafnzjq,TePd3,Pd3-Te1,Pd-Te,Pd;Te,2,4,18.854,134.524,10.743881993879846,225,Cubic,AB3,0.05127999725806731,False,False,False,True,Te
mp-aaafwben,MgCu,Cu1-Mg1,Cu-Mg,Cu;Mg,2,4,43.487,80.417,4.642431321186466,221,Cubic,AB,0.037351790833333176,False,True,True,True,
mp-aaagbwbn,Na3Be,Be1-Na3,Be-Na,Be;Na,2,4,4.861,14.383,1.254264618290116,225,Cubic,AB3,0.5255581302155172,False,True,True,True,
mp-aaagbxij,Rb3Hf,Hf1-Rb3,Hf-Rb,Hf;Rb,2,4,2.738,6.057,3.120087257989603,225,Cubic,AB3,1.1678690018750006,False,True,True,True,
mp-aaagcsia,KMg6Nb,K1-Mg6-Nb1,K-Mg-Nb,K;Mg;Nb,3,8,18.969,30.941,2.337599041927104,123,Tetragonal,ABC6,0.3213525365937504,False,False,False,True,Nb
mp-aaageynw,KHfMg6,Hf1-K1-Mg6,Hf-K-Mg,Hf;K;Mg,3,8,17.306,29.655,2.9203990826137973,123,Tetragonal,ABC6,0.26547327534375054,False,True,True,True,
mp-aaageyou,SrMg6Zr,Mg6-Sr1-Zr1,Mg-Sr-Zr,Mg;Sr;Zr,3,8,18.906,34.536,2.617775566148927,123,Tetragonal,ABC6,0.1128655150000002,False,True,True,True,
mp-aaageypz,RbMg6Zr,Mg6-Rb1-Zr1,Mg-Rb-Zr,Mg;Rb;Zr,3,8,16.268,25.338,2.442502889958252,123,Tetragonal,ABC6,0.2735096678125002,False,True,True,True,
mp-aaaggulq,KMg6Zr,K1-Mg6-Zr1,K-Mg-Zr,K;Mg;Zr,3,8,17.592,29.002,2.189298645595211,123,Tetragonal,ABC6,0.21560685784375044,False,True,True,True,
mp-aaaghqrh,DyMn2,Dy1-Mn2,Dy-Mn,Dy;Mn,2,6,34.868,74.233,8.968510772876852,166,Trigonal,AB2,0.05440620888889214,False,True,True,True,
mp-aaaghxdy,Tm3V,Tm3-V1,Tm-V,Tm;V,2,4,22.198,51.93,8.883915427541414,225,Cubic,AB3,0.286742852499998,False,True,True,True,
mp-aaagirhh,LiMg6Mo,Li1-Mg6-Mo1,Li-Mg-Mo,Li;Mg;Mo,3,8,27.637,46.099,2.56638204336842,123,Tetragonal,ABC6,0.1933613125,False,True,True,True,
