material_id,random_r0,random_r1,random_r2,chemsys_r0,chemsys_r1,chemsys_r2
mp-aaaaaagp,H,D,H,H,H,H
mp-aaaaaagr,H,D,D,D,H,H
mp-aaaaaagw,D,H,D,D,D,D
mp-aaaaaaha,D,D,D,D,D,D
mp-aaaaaahg,D,D,H,H,D,H
mp-aaaaaahj,D,D,D,H,H,D
mp-aaaaaahl,H,D,H,D,D,D
mp-aaaaaahn,D,D,D,H,D,D
mp-aaaaaaho,D,H,D,D,H,H
mp-aaaaaahv,D,D,H,D,D,D
mp-aaaaaaif,H,H,D,D,H,D
mp-aaaaaaig,D,H,H,H,D,H
mp-aaaaaaih,H,H,D,D,D,D
mp-aaaaaaij,D,D,D,D,D,D
mp-aaaaaait,D,D,H,D,D,H
mp-aaaaaaiv,H,D,D,D,H,D
mp-aaaaaaiy,D,H,D,D,D,D
mp-aaaaaajd,H,D,D,D,D,H
mp-aaaaaaje,H,D,D,H,D,D
mp-aaaaaajp,H,H,D,H,H,D
mp-aaaaaajq,H,H,D,D,D,D
mp-aaaaaajv,H,D,D,D,D,D
mp-aaaaaajy,D,H,H,D,H,D
mp-aaaaaajz,H,D,H,D,H,D
mp-aaaaaakf,H,D,D,D,D,H
mp-aaaaaakg,D,H,H,D,D,D
mp-aaaaaako,D,H,D,D,H,D
mp-aaaaaakq,D,D,D,H,H,D
mp-aaaaaakt,D,H,D,H,H,H
mp-aaaaaaky,D,H,D,D,H,H
mp-aaaaaalf,D,D,D,H,D,D
mp-aaaaaalg,D,D,D,D,D,H
mp-aaaaaalj,H,H,H,D,D,D
mp-aaaaaalo,D,D,H,D,D,D
mp-aaaaaalr,H,D,H,D,H,H
mp-aaaaaalt,H,D,H,D,H,D
mp-aaaaaalx,D,D,H,H,H,D
mp-aaaaaamc,D,H,H,D,D,D
mp-aaaaaame,H,D,D,D,D,D
mp-aaaaaamf,D,D,D,H,H,H
mp-aaaaaamg,D,D,D,D,D,H
mp-aaaaaamh,D,D,D,H,D,D
mp-aaaaaamj,H,D,H,D,D,D
mp-aaaaaamq,D,H,D,H,D,D
mp-aaaaaamt,H,D,D,D,D,D
mp-aaaaaamx,D,D,D,H,D,D
mp-aaaaaane,H,H,D,H,H,H
mp-aaaaaank,H,D,D,D,D,D
mp-aaaaaanm,D,D,D,D,D,H
mp-aaaaaant,D,D,H,H,D,D
mp-aaaaaanz,D,D,D,H,H,H
mp-aaaaaaoa,H,D,D,D,D,D
mp-aaaaaaoi,D,D,D,H,D,H
mp-aaaaaaom,D,H,D,D,D,D
mp-aaaaaaon,D,D,D,D,D,D
mp-aaaaaapc,H,D,D,H,D,D
mp-aaaaaapf,D,D,D,D,D,D
mp-aaaaaaph,D,D,H,D,D,D
mp-aaaaaapi,D,H,H,H,D,D
mp-aaaaaapj,D,D,D,D,D,H
mp-aaaaaapk,D,D,D,D,D,H
mp-aaaaaapo,H,D,D,D,H,D
mp-aaaaaapu,D,D,D,D,D,D
mp-aaaaaaqa,D,D,D,D,D,D
mp-aaaaaaqb,D,D,D,D,D,D
mp-aaaaaaqh,D,D,D,D,H,H
mp-aaaaaaql,H,D,H,D,D,H
mp-aaaaaaqm,D,D,D,H,D,H
mp-aaaaaaqn,D,D,H,H,D,H
mp-aaaaaaqq,D,D,D,D,H,D
mp-aaaaaaqr,D,D,D,D,D,H
mp-aaaaaaqt,H,D,D,H,D,H
mp-aaaaaaqu,D,H,D,D,D,H
mp-aaaaaaqv,D,D,H,D,D,H
mp-aaaaaarb,D,H,H,D,D,D
mp-aaaaaare,D,D,D,D,D,D
mp-aaaaaark,D,D,D,D,H,H
mp-aaaaaarm,D,H,D,D,H,H
mp-aaaaaars,D,H,D,H,H,H
mp-aaaaaasj,H,D,D,D,D,H
mp-aaaaaasm,H,D,H,D,H,D
mp-aaaaaasn,H,H,D,D,H,H
mp-aaaaaasr,D,D,D,H,D,D
mp-aaaaaasv,D,D,D,H,D,D
mp-aaaaaatb,D,H,D,D,D,H
mp-aaaaaatu,D,D,D,D,D,H
mp-aaaaaatw,H,D,D,D,D,D
mp-aaaaaauc,H,H,D,H,D,D
mp-aaaaaauh,H,H,D,H,D,D
mp-aaaaaaus,D,D,D,D,D,D
mp-aaaaaauv,H,H,H,D,H,H
mp-aaaaaauw,H,D,D,D,D,D
mp-aaaaaava,D,D,D,D,H,H
mp-aaaaaavc,D,D,D,H,H,D
mp-aaaaaavd,D,D,H,H,H,D
mp-aaaaaave,D,D,D,D,H,D
mp-aaaaaavf,D,H,D,D,H,D
mp-aaaaaavk,D,H,D,H,D,D
mp-aaaaaavn,D,D,H,H,D,D
mp-aaaaaavo,H,H,D,D,H,D
mp-aaaaaavq,D,D,D,H,D,D
mp-aaaaaavs,D,H,H,D,D,H
mp-aaaaaavt,D,D,D,H,H,H
mp-aaaaaavw,H,H,D,D,D,D
mp-aaaaaavy,D,D,H,D,D,D
mp-aaaaaawa,D,D,D,H,D,D
mp-aaaaaawc,D,H,D,D,D,D
mp-aaaaaawg,D,D,D,H,D,H
mp-aaaaaawk,H,H,D,D,H,H
mp-aaaaaaws,H,D,H,D,D,H
mp-aaaaaawu,D,H,D,D,H,D
mp-aaaaaawz,D,D,H,H,H,D
mp-aaaaaaxf,D,D,H,H,H,D
mp-aaaaaaxi,D,D,H,D,D,D
mp-aaaaaaxk,D,H,D,D,D,D
mp-aaaaaaxp,D,H,D,D,D,H
mp-aaaaaaxr,D,H,H,D,D,H
mp-aaaaaaxz,D,D,H,D,H,D
mp-aaaaaayb,D,H,D,D,D,D
mp-aaaaaaye,D,D,D,D,H,D
mp-aaaaaayj,D,H,H,H,D,H
mp-aaaaaayl,H,D,H,D,H,D
mp-aaaaaayo,D,H,H,H,D,D
mp-aaaaaayw,H,D,D,D,D,D
mp-aaaaaayz,D,D,H,D,D,H
mp-aaaaaaza,D,D,D,D,D,D
mp-aaaaaazh,D,D,D,H,D,D
mp-aaaaaazn,H,H,D,H,D,D
mp-aaaaaazs,D,D,D,H,H,D
mp-aaaaaazt,D,H,D,D,D,D
mp-aaaaaazx,D,D,H,D,D,D
mp-aaaaaazy,H,H,D,D,D,D
mp-aaaaaazz,D,D,H,H,D,D
mp-aaaaabar,D,H,D,D,D,D
mp-aaaaabbg,D,H,H,H,D,D
mp-aaaaabbk,D,D,D,D,D,H
mp-aaaaabbn,D,D,D,D,H,H
mp-aaaaabbq,D,D,D,D,D,H
mp-aaaaabbt,D,D,D,D,H,D
mp-aaaaabca,D,D,D,H,H,H
mp-aaaaabcd,D,H,H,H,H,D
mp-aaaaabck,H,D,D,D,H,H
mp-aaaaabco,H,D,D,H,D,D
mp-aaaaabcr,D,D,D,D,D,D
mp-aaaaabct,H,H,D,D,D,D
mp-aaaaabda,D,H,H,H,D,D
mp-aaaaabdb,D,D,H,D,D,D
mp-aaaaabdc,D,D,D,H,D,H
mp-aaaaabdf,D,D,H,H,D,D
mp-aaaaabdn,H,D,H,D,D,H
mp-aaaaabdo,H,H,D,D,D,D
mp-aaaaabdr,H,D,D,D,H,H
mp-aaaaabdu,D,D,D,D,H,D
mp-aaaaabdw,D,D,D,H,D,D
mp-aaaaabec,H,D,D,D,D,H
mp-aaaaabeg,H,D,D,D,D,D
mp-aaaaabei,H,D,D,D,D,D
mp-aaaaabek,H,H,D,D,D,D
mp-aaaaaber,D,D,D,H,D,H
mp-aaaaabev,D,H,H,D,D,H
mp-aaaaabfe,H,H,D,D,H,D
mp-aaaaabff,D,D,D,D,D,D
mp-aaaaabfl,H,D,D,D,D,D
mp-aaaaabfn,H,D,D,D,D,H
mp-aaaaabfr,H,H,D,D,D,D
mp-aaaaabfx,D,D,H,H,D,D
mp-aaaaabga,D,H,D,D,D,D
mp-aaaaabgb,D,H,D,D,H,D
mp-aaaaabge,D,D,D,H,D,D
mp-aaaaabgg,H,D,H,H,H,D
mp-aaaaabgh,H,D,D,H,H,D
mp-aaaaabgi,D,D,D,D,D,H
mp-aaaaabgk,D,H,H,D,D,D
mp-aaaaabgo,H,D,D,H,H,D
mp-aaaaabgs,D,H,D,H,D,H
mp-aaaaabgt,D,D,D,D,D,H
mp-aaaaabgv,D,D,D,D,D,D
mp-aaaaabgx,H,D,D,D,D,D
mp-aaaaabha,D,D,D,D,D,D
mp-aaaaabhd,D,H,D,H,D,D
mp-aaaaabhj,D,D,D,D,D,D
mp-aaaaabhl,D,H,H,D,D,D
mp-aaaaabho,H,D,H,H,D,D
mp-aaaaabhp,D,D,D,H,D,H
mp-aaaaabhr,D,D,D,H,D,D
mp-aaaaabht,H,D,D,D,D,H
mp-aaaaabhv,D,H,D,H,D,D
mp-aaaaabhx,D,H,H,D,D,D
mp-aaaaabie,D,D,D,D,D,D
mp-aaaaabig,D,H,D,H,D,H
mp-aaaaabih,D,D,D,H,D,H
mp-aaaaabii,D,H,H,D,H,H
mp-aaaaabik,D,H,D,H,D,H
mp-aaaaabio,H,D,H,D,D,H
mp-aaaaabis,D,H,D,D,H,H
mp-aaaaabit,H,D,D,D,D,D
mp-aaaaabjc,D,H,H,D,D,D
mp-aaaaabjf,H,H,D,D,D,D
mp-aaaaabjj,D,D,H,D,H,H
mp-aaaaabjl,D,D,H,H,H,D
mp-aaaaabjm,D,D,D,D,H,D
mp-aaaaabjw,D,D,D,D,H,D
mp-aaaaabjx,D,D,D,D,D,H
mp-aaaaabka,D,D,H,D,H,D
mp-aaaaabkj,D,H,H,D,D,D
mp-aaaaabkk,D,H,D,D,H,D
mp-aaaaabkm,D,H,H,H,H,D
mp-aaaaabkn,D,D,H,D,H,D
mp-aaaaabko,H,D,D,D,D,H
mp-aaaaabkp,D,D,D,D,H,D
mp-aaaaabkq,H,D,D,D,H,D
mp-aaaaabkr,D,D,H,D,D,D
mp-aaaaabkx,D,D,H,D,D,H
mp-aaaaablp,D,D,H,D,H,D
mp-aaaaablr,D,H,D,D,D,D
mp-aaaaablu,D,D,D,D,D,D
mp-aaaaablx,H,D,D,D,D,D
mp-aaaaably,D,D,H,D,D,D
mp-aaaaablz,H,D,D,D,H,D
mp-aaaaabmc,D,D,H,H,H,D
mp-aaaaabme,H,H,D,D,D,D
mp-aaaaabmk,D,D,D,D,H,D
mp-aaaaabmt,H,D,H,H,D,H
mp-aaaaabna,D,D,D,H,D,D
mp-aaaaabng,H,D,D,D,D,D
mp-aaaaabnl,D,D,D,D,D,D
mp-aaaaabnn,H,D,H,D,D,D
mp-aaaaabno,H,D,H,H,H,H
mp-aaaaabnr,H,H,D,D,H,D
mp-aaaaabnx,D,D,H,D,D,D
mp-aaaaabny,H,D,H,D,H,H
mp-aaaaaboe,D,D,H,H,D,D
mp-aaaaabog,D,D,D,D,D,D
mp-aaaaaboi,D,D,H,H,H,D
mp-aaaaabom,D,D,H,D,D,D
mp-aaaaabon,D,H,H,D,H,D
mp-aaaaabor,H,D,H,D,H,D
mp-aaaaabot,D,D,D,H,H,H
mp-aaaaaboz,D,D,D,H,D,D
mp-aaaaabpb,D,H,D,H,H,D
mp-aaaaabph,D,D,H,H,H,D
mp-aaaaabpm,D,H,D,H,H,D
mp-aaaaabpq,D,D,H,H,D,H
mp-aaaaabpt,H,D,H,D,D,D
mp-aaaaabpx,H,D,D,D,D,H
mp-aaaaabqb,D,H,D,D,D,D
mp-aaaaabqh,D,D,D,D,D,D
mp-aaaaabqj,D,H,D,H,D,D
mp-aaaaabqm,D,H,D,D,H,D
mp-aaaaabrc,D,H,D,D,H,D
mp-aaaaabrd,D,D,D,D,D,H
mp-aaaaabrg,D,H,H,D,D,D
mp-aaaaabrj,H,D,D,D,D,D
mp-aaaaabrl,H,D,D,D,D,H
mp-aaaaabrr,H,D,H,D,D,D
mp-aaaaabrv,D,H,D,D,D,D
mp-aaaaabrw,D,D,D,D,D,D
mp-aaaaabsg,D,D,D,D,D,H
mp-aaaaabsi,D,D,D,D,D,D
mp-aaaaabsm,H,D,D,D,D,D
mp-aaaaabsn,D,H,D,H,D,H
mp-aaaaabso,D,D,H,H,D,H
mp-aaaaabsp,D,D,H,D,H,H
mp-aaaaabsz,D,D,D,D,H,D
mp-aaaaabtc,D,D,H,H,H,D
mp-aaaaabte,D,D,H,D,H,D
mp-aaaaabtg,D,D,H,D,D,D
mp-aaaaabtj,D,D,H,D,H,D
mp-aaaaabtp,D,D,D,D,H,D
mp-aaaaabtr,D,D,D,H,D,D
mp-aaaaabtt,D,D,D,D,D,D
mp-aaaaabty,H,D,D,D,H,H
mp-aaaaabud,H,D,D,H,D,H
mp-aaaaabum,D,D,D,D,H,D
mp-aaaaabun,H,H,H,H,D,D
mp-aaaaabuo,H,H,D,D,D,D
mp-aaaaabup,H,D,D,D,D,D
mp-aaaaabux,D,D,D,H,D,D
mp-aaaaabuy,D,H,H,H,H,D
mp-aaaaabuz,H,H,D,D,D,D
mp-aaaaabvj,D,D,D,D,H,D
mp-aaaaabvk,D,H,D,D,H,D
mp-aaaaabvn,D,H,D,D,D,H
mp-aaaaabvo,H,D,H,D,H,H
mp-aaaaabwc,D,D,H,D,H,D
mp-aaaaabwd,H,D,D,D,H,D
mp-aaaaabwe,D,D,D,D,D,D
mp-aaaaabwi,D,D,D,H,D,D
mp-aaaaabwl,D,D,D,D,D,D
mp-aaaaabwm,H,H,D,D,D,D
mp-aaaaabwn,D,D,D,D,D,D
mp-aaaaabwq,D,D,D,D,D,D
mp-aaaaabwy,H,H,H,H,H,D
mp-aaaaabxg,D,D,D,H,D,D
mp-aaaaabxh,H,H,D,H,D,H
mp-aaaaabxr,D,H,D,D,D,H
mp-aaaaabyg,D,D,H,D,D,D
mp-aaaaabyh,D,D,H,D,D,D
mp-aaaaabyt,D,H,H,D,D,H
mp-aaaaabzb,D,D,D,H,D,D
mp-aaaaabzd,H,H,D,H,D,D
mp-aaaaabzf,D,D,D,D,D,D
mp-aaaaabzj,D,H,D,D,H,D
mp-aaaaabzn,H,D,D,H,D,H
mp-aaaaabzp,D,H,H,H,D,D
mp-aaaaabzr,H,D,H,H,D,D
mp-aaaaabzx,H,D,H,H,D,H
mp-aaaaacae,D,D,H,D,D,D
mp-aaaaacag,D,D,D,D,D,H
mp-aaaaacah,D,D,H,H,D,H
mp-aaaaacam,D,D,D,D,D,H
mp-aaaaacaq,H,D,H,D,H,D
mp-aaaaacat,D,D,D,D,D,H
mp-aaaaacav,D,H,D,H,H,H
mp-aaaaacaz,H,D,D,D,H,H
mp-aaaaacbc,H,D,H,D,D,H
mp-aaaaacbh,D,D,D,D,D,D
mp-aaaaacbk,D,D,D,D,D,D
mp-aaaaacbp,D,D,H,D,H,D
mp-aaaaacbr,D,H,D,H,D,D
mp-aaaaacbv,D,D,D,D,D,D
mp-aaaaacbw,D,D,D,D,H,D
mp-aaaaacbx,H,D,D,D,D,D
mp-aaaaacby,H,D,D,H,D,D
mp-aaaaacca,D,D,D,D,D,D
mp-aaaaaccb,D,D,D,D,D,D
mp-aaaaaccc,H,D,D,D,H,D
mp-aaaaacce,D,H,D,H,H,D
mp-aaaaaccf,D,H,D,H,H,D
mp-aaaaacci,H,D,D,D,D,D
mp-aaaaacco,H,D,D,H,H,D
mp-aaaaaccu,D,H,H,D,H,H
mp-aaaaaccv,H,H,D,D,D,D
mp-aaaaacdh,D,D,H,D,D,D
mp-aaaaacdi,D,D,D,D,H,H
mp-aaaaacdo,D,H,D,H,H,D
mp-aaaaacdv,H,D,D,H,D,D
mp-aaaaacec,D,H,D,H,D,H
mp-aaaaaceh,H,D,H,D,H,D
mp-aaaaacep,D,D,D,D,D,D
mp-aaaaacez,D,H,D,D,D,D
mp-aaaaacfa,D,D,H,D,D,D
mp-aaaaacff,H,D,H,D,H,D
mp-aaaaacfi,H,D,D,D,D,D
mp-aaaaacfn,D,D,H,D,H,D
mp-aaaaacft,H,D,D,H,D,H
mp-aaaaacfu,D,H,D,H,D,H
mp-aaaaacfx,D,D,D,D,D,D
mp-aaaaacgk,H,D,D,D,H,D
mp-aaaaacgn,D,H,D,H,D,H
mp-aaaaacgs,D,H,H,D,D,D
mp-aaaaacgt,D,H,D,D,D,D
mp-aaaaacgv,H,H,D,D,D,D
mp-aaaaacgz,D,H,D,H,D,D
mp-aaaaachf,D,H,H,D,D,H
mp-aaaaachg,H,D,D,D,D,D
mp-aaaaachj,D,H,D,D,D,D
mp-aaaaachl,D,D,H,D,H,D
mp-aaaaachm,H,D,D,D,H,D
mp-aaaaacho,D,D,H,H,D,H
mp-aaaaachp,D,H,D,H,D,D
mp-aaaaachr,D,H,D,D,H,D
mp-aaaaacht,H,H,D,D,D,D
mp-aaaaachv,D,H,H,D,H,D
mp-aaaaachx,D,H,H,D,D,H
mp-aaaaachy,D,D,H,D,D,D
mp-aaaaacia,D,D,D,H,D,D
mp-aaaaacic,H,D,D,D,D,D
mp-aaaaacig,D,H,D,H,D,D
mp-aaaaacih,D,D,D,D,D,D
mp-aaaaacil,D,D,D,D,H,H
mp-aaaaacin,D,D,D,D,D,H
mp-aaaaacis,D,H,H,D,H,D
mp-aaaaaciz,D,H,D,H,D,D
mp-aaaaacjd,H,H,D,D,D,D
mp-aaaaacje,D,D,D,D,D,D
mp-aaaaacjg,H,D,D,D,D,D
mp-aaaaacji,D,H,D,D,D,D
mp-aaaaacjp,D,D,D,D,D,D
mp-aaaaacjr,H,H,D,H,D,D
mp-aaaaacju,D,D,H,H,H,H
mp-aaaaacjv,D,D,H,D,D,D
mp-aaaaacjw,H,H,H,H,D,H
mp-aaaaacjx,D,D,H,D,H,H
mp-aaaaacks,D,D,D,H,D,H
mp-aaaaackx,H,H,D,D,D,D
mp-aaaaacla,D,D,D,H,D,D
mp-aaaaacld,H,D,D,D,D,D
mp-aaaaaclk,D,D,D,D,D,D
mp-aaaaacll,D,H,H,D,D,H
mp-aaaaaclo,D,D,D,H,D,H
mp-aaaaaclr,D,H,H,H,D,D
mp-aaaaacma,H,H,D,H,D,H
mp-aaaaacmd,D,H,D,D,D,H
mp-aaaaacmg,D,D,H,H,D,D
mp-aaaaacmn,D,D,D,D,D,H
mp-aaaaacmr,D,D,H,H,D,H
mp-aaaaacms,D,H,D,D,D,D
mp-aaaaacmu,H,H,H,H,D,H
mp-aaaaacmx,D,D,D,H,D,D
mp-aaaaacmy,H,D,D,D,D,D
mp-aaaaacmz,D,D,H,D,D,D
mp-aaaaacng,D,D,D,D,D,D
mp-aaaaacnh,D,D,D,H,D,D
mp-aaaaacni,D,H,D,D,D,D
mp-aaaaacnj,H,D,D,H,D,D
mp-aaaaacnm,D,D,D,D,H,D
mp-aaaaacno,H,D,H,D,D,D
mp-aaaaacns,D,D,H,H,H,D
mp-aaaaacnt,D,H,D,D,D,H
mp-aaaaacnv,D,D,D,H,D,H
mp-aaaaacoe,H,D,D,D,D,H
mp-aaaaacog,D,D,H,D,H,D
mp-aaaaacoh,D,H,H,H,D,H
mp-aaaaacoj,D,H,H,D,D,D
mp-aaaaacon,D,D,D,H,D,D
mp-aaaaacoo,H,D,D,D,D,D
mp-aaaaacos,H,D,H,D,D,D
mp-aaaaacow,D,D,D,D,H,D
mp-aaaaacpb,H,D,D,D,D,H
mp-aaaaacpj,D,D,D,D,H,H
mp-aaaaacpl,D,D,D,D,D,H
mp-aaaaacpm,D,D,H,D,D,D
mp-aaaaacpn,D,H,D,H,D,H
mp-aaaaacpu,H,H,H,D,D,H
mp-aaaaacqb,D,H,D,D,D,D
mp-aaaaacqh,H,H,H,D,H,D
mp-aaaaacqj,D,H,H,D,H,H
mp-aaaaacqm,D,D,D,D,H,D
mp-aaaaacqr,H,D,D,D,D,H
mp-aaaaacqs,H,D,D,D,D,D
mp-aaaaacqt,D,D,H,H,D,D
mp-aaaaacqx,D,H,D,D,D,D
mp-aaaaacqz,H,D,D,D,D,H
mp-aaaaacre,D,D,H,D,D,D
mp-aaaaacrf,D,D,H,D,D,D
mp-aaaaacrr,D,H,D,H,D,D
mp-aaaaacru,D,D,D,D,H,D
mp-aaaaacsc,D,D,D,D,D,D
mp-aaaaacsd,D,D,D,D,H,D
mp-aaaaacsf,H,H,H,H,D,D
mp-aaaaacsh,H,D,H,D,D,D
mp-aaaaacsl,H,H,D,D,D,H
mp-aaaaacsm,D,D,D,D,D,D
mp-aaaaacso,H,D,D,D,D,H
mp-aaaaacsr,D,D,D,D,D,D
mp-aaaaacsw,H,H,D,D,D,D
mp-aaaaactf,D,H,D,D,D,H
mp-aaaaacti,H,D,D,D,H,H
mp-aaaaactl,H,H,H,D,D,D
mp-aaaaactv,H,H,D,H,D,H
mp-aaaaactx,D,H,H,D,D,D
mp-aaaaacuf,H,D,H,D,D,H
mp-aaaaacug,H,D,D,D,D,D
mp-aaaaacuk,D,D,D,H,D,D
mp-aaaaacun,D,D,H,D,H,H
mp-aaaaacut,D,D,D,D,D,D
mp-aaaaacvf,D,H,H,D,H,D
mp-aaaaacvj,D,H,H,H,D,H
mp-aaaaacvl,D,D,H,D,H,D
mp-aaaaacvm,D,D,D,D,D,D
mp-aaaaacvn,D,H,D,D,H,D
mp-aaaaacvo,D,D,D,D,D,D
mp-aaaaacvp,D,D,D,D,H,D
mp-aaaaacvq,H,D,D,D,H,D
mp-aaaaacvu,H,D,H,H,H,D
mp-aaaaacvx,D,D,H,D,D,H
mp-aaaaacwi,H,D,H,H,H,H
mp-aaaaacwk,H,D,D,D,H,H
mp-aaaaacwl,D,H,D,D,H,D
mp-aaaaacwm,D,H,D,D,D,D
mp-aaaaacwn,D,D,D,D,D,D
mp-aaaaacwp,D,H,D,D,D,D
mp-aaaaacwr,D,D,D,D,D,D
mp-aaaaacwy,D,D,D,D,D,D
mp-aaaaacwz,D,D,D,H,D,D
mp-aaaaacxd,D,H,D,D,H,D
mp-aaaaacxf,H,H,D,D,D,H
mp-aaaaacxg,H,H,D,H,D,D
mp-aaaaacxl,H,H,D,D,D,D
mp-aaaaacxn,H,D,H,D,H,D
mp-aaaaacxt,D,D,D,D,H,D
mp-aaaaacxv,D,H,D,D,H,D
mp-aaaaacxx,D,D,H,D,D,D
mp-aaaaacyb,D,D,H,D,D,D
mp-aaaaacyd,D,D,D,D,D,D
mp-aaaaacyg,D,D,H,H,D,H
mp-aaaaacyu,D,D,D,H,D,H
mp-aaaaacyz,D,D,H,D,H,D
mp-aaaaacze,H,D,D,H,D,H
mp-aaaaaczk,D,D,D,H,H,D
mp-aaaaaczo,H,D,H,D,D,D
mp-aaaaaczq,D,H,D,H,D,D
mp-aaaaaczx,H,H,D,D,D,D
mp-aaaaaczz,D,H,D,D,H,H
mp-aaaaadaa,D,D,D,H,D,H
mp-aaaaadad,D,H,D,H,D,D
mp-aaaaadal,D,H,D,D,D,D
mp-aaaaadaw,D,D,D,D,H,D
mp-aaaaadax,D,H,D,H,D,D
mp-aaaaaday,H,D,D,H,H,H
mp-aaaaadaz,D,D,H,D,H,D
mp-aaaaadbf,D,D,H,D,D,H
mp-aaaaadbh,D,D,D,H,D,D
mp-aaaaadbx,H,D,D,D,H,D
mp-aaaaadby,D,H,D,H,D,D
mp-aaaaadcd,D,D,D,D,D,D
mp-aaaaadci,D,H,H,H,D,H
mp-aaaaadcj,D,H,D,D,D,H
mp-aaaaadck,H,D,H,D,D,H
mp-aaaaadcn,D,D,D,D,D,D
mp-aaaaadcs,D,D,H,D,H,H
mp-aaaaadcw,D,D,D,D,D,H
mp-aaaaadcx,H,D,D,H,D,D
mp-aaaaaddo,D,D,D,D,D,D
mp-aaaaaddr,D,D,D,H,H,H
mp-aaaaaddu,D,D,D,H,D,D
mp-aaaaaddw,D,D,D,D,D,H
mp-aaaaaddx,D,D,D,H,D,D
mp-aaaaaddy,H,D,D,H,D,D
mp-aaaaadec,H,H,D,D,H,D
mp-aaaaadef,D,D,D,D,H,D
mp-aaaaadek,D,D,H,D,D,D
mp-aaaaadet,H,H,D,D,H,H
mp-aaaaadeu,H,D,D,D,D,H
mp-aaaaadfb,H,H,H,D,D,D
mp-aaaaadff,D,H,H,D,H,H
mp-aaaaadfj,D,H,H,D,H,H
mp-aaaaadfm,D,D,D,H,H,D
mp-aaaaadfv,D,H,H,D,D,H
mp-aaaaadfw,D,H,H,H,D,D
mp-aaaaadfy,D,H,H,H,D,H
mp-aaaaadgd,H,D,D,D,D,D
mp-aaaaadgh,D,D,H,H,D,H
mp-aaaaadgu,H,H,D,D,D,D
mp-aaaaadgv,D,D,H,H,D,H
mp-aaaaadha,H,D,D,D,D,D
mp-aaaaadhb,D,D,D,H,D,H
mp-aaaaadhc,H,H,H,D,D,D
mp-aaaaadhd,D,D,H,H,H,D
mp-aaaaadhe,H,D,D,D,D,D
mp-aaaaadhf,D,H,D,D,D,D
mp-aaaaadhl,D,D,D,D,H,D
mp-aaaaadhm,H,D,D,D,D,D
mp-aaaaadhp,H,H,D,D,D,H
mp-aaaaadhq,D,D,D,H,D,H
mp-aaaaadhs,D,H,D,D,H,D
mp-aaaaadhx,D,D,D,H,H,D
mp-aaaaadio,D,D,D,H,D,D
mp-aaaaadiw,H,D,H,H,D,D
mp-aaaaadiy,H,D,D,D,D,H
mp-aaaaadjb,D,D,D,D,D,H
mp-aaaaadjc,D,H,H,H,D,H
mp-aaaaadjg,H,D,D,D,D,D
mp-aaaaadjl,D,H,D,D,D,D
mp-aaaaadjt,H,H,D,H,D,D
mp-aaaaadjv,D,D,D,D,H,D
mp-aaaaadjx,D,H,D,D,H,D
mp-aaaaadkg,H,H,H,D,H,H
mp-aaaaadko,D,D,D,D,H,D
mp-aaaaadkp,D,H,H,D,D,D
mp-aaaaadks,D,H,D,D,H,D
mp-aaaaadkz,D,D,D,H,D,D
mp-aaaaadlc,D,D,D,D,D,H
mp-aaaaadld,D,D,H,D,D,D
mp-aaaaadli,D,H,D,H,H,D
mp-aaaaadln,D,D,D,D,D,D
mp-aaaaadlt,D,H,H,D,H,D
mp-aaaaadlu,D,D,D,D,H,H
mp-aaaaadlx,H,D,H,D,H,H
mp-aaaaadly,D,H,D,H,D,D
mp-aaaaadlz,D,D,H,D,D,D
mp-aaaaadmd,H,D,D,D,D,D
mp-aaaaadmh,H,D,H,D,D,H
mp-aaaaadmi,D,D,D,D,D,D
mp-aaaaadmj,D,D,D,D,D,D
mp-aaaaadml,H,H,D,D,D,D
mp-aaaaadmo,D,D,H,D,D,D
mp-aaaaadmu,D,H,D,D,H,D
mp-aaaaadmv,D,D,D,H,H,D
mp-aaaaadnd,D,D,H,D,D,H
mp-aaaaadne,D,D,D,D,D,D
mp-aaaaadnp,H,D,D,D,D,H
mp-aaaaadnt,H,D,D,H,D,H
mp-aaaaadnw,D,D,D,D,D,D
mp-aaaaadnz,D,H,D,H,D,D
mp-aaaaadob,H,D,D,D,D,H
mp-aaaaadoh,D,D,D,D,H,D
mp-aaaaadol,D,D,D,H,H,D
mp-aaaaadom,H,D,D,D,D,D
mp-aaaaadoq,D,D,D,D,D,D
mp-aaaaados,D,D,D,D,D,D
mp-aaaaadov,H,D,D,H,D,H
mp-aaaaadoz,D,D,D,D,D,H
mp-aaaaadpe,D,D,H,H,D,D
mp-aaaaadpg,D,D,D,D,D,H
mp-aaaaadpi,D,D,D,D,D,D
mp-aaaaadpm,H,D,D,D,D,H
mp-aaaaadpn,D,D,D,D,D,D
mp-aaaaadpo,H,D,H,H,D,H
mp-aaaaadpq,D,D,D,H,H,D
mp-aaaaadqa,D,D,D,D,D,D
mp-aaaaadqf,H,D,D,D,H,D
mp-aaaaadqg,H,D,D,D,D,H
mp-aaaaadqh,D,D,D,H,H,D
mp-aaaaadqp,D,D,D,D,D,H
mp-aaaaadqs,D,D,D,D,D,D
mp-aaaaadqv,D,H,D,H,H,D
mp-aaaaadqw,D,D,D,H,H,H
mp-aaaaadre,H,H,D,D,D,D
mp-aaaaadrl,D,H,D,D,H,H
mp-aaaaadro,D,D,D,D,D,H
mp-aaaaadse,H,D,H,D,H,D
mp-aaaaadsn,D,H,D,H,H,D
mp-aaaaadsq,D,D,H,D,D,D
mp-aaaaadst,D,H,H,D,D,D
mp-aaaaadsu,D,D,H,D,D,H
mp-aaaaadsy,H,D,D,H,H,D
mp-aaaaadtc,D,D,H,D,D,D
mp-aaaaadtd,D,D,D,D,D,D
mp-aaaaadth,D,D,D,H,H,H
mp-aaaaadtk,D,D,H,D,D,D
mp-aaaaadts,D,D,D,D,D,D
mp-aaaaadua,H,D,D,D,D,D
mp-aaaaaduf,H,D,D,D,D,D
mp-aaaaadug,D,D,D,H,D,D
mp-aaaaaduj,H,D,D,D,D,D
mp-aaaaaduk,H,H,D,D,D,D
mp-aaaaadum,D,D,H,D,D,D
mp-aaaaaduq,D,H,H,D,D,D
mp-aaaaaduy,H,D,D,D,D,D
mp-aaaaaduz,H,H,D,D,H,H
mp-aaaaadvd,D,D,H,D,D,D
mp-aaaaadve,H,H,H,D,D,D
mp-aaaaadvj,D,H,H,D,D,D
mp-aaaaadvx,D,H,H,D,D,D
mp-aaaaadvy,D,D,D,D,H,H
mp-aaaaadwc,H,D,H,D,D,H
mp-aaaaadwg,H,D,D,H,D,D
mp-aaaaadwl,H,D,H,D,D,D
mp-aaaaadwo,D,H,D,H,H,D
mp-aaaaadwp,D,D,D,D,D,H
mp-aaaaadws,D,D,H,D,H,H
mp-aaaaadwt,D,D,H,H,D,D
mp-aaaaadwv,H,D,D,D,D,D
mp-aaaaadxb,D,D,H,H,D,H
mp-aaaaadxk,D,H,H,D,D,D
mp-aaaaadxo,H,D,H,D,D,H
mp-aaaaadxq,D,H,H,D,H,D
mp-aaaaadxr,D,D,H,H,D,D
mp-aaaaadxs,D,H,D,D,D,D
mp-aaaaadxt,D,D,D,D,H,D
mp-aaaaadxv,D,H,D,D,D,D
mp-aaaaadyg,H,D,D,H,D,D
mp-aaaaadyl,H,H,D,D,D,D
mp-aaaaadyn,H,D,D,D,H,D
mp-aaaaadyo,H,D,H,D,D,D
mp-aaaaadyw,H,D,H,H,H,D
mp-aaaaadyy,D,D,H,D,H,H
mp-aaaaadyz,D,H,H,D,D,D
mp-aaaaadza,D,D,H,H,D,H
mp-aaaaadze,H,H,H,D,D,D
mp-aaaaadzg,D,H,H,H,D,D
mp-aaaaadzh,H,D,D,D,D,D
mp-aaaaadzk,H,D,H,H,D,D
mp-aaaaadzl,H,H,D,H,D,D
mp-aaaaadzq,D,D,D,D,D,H
mp-aaaaadzs,D,D,H,D,D,H
mp-aaaaadzu,D,H,H,D,D,H
mp-aaaaaeab,D,D,D,H,D,H
mp-aaaaaeaj,D,H,D,D,H,D
mp-aaaaaeam,D,D,H,H,H,D
mp-aaaaaeaq,D,D,D,D,D,H
mp-aaaaaeau,D,D,D,D,H,D
mp-aaaaaeav,H,D,D,H,D,D
mp-aaaaaeay,D,D,D,H,D,D
mp-aaaaaeaz,H,D,D,H,D,H
mp-aaaaaeba,D,H,D,H,D,D
mp-aaaaaebb,H,D,D,D,D,D
mp-aaaaaebd,H,H,D,D,H,D
mp-aaaaaebi,H,D,D,D,H,D
mp-aaaaaebn,D,H,D,H,H,H
mp-aaaaaebo,D,H,D,H,H,H
mp-aaaaaebr,D,D,D,D,H,D
mp-aaaaaebs,D,D,H,D,D,D
mp-aaaaaebt,D,H,D,D,D,H
mp-aaaaaebu,D,D,D,D,D,D
mp-aaaaaebw,D,D,D,H,H,H
mp-aaaaaecb,D,D,D,D,D,D
mp-aaaaaecg,D,D,D,H,D,D
mp-aaaaaecl,H,D,D,D,D,D
mp-aaaaaecm,D,D,H,D,H,D
mp-aaaaaecq,D,D,D,D,D,D
mp-aaaaaecr,D,D,H,D,D,D
mp-aaaaaect,D,H,D,H,D,D
mp-aaaaaecu,H,D,D,H,H,H
mp-aaaaaecw,H,D,H,D,D,D
mp-aaaaaecz,H,H,D,D,D,D
mp-aaaaaede,D,D,D,D,D,D
mp-aaaaaedp,D,D,D,D,D,H
mp-aaaaaedu,D,H,D,D,D,D
mp-aaaaaeea,H,D,D,D,H,D
mp-aaaaaeee,D,D,H,D,D,D
mp-aaaaaeei,D,H,D,H,D,D
mp-aaaaaeel,D,H,H,D,D,D
mp-aaaaaeeq,H,H,D,H,D,D
mp-aaaaaeer,D,D,D,D,D,H
mp-aaaaaeet,H,H,D,D,H,H
mp-aaaaaeex,D,D,H,D,D,D
mp-aaaaaefe,D,H,D,H,D,D
mp-aaaaaefl,H,D,D,H,D,D
mp-aaaaaefr,D,D,D,D,H,D
mp-aaaaaefw,D,D,D,D,H,H
mp-aaaaaegd,D,H,H,D,D,D
mp-aaaaaehx,D,D,D,D,D,D
mp-aaaaaeip,D,D,D,D,D,H
mp-aaaaaeix,D,H,D,H,D,D
mp-aaaaaejl,D,H,H,H,D,D
mp-aaaaaejw,H,D,D,D,D,D
mp-aaaaaeke,D,H,D,D,H,D
mp-aaaaaekn,H,H,D,H,D,H
mp-aaaaaekx,D,D,H,D,D,H
mp-aaaaaeky,D,D,D,D,D,D
mp-aaaaaela,H,D,D,D,D,D
mp-aaaaaelv,H,H,D,D,D,D
mp-aaaaaelz,D,H,D,H,D,H
mp-aaaaaems,H,H,D,H,D,H
mp-aaaaaepp,H,D,D,H,H,H
mp-aaaaaerm,D,D,D,D,D,H
mp-aaaaaesz,H,D,D,D,D,D
mp-aaaaaetd,H,D,D,D,D,D
mp-aaaaaetj,D,D,H,D,H,D
mp-aaaaaetk,D,D,D,H,D,D
mp-aaaaaeur,D,H,D,D,D,D
mp-aaaaaeva,H,D,D,D,H,D
mp-aaaaaevo,D,H,D,D,H,D
mp-aaaaaevy,H,D,D,D,D,D
mp-aaaaaewk,D,D,D,H,H,H
mp-aaaaaeyb,D,H,H,D,D,D
mp-aaaaaeym,D,H,H,D,H,D
mp-aaaaaeys,D,D,H,D,D,D
mp-aaaaaezj,D,H,D,D,H,D
mp-aaaaafas,D,D,D,D,H,D
mp-aaaaafau,H,D,D,H,D,D
mp-aaaaafcb,H,D,D,D,D,D
mp-aaaaafdl,H,D,D,H,D,D
mp-aaaaafek,D,D,D,D,D,H
mp-aaaaafeo,D,D,D,D,D,H
mp-aaaaafeu,D,H,D,D,D,H
mp-aaaaaffm,H,D,D,H,D,H
mp-aaaaaffy,D,D,H,D,H,H
mp-aaaaafgd,D,H,D,H,D,H
mp-aaaaafgr,H,H,D,D,D,H
mp-aaaaafhh,D,H,H,D,D,D
mp-aaaaafhm,D,D,D,D,D,D
mp-aaaaafho,D,D,D,D,D,H
mp-aaaaafio,D,H,D,H,H,D
mp-aaaaafir,D,D,D,H,H,D
mp-aaaaafjj,D,D,D,D,H,D
mp-aaaaafki,D,D,H,D,D,D
mp-aaaaaflk,D,D,D,D,D,D
mp-aaaaafmj,D,D,H,H,D,H
mp-aaaaafmk,D,D,H,D,D,H
mp-aaaaafni,H,D,H,D,D,D
mp-aaaaafns,D,D,D,D,D,D
mp-aaaaafnw,H,H,D,D,H,D
mp-aaaaafpv,D,H,D,D,D,H
mp-aaaaafso,D,D,D,D,D,H
mp-aaaaafuj,H,D,D,D,H,D
mp-aaaaafvb,D,D,H,D,H,D
mp-aaaaafvq,D,D,H,D,D,D
mp-aaaaafye,D,D,D,D,D,D
mp-aaaaafzy,D,H,D,H,H,D
mp-aaaaagat,D,D,D,D,H,D
mp-aaaaagau,H,H,D,D,D,D
mp-aaaaagbb,H,H,D,D,D,D
mp-aaaaagcb,D,H,H,D,D,H
mp-aaaaagcm,D,D,D,D,D,D
mp-aaaaagdq,H,D,D,H,D,D
mp-aaaaagfd,D,D,D,D,H,D
mp-aaaaagfj,D,D,D,D,D,H
mp-aaaaagfu,D,D,D,D,H,D
mp-aaaaaggr,D,D,D,D,D,D
mp-aaaaaggv,H,D,H,D,D,D
mp-aaaaagha,D,D,D,H,H,D
mp-aaaaaghn,D,D,D,D,D,D
mp-aaaaaghv,D,D,H,D,D,D
mp-aaaaagiy,D,D,D,D,D,D
mp-aaaaagjb,D,D,D,D,H,D
mp-aaaaagjm,H,D,H,D,D,D
mp-aaaaagjs,D,H,D,D,D,D
mp-aaaaagka,D,H,D,D,D,H
mp-aaaaaglb,H,D,D,D,D,D
mp-aaaaaglw,D,D,H,D,D,D
mp-aaaaagmc,H,D,D,D,D,D
mp-aaaaagnb,D,D,D,D,D,D
mp-aaaaagnv,D,H,D,D,D,D
mp-aaaaagov,D,D,D,D,D,D
mp-aaaaagqq,D,D,H,H,D,H
mp-aaaaagrk,D,D,D,D,D,H
mp-aaaaagrw,D,D,D,D,D,D
mp-aaaaagsm,H,H,D,D,H,D
mp-aaaaagtc,D,D,D,H,D,D
mp-aaaaagtl,H,D,D,D,H,D
mp-aaaaagvk,D,D,D,D,D,D
mp-aaaaagwk,H,D,D,H,D,H
mp-aaaaagwy,D,D,D,D,D,D
mp-aaaaagxc,D,D,D,D,D,D
mp-aaaaagzt,D,D,D,D,D,H
mp-aaaaahaa,H,D,H,D,H,D
mp-aaaaahag,D,H,D,H,D,D
mp-aaaaahal,H,H,H,D,H,D
mp-aaaaaham,D,D,D,H,H,D
mp-aaaaahay,D,D,D,D,D,H
mp-aaaaahbn,D,D,D,D,D,D
mp-aaaaahcb,D,D,D,D,D,D
mp-aaaaahdd,H,D,H,H,H,D
mp-aaaaahdh,D,D,H,D,D,H
mp-aaaaahds,D,D,D,D,D,H
mp-aaaaahea,D,D,D,H,H,D
mp-aaaaahek,D,H,D,H,H,D
mp-aaaaahes,D,D,H,D,D,D
mp-aaaaaheu,H,D,D,D,H,D
mp-aaaaahez,D,D,D,H,H,D
mp-aaaaahfc,D,D,D,H,D,D
mp-aaaaahfd,D,D,H,D,D,D
mp-aaaaahgb,D,D,D,H,H,D
mp-aaaaahgh,D,H,D,H,D,H
mp-aaaaahgj,D,D,H,D,D,D
mp-aaaaahgn,D,D,D,H,H,H
mp-aaaaahgu,D,H,D,D,D,D
mp-aaaaahgz,D,D,D,D,D,D
mp-aaaaahhg,D,D,D,D,D,D
mp-aaaaahhi,H,H,H,H,D,D
mp-aaaaahhk,D,D,H,H,D,D
mp-aaaaahip,H,H,D,D,H,D
mp-aaaaahjg,D,D,D,D,D,D
mp-aaaaahjx,D,D,H,D,D,D
mp-aaaaahjy,D,D,D,D,D,D
mp-aaaaahkh,H,D,D,D,D,D
mp-aaaaahkx,D,H,D,H,D,D
mp-aaaaahly,D,D,D,D,D,H
mp-aaaaahmt,H,D,H,H,H,D
mp-aaaaahmy,H,D,D,D,D,D
mp-aaaaahon,D,D,H,D,H,D
mp-aaaaahqb,H,H,D,H,D,H
mp-aaaaahql,H,H,D,D,D,D
mp-aaaaahqs,D,D,H,H,H,D
mp-aaaaahqt,D,H,D,D,D,D
mp-aaaaahrm,D,H,D,D,H,D
mp-aaaaahrq,D,H,D,D,D,D
mp-aaaaahsp,D,D,H,D,D,D
mp-aaaaahsv,D,D,D,D,D,D
mp-aaaaahui,D,D,D,D,D,D
mp-aaaaahwo,H,D,D,D,D,D
mp-aaaaahzo,H,D,D,D,D,D
mp-aaaaahzz,D,D,D,D,D,D
mp-aaaaaial,D,D,D,D,H,D
mp-aaaaaibr,D,D,H,D,H,H
mp-aaaaaidf,H,D,D,D,D,D
mp-aaaaaidl,H,D,D,D,D,D
mp-aaaaaidm,D,D,D,D,D,D
mp-aaaaaieh,H,H,D,D,H,D
mp-aaaaaifa,H,D,D,H,D,D
mp-aaaaaifl,H,D,D,H,H,D
mp-aaaaaiga,D,H,D,D,H,H
mp-aaaaaign,H,H,H,D,H,D
mp-aaaaaiha,D,H,H,H,H,D
mp-aaaaaiki,D,H,D,D,D,H
mp-aaaaaimd,D,D,D,D,H,H
mp-aaaaaimj,D,D,D,D,D,H
mp-aaaaainc,D,D,H,D,D,H
mp-aaaaaiog,H,H,D,D,D,H
mp-aaaaaipv,H,D,D,D,D,H
mp-aaaaaiqy,D,D,D,D,H,H
mp-aaaaairq,D,D,D,D,D,H
mp-aaaaaiti,H,D,H,H,H,D
mp-aaaaaitt,H,D,H,D,H,D
mp-aaaaaiuq,H,H,H,D,H,D
mp-aaaaaiwc,H,D,D,D,H,H
mp-aaaaaiwd,H,H,H,H,H,D
mp-aaaaakfw,D,D,D,D,D,D
mp-aaaaakfy,D,H,D,D,D,D
mp-aaaaakgb,H,D,D,D,D,D
mp-aaaaakgd,H,H,H,D,H,D
mp-aaaaakgw,D,D,D,D,D,D
mp-aaaaakhi,D,D,D,D,D,D
mp-aaaaakhm,D,D,D,H,D,H
mp-aaaaakhu,D,H,D,H,H,D
mp-aaaaaklu,D,D,H,D,D,D
mp-aaaaakmv,D,D,D,D,D,D
mp-aaaaakoh,D,D,H,D,D,D
mp-aaaaakqk,D,D,D,D,H,D
mp-aaaaakql,D,D,D,H,H,D
mp-aaaaakqn,D,D,H,H,D,D
mp-aaaaakqq,D,H,D,H,H,D
mp-aaaaakry,H,D,D,H,H,H
mp-aaaaaksl,D,D,H,D,D,D
mp-aaaaaksp,D,D,H,H,D,H
mp-aaaaaksw,D,H,D,H,H,H
mp-aaaaakuf,D,D,H,H,D,D
mp-aaaaakux,D,D,H,D,D,D
mp-aaaaakwl,D,D,D,H,H,D
mp-aaaaakxb,D,D,D,D,D,H
mp-aaaaakxd,D,D,D,D,D,H
mp-aaaaakxs,D,D,D,H,D,D
mp-aaaaakxt,D,H,D,H,D,H
mp-aaaaakxx,D,D,D,D,D,D
mp-aaaaakyg,D,D,D,H,D,D
mp-aaaaakym,D,H,D,D,H,H
mp-aaaaakyq,D,D,D,H,D,H
mp-aaaaakzk,H,D,H,H,D,D
mp-aaaaakzt,H,D,H,H,H,D
mp-aaaaakzv,H,D,D,D,D,D
mp-aaaaakzw,D,H,H,D,H,H
mp-aaaaalax,D,D,D,H,H,D
mp-aaaaalbm,D,H,D,D,D,H
mp-aaaaalcf,D,H,H,H,D,D
mp-aaaaalck,D,D,D,H,D,H
mp-aaaaaleo,H,H,H,D,D,H
mp-aaaaalep,H,D,D,D,D,H
mp-aaaaales,D,D,D,D,H,D
mp-aaaaalfc,D,H,H,D,H,H
mp-aaaaalfz,D,D,H,D,D,D
mp-aaaaalgg,D,H,D,D,D,H
mp-aaaaalmf,H,D,H,H,D,D
mp-aaaaalmm,D,H,H,D,H,D
mp-aaaaalnf,H,D,H,D,H,H
mp-aaaaalov,H,D,D,D,H,D
mp-aaaaalpt,D,H,H,H,D,D
mp-aaaaalqy,D,H,D,D,D,D
mp-aaaaalra,D,D,H,H,D,D
mp-aaaaalrb,D,D,D,D,H,H
mp-aaaaalru,D,H,D,D,D,D
mp-aaaaalsu,D,D,D,H,D,H
mp-aaaaaltf,D,D,D,H,D,D
mp-aaaaalxt,D,D,D,D,H,H
mp-aaaaalyn,D,D,D,D,D,D
mp-aaaaalzh,D,H,D,H,D,D
mp-aaaaalzi,D,D,H,D,D,D
mp-aaaaambm,D,D,D,D,D,H
mp-aaaaamcs,D,D,D,D,H,D
mp-aaaaamef,D,D,D,H,H,D
mp-aaaaamev,D,H,D,H,H,D
mp-aaaaamng,D,D,D,D,H,H
mp-aaaaamni,H,H,D,D,D,H
mp-aaaaamnm,H,H,D,H,H,D
mp-aaaaamof,D,D,D,D,D,D
mp-aaaaamol,D,D,H,D,D,H
mp-aaaaamsz,D,D,D,D,D,D
mp-aaaaamta,H,D,D,H,D,D
mp-aaaaamtc,D,D,D,D,D,D
mp-aaaaamtw,D,H,H,D,D,H
mp-aaaaamvt,D,D,D,D,D,D
mp-aaaaamwq,D,D,H,D,D,D
mp-aaaaamzy,H,D,D,D,D,D
mp-aaaaanqt,D,H,H,D,D,D
mp-aaaaanrr,H,D,D,D,D,H
mp-aaaaanrv,D,D,H,H,D,H
mp-aaaaansi,D,H,H,H,D,H
mp-aaaaanth,D,D,D,D,D,D
mp-aaaaanvq,H,H,D,D,D,D
mp-aaaaanvr,H,D,D,D,D,D
mp-aaaaanwv,D,D,H,H,D,D
mp-aaaaanxb,D,H,H,H,D,D
mp-aaaaanxd,H,D,D,D,D,H
mp-aaaaanxf,D,H,H,H,D,H
mp-aaaaanxn,D,D,H,H,H,H
mp-aaaaanzz,D,H,D,D,H,H
mp-aaaaaoai,D,H,D,D,H,D
mp-aaaaaodh,D,D,D,D,H,H
mp-aaaaaoea,D,H,H,D,D,D
mp-aaaaaoey,D,D,H,D,H,D
mp-aaaaaois,H,D,D,D,D,D
mp-aaaaaokt,D,D,H,D,D,D
mp-aaaaaoku,D,D,D,H,H,D
mp-aaaaaols,D,H,D,D,H,D
mp-aaaaaoma,D,H,D,D,H,D
mp-aaaaaomz,D,D,H,D,D,D
mp-aaaaaonz,H,D,D,D,D,H
mp-aaaaaooh,D,D,H,D,D,D
mp-aaaaaopt,H,D,D,D,D,D
mp-aaaaaoqs,H,D,D,D,D,H
mp-aaaaaorb,D,D,H,D,H,D
mp-aaaaaorm,D,D,H,D,H,H
mp-aaaaaort,H,D,D,H,D,D
mp-aaaaaosd,D,D,D,D,H,H
mp-aaaaaosh,D,D,H,D,D,D
mp-aaaaaosn,D,D,H,D,D,D
mp-aaaaaost,D,H,H,D,H,D
mp-aaaaaosw,D,H,H,D,D,D
mp-aaaaaotm,D,D,H,H,D,H
mp-aaaaaotn,D,D,D,D,D,H
mp-aaaaaovq,D,D,H,D,H,H
mp-aaaaaown,D,D,D,H,D,D
mp-aaaaaowp,D,D,H,D,H,D
mp-aaaaaowq,D,D,D,D,D,D
mp-aaaaaows,D,H,D,D,D,D
mp-aaaaaoxb,D,H,H,D,D,D
mp-aaaaaoxo,D,D,D,D,D,H
mp-aaaaaoxq,H,D,D,D,D,D
mp-aaaaaoyr,D,H,D,H,D,H
mp-aaaaaoys,D,D,D,D,D,D
mp-aaaaaozl,D,D,D,D,D,H
mp-aaaaaozo,D,D,D,D,D,D
mp-aaaaapaj,H,D,H,D,D,D
mp-aaaaapao,D,D,D,H,D,H
mp-aaaaapbo,H,D,D,D,D,D
mp-aaaaapbr,H,H,D,D,H,D
mp-aaaaapbs,H,D,H,D,H,D
mp-aaaaapbv,D,D,H,D,H,D
mp-aaaaapbx,D,D,H,D,D,D
mp-aaaaapcc,D,D,D,D,D,D
mp-aaaaapcj,D,D,D,D,D,D
mp-aaaaapcu,D,D,D,H,D,H
mp-aaaaapcv,D,D,D,D,D,H
mp-aaaaapcw,D,D,H,H,H,D
mp-aaaaapem,D,H,D,H,H,H
mp-aaaaaper,D,D,H,H,D,H
mp-aaaaapeu,D,D,H,D,D,D
mp-aaaaapgp,H,D,D,D,D,D
mp-aaaaapgq,D,D,D,H,D,D
mp-aaaaapjf,D,D,D,H,D,D
mp-aaaaapju,H,H,H,D,D,D
mp-aaaaaplu,D,D,D,D,D,D
mp-aaaaapmd,D,D,D,D,D,H
mp-aaaaapor,D,H,D,D,D,D
mp-aaaaaprq,D,D,D,H,H,D
mp-aaaaapso,D,H,D,D,H,H
mp-aaaaapsq,D,H,D,D,H,D
mp-aaaaaptb,H,D,D,D,D,D
mp-aaaaaptc,D,D,D,D,H,D
mp-aaaaaptd,D,D,D,D,H,H
mp-aaaaapte,H,H,D,D,D,D
mp-aaaaapts,H,H,D,H,H,H
mp-aaaaapuj,H,H,H,H,H,H
mp-aaaaapuk,D,D,H,D,D,H
mp-aaaaapul,H,D,D,H,H,D
mp-aaaaapva,D,D,D,D,H,D
mp-aaaaapvl,D,D,D,H,H,H
mp-aaaaapvm,H,D,H,H,D,D
mp-aaaaapxl,D,D,D,D,H,D
mp-aaaaapxr,D,D,H,D,H,D
mp-aaaaapxs,H,D,D,D,H,H
mp-aaaaapxx,D,D,D,D,D,H
mp-aaaaapxy,H,D,H,D,D,H
mp-aaaaaqbc,D,H,D,D,H,D
mp-aaaaaqbi,D,D,D,H,D,H
mp-aaaaaqce,D,D,H,H,H,H
mp-aaaaaqcf,D,H,H,H,D,D
mp-aaaaaqci,D,H,H,D,D,D
mp-aaaaaqcj,D,H,H,D,D,D
mp-aaaaaqcp,D,D,H,D,D,H
mp-aaaaaqcq,H,D,D,D,H,H
mp-aaaaaqcr,D,D,D,H,D,D
mp-aaaaaqcs,D,D,H,D,H,D
mp-aaaaaqct,D,D,D,D,D,D
mp-aaaaaqcv,D,D,D,D,D,H
mp-aaaaaqcw,D,D,D,H,H,D
mp-aaaaaqcx,D,D,D,D,D,H
mp-aaaaaqcy,D,D,D,D,H,D
mp-aaaaaqda,D,D,H,H,D,H
mp-aaaaaqdb,H,H,D,D,D,D
mp-aaaaaqdd,D,H,H,H,H,H
mp-aaaaaqde,H,D,D,D,D,H
mp-aaaaaqdf,H,H,D,D,D,D
mp-aaaaaqdh,D,D,D,H,D,D
mp-aaaaaqdj,H,D,D,H,D,H
mp-aaaaaqdk,H,D,D,H,D,H
mp-aaaaaqdl,H,H,D,H,D,H
mp-aaaaaqdo,D,H,D,D,D,D
mp-aaaaaqdp,H,D,H,D,D,D
mp-aaaaaqdr,D,D,D,D,D,H
mp-aaaaaqft,D,H,D,D,H,D
mp-aaaaaqgt,D,H,D,D,D,D
mp-aaaaaqif,D,H,H,D,D,H
mp-aaaaaqio,D,H,D,D,D,D
mp-aaaaaqjx,D,D,H,H,D,D
mp-aaaaaqkp,D,D,D,D,D,D
mp-aaaaaqlc,D,D,H,D,D,D
mp-aaaaaqll,D,D,D,D,D,D
mp-aaaaaqnb,H,D,D,D,D,D
mp-aaaaaqnd,D,H,D,D,D,D
mp-aaaaaqoo,H,D,D,D,D,D
mp-aaaaaqov,D,D,D,H,D,H
mp-aaaaaqow,D,D,D,D,D,H
mp-aaaaaqpd,H,H,D,D,D,H
mp-aaaaaqpo,D,H,D,D,D,D
mp-aaaaaqpq,D,D,D,D,D,D
mp-aaaaaqpv,D,H,H,D,D,D
mp-aaaaaqpw,H,D,D,H,H,D
mp-aaaaaqpx,H,D,D,H,H,D
mp-aaaaaqpy,D,H,D,H,H,D
mp-aaaaaqpz,D,D,D,H,H,D
mp-aaaaaqqb,D,H,H,D,D,D
mp-aaaaaqqc,D,H,D,D,D,D
mp-aaaaaqqd,D,H,D,D,D,D
mp-aaaaaqqe,D,D,D,D,D,D
mp-aaaaaqqf,D,H,D,D,H,H
mp-aaaaaqqh,D,H,D,D,H,D
mp-aaaaaqql,D,D,D,H,H,H
mp-aaaaaqqp,D,D,D,D,D,H
mp-aaaaaqqq,H,H,H,D,D,H
mp-aaaaaqqr,D,D,D,H,D,H
mp-aaaaaqqt,D,H,H,D,D,H
mp-aaaaaqqu,D,D,D,D,H,D
mp-aaaaaqqy,D,D,D,H,D,D
mp-aaaaaqrb,H,H,H,D,D,D
mp-aaaaaqrc,H,D,D,D,D,D
mp-aaaaaqrf,D,D,H,D,D,D
mp-aaaaaqri,D,H,D,H,D,D
mp-aaaaaqrj,D,H,H,D,D,D
mp-aaaaaqrl,D,D,D,H,D,D
mp-aaaaaqro,H,H,D,H,D,H
mp-aaaaaqrp,D,D,H,H,D,H
mp-aaaaaqrr,D,D,H,D,D,H
mp-aaaaaqrs,H,D,H,D,D,H
mp-aaaaaqrt,D,D,D,D,H,H
mp-aaaaaqru,D,D,H,D,H,H
mp-aaaaaqrv,D,H,D,D,D,H
mp-aaaaaqrw,D,D,D,D,D,H
mp-aaaaaqrx,H,D,D,D,D,D
mp-aaaaaqry,D,D,H,D,D,D
mp-aaaaaqrz,D,D,D,D,D,D
mp-aaaaaqsa,H,H,D,D,D,D
mp-aaaaaqsb,D,D,D,D,D,D
mp-aaaaaqsc,D,H,H,D,D,H
mp-aaaaaqsd,D,H,H,D,D,H
mp-aaaaaqse,D,D,D,D,D,H
mp-aaaaaqsg,D,H,H,D,D,H
mp-aaaaaqsj,H,D,H,D,H,D
mp-aaaaaqsk,H,D,D,D,D,D
mp-aaaaaqsp,D,D,D,H,H,H
mp-aaaaaqsq,D,H,D,D,D,D
mp-aaaaaqsr,D,D,H,D,D,D
mp-aaaaaqss,D,D,D,D,D,D
mp-aaaaaqsu,D,D,H,D,H,D
mp-aaaaaqsx,D,D,D,H,D,D
mp-aaaaaqsz,D,H,D,H,H,D
mp-aaaaaqtd,D,D,D,H,D,H
mp-aaaaaquo,D,D,H,D,D,H
mp-aaaaaqup,D,D,H,D,D,H
mp-aaaaaquw,D,H,H,D,D,D
mp-aaaaaqux,D,D,D,D,H,D
mp-aaaaaquy,H,D,D,H,D,D
mp-aaaaaquz,H,D,D,D,D,D
mp-aaaaaqvb,D,D,D,D,D,D
mp-aaaaaqvc,D,H,D,H,D,D
mp-aaaaaqve,D,D,H,H,D,D
mp-aaaaaqvf,H,D,D,D,H,D
mp-aaaaaqvh,D,D,D,D,H,D
mp-aaaaaqvm,D,D,D,D,H,D
mp-aaaaaqvn,H,D,H,D,H,H
mp-aaaaaqvu,D,D,D,H,H,H
mp-aaaaaqvz,D,D,D,H,D,D
mp-aaaaaqwa,D,H,D,D,H,H
mp-aaaaaqwe,D,D,D,D,D,D
mp-aaaaaqwf,D,D,D,D,D,D
mp-aaaaaqwj,D,D,D,D,D,D
mp-aaaaaqwm,D,H,D,D,D,D
mp-aaaaaqwn,D,D,D,D,D,D
mp-aaaaaqwt,D,D,D,H,D,D
mp-aaaaaqwx,H,H,D,D,H,D
mp-aaaaaqwy,D,D,H,D,H,D
mp-aaaaaqwz,D,D,H,D,H,D
mp-aaaaaqxc,D,H,H,D,D,D
mp-aaaaaqxe,D,D,D,H,D,D
mp-aaaaaqxq,D,D,D,D,D,H
mp-aaaaaqxr,D,D,D,D,D,D
mp-aaaaaqxv,H,D,H,H,D,H
mp-aaaaaqxw,D,D,D,H,D,D
mp-aaaaaqyb,D,D,D,H,D,D
mp-aaaaaqye,H,D,D,H,D,D
mp-aaaaaqyf,D,D,D,H,D,H
mp-aaaaaqym,H,D,D,H,D,D
mp-aaaaaqyn,D,D,D,D,D,D
mp-aaaaaqyo,D,D,D,D,D,D
mp-aaaaaqyp,D,D,D,D,D,D
mp-aaaaaqyq,D,H,D,D,D,D
mp-aaaaaqyr,D,D,D,D,D,D
mp-aaaaaqyu,D,H,D,D,D,D
mp-aaaaaqyv,H,D,H,H,D,D
mp-aaaaaqyy,D,D,H,H,H,D
mp-aaaaaqyz,D,D,H,H,H,D
mp-aaaaaqza,H,D,D,D,D,D
mp-aaaaaqzb,D,H,H,H,D,D
mp-aaaaaqzc,D,H,D,H,D,D
mp-aaaaaqzd,D,D,D,D,D,D
mp-aaaaaqze,D,H,H,D,H,D
mp-aaaaaqzf,H,D,D,D,D,H
mp-aaaaaqzg,D,D,D,D,D,D
mp-aaaaaqzk,D,H,H,D,H,D
mp-aaaaaqzm,D,D,H,H,D,H
mp-aaaaaqzp,D,H,D,D,H,D
mp-aaaaaqzq,H,H,D,D,H,D
mp-aaaaaqzs,D,D,D,D,H,H
mp-aaaaaqzu,D,D,D,D,D,D
mp-aaaaaqzv,D,D,D,D,D,D
mp-aaaaaqzw,D,D,D,D,H,D
mp-aaaaaqzx,H,H,H,H,H,H
mp-aaaaaqzy,H,H,H,D,D,D
mp-aaaaaraa,D,D,D,H,D,H
mp-aaaaarae,D,D,D,H,D,D
mp-aaaaarag,H,D,H,D,H,D
mp-aaaaarah,H,D,H,D,D,H
mp-aaaaarai,D,D,D,D,D,D
mp-aaaaaram,D,D,H,H,D,D
mp-aaaaarao,D,D,D,D,H,H
mp-aaaaarap,D,D,D,D,H,H
mp-aaaaarat,D,D,D,H,H,H
mp-aaaaarau,H,D,D,D,D,D
mp-aaaaarav,H,D,D,H,D,D
mp-aaaaaraw,D,D,D,D,D,D
mp-aaaaaraz,H,H,D,D,H,D
mp-aaaaarbd,D,D,D,H,D,H
mp-aaaaarbe,D,D,H,D,D,D
mp-aaaaarbi,D,D,H,D,D,D
mp-aaaaarbn,D,D,D,H,H,H
mp-aaaaarbp,H,D,D,D,D,D
mp-aaaaarbs,D,D,D,D,D,D
mp-aaaaarbt,D,D,H,D,H,D
mp-aaaaarbv,D,D,D,D,D,H
mp-aaaaarbx,D,H,D,D,H,H
mp-aaaaarcc,D,H,D,D,D,H
mp-aaaaarcd,D,D,H,D,D,D
mp-aaaaarcf,D,D,D,H,D,H
mp-aaaaarcg,D,D,H,D,H,H
mp-aaaaarci,D,D,D,D,D,D
mp-aaaaarcn,D,D,H,D,D,H
mp-aaaaarcr,D,H,D,H,H,D
mp-aaaaarcs,H,H,H,H,H,D
mp-aaaaarcu,D,D,D,H,D,D
mp-aaaaarcv,H,D,D,H,H,D
mp-aaaaarcw,D,D,D,H,D,D
mp-aaaaarcx,D,H,D,H,D,D
mp-aaaaarcy,D,D,D,H,D,D
mp-aaaaardc,D,H,H,D,H,D
mp-aaaaardd,D,D,D,H,D,H
mp-aaaaardg,H,D,D,D,D,D
mp-aaaaardi,H,H,D,D,D,D
mp-aaaaardo,D,H,D,D,H,H
mp-aaaaaret,H,H,D,H,D,H
mp-aaaaarey,H,D,D,D,D,D
mp-aaaaarez,D,H,H,D,D,D
mp-aaaaarfw,D,D,H,D,H,H
mp-aaaaargt,D,H,D,H,H,D
mp-aaaaarhb,H,D,D,D,D,D
mp-aaaaarhn,D,D,H,H,H,H
mp-aaaaarht,D,D,D,D,D,H
mp-aaaaarhw,H,H,D,D,D,D
mp-aaaaarhx,D,H,D,D,H,H
mp-aaaaaria,H,D,D,H,D,D
mp-aaaaariw,D,D,H,D,D,H
mp-aaaaarka,D,H,D,D,D,D
mp-aaaaarkc,H,D,D,H,H,D
mp-aaaaarkd,D,H,H,D,D,H
mp-aaaaarmc,D,D,D,D,D,D
mp-aaaaarmd,H,D,H,H,H,D
mp-aaaaarme,D,H,H,D,H,D
mp-aaaaarmf,H,D,D,D,H,D
mp-aaaaarmm,H,D,D,H,H,D
mp-aaaaarmo,D,D,D,D,H,H
mp-aaaaarmp,H,D,H,H,D,D
mp-aaaaarmq,D,D,H,D,D,D
mp-aaaaarmw,D,H,D,D,H,D
mp-aaaaarne,D,D,D,D,D,D
mp-aaaaarnl,D,D,D,H,H,D
mp-aaaaaroo,D,D,D,H,H,D
mp-aaaaaror,D,D,H,H,D,D
mp-aaaaarox,D,H,H,D,D,H
mp-aaaaarpb,D,D,D,D,D,D
mp-aaaaarrn,H,D,D,D,D,H
mp-aaaaarrx,D,D,D,D,H,D
mp-aaaaarry,H,H,H,D,D,D
mp-aaaaarrz,D,H,H,H,H,D
mp-aaaaarse,D,D,H,D,D,D
mp-aaaaarsl,D,D,D,D,D,D
mp-aaaaarsn,H,D,D,D,D,D
mp-aaaaarso,D,D,D,H,D,D
mp-aaaaarsr,D,D,D,D,D,D
mp-aaaaarsy,D,D,H,D,H,H
mp-aaaaartu,H,D,H,D,H,D
mp-aaaaartv,D,D,D,D,D,D
mp-aaaaartw,H,D,H,D,D,H
mp-aaaaarvr,D,D,H,H,D,D
mp-aaaaarvz,D,H,H,D,D,D
mp-aaaaarwb,H,D,H,H,H,H
mp-aaaaarwg,H,H,H,D,D,H
mp-aaaaarwh,D,D,H,D,D,D
mp-aaaaarwi,D,H,D,D,D,D
mp-aaaaarwt,D,D,H,D,H,H
mp-aaaaarww,H,H,H,D,D,D
mp-aaaaarxr,D,D,D,D,D,D
mp-aaaaarxs,D,D,D,H,D,H
mp-aaaaarxt,D,D,H,D,D,D
mp-aaaaarym,H,H,D,D,D,D
mp-aaaaasel,D,D,H,D,H,H
mp-aaaaashj,H,H,D,D,H,H
mp-aaaaashk,H,H,D,D,H,H
mp-aaaaasif,D,D,H,D,D,H
mp-aaaaasim,D,H,H,D,D,D
mp-aaaaasjj,D,D,D,D,D,D
mp-aaaaasln,D,D,D,H,D,D
mp-aaaaasmz,H,D,H,D,D,D
mp-aaaaasno,D,H,H,D,H,D
mp-aaaaasnp,H,D,D,D,H,D
mp-aaaaasoo,H,D,D,H,D,D
mp-aaaaasor,D,H,D,H,H,D
mp-aaaaasos,D,H,D,D,H,D
mp-aaaaasov,H,D,H,D,D,D
mp-aaaaaspd,D,D,D,D,D,D
mp-aaaaaspg,D,H,D,D,D,H
mp-aaaaasph,H,H,D,D,H,D
mp-aaaaaspw,D,D,D,D,D,H
mp-aaaaasqb,D,H,D,D,D,D
mp-aaaaasqj,D,D,D,D,D,H
mp-aaaaasql,D,D,H,D,D,D
mp-aaaaasqo,D,H,D,D,D,D
mp-aaaaasqq,H,H,D,D,D,D
mp-aaaaasqs,D,H,H,H,H,H
mp-aaaaasqy,H,H,D,D,D,D
mp-aaaaasrd,H,D,H,D,D,D
mp-aaaaasre,D,H,D,H,D,D
mp-aaaaasrz,D,D,H,D,D,D
mp-aaaaassm,D,D,D,D,D,H
mp-aaaaassv,H,D,D,H,H,D
mp-aaaaassx,H,D,D,H,D,D
mp-aaaaassz,D,D,H,D,H,D
mp-aaaaastm,H,D,H,D,H,D
mp-aaaaastw,D,D,D,D,D,H
mp-aaaaasuf,H,H,D,H,H,D
mp-aaaaasui,D,H,H,D,D,D
mp-aaaaasul,D,D,D,D,D,D
mp-aaaaasum,H,D,H,D,D,D
mp-aaaaasun,D,H,H,D,D,D
mp-aaaaasup,D,D,D,H,D,D
mp-aaaaasuw,H,D,D,H,H,D
mp-aaaaasuy,D,H,D,D,D,D
mp-aaaaasvc,D,D,D,D,H,D
mp-aaaaasvj,D,H,D,D,D,D
mp-aaaaasvk,D,D,D,H,D,D
mp-aaaaasvu,H,H,H,D,D,H
mp-aaaaaswb,D,D,D,H,D,D
mp-aaaaaswc,H,D,H,H,D,D
mp-aaaaaswd,H,D,H,H,D,D
mp-aaaaaswk,H,D,D,H,D,D
mp-aaaaaswm,D,D,H,D,D,D
mp-aaaaaswt,D,D,H,D,D,D
mp-aaaaaswu,D,D,D,D,H,D
mp-aaaaaswv,D,D,D,H,H,D
mp-aaaaasxg,D,D,D,H,H,D
mp-aaaaasxh,H,D,D,D,D,D
mp-aaaaasxl,D,D,D,D,H,D
mp-aaaaasxm,D,D,D,D,D,D
mp-aaaaasxp,D,D,D,D,D,H
mp-aaaaasxq,H,H,D,D,D,D
mp-aaaaasxr,D,D,D,H,H,D
mp-aaaaasyc,D,D,D,D,H,D
mp-aaaaasyg,D,D,D,D,D,D
mp-aaaaasyk,D,D,D,D,H,D
mp-aaaaasyo,H,D,D,H,D,D
mp-aaaaaszq,H,D,H,D,H,H
mp-aaaaatak,H,D,D,H,D,H
mp-aaaaatbo,D,D,D,D,D,H
mp-aaaaated,H,H,D,D,D,D
mp-aaaaatee,H,D,H,D,D,H
mp-aaaaaten,D,H,H,D,H,H
mp-aaaaateo,D,D,D,D,H,H
mp-aaaaatey,D,D,D,D,H,H
mp-aaaaatgh,D,D,H,D,D,H
mp-aaaaatgk,D,D,D,D,D,D
mp-aaaaatiw,D,D,D,H,D,D
mp-aaaaatjb,D,D,D,D,H,D
mp-aaaaatjh,H,D,D,D,D,D
mp-aaaaatjl,D,D,D,H,H,D
mp-aaaaatjm,H,H,D,H,D,H
mp-aaaaatjo,H,D,D,D,H,H
mp-aaaaatjq,D,H,H,H,H,D
mp-aaaaatjr,H,D,D,H,H,D
mp-aaaaatjw,D,D,D,D,H,D
mp-aaaaatko,D,D,D,D,H,H
mp-aaaaatkr,H,D,D,D,H,D
mp-aaaaatli,H,D,H,H,H,D
mp-aaaaatlz,H,H,D,H,D,D
mp-aaaaatma,D,D,D,H,D,D
mp-aaaaatme,D,D,D,D,D,D
mp-aaaaatmi,D,H,D,D,D,H
mp-aaaaatmp,H,D,H,H,H,H
mp-aaaaatmq,H,D,D,H,H,H
mp-aaaaatns,D,H,D,D,D,D
mp-aaaaatnu,D,H,D,H,D,D
mp-aaaaatnv,D,D,D,H,D,D
mp-aaaaatoa,D,D,D,H,D,D
mp-aaaaatpg,H,D,D,D,D,D
mp-aaaaatpu,D,D,D,D,D,D
mp-aaaaatqk,H,D,D,D,D,D
mp-aaaaatqm,D,D,D,H,H,H
mp-aaaaatrq,D,H,H,H,H,D
mp-aaaaatrr,D,D,H,H,D,H
mp-aaaaatrw,H,H,D,D,H,D
mp-aaaaatrz,D,H,D,H,H,D
mp-aaaaatsk,D,H,D,D,H,D
mp-aaaaatua,D,H,H,D,D,D
mp-aaaaatub,D,H,D,H,D,D
mp-aaaaatvg,H,D,D,D,D,H
mp-aaaaatvj,D,D,H,D,D,H
mp-aaaaatwp,D,D,D,D,D,D
mp-aaaaatwu,H,D,H,D,H,H
mp-aaaaatxc,D,D,D,H,D,H
mp-aaaaatxf,H,H,D,D,D,D
mp-aaaaatxh,D,D,D,H,H,H
mp-aaaaatxi,D,H,H,H,D,D
mp-aaaaatxk,D,D,D,D,D,D
mp-aaaaatxl,D,H,H,D,D,D
mp-aaaaatxr,H,H,D,D,D,H
mp-aaaaatxv,D,H,H,H,D,H
mp-aaaaatyg,D,H,D,D,D,H
mp-aaaaatzb,D,D,D,D,D,D
mp-aaaaatze,H,H,D,D,D,D
mp-aaaaatzj,D,D,D,H,D,D
mp-aaaaatzk,D,D,H,D,D,D
mp-aaaaatzs,H,D,H,H,D,D
mp-aaaaatzt,H,H,H,D,H,D
mp-aaaaauaa,D,H,H,D,H,H
mp-aaaaauaf,D,D,D,D,D,H
mp-aaaaauap,H,D,D,H,D,D
mp-aaaaauaq,H,D,D,H,D,D
mp-aaaaauby,D,D,D,H,D,D
mp-aaaaaugh,H,D,H,D,D,D
mp-aaaaaupa,D,D,H,D,H,H
mp-aaaaaupb,D,D,D,D,D,D
mp-aaaaaupe,D,H,H,D,D,D
mp-aaaaaupf,D,H,D,D,D,D
mp-aaaaaupk,D,H,D,H,D,D
mp-aaaaaurc,H,H,H,H,D,D
mp-aaaaavan,D,D,D,H,D,D
mp-aaaaavqn,D,H,D,D,D,D
mp-aaaaavxv,D,D,D,H,D,D
mp-aaaaawqj,H,D,D,H,D,D
mp-aaaaaxct,H,D,D,D,H,D
mp-aaaaaxcy,D,D,D,D,H,D
mp-aaaaaxdp,D,D,D,D,D,D
mp-aaaaaxeh,D,D,D,H,D,D
mp-aaaaaxer,H,D,D,H,D,H
mp-aaaaaxfb,D,D,D,D,H,H
mp-aaaaaxfi,D,D,D,D,H,D
mp-aaaaaxfq,D,D,D,D,H,D
mp-aaaaaxfr,D,D,D,D,D,D
mp-aaaaaxft,D,H,D,D,H,D
mp-aaaaaxiw,D,H,D,D,D,H
mp-aaaaaxkm,D,H,H,H,D,D
mp-aaaaaxkn,D,D,D,D,H,D
mp-aaaaaxqa,D,H,H,H,D,D
mp-aaaaaxqv,D,D,D,D,D,H
mp-aaaaaxtb,H,D,D,D,D,H
mp-aaaaaxtd,D,H,D,D,D,D
mp-aaaaayav,D,D,D,D,D,H
mp-aaaaayaw,H,D,H,H,D,H
mp-aaaaaybj,D,H,D,D,D,D
mp-aaaaaybk,H,H,D,D,D,H
mp-aaaaaybn,H,D,D,D,D,D
mp-aaaaaydm,H,D,H,D,D,D
mp-aaaaayeb,D,D,D,H,D,D
mp-aaaaayeo,D,H,D,H,D,D
mp-aaaaayep,D,H,D,D,D,D
mp-aaaaayev,D,D,D,D,D,H
mp-aaaaayfc,D,H,H,D,D,H
mp-aaaaayfe,D,D,D,D,D,H
mp-aaaaayfq,D,D,D,D,D,D
mp-aaaaayfr,D,D,D,D,D,D
mp-aaaaayfw,D,D,D,D,D,D
mp-aaaaayhp,H,D,D,D,D,D
mp-aaaaayjx,D,D,D,D,D,D
mp-aaaaayjy,D,H,H,D,D,D
mp-aaaaayjz,H,D,H,D,H,D
mp-aaaaayke,D,D,H,D,H,H
mp-aaaaaykh,D,D,H,D,D,D
mp-aaaaaykj,D,D,D,D,D,D
mp-aaaaaykk,D,D,D,D,D,D
mp-aaaaaykl,D,D,D,D,D,H
mp-aaaaaykm,D,D,H,D,D,H
mp-aaaaaykn,H,D,D,D,D,D
mp-aaaaaykr,D,D,H,D,D,D
mp-aaaaaykt,H,D,D,D,D,D
mp-aaaaaykw,D,D,D,H,H,D
mp-aaaaayld,D,D,D,D,D,H
mp-aaaaayle,D,D,H,D,H,D
mp-aaaaaylg,D,D,D,D,D,H
mp-aaaaaylh,H,D,H,H,H,D
mp-aaaaayll,D,D,D,H,D,D
mp-aaaaaylm,D,D,H,H,D,D
mp-aaaaayln,D,D,D,H,D,D
mp-aaaaaylo,D,D,D,H,D,H
mp-aaaaaylq,H,D,D,H,D,H
mp-aaaaayls,D,D,H,D,D,D
mp-aaaaayqf,D,D,D,H,D,H
mp-aaaaayqg,H,D,D,D,H,D
mp-aaaaayqi,D,D,D,D,D,H
mp-aaaaayta,D,D,H,D,H,H
mp-aaaaaytb,H,D,D,D,H,H
mp-aaaaaytc,D,H,D,D,D,D
mp-aaaaaytf,D,D,D,H,H,D
mp-aaaaaytg,D,D,D,D,D,D
mp-aaaaaytq,H,D,D,D,D,D
mp-aaaaaytr,D,H,D,D,D,D
mp-aaaaaytw,D,D,D,H,H,D
mp-aaaaayub,H,H,D,H,D,D
mp-aaaaayug,H,D,D,D,D,H
mp-aaaaayuh,D,H,D,D,D,D
mp-aaaaayuj,D,D,D,H,D,H
mp-aaaaayuw,D,H,D,D,H,D
mp-aaaaayvf,D,D,H,D,H,H
mp-aaaaazci,H,D,D,H,D,H
mp-aaaaazen,D,D,D,H,D,D
mp-aaaaazfp,D,H,D,D,D,D
mp-aaaaazhk,D,H,D,D,D,D
mp-aaaaazle,H,D,D,H,D,H
mp-aaaaazsp,D,H,D,D,D,D
mp-aaaaaztt,D,D,H,D,D,D
mp-aaaabacl,D,H,D,D,D,H
mp-aaaabaep,D,D,H,D,D,H
mp-aaaabagt,D,D,D,D,D,H
mp-aaaabahz,D,H,H,D,D,H
mp-aaaabawt,D,D,H,H,H,D
mp-aaaabaxy,D,D,D,D,D,D
mp-aaaabbcm,D,D,D,H,D,D
mp-aaaabbgt,D,D,D,D,D,D
mp-aaaabbrb,D,D,D,D,D,H
mp-aaaabbrn,H,D,D,H,D,D
mp-aaaabdeq,D,H,D,D,D,D
mp-aaaabdev,D,D,D,D,D,D
mp-aaaabdfc,D,H,H,H,D,D
mp-aaaabdfg,D,D,D,H,D,D
mp-aaaabdgb,D,D,D,D,D,D
mp-aaaabdge,H,D,D,D,D,H
mp-aaaabdgn,D,H,D,D,D,D
mp-aaaabdgo,D,H,H,D,H,D
mp-aaaabdgw,D,D,D,D,D,D
mp-aaaabdhb,H,H,D,D,D,D
mp-aaaabdhf,D,D,H,D,D,H
mp-aaaabdhw,H,D,D,D,D,D
mp-aaaabdic,H,D,H,D,D,H
mp-aaaabdie,D,H,D,D,D,D
mp-aaaabdii,H,D,D,D,H,H
mp-aaaabdim,D,D,D,D,D,D
mp-aaaabdjm,D,H,D,D,D,H
mp-aaaabdjs,D,D,D,H,D,H
mp-aaaabdkg,D,D,H,D,D,H
mp-aaaabdkh,D,D,D,D,D,D
mp-aaaabdkm,H,D,D,D,D,D
mp-aaaabdkn,D,D,D,D,H,H
mp-aaaabdlf,H,H,H,D,H,D
mp-aaaabdlo,H,D,D,H,D,D
mp-aaaabdlq,D,H,H,D,D,H
mp-aaaabdmc,H,D,D,D,D,D
mp-aaaabdme,D,D,H,H,D,H
mp-aaaabdmm,H,D,D,D,D,D
mp-aaaabdmn,D,D,H,H,H,H
mp-aaaabdms,D,H,H,H,H,H
mp-aaaabdmy,D,D,D,D,D,H
mp-aaaabdnb,D,D,D,H,H,D
mp-aaaabdne,H,D,D,D,D,H
mp-aaaabdnn,H,H,D,D,D,D
mp-aaaabdnu,D,D,D,H,D,H
mp-aaaabdny,D,H,D,D,D,D
mp-aaaabdoa,D,D,H,D,H,H
mp-aaaabdof,H,D,H,H,D,D
mp-aaaabdog,D,D,D,D,D,H
mp-aaaabdoj,H,H,D,D,D,D
mp-aaaabdop,D,D,D,D,D,D
mp-aaaabdou,D,D,H,D,D,D
mp-aaaabdox,D,D,H,H,H,H
mp-aaaabdph,D,H,D,D,D,H
mp-aaaabdpn,H,D,H,H,D,D
mp-aaaabdpq,H,D,D,D,D,D
mp-aaaabdps,H,D,H,D,D,D
mp-aaaabdqd,D,D,D,D,D,H
mp-aaaabdqn,D,H,D,D,D,D
mp-aaaabdqo,D,D,D,H,D,H
mp-aaaabdqx,D,D,D,D,D,H
mp-aaaabdri,H,D,H,H,H,H
mp-aaaabdrn,D,D,D,D,D,H
mp-aaaabdrp,D,D,D,D,D,D
mp-aaaabdrs,D,D,D,H,D,D
mp-aaaabdsk,D,D,D,H,H,D
mp-aaaabdso,D,D,D,D,H,D
mp-aaaabdti,D,D,D,H,H,D
mp-aaaabdto,D,D,H,D,D,D
mp-aaaabdty,D,H,D,D,D,D
mp-aaaabdue,D,D,H,D,D,D
mp-aaaabduh,H,D,D,D,H,D
mp-aaaabdum,D,D,H,H,H,D
mp-aaaabduv,H,D,H,D,D,D
mp-aaaabduw,D,D,D,D,H,H
mp-aaaabdvb,D,D,H,D,D,D
mp-aaaabdvf,D,D,D,D,H,H
mp-aaaabdvy,D,H,D,D,D,D
mp-aaaabdwt,H,H,D,D,H,D
mp-aaaabdwu,D,H,H,D,D,D
mp-aaaabdwz,D,D,D,D,H,D
mp-aaaabdxa,D,D,D,H,H,D
mp-aaaabdxe,H,D,D,D,D,D
mp-aaaabdxm,D,H,D,H,D,D
mp-aaaabdxx,D,D,D,H,H,D
mp-aaaabdya,H,D,H,D,H,D
mp-aaaabdyf,D,D,D,D,D,D
mp-aaaabdyh,D,D,D,D,D,D
mp-aaaabdyj,H,H,D,D,D,D
mp-aaaabdyk,H,D,D,D,H,D
mp-aaaabdzd,D,D,H,D,D,H
mp-aaaabdzj,D,H,D,D,D,D
mp-aaaabdzl,D,D,D,D,D,H
mp-aaaabdzo,D,D,D,H,H,D
mp-aaaabdzp,D,D,D,H,D,D
mp-aaaabdzv,D,D,H,D,H,D
mp-aaaabeak,D,D,D,H,D,D
mp-aaaabeas,H,H,D,D,D,D
mp-aaaabeaz,H,D,H,D,D,D
mp-aaaabebo,D,H,H,D,D,D
mp-aaaabecg,D,H,D,D,D,H
mp-aaaabecm,D,H,H,H,D,H
mp-aaaabecw,H,H,D,H,D,D
mp-aaaabedf,D,H,H,D,D,D
mp-aaaabeea,H,D,D,D,D,H
mp-aaaabeef,H,H,H,H,D,H
mp-aaaabeel,D,D,D,D,H,D
mp-aaaabeeq,D,D,H,D,D,H
mp-aaaabeev,D,H,H,D,D,H
mp-aaaabeey,D,H,D,H,H,D
mp-aaaabefq,D,D,D,D,D,H
mp-aaaabefw,D,D,D,H,D,H
mp-aaaabegc,H,D,D,H,D,H
mp-aaaabege,D,D,D,H,D,D
mp-aaaabegq,D,D,H,D,D,D
mp-aaaabehd,D,H,H,D,D,D
mp-aaaabehe,D,H,D,D,D,D
mp-aaaabehh,D,D,D,D,D,H
mp-aaaabehl,H,D,H,D,D,D
mp-aaaabehr,H,D,D,H,H,D
mp-aaaabeht,H,D,D,D,H,D
mp-aaaabehz,H,D,H,D,D,H
mp-aaaabeid,D,D,D,D,H,D
mp-aaaabeij,D,D,H,H,D,D
mp-aaaabejh,D,H,D,H,D,D
mp-aaaabeji,D,H,H,H,D,D
mp-aaaabejt,D,D,H,D,H,D
mp-aaaabejw,D,D,D,D,H,H
mp-aaaabekc,D,H,D,H,D,D
mp-aaaabekj,D,D,D,H,D,H
mp-aaaabekm,D,D,D,D,D,H
mp-aaaabekp,H,D,H,D,H,D
mp-aaaabekx,D,D,H,D,D,D
mp-aaaabekz,D,H,H,D,D,H
mp-aaaabelb,H,H,D,D,H,D
mp-aaaabelp,D,D,D,D,D,D
mp-aaaabelq,D,D,H,D,D,D
mp-aaaabemj,D,D,H,D,H,D
mp-aaaabemu,D,D,D,D,D,D
mp-aaaabenb,D,D,H,D,D,D
mp-aaaabenj,D,D,D,D,H,D
mp-aaaabeno,D,H,D,H,D,D
mp-aaaabeos,H,D,H,H,D,H
mp-aaaabeot,D,D,H,D,D,H
mp-aaaabeou,D,D,D,D,D,D
mp-aaaabepp,H,D,D,H,D,D
mp-aaaabepq,D,D,H,D,H,H
mp-aaaabepz,D,D,D,H,D,D
mp-aaaabeqb,D,H,H,H,D,D
mp-aaaabeqc,D,H,D,D,H,D
mp-aaaabeqs,D,D,H,H,D,D
mp-aaaaberc,H,D,H,H,D,H
mp-aaaaberh,D,D,D,D,D,D
mp-aaaaberi,H,D,H,D,D,D
mp-aaaabern,D,D,D,D,H,D
mp-aaaaberw,D,D,D,D,D,H
mp-aaaabesg,D,D,D,D,D,H
mp-aaaabesj,D,D,D,D,D,D
mp-aaaabesm,D,D,D,D,D,D
mp-aaaabesn,D,H,D,H,D,D
mp-aaaabess,D,H,D,D,D,D
mp-aaaabetd,D,H,H,D,D,H
mp-aaaabetl,D,H,H,H,H,D
mp-aaaabeua,D,D,D,H,D,D
mp-aaaabeub,D,H,H,D,H,D
mp-aaaabeva,D,D,D,D,H,D
mp-aaaabevo,D,D,H,D,D,D
mp-aaaabevv,D,H,H,D,D,D
mp-aaaabevx,D,D,H,D,D,H
mp-aaaabewj,D,D,D,H,D,D
mp-aaaabewm,H,D,H,D,D,H
mp-aaaabewn,D,D,D,D,H,D
mp-aaaabewo,D,D,H,H,D,D
mp-aaaabewq,D,H,D,D,D,D
mp-aaaabexf,D,D,H,D,D,D
mp-aaaabexj,H,H,D,D,D,H
mp-aaaabexr,H,D,D,H,D,D
mp-aaaabexu,D,D,H,D,H,D
mp-aaaabexw,D,H,D,H,D,D
mp-aaaabexz,D,D,D,D,D,H
mp-aaaabeyq,D,D,D,H,H,H
mp-aaaabezd,D,D,D,D,D,D
mp-aaaabezf,H,D,D,D,H,D
mp-aaaabezj,D,D,D,D,H,D
mp-aaaabezl,D,D,H,H,H,D
mp-aaaabezn,D,D,D,D,D,H
mp-aaaabezw,H,D,D,H,D,H
mp-aaaabfad,H,D,D,D,H,H
mp-aaaabfao,D,D,D,D,D,D
mp-aaaabfap,H,D,D,H,D,H
mp-aaaabfbf,D,D,H,H,H,H
mp-aaaabfbp,H,D,D,D,D,D
mp-aaaabfbq,H,H,D,D,D,D
mp-aaaabfbs,D,H,H,D,H,H
mp-aaaabfbx,D,D,D,D,H,D
mp-aaaabfbz,D,D,D,H,H,D
mp-aaaabfca,H,D,D,D,D,D
mp-aaaabfcq,D,D,D,H,H,H
mp-aaaabfcs,D,D,H,D,D,H
mp-aaaabfct,D,D,H,H,D,D
mp-aaaabfcv,D,D,D,D,H,D
mp-aaaabfdg,H,D,D,H,H,D
mp-aaaabfdu,D,D,D,D,H,H
mp-aaaabfeh,D,H,H,D,D,D
mp-aaaabfes,D,H,H,H,D,H
mp-aaaabfet,D,H,D,D,D,D
mp-aaaabffb,H,H,D,D,D,D
mp-aaaabffe,H,D,H,H,D,D
mp-aaaabffg,D,H,D,D,D,D
mp-aaaabffs,H,D,D,H,D,H
mp-aaaabffx,D,D,H,D,D,H
mp-aaaabfgb,H,D,D,D,H,D
mp-aaaabfgf,H,D,D,H,D,H
mp-aaaabfgm,D,D,H,D,H,D
mp-aaaabfht,H,D,D,D,D,H
mp-aaaabfia,D,D,D,D,H,H
mp-aaaabfie,D,H,D,D,H,H
mp-aaaabfih,D,D,D,H,D,H
mp-aaaabfil,D,H,D,D,D,D
mp-aaaabfiy,D,H,D,D,D,D
mp-aaaabfje,D,H,D,H,D,D
mp-aaaabfjh,H,H,D,H,D,D
mp-aaaabfji,D,D,D,D,H,H
mp-aaaabfjk,D,D,D,D,D,D
mp-aaaabfjl,D,D,H,D,D,H
mp-aaaabfjm,D,H,D,D,D,D
mp-aaaabfjv,H,D,D,D,H,D
mp-aaaabfjz,H,H,D,H,D,D
mp-aaaabfkt,D,H,H,D,D,D
mp-aaaabfkv,D,D,D,D,D,H
mp-aaaabfla,D,D,D,D,D,D
mp-aaaabfll,D,D,D,D,D,H
mp-aaaabfls,D,D,D,D,D,D
mp-aaaabfmd,D,D,H,H,D,D
mp-aaaabfmf,D,D,D,D,D,H
mp-aaaabfmn,D,D,D,D,D,H
mp-aaaabfms,D,H,H,D,D,H
mp-aaaabfmv,D,H,D,D,D,D
mp-aaaabfmw,D,D,H,D,H,D
mp-aaaabfna,H,D,D,D,H,D
mp-aaaabfnc,D,D,D,D,D,D
mp-aaaabfnd,D,D,H,D,D,H
mp-aaaabfnh,H,D,D,D,D,D
mp-aaaabfny,D,D,D,D,D,D
mp-aaaabfou,H,D,D,D,D,D
mp-aaaabfow,H,H,D,D,D,H
mp-aaaabfoz,D,H,D,D,D,D
mp-aaaabfpu,D,D,D,D,D,D
mp-aaaabfqj,D,D,H,D,D,D
mp-aaaabfqk,D,D,D,H,H,H
mp-aaaabfqn,D,D,D,D,D,D
mp-aaaabfqq,D,H,H,D,D,D
mp-aaaabfqt,H,D,H,D,D,D
mp-aaaabfrb,H,D,D,H,D,D
mp-aaaabfrc,D,H,D,H,D,D
mp-aaaabfrr,H,D,H,D,H,D
mp-aaaabfru,D,D,D,D,H,D
mp-aaaabfsg,H,H,D,D,D,H
mp-aaaabfsh,D,D,D,D,H,H
mp-aaaabfsi,D,H,D,D,H,D
mp-aaaabfsq,D,D,D,D,D,H
mp-aaaabfst,D,H,H,D,D,D
mp-aaaabftr,D,H,D,D,D,D
mp-aaaabftt,H,H,D,D,D,H
mp-aaaabftv,H,D,H,D,D,H
mp-aaaabfub,H,H,D,D,D,D
mp-aaaabfud,D,D,H,D,H,D
mp-aaaabfuf,D,D,D,D,H,D
mp-aaaabfuh,D,H,H,H,D,D
mp-aaaabfui,D,D,H,D,D,H
mp-aaaabfuo,H,D,D,D,D,D
mp-aaaabfur,H,D,H,H,H,H
mp-aaaabfvb,D,D,D,D,D,D
mp-aaaabfvd,D,D,D,D,D,D
mp-aaaabfvg,D,D,D,D,D,D
mp-aaaabfvh,D,D,H,D,D,H
mp-aaaabgie,H,D,D,H,H,H
mp-aaaabgif,D,D,D,D,D,D
mp-aaaabgih,H,D,H,D,H,D
mp-aaaabgit,D,D,H,D,D,H
mp-aaaabgjh,H,D,H,D,D,H
mp-aaaabgjj,D,D,H,H,H,H
mp-aaaabgjr,H,H,D,D,D,D
mp-aaaabgjv,D,D,D,D,D,D
mp-aaaabgkb,D,D,D,D,H,D
mp-aaaabgkc,D,D,D,D,D,D
mp-aaaabgpf,D,D,D,D,H,D
mp-aaaabgph,D,D,H,H,D,D
mp-aaaabgpl,D,H,D,D,D,D
mp-aaaabgpo,D,D,D,D,H,D
mp-aaaabgps,H,D,D,D,D,D
mp-aaaabgpw,D,D,D,D,D,D
mp-aaaabgqc,H,D,D,H,D,D
mp-aaaabgqi,H,D,H,D,D,D
mp-aaaabgqr,D,D,D,D,D,D
mp-aaaabgrf,D,D,H,D,H,D
mp-aaaabgrv,D,D,D,H,D,D
mp-aaaabgtx,D,D,D,D,D,D
mp-aaaabgty,H,H,D,D,D,D
mp-aaaabgtz,D,H,D,D,D,D
mp-aaaabgua,H,D,H,D,D,D
mp-aaaabguc,D,D,D,D,H,H
mp-aaaabguh,D,D,D,H,H,H
mp-aaaabgup,H,D,H,D,H,H
mp-aaaabgwr,D,D,D,D,D,D
mp-aaaabgwz,D,H,D,D,D,D
mp-aaaabgxk,H,D,H,D,D,D
mp-aaaabgyt,D,H,H,H,D,D
mp-aaaabgyu,D,D,D,H,D,D
mp-aaaabgzc,D,D,H,D,H,D
mp-aaaabgzf,D,D,H,H,D,D
mp-aaaabgzh,D,D,D,D,D,H
mp-aaaabgzs,H,H,D,H,D,D
mp-aaaabhah,D,D,D,D,D,D
mp-aaaabhak,D,D,D,H,D,D
mp-aaaabham,D,D,D,D,D,D
mp-aaaabhbk,D,D,D,H,D,H
mp-aaaabhbm,D,H,H,D,D,D
mp-aaaabhcy,D,D,D,D,D,D
mp-aaaabhdd,D,H,D,D,H,D
mp-aaaabhea,D,D,D,D,D,H
mp-aaaabhfi,H,H,D,D,H,D
mp-aaaabhfw,D,D,D,D,H,D
mp-aaaabhfx,D,D,H,D,D,D
mp-aaaabhfz,D,D,D,D,H,D
mp-aaaabhgo,H,H,D,H,D,H
mp-aaaabhgw,D,D,H,H,D,D
mp-aaaabhhd,D,H,H,D,D,H
mp-aaaabhhi,H,D,H,D,D,D
mp-aaaabhhn,D,D,D,D,H,D
mp-aaaabhhs,D,H,D,D,H,D
mp-aaaabhhu,H,H,D,H,D,H
mp-aaaabhhv,H,H,D,D,D,D
mp-aaaabhhy,D,H,H,D,H,D
mp-aaaabhje,D,D,D,H,D,H
mp-aaaabhka,D,H,H,D,D,H
mp-aaaabhkr,D,D,D,H,D,D
mp-aaaabhlq,D,D,H,H,H,H
mp-aaaabhlx,D,D,D,D,D,D
mp-aaaabhmq,D,D,H,D,D,H
mp-aaaabhna,D,D,D,H,D,D
mp-aaaabhnq,D,D,D,D,H,D
mp-aaaabhny,D,H,H,D,D,D
mp-aaaabhob,D,D,H,D,H,H
mp-aaaabhok,D,H,D,D,H,D
mp-aaaabhol,D,D,H,D,D,D
mp-aaaabhon,H,D,D,D,D,D
mp-aaaabhop,D,H,D,H,H,D
mp-aaaabhov,H,H,D,D,H,D
mp-aaaabhpg,D,D,D,D,H,D
mp-aaaabhpj,D,D,D,H,D,D
mp-aaaabhpo,D,D,D,D,D,D
mp-aaaabhpt,H,D,D,H,D,D
mp-aaaabhqb,H,D,D,D,D,H
mp-aaaabhqh,D,D,H,D,D,D
mp-aaaabhrc,D,D,H,D,D,D
mp-aaaabhrk,D,H,D,D,H,D
mp-aaaabhrt,H,H,D,D,D,D
mp-aaaabhsd,H,D,D,D,D,D
mp-aaaabhso,D,D,D,H,D,D
mp-aaaabhsq,D,H,H,D,D,D
mp-aaaabhti,D,D,D,D,H,D
mp-aaaabhtp,D,D,D,D,D,D
mp-aaaabhvk,H,D,H,D,D,D
mp-aaaabhvm,D,D,H,D,D,D
mp-aaaabhvo,H,H,H,D,D,H
mp-aaaabhvt,D,D,D,D,H,D
mp-aaaabhvy,D,D,D,H,D,D
mp-aaaabhxb,D,H,D,D,H,D
mp-aaaabhxg,D,H,H,H,D,H
mp-aaaabhxp,D,D,H,D,D,D
mp-aaaabhxs,H,H,D,H,D,H
mp-aaaabhyj,D,D,H,H,D,H
mp-aaaabhzp,D,H,H,H,H,D
mp-aaaabicd,D,D,D,D,D,D
mp-aaaabicl,D,D,H,H,H,H
mp-aaaabigt,H,D,D,D,H,D
mp-aaaabihf,H,D,D,D,D,D
mp-aaaabihn,D,D,D,D,D,D
mp-aaaabiho,D,D,H,D,D,D
mp-aaaabiij,H,H,H,H,D,H
mp-aaaabiiz,D,D,D,D,D,H
mp-aaaabijg,D,D,D,D,H,D
mp-aaaabijq,D,D,D,D,D,H
mp-aaaabijx,D,D,H,H,D,D
mp-aaaabikb,D,D,D,D,D,D
mp-aaaabilp,D,D,D,D,H,D
mp-aaaabime,D,D,D,D,D,D
mp-aaaabimi,H,D,H,H,D,D
mp-aaaabimr,H,H,D,D,D,D
mp-aaaaboeb,D,D,D,D,D,H
mp-aaaabovu,D,D,D,D,D,D
mp-aaaaboye,H,D,H,D,H,D
mp-aaaabpes,H,D,D,H,D,H
mp-aaaabqrj,D,D,D,D,H,D
mp-aaaabqsy,D,D,H,D,D,H
mp-aaaabquh,D,H,D,D,D,H
mp-aaaabqxv,H,H,H,D,H,D
mp-aaaabrcp,D,D,H,H,D,H
mp-aaaabrfj,H,H,D,D,D,D
mp-aaaabrfm,H,D,H,D,D,D
mp-aaaabrsp,D,D,D,D,D,D
mp-aaaabrvb,D,H,H,D,D,H
mp-aaaabrvj,D,H,H,D,H,D
mp-aaaabrvt,H,D,H,D,D,H
mp-aaaabrvy,D,D,D,D,D,D
mp-aaaabrwg,D,D,D,D,D,D
mp-aaaabrwh,H,D,D,H,D,D
mp-aaaabrwq,H,D,H,H,D,D
mp-aaaabrwt,H,D,D,H,D,D
mp-aaaabrwz,D,H,D,D,H,H
mp-aaaabrzp,H,D,D,D,D,H
mp-aaaabrzs,D,D,D,D,D,D
mp-aaaabsai,D,D,D,D,H,D
mp-aaaabsbc,H,D,D,D,D,H
mp-aaaabsga,D,D,D,D,D,D
mp-aaaabskp,D,D,H,H,D,D
mp-aaaabslk,D,D,H,D,D,H
mp-aaaabslp,H,D,H,D,D,H
mp-aaaabslr,H,D,D,D,D,D
mp-aaaabsmn,D,D,D,D,D,D
mp-aaaabsmy,H,H,H,D,D,H
mp-aaaabspn,D,H,D,D,D,H
mp-aaaabsqp,H,D,D,H,H,D
mp-aaaabsqr,D,D,H,D,D,H
mp-aaaabsqs,D,D,D,H,D,H
mp-aaaabsqu,H,D,H,D,H,D
mp-aaaabsqv,D,H,D,H,H,H
mp-aaaabsqw,D,D,D,D,H,H
mp-aaaabsqx,H,D,H,D,H,H
mp-aaaabsvr,D,D,D,D,D,D
mp-aaaabswu,D,D,D,D,D,D
mp-aaaabswv,H,D,D,D,D,D
mp-aaaabsww,D,H,D,H,H,D
mp-aaaabswx,D,D,D,D,D,D
mp-aaaabswy,D,D,H,D,D,H
mp-aaaabswz,H,H,D,D,D,H
mp-aaaabsxa,H,D,D,D,H,H
mp-aaaabsxb,H,D,D,D,D,H
mp-aaaabsxc,D,H,D,D,D,D
mp-aaaabsxf,D,D,D,H,D,D
mp-aaaabsxh,D,H,H,D,D,H
mp-aaaabsxj,H,D,D,D,D,H
mp-aaaabsxk,D,D,D,D,D,D
mp-aaaabsxl,D,D,D,H,H,H
mp-aaaabsxm,H,D,D,D,H,H
mp-aaaabsxn,H,D,D,D,D,D
mp-aaaabsxp,D,D,D,D,D,D
mp-aaaabsxq,D,D,D,D,D,D
mp-aaaabsxs,D,D,D,D,D,D
mp-aaaabsxu,H,D,H,D,H,D
mp-aaaabsxv,D,D,D,H,D,D
mp-aaaabsxw,D,D,D,H,D,D
mp-aaaabsxx,D,H,D,H,H,D
mp-aaaabsyd,H,H,D,D,D,D
mp-aaaabsyg,H,H,D,D,D,H
mp-aaaabsyn,D,D,D,H,H,D
mp-aaaabsyp,D,D,H,D,D,D
mp-aaaabsyy,D,D,H,D,H,D
mp-aaaabszb,H,D,D,D,H,D
mp-aaaabszj,D,D,D,H,D,D
mp-aaaabszk,D,H,D,D,D,H
mp-aaaabszl,D,D,D,D,D,D
mp-aaaabszm,D,D,D,D,H,D
mp-aaaabszo,D,H,H,D,D,H
mp-aaaabszp,D,D,H,D,H,D
mp-aaaabszq,D,D,D,D,H,D
mp-aaaabszy,D,H,D,D,H,D
mp-aaaabtad,D,D,H,H,H,D
mp-aaaabtag,H,H,H,D,H,D
mp-aaaabtah,D,D,H,H,D,D
mp-aaaabtan,H,D,H,H,D,H
mp-aaaabtao,D,D,D,H,D,D
mp-aaaabtap,D,D,D,D,H,H
mp-aaaabtar,H,D,D,D,D,D
mp-aaaabtas,D,H,D,D,D,D
mp-aaaabtav,H,D,D,H,D,H
mp-aaaabtax,H,H,D,H,D,D
mp-aaaabtay,H,D,D,D,D,D
mp-aaaabtbd,D,H,H,D,H,D
mp-aaaabtbf,D,D,D,D,H,D
mp-aaaabtbh,D,D,D,H,D,D
mp-aaaabtbi,H,D,D,H,H,H
mp-aaaabtbj,H,D,H,H,H,H
mp-aaaabtbp,D,D,D,H,D,H
mp-aaaabtbw,D,H,D,D,H,D
mp-aaaabtbx,D,D,H,D,D,H
mp-aaaabtca,D,D,D,D,D,H
mp-aaaabtcj,D,H,D,D,D,D
mp-aaaabtck,D,D,D,D,D,D
mp-aaaabtcl,D,D,D,D,D,D
mp-aaaabtcn,D,D,D,D,D,D
mp-aaaabtcq,D,D,H,H,H,H
mp-aaaabtcs,H,H,D,H,D,D
mp-aaaabtcv,D,H,D,D,D,D
mp-aaaabtcw,D,H,H,D,D,D
mp-aaaabtcx,H,D,D,H,D,D
mp-aaaabtcz,D,H,H,D,H,D
mp-aaaabtda,H,H,D,D,H,D
mp-aaaabtdc,D,D,H,D,H,D
mp-aaaabtdd,D,D,H,D,H,D
mp-aaaabtde,D,D,D,D,D,H
mp-aaaabtdi,D,H,D,D,D,H
mp-aaaabtem,H,D,D,D,H,D
mp-aaaabtfb,D,D,H,D,H,D
mp-aaaabtff,D,D,D,D,D,H
mp-aaaabtfn,D,H,H,D,H,D
mp-aaaabtfo,H,H,D,D,D,D
mp-aaaabtfq,D,D,H,D,D,D
mp-aaaabtfu,D,H,H,H,H,D
mp-aaaabtfv,D,D,D,D,H,D
mp-aaaabtfw,D,D,D,H,D,D
mp-aaaabtgc,D,H,D,D,H,H
mp-aaaabtgd,D,H,H,D,D,H
mp-aaaabtge,H,D,D,H,D,D
mp-aaaabtgf,D,H,H,D,D,D
mp-aaaabtgg,D,H,D,D,D,H
mp-aaaabtgk,D,D,H,H,D,H
mp-aaaabtgl,D,H,H,D,D,D
mp-aaaabtgp,D,D,H,H,H,D
mp-aaaabtgr,D,D,H,D,D,D
mp-aaaabtgs,D,H,D,D,D,D
mp-aaaabtgt,D,H,H,D,D,D
mp-aaaabtgw,H,D,H,H,H,D
mp-aaaabtgx,D,H,D,H,D,D
mp-aaaabtgy,D,H,D,D,D,D
mp-aaaabthb,D,H,D,D,D,D
mp-aaaabthc,D,D,H,H,D,D
mp-aaaabthi,H,D,H,D,H,D
mp-aaaabthj,H,D,D,D,D,D
mp-aaaabthl,D,H,H,H,D,D
mp-aaaabthr,D,D,D,D,H,D
mp-aaaabths,D,D,D,D,D,D
mp-aaaabthx,D,D,H,D,H,D
mp-aaaabtiu,D,D,D,D,D,D
mp-aaaabtiw,H,D,D,D,H,D
mp-aaaabtix,H,H,D,D,H,D
mp-aaaabtjb,H,D,D,D,D,D
mp-aaaabtjc,D,D,D,H,D,D
mp-aaaabtjd,D,D,D,H,D,D
mp-aaaabtje,H,H,D,D,D,D
mp-aaaabtjh,D,D,D,H,D,H
mp-aaaabtjq,D,H,D,D,D,D
mp-aaaabtjr,H,D,H,D,D,D
mp-aaaabtjs,H,D,D,D,D,D
mp-aaaabtjt,D,D,H,D,D,D
mp-aaaabtkc,D,H,D,D,D,H
mp-aaaabtkd,D,H,H,D,D,H
mp-aaaabtke,D,D,D,D,D,H
mp-aaaabtkf,D,D,D,D,D,H
mp-aaaabtkg,H,D,H,D,D,H
mp-aaaabtll,H,D,H,D,H,D
mp-aaaabtln,D,D,H,H,H,D
mp-aaaabtlp,D,D,D,D,D,D
mp-aaaabtlq,D,D,H,D,D,H
mp-aaaabtlt,H,D,D,D,H,D
mp-aaaabtlu,D,D,D,D,H,D
mp-aaaabtlv,D,D,H,D,D,D
mp-aaaabtlz,D,D,H,D,D,D
mp-aaaabtmg,D,D,D,H,H,H
mp-aaaabtmh,D,D,D,D,D,D
mp-aaaabtmj,D,D,H,D,D,D
mp-aaaabtmn,D,D,D,D,D,D
mp-aaaabtmo,D,H,H,H,D,D
mp-aaaabtms,H,D,H,D,D,H
mp-aaaabtmv,D,H,H,D,D,D
mp-aaaabtna,D,D,D,H,H,D
mp-aaaabtnb,D,H,D,D,D,H
mp-aaaabtnc,D,D,D,D,D,D
mp-aaaabtng,D,D,D,H,H,D
mp-aaaabtnh,D,D,H,H,H,D
mp-aaaabtni,D,D,H,H,D,H
mp-aaaabtnj,D,H,H,H,D,H
mp-aaaabtnk,D,D,D,H,D,H
mp-aaaabtnl,D,D,H,H,D,H
mp-aaaabtnp,D,D,D,D,D,H
mp-aaaabtnq,D,H,D,H,D,D
mp-aaaabtnt,D,H,D,H,D,D
mp-aaaabtnv,D,H,D,D,D,D
mp-aaaabtoa,H,D,D,D,D,D
mp-aaaabtod,H,D,D,D,D,D
mp-aaaabtoe,D,H,H,D,D,D
mp-aaaabtog,H,H,D,D,D,D
mp-aaaabton,D,H,D,D,D,D
mp-aaaabtoo,D,D,H,D,D,D
mp-aaaabtop,D,D,D,D,H,D
mp-aaaabtoq,D,D,H,D,H,D
mp-aaaabtor,D,D,H,D,H,D
mp-aaaabtov,D,D,D,D,D,H
mp-aaaabtoy,H,D,D,H,H,D
mp-aaaabtpb,D,H,H,D,D,D
mp-aaaabtpf,D,H,D,H,H,D
mp-aaaabtpg,D,D,D,D,D,H
mp-aaaabtph,D,D,D,D,D,H
mp-aaaabtpi,D,D,D,D,H,D
mp-aaaabtpj,D,H,D,D,H,D
mp-aaaabtpk,D,D,D,D,H,H
mp-aaaabtpl,D,H,H,D,H,H
mp-aaaabtpp,D,D,D,D,H,D
mp-aaaabtpy,D,H,H,D,D,D
mp-aaaabtpz,D,D,D,H,D,D
mp-aaaabtqa,D,H,D,H,D,D
mp-aaaabtqd,D,D,D,H,D,D
mp-aaaabtqe,D,H,D,D,D,H
mp-aaaabtqg,D,H,H,D,D,D
mp-aaaabtqj,D,H,H,D,D,D
mp-aaaabtqk,D,D,H,H,D,H
mp-aaaabtqm,D,H,D,H,D,D
mp-aaaabtqn,D,D,D,D,H,D
mp-aaaabtqo,H,D,D,D,H,D
mp-aaaabtqp,D,D,H,D,D,D
mp-aaaabtqq,H,D,H,D,D,D
mp-aaaabtqu,H,H,D,H,D,H
mp-aaaabtqw,D,D,D,D,H,H
mp-aaaabtre,D,D,D,D,D,D
mp-aaaabtrf,D,H,D,H,D,D
mp-aaaabtrk,D,D,D,H,D,H
mp-aaaabtrn,D,D,D,D,D,D
mp-aaaabtro,H,H,H,D,H,D
mp-aaaabtrp,D,H,D,H,H,D
mp-aaaabtrq,H,D,D,D,D,D
mp-aaaabtru,D,D,D,D,D,D
mp-aaaabtrv,H,H,D,D,D,D
mp-aaaabtrw,H,D,D,D,D,H
mp-aaaabtrx,D,H,D,D,D,H
mp-aaaabtry,H,D,D,D,D,H
mp-aaaabtse,D,D,H,H,D,H
mp-aaaabttt,D,H,H,D,H,D
mp-aaaabtxa,D,D,D,D,D,D
mp-aaaabtyp,D,D,D,H,H,H
mp-aaaabtzl,H,H,H,D,D,D
mp-aaaabubo,D,D,D,H,D,H
mp-aaaabubq,D,D,D,H,D,D
mp-aaaabubw,H,D,D,H,D,D
mp-aaaabubx,D,D,H,D,H,H
mp-aaaabuca,D,D,H,H,D,D
mp-aaaabuce,D,D,H,D,H,D
mp-aaaabucf,D,H,D,H,D,D
mp-aaaabucm,D,D,D,D,D,H
mp-aaaabucu,D,D,H,D,D,H
mp-aaaabucv,D,H,D,H,D,D
mp-aaaabucw,D,H,H,H,D,D
mp-aaaabucx,D,H,D,H,D,H
mp-aaaabucz,D,H,D,D,H,D
mp-aaaabude,D,D,H,D,D,H
mp-aaaabudi,D,H,D,D,H,H
mp-aaaabudl,H,D,D,D,D,D
mp-aaaabudn,H,H,D,H,D,D
mp-aaaabuef,D,D,D,D,H,H
mp-aaaabuei,D,H,D,D,H,H
mp-aaaabuej,D,D,D,D,D,H
mp-aaaabugz,D,D,D,D,D,D
mp-aaaabuhq,D,D,H,H,D,H
mp-aaaabuhx,D,H,H,D,D,D
mp-aaaabuiu,D,D,D,D,H,D
mp-aaaabujh,H,D,D,H,D,D
mp-aaaabujj,H,D,H,H,H,D
mp-aaaabujt,D,H,D,D,D,H
mp-aaaabukx,H,H,D,D,D,D
mp-aaaabuky,H,D,D,H,D,D
mp-aaaabulb,H,D,D,D,H,H
mp-aaaabulu,D,H,D,H,H,H
mp-aaaabumd,D,D,H,D,H,D
mp-aaaabune,D,H,D,H,H,H
mp-aaaabunh,D,D,H,D,H,D
mp-aaaabuni,H,D,D,D,D,H
mp-aaaabunj,D,D,H,D,H,H
mp-aaaabuns,D,D,D,D,D,D
mp-aaaabunt,D,D,D,D,D,H
mp-aaaabunw,D,D,D,D,D,D
mp-aaaabunx,D,H,D,H,H,D
mp-aaaabuny,D,H,D,H,H,D
mp-aaaabunz,D,H,H,H,D,D
mp-aaaabuoa,D,D,D,D,D,D
mp-aaaabuoh,H,D,D,D,D,D
mp-aaaabuoj,H,D,D,H,H,H
mp-aaaabupk,H,H,D,D,D,D
mp-aaaabupm,D,H,H,D,D,D
mp-aaaabupy,H,D,D,H,D,H
mp-aaaabwnz,H,D,D,D,D,D
mp-aaaabwqx,H,D,D,D,D,H
mp-aaaabyqy,D,D,D,H,H,D
mp-aaaacabl,D,H,D,D,D,D
mp-aaaacaeu,D,D,D,D,D,D
mp-aaaacban,H,D,D,H,D,D
mp-aaaacefu,H,D,D,D,H,D
mp-aaabcspb,D,D,D,D,H,D
mp-aaabctbv,H,D,D,D,H,H
mp-aaabctjj,H,D,H,D,D,H
mp-aaabctly,D,D,D,D,H,D
mp-aaabctus,H,D,H,D,D,H
mp-aaabctux,D,D,D,D,H,D
mp-aaabctvw,D,D,H,H,D,H
mp-aaabctyd,D,H,D,D,D,D
mp-aaabcufc,H,H,D,H,D,D
mp-aaabcufd,H,D,H,H,H,H
mp-aaabcufz,D,D,D,H,H,D
mp-aaabcuga,D,H,D,D,D,D
mp-aaabdata,D,D,D,D,D,D
mp-aaabdatv,D,D,H,H,D,H
mp-aaabdaxj,D,H,H,D,H,H
mp-aaabdazu,D,H,D,D,D,H
mp-aaabdbax,H,H,H,H,H,H
mp-aaabdbby,D,D,D,D,H,D
mp-aaabdbcf,D,D,D,H,D,D
mp-aaabdbcj,D,D,D,H,D,D
mp-aaabdbet,D,D,H,D,D,D
mp-aaabdblz,D,D,H,H,D,H
mp-aaabeuyz,H,D,H,H,D,D
mp-aaabevks,H,D,H,H,H,D
mp-aaabevwr,D,D,H,D,D,D
mp-aaabevyg,H,D,D,D,D,D
mp-aaabewau,D,D,D,D,D,D
mp-aaabewkr,H,D,D,H,H,D
mp-aaabewqa,D,H,D,D,D,D
mp-aaabewqb,D,D,H,D,D,D
mp-aaabewqp,D,H,H,H,D,D
mp-aaabewrb,D,D,D,D,D,D
mp-aaabewsu,D,H,H,D,D,D
mp-aaabexdj,D,D,D,D,H,D
mp-aaabexgr,D,H,H,D,H,D
mp-aaabggxd,D,H,D,D,D,D
mp-aaabggxl,D,D,D,H,D,D
mp-aaabggye,D,D,H,H,D,D
mp-aaabghar,H,D,D,D,H,D
mp-aaabghbh,H,D,D,D,H,D
mp-aaabghbu,D,D,H,D,H,H
mp-aaabghby,D,D,H,D,D,H
mp-aaabghcy,D,D,H,D,D,H
mp-aaabghei,H,D,D,D,D,D
mp-aaabghfl,D,D,D,H,D,H
mp-aaabghfu,H,D,D,D,D,D
mp-aaabghgz,H,D,H,D,H,D
mp-aaabghhb,D,D,H,D,D,H
mp-aaabghhq,D,D,D,D,H,D
mp-aaabghir,D,D,D,D,D,D
mp-aaabghix,H,D,H,D,D,H
mp-aaabghji,H,D,D,H,H,H
mp-aaabghjo,D,H,H,D,D,D
mp-aaabghle,D,D,H,D,D,D
mp-aaabghlg,D,D,D,D,H,D
mp-aaabghni,D,D,H,H,D,D
mp-aaabghok,D,D,D,D,D,D
mp-aaabghpu,D,D,H,D,D,D
mp-aaabghqi,H,D,D,D,D,D
mp-aaabghqj,D,D,H,D,D,H
mp-aaabghrg,D,H,D,D,D,H
mp-aaabghsv,H,D,H,H,H,D
mp-aaabghuv,H,D,D,D,H,D
mp-aaabghvc,H,H,D,D,H,D
mp-aaabghvn,D,D,D,D,D,D
mp-aaabghwl,D,D,H,D,D,D
mp-aaabghwo,H,D,H,H,D,D
mp-aaabghxz,D,D,H,D,D,D
mp-aaabghyt,D,D,D,D,H,D
mp-aaabghyu,D,D,D,D,D,H
mp-aaabghze,H,D,H,D,D,D
mp-aaabghzs,D,H,H,H,D,H
mp-aaabgiac,D,D,D,D,H,H
mp-aaabgiaq,D,D,H,H,H,D
mp-aaabgibx,D,H,D,D,D,D
mp-aaabgibz,D,H,D,D,H,H
mp-aaabgicu,D,D,D,H,D,H
mp-aaabgidl,H,D,H,H,D,D
mp-aaabgifl,D,H,D,D,H,D
mp-aaabgifm,D,D,D,D,D,H
mp-aaabgigk,D,D,D,D,H,D
mp-aaabgigs,H,D,D,D,H,D
mp-aaabgiiv,D,D,D,D,D,H
mp-aaabgikn,H,D,D,H,D,D
mp-aaabgiln,D,D,D,D,D,D
mp-aaabgini,D,H,H,H,H,D
mp-aaabgipc,H,D,D,D,D,D
mp-aaabgiqy,H,H,D,D,D,H
mp-aaabgism,D,H,D,D,D,D
mp-aaabgitd,H,D,H,H,H,D
mp-aaabgitu,D,D,D,D,D,D
mp-aaabgiuw,D,D,D,H,D,D
mp-aaabgivm,D,D,D,D,D,D
mp-aaabgivs,H,D,D,H,H,D
mp-aaabgivz,H,H,D,D,D,D
mp-aaabgiwh,D,D,D,D,D,D
mp-aaabgiwm,H,D,D,D,D,H
mp-aaabgiyc,D,H,D,D,D,H
mp-aaabgjav,H,D,D,D,D,H
mp-aaabgjbx,H,D,D,D,D,H
mp-aaabgjdc,D,H,H,H,D,H
mp-aaabgjdn,D,D,H,D,H,D
mp-aaabgjek,D,D,D,H,H,D
mp-aaabgjeq,H,H,D,D,D,D
mp-aaabgjfi,D,D,D,D,D,D
mp-aaabgjgp,D,H,D,D,D,D
mp-aaabgjgx,D,D,D,D,D,D
mp-aaabgjhh,D,D,H,D,D,D
mp-aaabgjhn,D,D,D,H,D,H
mp-aaabgjhu,D,H,D,H,H,D
mp-aaabgjhv,D,H,D,D,H,D
mp-aaabgjiw,D,D,H,D,H,H
mp-aaabgjlh,D,H,H,D,D,D
mp-aaabgjlv,D,D,D,D,D,D
mp-aaabgjlz,D,D,D,D,D,D
mp-aaabgjnl,D,H,H,D,D,H
mp-aaabgjnm,D,H,D,D,D,D
mp-aaabgjoa,D,D,D,D,D,D
mp-aaabgjop,D,D,D,H,D,D
mp-aaabgjpc,D,D,D,D,D,D
mp-aaabgjpg,D,H,D,H,D,H
mp-aaabgjpl,H,H,D,D,H,D
mp-aaabgjpo,D,D,D,D,D,D
mp-aaabgjpz,H,H,D,D,D,D
mp-aaabgjrq,D,D,D,D,D,D
mp-aaabgjrz,D,H,D,H,H,D
mp-aaabgjsi,D,D,D,D,H,H
mp-aaabgjti,D,D,D,H,D,H
mp-aaabgjus,H,H,H,D,D,D
mp-aaabgjvl,D,D,D,H,D,H
mp-aaabgjwp,D,H,H,H,H,D
mp-aaabgjxg,D,D,H,D,D,H
mp-aaabgjyl,D,D,D,H,D,D
mp-aaabgkae,H,D,H,D,D,H
mp-aaabgkam,D,D,D,H,H,H
mp-aaabgkbc,D,D,D,D,D,D
mp-aaabgkcf,D,D,D,D,D,D
mp-aaabgkcg,H,H,D,H,D,H
mp-aaabgkec,D,D,D,H,D,D
mp-aaabgkfj,D,H,D,H,D,H
mp-aaabgkgq,D,D,D,D,D,H
mp-aaabgkgs,D,D,D,D,H,H
mp-aaabgkhl,H,D,D,H,D,H
mp-aaabgkhw,H,D,H,D,H,D
mp-aaabgkig,H,D,H,D,D,H
mp-aaabgkii,D,D,D,D,D,H
mp-aaabgkja,D,H,D,H,D,D
mp-aaabgkju,H,D,H,H,D,H
mp-aaabgkmh,D,D,H,D,H,D
mp-aaabgkmt,H,D,D,D,D,D
mp-aaabgknf,D,D,D,D,D,H
mp-aaabgkno,D,H,H,D,D,H
mp-aaabgkoc,D,D,D,D,D,D
mp-aaabgkoz,H,D,H,D,D,D
mp-aaabgkpl,D,D,D,H,D,D
mp-aaabgkqq,H,D,D,D,D,H
mp-aaabgkqu,H,D,D,D,D,D
mp-aaabgksl,H,H,D,D,D,D
mp-aaabgkso,H,D,H,H,H,D
mp-aaabgksx,D,H,D,D,H,H
mp-aaabgktw,D,D,D,D,D,D
mp-aaabgkum,H,D,D,D,D,D
mp-aaabgkwl,D,D,D,D,D,D
mp-aaabgkwv,D,H,D,D,H,H
mp-aaabgkwy,D,D,D,D,D,D
mp-aaabgkyr,D,H,D,D,D,H
mp-aaabgkys,H,D,D,H,H,D
mp-aaabgkyv,H,D,D,D,D,D
mp-aaabglad,D,D,H,D,D,D
mp-aaabglas,H,D,H,D,D,D
mp-aaabglbw,H,H,D,H,D,H
mp-aaabglch,D,D,D,D,D,D
mp-aaabglfd,D,H,H,H,D,D
mp-aaabglfq,D,D,D,D,D,D
mp-aaabglfu,D,D,D,H,H,D
mp-aaabglha,D,D,D,D,D,D
mp-aaabglir,H,D,H,D,D,D
mp-aaabgljl,H,D,D,D,H,H
mp-aaabglju,D,H,D,D,D,D
mp-aaabgllz,D,D,H,H,D,D
mp-aaabglmq,D,H,D,D,D,D
mp-aaabglmr,D,D,H,D,H,H
mp-aaabglms,D,H,D,H,H,D
mp-aaabglmt,H,H,H,D,D,H
mp-aaabglpo,D,H,H,H,H,H
mp-aaabglps,D,D,H,D,D,D
mp-aaabglqj,D,D,H,D,D,D
mp-aaabgluv,H,D,H,D,D,D
mp-aaabglvq,D,D,H,D,D,D
mp-aaabglxz,D,D,D,H,D,H
mp-aaabglzz,H,D,D,D,D,D
mp-aaabgmbi,D,H,D,H,D,D
mp-aaabgmcp,D,D,D,D,D,D
mp-aaabgmdk,H,H,D,D,H,H
mp-aaabgmew,D,H,D,D,D,H
mp-aaabgmez,D,H,D,H,D,H
mp-aaabgmfd,D,H,D,H,D,H
mp-aaabgmfj,D,D,D,H,D,H
mp-aaabgmfk,D,D,H,D,H,H
mp-aaabgmfm,D,H,D,D,D,H
mp-aaabgmfp,H,D,D,H,D,D
mp-aaabgmfr,D,D,D,D,D,D
mp-aaabgmfy,H,D,D,H,H,D
mp-aaabgmgn,D,H,D,D,D,H
mp-aaabgmhx,D,H,D,D,H,D
mp-aaabgmhz,D,D,D,D,D,D
mp-aaabgmir,D,D,D,D,H,H
mp-aaabgmix,H,D,H,H,D,D
mp-aaabgmji,D,H,H,D,D,H
mp-aaabgmlc,D,D,D,H,D,H
mp-aaabgmlf,D,D,D,D,H,D
mp-aaabgmlh,H,D,H,H,D,H
mp-aaabgmlp,H,H,D,D,H,D
mp-aaabgmno,D,H,D,D,H,H
mp-aaabgmnr,D,D,D,H,D,D
mp-aaabgmnw,D,H,H,D,D,D
mp-aaabgmop,D,D,D,D,H,D
mp-aaabgmqa,D,D,D,H,D,D
mp-aaabgmqd,H,D,D,H,D,H
mp-aaabgmss,D,H,D,D,H,H
mp-aaabgmtb,D,D,D,D,H,D
mp-aaabgmtp,D,D,H,D,H,D
mp-aaabgmtv,D,D,D,D,D,D
mp-aaabgmxh,D,D,D,D,D,D
mp-aaabgmxs,D,D,D,D,D,D
mp-aaabgmyu,D,D,D,D,D,D
mp-aaabgmzj,D,H,H,H,H,H
mp-aaabgmzw,H,D,H,H,H,D
mp-aaabgnbb,D,D,H,D,H,D
mp-aaabgnbr,D,D,D,D,D,D
mp-aaabgnbz,D,D,D,D,D,D
mp-aaabgndm,H,H,H,D,H,D
mp-aaabgnel,D,D,D,D,H,D
mp-aaabgnep,D,D,H,D,D,D
mp-aaabgnes,D,H,D,D,D,D
mp-aaabgnfa,D,H,D,H,H,D
mp-aaabgnfd,D,H,D,H,D,D
mp-aaabgnhd,D,H,H,H,D,D
mp-aaabgnik,D,D,D,D,D,D
mp-aaabgnip,D,D,H,D,D,D
mp-aaabgnkn,D,D,H,D,D,D
mp-aaabgnkt,D,H,H,D,D,H
mp-aaabgnmu,D,D,D,D,D,D
mp-aaabgnop,D,D,H,D,D,D
mp-aaabgnpj,D,D,D,D,D,D
mp-aaabgrdx,H,D,D,D,H,D
mp-aaabgrlz,D,H,D,H,D,H
mp-aaabhaiu,D,D,D,D,H,D
mp-aaabhakt,D,D,H,D,D,D
mp-aaabhanl,D,D,H,D,D,D
mp-aaabhans,D,D,D,D,H,D
mp-aaabhbjn,H,D,D,D,D,D
mp-aaabhcnj,D,H,D,D,D,D
mp-aaabhcqk,H,D,H,H,H,D
mp-aaabhdhj,H,D,D,H,H,D
mp-aaabheay,D,D,D,D,D,D
mp-aaabhemg,D,D,D,D,H,D
mp-aaabidts,D,D,H,D,H,H
mp-aaabidtt,D,D,H,H,H,D
mp-aaabiekn,D,H,D,D,D,H
mp-aaabiggy,D,D,D,D,D,H
mp-aaabighb,D,D,D,D,D,D
mp-aaabigia,H,D,D,D,D,H
mp-aaabikgq,D,H,D,H,H,D
mp-aaabilai,D,D,D,D,D,D
mp-aaabilyt,D,D,D,H,D,D
mp-aaabiocl,D,D,H,H,D,H
mp-aaabioql,D,D,H,D,D,D
mp-aaabjiad,D,D,D,H,D,D
mp-aaabjjea,D,H,H,D,H,D
mp-aaabjker,H,H,D,H,H,H
mp-aaabjkld,D,D,D,D,H,D
mp-aaabjkza,D,H,D,H,D,D
mp-aaabjlus,H,D,D,D,D,H
mp-aaabjnuy,H,D,D,H,D,D
mp-aaabjobs,D,D,D,D,D,D
mp-aaabjxvp,D,H,D,D,D,D
mp-aaabjxxo,H,H,D,H,D,D
mp-aaabjxxq,H,H,D,H,D,D
mp-aaabjxxx,D,D,H,D,D,H
mp-aaabjxyd,D,D,D,D,H,D
mp-aaabjxyh,D,H,H,H,H,H
mp-aaabjxyl,H,D,H,D,H,H
mp-aaabjxyw,D,H,D,H,H,D
mp-aaabjxzn,D,H,D,D,D,D
mp-aaabjxzz,H,D,D,D,H,H
mp-aaabjyae,D,D,D,D,D,H
mp-aaabjyau,D,D,D,H,H,D
mp-aaabjybb,D,D,D,D,H,H
mp-aaabjydl,D,H,D,D,D,H
mp-aaabjydr,D,H,D,D,D,D
mp-aaabjyfj,D,H,D,D,D,D
mp-aaabjyjp,D,D,H,H,H,D
mp-aaabkfhw,D,D,H,H,H,D
mp-aaabkfie,D,D,D,D,D,H
mp-aaabkfik,D,D,D,H,H,H
mp-aaabkfsp,D,D,D,D,D,D
mp-aaabkgrv,D,D,D,D,D,D
mp-aaabkkgh,D,H,D,D,D,H
mp-aaabkkoo,D,H,D,D,D,D
mp-aaabkkpy,D,D,D,H,D,H
mp-aaabkkui,D,D,H,D,H,D
mp-aaabkkxb,D,D,D,D,D,D
mp-aaabklft,D,D,D,H,D,D
mp-aaabkluq,H,D,D,H,D,H
mp-aaabknac,D,D,D,D,D,H
mp-aaabkrca,H,D,D,H,H,D
mp-aaabkrdf,H,D,H,D,D,D
mp-aaabkrkm,D,H,D,H,H,H
mp-aaabkrkq,D,D,D,H,D,D
mp-aaabkrtr,H,H,D,D,D,H
mp-aaabkujr,D,D,D,D,D,H
mp-aaabkuvw,D,D,D,D,D,D
mp-aaabmcrk,H,D,H,D,D,D
mp-aaabmdab,H,D,D,D,H,D
mp-aaabmdac,H,H,D,D,D,D
mp-aaabmgly,D,D,D,D,D,H
mp-aaabmgmd,D,H,D,H,D,D
mp-aaabmgmj,D,D,H,D,D,D
mp-aaabmgnr,D,H,D,D,D,D
mp-aaabmgpd,D,D,D,D,D,D
mp-aaabmgpg,D,D,D,H,D,H
mp-aaabmgql,D,D,D,D,H,D
mp-aaabmgqo,D,D,H,D,D,D
mp-aaabmhbp,D,D,H,D,D,H
mp-aaabmhda,H,D,H,D,D,D
mp-aaabmklt,H,D,D,H,D,D
mp-aaabmlvk,D,D,D,H,H,D
mp-aaabmysr,H,D,H,D,D,D
mp-aaabmzkh,D,D,D,D,D,D
mp-aaabqwqk,D,D,D,H,D,D
mp-aaabqxrd,D,D,D,D,D,D
mp-aaabqydv,D,D,H,D,D,D
mp-aaabqyjx,D,H,D,D,H,D
mp-aaabqzjc,H,H,D,D,H,D
mp-aaabrdlw,D,D,H,H,D,D
mp-aaabsqsc,H,D,H,D,H,H
mp-aaabsqsd,D,D,D,H,D,H
mp-aaabxajv,D,H,D,H,D,H
mp-aaabxajx,D,D,D,H,D,D
mp-aaabxajz,D,H,H,D,H,D
mp-aaabxako,D,D,D,D,D,D
mp-aaabxakp,D,D,D,H,D,D
mp-aaabxakv,H,H,H,D,H,H
mp-aaabxaky,D,D,D,D,D,H
mp-aaabxaoa,H,D,D,H,D,D
mp-aaabxaog,D,D,D,D,H,D
mp-aaabxaom,D,D,D,D,D,D
mp-aaabxaow,D,H,D,D,H,D
mp-aaabxapc,H,D,H,D,H,H
mp-aaabxapd,D,H,D,D,D,D
mp-aaabxapk,H,D,D,D,H,H
mp-aaabxapl,D,H,D,D,H,H
mp-aaabxapn,H,D,H,H,D,D
mp-aaabxapo,D,D,H,D,D,D
mp-aaabxapp,D,D,D,H,H,H
mp-aaabxapq,H,H,H,D,H,D
mp-aaabxapx,D,H,D,D,H,D
mp-aaabxapz,D,D,H,H,D,D
mp-aaabxaqa,D,D,D,D,D,D
mp-aaabxaqb,D,D,D,H,D,H
mp-aaabxaqd,H,D,D,H,D,H
mp-aaabxaqf,H,D,D,H,H,D
mp-aaabxaql,H,H,D,H,D,D
mp-aaabxaqq,D,D,D,H,H,D
mp-aaabxaqs,D,D,H,D,H,H
mp-aaabxaqu,D,D,H,D,D,D
mp-aaabxaqv,H,D,D,D,H,D
mp-aaabxaqw,D,D,H,D,H,D
mp-aaabxaqx,D,D,D,H,H,H
mp-aaabxaqz,D,D,D,D,D,D
mp-aaabxara,D,H,D,D,D,H
mp-aaabxarg,D,H,D,H,D,H
mp-aaabxatg,D,D,H,D,H,D
mp-aaabxatp,D,H,D,D,D,H
mp-aaabxatr,D,D,D,D,D,H
mp-aaabxats,D,D,D,D,D,D
mp-aaabxatu,D,H,D,H,D,H
mp-aaabxayy,H,H,H,H,D,D
mp-aaabxazb,H,D,D,D,H,D
mp-aaabxazg,D,D,H,D,D,D
mp-aaabxazh,D,D,H,H,D,D
mp-aaabxazi,D,H,D,D,D,D
mp-aaabxazj,D,D,H,H,H,D
mp-aaabxazw,H,D,H,D,H,D
mp-aaabxbaa,D,D,D,H,H,D
mp-aaabxbab,D,D,D,D,D,D
mp-aaabxbaf,D,D,D,H,D,H
mp-aaabxbai,D,D,D,D,D,D
mp-aaabxbaj,D,D,D,D,D,D
mp-aaabxbam,D,H,D,D,H,D
mp-aaabxban,D,D,D,D,D,D
mp-aaabxbbf,H,D,D,H,H,D
mp-aaabxbbh,D,D,D,D,D,D
mp-aaabxbbj,H,D,H,H,H,D
mp-aaabxbbk,D,H,H,H,H,H
mp-aaabxbbn,H,D,D,D,D,D
mp-aaabxbbo,D,D,D,D,D,D
mp-aaabxbbu,D,D,H,D,D,D
mp-aaabxbbv,H,D,H,H,D,D
mp-aaabxbbz,H,D,D,H,D,H
mp-aaabxbcb,H,H,D,D,D,D
mp-aaabxbcc,D,D,D,D,D,D
mp-aaabxbcd,D,D,D,D,D,D
mp-aaabxbce,D,D,D,D,H,H
mp-aaabxbcg,D,D,D,D,D,D
mp-aaabxbcj,H,D,D,D,D,D
mp-aaabxbcw,H,D,D,D,H,D
mp-aaabxbda,D,H,D,D,H,D
mp-aaabxbdf,H,D,D,H,D,D
mp-aaabxbdp,D,D,D,D,D,D
mp-aaabxbdq,D,H,D,H,D,D
mp-aaabxbnw,D,D,D,H,D,D
mp-aaabxbny,D,D,H,D,D,D
mp-aaabxbox,H,D,D,H,H,D
mp-aaabxboy,H,D,H,H,D,H
mp-aaabxboz,D,D,D,D,H,H
mp-aaabxbpa,D,D,H,D,H,D
mp-aaabxbpb,H,D,D,D,D,D
mp-aaabxbph,D,H,D,D,H,H
mp-aaabxbpw,D,D,D,H,D,D
mp-aaabxbqa,D,D,D,D,D,H
mp-aaabxbqc,D,D,D,D,D,D
mp-aaabxbqd,D,H,D,H,D,D
mp-aaabxbqf,D,D,D,D,D,H
mp-aaabxbqt,D,D,D,D,D,H
mp-aaabxbqw,D,D,D,H,H,H
mp-aaabxbqx,H,H,D,D,H,D
mp-aaabxbqy,D,D,D,H,D,D
mp-aaabxbrs,D,D,D,D,D,H
mp-aaabxbrt,H,D,H,H,D,H
mp-aaabxbsj,D,D,H,D,D,D
mp-aaabxbsl,D,H,D,D,D,H
mp-aaabxbud,D,D,D,D,D,D
mp-aaabxbul,D,D,D,D,H,D
mp-aaabxbum,H,H,D,D,D,D
mp-aaabxbuz,D,D,H,D,D,H
mp-aaabxbva,D,D,D,D,D,D
mp-aaabxbwb,D,D,H,D,D,H
mp-aaabxbwo,D,H,D,D,D,H
mp-aaabxbwu,D,D,H,D,D,D
mp-aaabxbyt,H,D,D,D,D,H
mp-aaabxbyw,D,D,D,D,D,H
mp-aaabxbyy,D,D,H,D,D,D
mp-aaabxbyz,D,H,H,D,D,D
mp-aaabxbzd,D,D,H,D,D,D
mp-aaabxbzf,D,D,D,D,D,D
mp-aaabxbzl,D,H,D,D,H,D
mp-aaabxbzn,D,D,H,D,D,D
mp-aaabxcak,H,D,D,D,D,D
mp-aaabxcam,H,D,D,D,H,H
mp-aaabxcan,D,H,H,D,D,D
mp-aaabxcay,D,D,D,D,H,D
mp-aaabxcba,D,H,D,H,D,H
mp-aaabxcbc,D,D,H,D,D,D
mp-aaabxcbi,H,D,D,D,D,H
mp-aaabxcbl,D,H,D,H,D,D
mp-aaabxcbp,H,H,H,D,D,H
mp-aaabxcbr,H,H,D,D,D,H
mp-aaabxcbs,D,D,D,H,D,D
mp-aaabxcbu,D,H,D,D,D,D
mp-aaabxcce,D,D,D,H,D,H
mp-aaabxcdb,H,D,H,H,D,D
mp-aaabxcdc,H,H,D,D,H,D
mp-aaabxcdd,D,H,D,H,D,D
mp-aaabxcde,D,H,D,D,H,H
mp-aaabxcdi,H,D,D,D,H,H
mp-aaabxcdj,H,D,D,D,D,H
mp-aaabxcdm,D,D,D,D,D,H
mp-aaabxcdn,D,H,D,D,D,D
mp-aaabxcdt,H,D,H,H,H,H
mp-aaabxcdx,H,D,D,H,H,D
mp-aaabxcdz,D,D,D,H,D,H
mp-aaabxcea,D,D,D,H,H,D
mp-aaabxcee,H,D,D,D,D,D
mp-aaabxcel,H,D,H,D,H,H
mp-aaabxcem,H,D,D,D,D,D
mp-aaabxceo,D,D,D,D,D,D
mp-aaabxcep,H,H,D,D,D,D
mp-aaabxcer,D,D,D,H,H,D
mp-aaabxcet,D,D,D,D,H,H
mp-aaabxceu,D,H,H,D,D,H
mp-aaabxcew,H,D,D,D,D,D
mp-aaabxcex,H,D,H,D,D,D
mp-aaabxcey,D,D,D,D,D,D
mp-aaabxcez,D,D,D,D,D,D
mp-aaabxcfa,D,H,D,D,D,D
mp-aaabxcfe,D,D,D,D,D,D
mp-aaabxcfg,D,D,D,D,D,D
mp-aaabxcfh,H,D,D,D,D,D
mp-aaabxcfj,H,D,D,H,D,D
mp-aaabxcfk,H,D,H,D,D,D
mp-aaabxcfl,D,D,D,D,D,D
mp-aaabxcfn,D,D,D,D,D,D
mp-aaabxcfo,D,H,H,D,D,D
mp-aaabxcfp,D,H,D,D,D,H
mp-aaabxcfr,D,D,D,D,D,D
mp-aaabxcft,D,H,D,D,D,D
mp-aaabxcfv,D,D,H,H,D,D
mp-aaabxcfw,D,D,D,D,D,D
mp-aaabxcfy,D,D,D,D,D,D
mp-aaabxcga,D,D,D,H,H,D
mp-aaabxcgc,D,D,D,D,H,D
mp-aaabxcgf,D,D,H,D,H,D
mp-aaabxcgi,D,D,H,D,H,D
mp-aaabxcgk,H,D,D,D,D,D
mp-aaabxcgn,D,D,H,D,D,D
mp-aaabxcgp,H,D,D,D,D,D
mp-aaabxcgs,H,D,D,D,D,H
mp-aaabxcgx,D,D,H,D,D,D
mp-aaabxcgy,D,H,D,H,H,D
mp-aaabxcgz,H,H,H,D,H,D
mp-aaabxchb,D,D,D,D,D,D
mp-aaabxchj,D,H,H,H,H,D
mp-aaabxchl,D,D,D,D,D,D
mp-aaabxchr,D,H,D,D,D,H
mp-aaabxchv,D,D,D,D,D,H
mp-aaabxchx,H,D,D,D,H,H
mp-aaabxcic,H,H,D,D,H,H
mp-aaabxcie,H,D,H,D,D,D
mp-aaabxcil,H,D,H,D,H,H
mp-aaabxcio,D,D,D,H,D,D
mp-aaabxciv,D,D,D,D,D,H
mp-aaabxcjd,H,H,H,H,D,D
mp-aaabxcjf,D,D,D,D,H,H
mp-aaabxcjl,D,H,D,D,D,H
mp-aaabxcju,D,D,D,D,H,H
mp-aaabxcjv,D,D,D,D,H,H
mp-aaabxckb,D,D,D,D,D,D
mp-aaabxckc,D,D,D,D,D,D
mp-aaabxckf,H,D,D,D,H,H
mp-aaabxckg,H,H,D,D,D,D
mp-aaabxckh,D,D,D,D,H,H
mp-aaabxcki,H,D,H,D,D,D
mp-aaabxckk,D,H,D,D,D,D
mp-aaabxckn,D,D,D,D,D,H
mp-aaabxcks,D,D,D,D,D,H
mp-aaabxcla,D,D,D,H,D,D
mp-aaabxclb,D,D,H,D,D,D
mp-aaabxclc,D,D,H,D,D,H
mp-aaabxclk,D,D,D,D,D,H
mp-aaabxclm,D,D,D,H,D,D
mp-aaabxcln,D,D,D,D,H,D
mp-aaabxcls,H,D,D,D,D,D
mp-aaabxclt,H,D,D,D,D,H
mp-aaabxclu,D,D,D,H,D,D
mp-aaabxclv,D,D,D,D,D,D
mp-aaabxclw,H,D,D,D,D,D
mp-aaabxclx,H,D,D,H,D,D
mp-aaabxcly,D,D,D,D,H,H
mp-aaabxclz,H,H,D,D,H,D
mp-aaabxcma,H,H,D,D,H,H
mp-aaabxcmc,D,D,D,D,D,D
mp-aaabxcmd,D,D,H,D,H,D
mp-aaabxcme,D,H,H,H,D,D
mp-aaabxcmh,D,H,D,H,H,H
mp-aaabxcmi,D,D,D,D,H,D
mp-aaabxcmj,D,H,H,D,D,D
mp-aaabxcmk,H,D,H,D,D,D
mp-aaabxcml,D,H,D,D,D,D
mp-aaabxcmo,H,D,D,H,D,D
mp-aaabxcmp,H,D,H,D,H,D
mp-aaabxcmx,D,D,H,D,H,H
mp-aaabxcmy,D,H,H,H,D,D
mp-aaabxcne,H,D,D,H,D,D
mp-aaabxcnj,D,H,D,H,D,D
mp-aaabxcnn,H,H,D,H,H,D
mp-aaabxcno,D,D,D,H,H,D
mp-aaabxcnq,D,D,D,D,H,D
mp-aaabxcnu,D,D,D,H,H,D
mp-aaabxcnw,D,D,D,H,D,D
mp-aaabxcny,D,D,H,H,H,H
mp-aaabxcoc,D,H,H,D,D,D
mp-aaabxcod,D,D,H,D,D,D
mp-aaabxcof,D,D,D,D,D,H
mp-aaabxcoi,H,H,D,D,D,D
mp-aaabxcoj,H,H,D,D,H,D
mp-aaabxcoo,H,H,H,H,D,H
mp-aaabxcoq,D,H,D,D,H,D
mp-aaabxcow,H,D,H,H,D,D
mp-aaabxcoy,D,D,D,D,D,D
mp-aaabxcpa,H,D,D,H,D,H
mp-aaabxcpd,H,D,D,D,H,D
mp-aaabxcpl,D,D,D,D,H,D
mp-aaabxcpn,D,D,D,D,D,D
mp-aaabxcpo,D,H,D,H,D,H
mp-aaabxcpp,D,H,D,D,H,D
mp-aaabxcpx,D,H,D,D,D,D
mp-aaabxcpy,D,H,D,D,D,H
mp-aaabxcqb,D,D,D,D,H,D
mp-aaabxcqc,D,D,D,D,D,D
mp-aaabxcqe,D,D,D,D,D,H
mp-aaabxdaf,H,D,H,D,D,D
mp-aaabxdpj,H,D,H,H,D,D
mp-aaabxdpk,D,H,D,D,H,H
mp-aaabxdpn,D,D,H,D,D,D
mp-aaabxdpr,D,H,H,D,D,H
mp-aaabxdpw,D,H,H,D,D,H
mp-aaabxdpz,D,D,D,D,D,D
mp-aaabxdqa,H,D,H,D,H,D
mp-aaabxdqb,H,D,D,D,D,D
mp-aaabxdqd,H,D,D,D,D,H
mp-aaabxdqe,H,D,D,D,D,D
mp-aaabxdqf,H,D,D,D,D,H
mp-aaabxdqg,H,D,D,D,D,D
mp-aaabxdqh,H,D,D,H,H,D
mp-aaabxdqi,H,D,D,H,H,D
mp-aaabxdqj,H,D,D,D,H,H
mp-aaabxdql,D,D,D,D,D,D
mp-aaabxdqq,D,H,H,D,D,D
mp-aaabxdqr,D,D,D,H,D,D
mp-aaabxdqs,D,D,D,H,D,H
mp-aaabxdqw,D,H,H,H,D,H
mp-aaabxdre,H,D,D,D,H,D
mp-aaabxdri,H,H,D,D,H,D
mp-aaabxdrj,H,D,D,D,H,D
mp-aaabxdrk,D,D,D,D,D,D
mp-aaabxdrl,D,D,D,D,D,D
mp-aaabxdrn,D,D,D,D,D,D
mp-aaabxdrp,D,D,D,D,D,D
mp-aaabxdrr,D,D,H,H,H,D
mp-aaabxdrt,H,D,D,H,D,D
mp-aaabxdrv,D,D,D,D,H,D
mp-aaabxdrw,D,D,H,D,D,H
mp-aaabxdrx,H,D,D,D,D,H
mp-aaabxdsa,H,D,H,D,D,D
mp-aaabxdsf,H,D,D,D,D,D
mp-aaabxdsh,D,H,H,H,H,D
mp-aaabxdsm,D,H,H,D,D,D
mp-aaabxdsn,D,D,D,D,D,H
mp-aaabxdsq,D,D,D,D,D,D
mp-aaabxdsr,D,D,D,D,H,H
mp-aaabxdss,D,H,D,D,D,D
mp-aaabxdst,D,D,D,D,D,H
mp-aaabxdsu,D,H,D,D,D,D
mp-aaabxdsv,H,D,D,D,D,D
mp-aaabxdsy,D,D,D,H,H,H
mp-aaabxdte,H,H,D,D,D,D
mp-aaabxezt,D,D,H,D,D,H
mp-aaabxezu,D,D,H,D,D,H
mp-aaabxezv,D,H,D,D,D,D
mp-aaabxezx,H,D,D,H,D,D
mp-aaabxezy,D,H,D,H,D,D
mp-aaabxfad,D,D,D,D,D,D
mp-aaabxfag,D,D,H,D,H,H
mp-aaabxfah,D,D,D,D,D,H
mp-aaabxfai,H,H,H,H,D,D
mp-aaabxfak,H,H,D,H,D,D
mp-aaabxfao,D,D,D,H,D,D
mp-aaabxfaq,D,D,D,D,H,H
mp-aaabxfas,D,D,D,D,D,D
mp-aaabxfau,D,H,D,D,D,D
mp-aaabxfav,H,D,D,D,H,D
mp-aaabxfaw,D,H,D,H,H,D
mp-aaabxfay,D,H,H,H,D,D
mp-aaabxfaz,H,D,D,D,D,D
mp-aaabxfba,D,D,H,D,D,H
mp-aaabxfbb,H,D,D,D,D,D
mp-aaabxfbd,D,D,H,D,D,D
mp-aaabxfbj,D,H,D,H,D,D
mp-aaabxfbk,D,D,D,H,D,D
mp-aaabxfbu,D,H,D,D,H,D
mp-aaabxfbv,H,H,D,H,H,D
mp-aaabxfby,D,D,D,D,H,D
mp-aaabxfcd,D,H,D,D,D,D
mp-aaabxfcf,H,H,H,D,D,D
mp-aaabxfcl,D,D,D,D,D,D
mp-aaabxfcm,H,H,D,D,D,D
mp-aaabxfco,D,H,D,D,H,D
mp-aaabxfcs,H,D,D,D,D,D
mp-aaabxfdc,D,D,H,D,D,D
mp-aaabxfeh,D,D,D,D,D,H
mp-aaabxfey,H,D,H,D,D,D
mp-aaabxffa,H,D,D,D,D,H
mp-aaabxffb,D,D,D,H,D,D
mp-aaabxffh,H,D,H,D,H,D
mp-aaabxffi,D,D,D,D,H,H
mp-aaabxffj,H,D,D,D,D,D
mp-aaabxffk,D,D,D,D,H,H
mp-aaabxffn,D,D,H,H,D,D
mp-aaabxffo,D,D,H,H,D,D
mp-aaabxffw,D,D,D,H,D,H
mp-aaabxffy,H,H,D,D,D,D
mp-aaabxfgb,D,D,H,D,H,D
mp-aaabxfgc,D,D,H,H,D,H
mp-aaabxfgd,D,D,D,D,H,D
mp-aaabxfge,D,H,D,H,H,D
mp-aaabxfgj,H,D,D,D,D,H
mp-aaabxfgk,H,H,D,D,D,D
mp-aaabxfgl,D,D,D,H,H,H
mp-aaabxfgm,D,H,H,D,H,H
mp-aaabxfgp,D,D,D,H,D,D
mp-aaabxfgu,H,D,D,D,D,H
mp-aaabxfgw,D,D,D,D,H,D
mp-aaabxfgy,H,H,D,D,D,H
mp-aaabxfhc,D,H,D,H,H,H
mp-aaabxfhd,D,H,H,H,H,D
mp-aaabxfhi,D,D,H,D,D,D
mp-aaabxfhj,D,D,D,H,H,H
mp-aaabxfhk,D,H,D,D,H,D
mp-aaabxfhm,D,D,D,D,D,D
mp-aaabxfhn,D,D,D,D,D,H
mp-aaabxfho,D,D,D,H,H,D
mp-aaabxfhs,D,D,D,H,H,D
mp-aaabxfht,D,H,D,H,D,D
mp-aaabxfhv,D,H,H,D,D,H
mp-aaabxfix,D,D,H,D,D,D
mp-aaabxfiz,D,D,D,D,H,D
mp-aaabxfjb,D,D,D,D,D,D
mp-aaabxfjc,H,H,H,D,H,H
mp-aaabxfjt,D,D,D,H,D,D
mp-aaabxfkn,D,H,D,D,D,D
mp-aaabxfko,H,D,D,D,D,D
mp-aaabxfkt,D,D,D,D,H,D
mp-aaabxfku,D,H,D,H,D,D
mp-aaabxfkz,H,D,D,D,D,D
mp-aaabxfla,D,D,H,H,D,H
mp-aaabxflc,D,D,H,H,H,H
mp-aaabxfld,D,H,D,H,D,H
mp-aaabxflf,H,D,D,H,D,D
mp-aaabxflg,H,H,D,D,D,D
mp-aaabxflh,H,D,H,D,D,D
mp-aaabxfli,D,H,H,D,H,D
mp-aaabxfll,D,D,D,D,D,H
mp-aaabxflm,D,H,D,D,D,D
mp-aaabxfln,D,D,D,H,D,D
mp-aaabxflo,D,D,D,D,D,H
mp-aaabxflr,D,D,D,D,H,D
mp-aaabxflt,D,D,D,D,D,H
mp-aaabxflu,D,D,D,H,H,D
mp-aaabxfma,H,D,D,D,D,D
mp-aaabxfmd,D,H,H,D,D,D
mp-aaabxfme,D,D,H,H,D,D
mp-aaabxfmf,D,D,D,D,D,D
mp-aaabxfmg,D,D,D,D,D,D
mp-aaabxfmi,H,H,D,H,D,D
mp-aaabxfmj,D,D,D,D,D,D
mp-aaabxfmk,H,D,D,H,D,H
mp-aaabxfml,D,H,D,D,D,D
mp-aaabxfmo,D,D,H,H,D,H
mp-aaabxfmp,D,D,H,D,D,D
mp-aaabxfmq,D,D,D,D,D,D
mp-aaabxfmr,H,H,D,D,D,H
mp-aaabxfms,H,D,D,D,D,H
mp-aaabxfmt,D,H,H,D,D,H
mp-aaabxfmu,D,D,D,D,D,D
mp-aaabxfmv,H,D,H,D,H,D
mp-aaabxfmw,H,H,D,D,H,D
mp-aaabxfmx,D,H,H,D,D,D
mp-aaabxfmy,D,D,D,D,H,D
mp-aaabxfmz,H,H,D,D,H,D
mp-aaabxfnb,D,D,H,D,D,H
mp-aaabxfnd,D,D,H,H,D,D
mp-aaabxfne,D,D,D,D,D,D
mp-aaabxfnh,D,D,D,D,D,H
mp-aaabxfni,H,D,D,H,D,D
mp-aaabxfnk,D,D,D,D,D,H
mp-aaabxfnl,D,H,H,D,D,H
mp-aaabxfnn,H,D,D,D,D,D
mp-aaabxfnp,D,H,D,D,D,D
mp-aaabxfnr,D,H,D,H,D,H
mp-aaabxfnt,H,H,H,D,D,H
mp-aaabxfnu,D,D,D,H,D,D
mp-aaabxfoa,D,H,D,D,D,D
mp-aaabxfob,D,D,D,D,D,D
mp-aaabxfod,D,D,H,D,H,D
mp-aaabxfoe,D,H,D,D,H,H
mp-aaabxfog,D,H,D,D,D,D
mp-aaabxfoi,D,D,H,H,D,D
mp-aaabxfoj,D,D,H,D,D,D
mp-aaabxfok,D,D,D,H,H,D
mp-aaabxfom,H,D,H,D,D,D
mp-aaabxfon,D,D,D,H,D,H
mp-aaabxfop,D,D,H,D,H,D
mp-aaabxfoq,D,D,H,D,D,D
mp-aaabxfor,D,D,D,D,D,H
mp-aaabxfot,H,H,D,D,D,D
mp-aaabxfou,D,H,D,H,H,D
mp-aaabxfov,D,D,H,D,D,D
mp-aaabxfow,D,D,D,D,D,D
mp-aaabxfoy,H,H,D,D,D,D
mp-aaabxfpb,D,D,H,D,D,H
mp-aaabxfph,D,D,D,D,H,D
mp-aaabxfpi,D,D,D,D,D,D
mp-aaabxfpj,D,H,H,D,D,H
mp-aaabxfpm,D,H,D,D,H,H
mp-aaabxfpn,H,D,D,H,D,D
mp-aaabxfpq,H,D,D,D,H,D
mp-aaabxfpr,D,H,D,D,D,D
mp-aaabxfqa,D,D,D,D,H,D
mp-aaabxfqb,D,D,D,D,D,D
mp-aaabxfqc,H,D,H,H,D,D
mp-aaabxfqd,D,D,D,D,D,D
mp-aaabxfqf,D,D,D,D,D,H
mp-aaabxfqh,H,H,D,D,D,D
mp-aaabxfqk,H,D,H,D,D,H
mp-aaabxfqm,D,D,D,D,D,H
mp-aaabxfqs,D,D,D,D,D,D
mp-aaabxfqt,D,D,D,H,D,D
mp-aaabxfqx,H,H,D,D,H,D
mp-aaabxfqy,D,H,D,D,H,D
mp-aaabxfrc,D,D,D,D,H,D
mp-aaabxfrd,H,D,H,D,D,D
mp-aaabxfre,D,H,H,D,D,D
mp-aaabxfrf,D,D,H,H,H,D
mp-aaabxfrv,D,D,D,H,D,D
mp-aaabxfse,H,H,D,D,D,D
mp-aaabxfsh,D,D,D,H,D,H
mp-aaabxfsk,D,H,D,D,H,D
mp-aaabxfss,D,D,D,D,H,D
mp-aaabxfst,D,D,D,H,H,D
mp-aaabxfsu,D,D,D,H,H,H
mp-aaabxfsv,D,D,D,H,D,D
mp-aaabxfsw,D,D,D,D,D,H
mp-aaabxfsy,D,D,D,D,D,D
mp-aaabxfsz,H,D,D,D,D,D
mp-aaabxfta,D,H,D,D,D,H
mp-aaabxftc,D,H,H,D,D,D
mp-aaabxftj,D,D,H,D,H,D
mp-aaabxftk,H,D,D,D,D,D
mp-aaabxftl,H,D,D,D,D,D
mp-aaabxftm,D,D,D,D,D,D
mp-aaabxftn,H,D,H,D,D,H
mp-aaabxfto,D,D,D,D,D,D
mp-aaabxftp,D,H,H,D,D,D
mp-aaabxftr,D,D,D,D,D,D
mp-aaabxfts,D,D,D,H,D,D
mp-aaabxftt,D,H,D,H,D,H
mp-aaabxftu,D,D,D,D,H,D
mp-aaabxftv,H,H,D,D,D,D
mp-aaabxftz,D,D,D,D,D,D
mp-aaabxfub,D,D,D,H,H,H
mp-aaabxfud,H,D,D,H,H,D
mp-aaabxfug,D,D,D,D,H,D
mp-aaabxfuh,D,D,D,H,D,H
mp-aaabxfuo,D,D,D,D,H,D
mp-aaabxfuv,H,D,H,D,H,D
mp-aaabxfuw,H,D,D,D,D,H
mp-aaabxfux,D,D,H,D,D,D
mp-aaabxfuy,H,H,D,D,D,D
mp-aaabxfuz,H,D,D,D,H,D
mp-aaabxfva,D,D,H,H,D,D
mp-aaabxfvb,D,H,H,D,H,D
mp-aaabxfvc,D,D,D,D,D,D
mp-aaabxfvf,D,D,D,H,D,H
mp-aaabxfvg,D,D,D,D,D,D
mp-aaabxfvi,H,H,D,D,D,D
mp-aaabxfvj,H,D,D,H,D,D
mp-aaabxfvk,H,D,H,H,D,D
mp-aaabxfvm,D,H,H,D,D,H
mp-aaabxfvn,D,H,D,D,D,D
mp-aaabxfvp,D,D,D,D,D,D
mp-aaabxfvq,D,D,D,D,D,D
mp-aaabxfvr,D,D,D,D,D,D
mp-aaabxfvv,H,H,D,D,H,D
mp-aaabxfvw,D,D,H,H,D,D
mp-aaabxfvy,H,H,D,H,D,D
mp-aaabxfwa,D,H,D,D,D,D
mp-aaabxfwd,D,D,H,D,D,D
mp-aaabxfwh,H,H,H,D,D,D
mp-aaabxfwk,H,D,D,H,D,D
mp-aaabxfwl,H,D,H,D,D,D
mp-aaabxfwp,D,D,H,D,D,H
mp-aaabxfwr,D,D,H,D,H,D
mp-aaabxfwt,H,D,D,D,D,D
mp-aaabxfxa,D,H,D,D,D,H
mp-aaabxfxe,D,H,D,D,D,D
mp-aaabxfxh,D,H,D,H,H,D
mp-aaabxfxi,H,D,H,H,D,H
mp-aaabxfxj,D,D,D,H,D,D
mp-aaabxfxn,D,D,D,D,D,D
mp-aaabxfxo,H,H,D,D,D,D
mp-aaabxfxr,D,H,H,H,D,H
mp-aaabxfxw,H,H,D,D,D,D
mp-aaabxfyb,D,D,D,D,H,D
mp-aaabxfyc,D,D,D,H,D,D
mp-aaabxfyd,H,D,H,H,D,D
mp-aaabxfyg,H,H,D,D,D,H
mp-aaabxfyh,H,H,H,H,H,D
mp-aaabxfyj,H,D,D,D,D,D
mp-aaabxfym,D,D,D,D,D,D
mp-aaabxfyn,D,D,D,H,H,H
mp-aaabxfyu,D,D,D,D,D,H
mp-aaabxfyv,H,D,D,D,H,D
mp-aaabxfyw,D,D,H,D,D,D
mp-aaabxfza,D,H,D,H,D,H
mp-aaabxfzb,H,H,D,D,D,D
mp-aaabxfzd,D,D,D,H,D,D
mp-aaabxfzi,H,H,D,D,H,D
mp-aaabxfzy,D,H,D,D,D,H
mp-aaabxgab,D,H,D,D,H,D
mp-aaabxgac,D,D,D,D,D,H
mp-aaabxgae,D,H,D,D,D,H
mp-aaabxgar,D,D,H,D,H,H
mp-aaabxgas,D,D,D,D,D,H
mp-aaabxgat,D,D,D,D,D,D
mp-aaabxgbc,D,D,D,H,D,D
mp-aaabxgbo,H,H,D,D,H,H
mp-aaabxgbp,D,H,H,D,D,D
mp-aaabxgbt,D,H,D,H,H,H
mp-aaabxgbx,D,D,D,D,H,H
mp-aaabxgcg,D,H,D,D,H,D
mp-aaabxgci,D,H,D,H,D,D
mp-aaabxgck,D,H,H,D,D,D
mp-aaabxgcx,D,D,D,H,D,H
mp-aaabxgcy,D,D,D,D,D,H
mp-aaabxgcz,D,H,D,H,D,H
mp-aaabxgdc,D,D,D,D,D,H
mp-aaabxgdd,D,D,D,D,D,D
mp-aaabxgde,D,D,H,H,D,H
mp-aaabxgdg,D,D,D,D,D,H
mp-aaabxgdp,D,D,D,D,H,H
mp-aaabxgds,D,D,D,D,D,H
mp-aaabxgdv,H,D,D,D,H,D
mp-aaabxgdy,D,D,D,H,D,D
mp-aaabxgeb,D,D,D,H,H,H
mp-aaabxgeq,D,D,D,D,D,D
mp-aaabxges,H,D,D,H,D,D
mp-aaabxget,H,D,H,D,D,D
mp-aaabxgew,D,D,D,H,D,H
mp-aaabxgfp,D,H,D,H,D,H
mp-aaabxgfq,D,D,H,H,H,D
mp-aaabxgfu,D,D,H,H,H,D
mp-aaabxgfw,D,D,D,H,H,D
mp-aaabxgfx,D,D,D,D,D,D
mp-aaabxgfy,H,H,H,H,D,D
mp-aaabxggf,D,H,D,D,D,H
mp-aaabxggg,H,H,D,D,D,D
mp-aaabxggi,D,D,D,H,D,D
mp-aaabxggk,D,H,D,H,D,D
mp-aaabxggm,D,D,D,H,H,D
mp-aaabxggn,H,D,H,D,H,D
mp-aaabxggo,D,D,D,D,D,D
mp-aaabxggx,D,H,H,D,D,D
mp-aaabxgha,D,D,D,H,H,H
mp-aaabxghd,D,D,D,D,D,D
mp-aaabxghf,H,D,D,D,H,D
mp-aaabxghh,D,D,H,D,D,D
mp-aaabxghi,H,H,D,D,D,D
mp-aaabxghj,H,D,H,H,D,D
mp-aaabxghu,D,D,H,D,H,D
mp-aaabxghw,D,D,D,D,D,D
mp-aaabxghx,H,H,H,D,H,H
mp-aaabxghy,D,D,H,D,D,H
mp-aaabxgic,D,D,D,D,D,D
mp-aaabxgig,D,D,H,D,D,H
mp-aaabxgih,D,D,D,D,D,D
mp-aaabxgii,D,D,H,H,D,H
mp-aaabxgij,H,D,H,D,H,D
mp-aaabxgil,H,H,D,D,D,D
mp-aaabxgin,D,H,D,D,D,D
mp-aaabxgio,D,H,D,D,D,H
mp-aaabxgip,D,H,D,D,D,D
mp-aaabxgiq,D,D,H,H,H,H
mp-aaabxgir,H,H,D,D,D,D
mp-aaabxgiy,D,H,H,D,H,H
mp-aaabxgjb,D,D,D,H,D,D
mp-aaabxgjd,D,D,D,D,H,H
mp-aaabxgjf,H,D,D,D,H,D
mp-aaabxgjg,D,H,D,D,H,D
mp-aaabxgji,D,D,D,H,D,D
mp-aaabxgjj,H,H,D,H,D,D
mp-aaabxgjk,D,D,D,H,D,H
mp-aaabxgjl,D,D,D,D,D,H
mp-aaabxgjn,D,D,D,H,H,D
mp-aaabxgjq,D,D,D,H,D,H
mp-aaabxgjr,D,D,H,H,D,D
mp-aaabxgjt,D,D,D,D,H,D
mp-aaabxgjw,H,D,H,H,H,D
mp-aaabxgjx,D,D,H,H,D,H
mp-aaabxgjy,D,H,H,D,H,D
mp-aaabxgkg,D,H,D,D,H,D
mp-aaabxgko,H,D,D,D,D,D
mp-aaabxgks,D,H,H,D,D,D
mp-aaabxgku,H,D,D,D,D,H
mp-aaabxgkv,D,D,H,D,D,D
mp-aaabxgkw,D,H,D,H,D,D
mp-aaabxgkx,H,D,D,D,H,H
mp-aaabxgla,H,D,D,D,D,D
mp-aaabxgld,D,H,H,H,D,H
mp-aaabxgll,H,D,H,D,D,D
mp-aaabxglm,D,H,D,D,D,D
mp-aaabxglr,D,D,H,D,D,H
mp-aaabxglt,D,H,D,D,D,H
mp-aaabxglu,D,H,D,D,D,D
mp-aaabxglv,D,H,D,D,H,H
mp-aaabxglw,H,D,D,D,D,H
mp-aaabxglz,D,H,D,D,H,D
mp-aaabxgma,H,D,D,D,D,H
mp-aaabxgmc,H,D,D,H,D,D
mp-aaabxgmf,H,H,D,D,D,D
mp-aaabxgmi,H,D,D,D,D,D
mp-aaabxgmk,D,H,H,H,D,H
mp-aaabxgml,D,H,H,D,D,H
mp-aaabxgmm,D,D,D,H,H,D
mp-aaabxgmp,D,H,D,D,H,D
mp-aaabxgmr,D,H,D,D,H,D
mp-aaabxgmt,D,H,H,H,H,D
mp-aaabxgnh,D,D,H,D,H,D
mp-aaabxgnw,H,D,D,D,D,D
mp-aaabxgnx,D,H,H,H,H,D
mp-aaabxgoe,H,D,H,D,D,D
mp-aaabxgof,D,D,D,H,D,D
mp-aaabxgog,H,H,D,D,H,D
mp-aaabxgoj,D,D,H,H,D,H
mp-aaabxgom,H,D,D,H,D,H
mp-aaabxgop,H,H,D,H,D,D
mp-aaabxgoq,D,D,D,H,H,D
mp-aaabxgor,D,H,D,D,H,D
mp-aaabxgot,D,H,D,D,D,D
mp-aaabxgou,D,D,D,D,D,D
mp-aaabxgov,H,H,D,D,D,H
mp-aaabxgow,D,D,D,D,H,D
mp-aaabxgpb,D,D,D,D,D,H
mp-aaabxgpi,H,H,H,D,D,D
mp-aaabxgqa,D,D,H,H,H,D
mp-aaabxgqm,H,D,H,D,D,D
mp-aaabxgqq,H,H,D,D,D,D
mp-aaabxgqv,D,H,D,D,H,H
mp-aaabxgrg,D,H,H,D,D,D
mp-aaabxgri,D,H,H,D,D,H
mp-aaabxgrj,D,D,D,D,H,D
mp-aaabxgrl,D,D,D,D,D,D
mp-aaabxgrn,D,H,D,H,D,H
mp-aaabxgrp,H,D,D,D,D,H
mp-aaabxgrq,H,D,D,D,H,D
mp-aaabxgrr,D,D,H,D,D,D
mp-aaabxgru,D,D,D,D,D,H
mp-aaabxgrv,H,D,H,D,H,D
mp-aaabxgrz,H,H,D,D,H,D
mp-aaabxgsf,D,H,D,D,D,D
mp-aaabxgsi,D,H,D,D,D,H
mp-aaabxgsj,D,D,D,D,D,H
mp-aaabxgsl,H,D,D,D,D,H
mp-aaabxgsu,D,D,H,D,H,H
mp-aaabxgtf,D,H,D,H,D,D
mp-aaabxgtg,D,D,H,H,D,D
mp-aaabxgtm,D,D,D,D,H,D
mp-aaabxgtp,H,D,H,D,H,D
mp-aaabxgtq,H,H,H,D,D,D
mp-aaabxgtt,H,D,D,H,D,D
mp-aaabxgtv,H,H,H,D,D,D
mp-aaabxgtw,D,D,H,D,D,D
mp-aaabxgtx,D,D,D,D,D,D
mp-aaabxgty,D,H,D,D,H,D
mp-aaabxgud,D,H,D,H,D,D
mp-aaabxguf,D,D,D,D,D,D
mp-aaabxgug,H,D,D,H,D,D
mp-aaabxguh,D,H,D,D,D,D
mp-aaabxguj,D,H,D,D,H,D
mp-aaabxguk,D,D,H,D,H,D
mp-aaabxgul,H,H,H,D,H,D
mp-aaabxgum,D,D,D,D,H,H
mp-aaabxgun,H,D,D,H,H,D
mp-aaabxguo,D,H,D,D,D,D
mp-aaabxgup,D,D,D,H,H,D
mp-aaabxgvo,D,D,D,D,H,H
mp-aaabxgvp,D,D,H,H,H,H
mp-aaabxgvq,D,D,D,H,H,D
mp-aaabxgvt,D,H,H,H,D,D
mp-aaabxgvu,H,D,D,D,H,H
mp-aaabxgvv,D,D,D,D,H,D
mp-aaabxgwc,H,D,D,D,H,D
mp-aaabxgwe,D,H,D,D,H,D
mp-aaabxgwf,H,D,D,D,D,H
mp-aaabxgwg,D,D,D,D,D,D
mp-aaabxgwh,D,D,D,D,D,D
mp-aaabxgwl,D,H,D,D,H,D
mp-aaabxgwo,D,D,H,D,D,D
mp-aaabxgwp,D,D,H,D,D,D
mp-aaabxgwq,H,H,H,D,D,D
mp-aaabxgwr,H,D,D,D,D,H
mp-aaabxgws,D,D,D,D,H,D
mp-aaabxgwu,H,D,D,H,D,H
mp-aaabxgww,D,H,D,H,D,D
mp-aaabxgwy,D,D,D,H,D,D
mp-aaabxgwz,H,D,H,D,H,D
mp-aaabxgxa,H,D,H,D,D,D
mp-aaabxgxb,D,D,D,D,D,H
mp-aaabxgxg,D,D,D,D,D,D
mp-aaabxgxk,H,D,D,D,D,H
mp-aaabxgxp,D,H,D,D,D,D
mp-aaabxgxq,D,D,D,D,H,H
mp-aaabxgxr,H,D,D,D,D,D
mp-aaabxgxs,D,H,D,D,H,D
mp-aaabxgxt,D,D,D,D,D,D
mp-aaabxgxu,H,H,D,H,H,H
mp-aaabxgxv,D,H,D,H,D,D
mp-aaabxgxw,H,D,D,D,H,D
mp-aaabxgxz,H,D,D,D,D,H
mp-aaabxgye,H,H,H,D,D,D
mp-aaabxgyf,D,H,D,D,H,D
mp-aaabxgyi,D,D,D,H,D,H
mp-aaabxgyk,D,H,D,H,H,H
mp-aaabxgym,H,D,D,D,D,D
mp-aaabxgyo,D,D,D,H,D,D
mp-aaabxgyp,D,D,D,D,H,D
mp-aaabxgyq,D,D,D,D,H,H
mp-aaabxgyr,D,H,H,D,D,D
mp-aaabxgyu,D,D,D,D,D,D
mp-aaabxgyv,D,D,D,D,D,D
mp-aaabxgyw,D,D,D,H,D,D
mp-aaabxgyy,H,H,D,D,H,D
mp-aaabxgyz,D,D,D,H,D,D
mp-aaabxgza,D,D,D,H,D,D
mp-aaabxgzb,H,H,D,D,H,H
mp-aaabxgzc,H,D,D,D,H,D
mp-aaabxgzf,D,D,D,D,D,H
mp-aaabxgzg,D,D,H,D,D,H
mp-aaabxgzj,D,D,D,H,H,D
mp-aaabxgzo,D,D,H,D,D,D
mp-aaabxgzr,D,H,D,H,D,H
mp-aaabxgzs,H,D,D,D,D,D
mp-aaabxgzv,D,D,H,D,D,D
mp-aaabxgzw,H,H,D,D,D,D
mp-aaabxhab,D,D,D,H,D,H
mp-aaabxhae,H,D,D,D,D,H
mp-aaabxhah,D,H,H,H,D,D
mp-aaabxhai,H,D,D,D,D,D
mp-aaabxhak,H,D,D,D,D,D
mp-aaabxham,D,H,D,H,D,D
mp-aaabxhan,H,H,D,H,D,D
mp-aaabxhas,D,H,H,D,H,D
mp-aaabxhaw,H,D,D,D,D,D
mp-aaabxhax,D,D,D,D,D,H
mp-aaabxhba,D,D,H,H,D,D
mp-aaabxhbb,H,H,D,H,H,D
mp-aaabxhbc,D,D,D,D,D,D
mp-aaabxhbd,D,D,D,D,D,D
mp-aaabxhbe,D,D,H,H,D,D
mp-aaabxhbh,D,H,H,H,D,H
mp-aaabxhbi,D,H,D,D,D,H
mp-aaabxhbj,D,D,D,H,D,H
mp-aaabxhbk,H,H,D,D,D,D
mp-aaabxhbl,D,D,H,H,D,D
mp-aaabxhbm,D,D,H,H,D,H
mp-aaabxhbn,D,D,D,D,H,D
mp-aaabxhbo,H,D,D,D,D,D
mp-aaabxhbp,H,D,D,D,D,D
mp-aaabxhbr,D,D,D,H,D,D
mp-aaabxhbs,D,D,D,H,H,D
mp-aaabxhbt,H,D,H,D,H,D
mp-aaabxhbu,D,D,D,D,D,D
mp-aaabxhbw,D,D,D,D,D,H
mp-aaabxhbx,H,D,H,D,D,D
mp-aaabxhby,D,D,D,D,D,H
mp-aaabxhbz,H,H,D,D,D,D
mp-aaabxhca,H,D,H,H,H,D
mp-aaabxhce,D,D,H,D,H,H
mp-aaabxhcg,D,D,D,D,H,H
mp-aaabxhch,D,D,D,H,H,D
mp-aaabxhck,D,H,D,D,D,D
mp-aaabxhcm,H,D,D,H,D,D
mp-aaabxhco,D,D,H,D,H,H
mp-aaabxhcq,H,D,D,D,D,D
mp-aaabxhcs,D,H,D,D,D,H
mp-aaabxhcx,D,D,D,H,D,D
mp-aaabxhcz,D,H,D,H,H,D
mp-aaabxhdd,D,D,D,D,D,D
mp-aaabxheb,H,D,H,D,D,D
mp-aaabxhed,D,D,D,H,D,H
mp-aaabxheh,D,D,D,H,D,H
mp-aaabxhej,H,D,D,H,H,D
mp-aaabxhel,D,D,H,D,D,D
mp-aaabxhen,D,D,D,D,D,D
mp-aaabxher,D,D,D,D,H,D
mp-aaabxhet,D,D,D,D,H,D
mp-aaabxheu,D,D,H,D,H,H
mp-aaabxhev,H,D,H,D,D,D
mp-aaabxhew,H,D,H,D,D,H
mp-aaabxhfc,D,D,H,H,D,D
mp-aaabxhfi,D,H,D,D,D,D
mp-aaabxhfr,D,D,D,D,D,D
mp-aaabxhfs,H,H,D,H,H,D
mp-aaabxhfv,H,D,H,D,D,D
mp-aaabxhfx,D,H,D,D,H,H
mp-aaabxhga,H,D,H,H,D,H
mp-aaabxhgc,D,D,D,D,D,D
mp-aaabxhgd,D,H,D,D,H,H
mp-aaabxhge,D,D,D,H,D,D
mp-aaabxhgf,D,D,D,D,H,D
mp-aaabxhgi,D,D,D,H,D,D
mp-aaabxhgj,D,D,D,D,D,D
mp-aaabxhgn,D,D,D,D,D,D
mp-aaabxhgp,H,H,H,D,D,H
mp-aaabxhgq,H,D,D,D,D,D
mp-aaabxhgt,D,D,D,D,H,D
mp-aaabxhgv,H,D,H,H,D,H
mp-aaabxhgw,H,H,H,D,H,D
mp-aaabxhha,D,D,D,H,D,D
mp-aaabxhhb,H,D,D,D,H,D
mp-aaabxhhc,D,D,H,H,H,D
mp-aaabxhhf,H,D,H,D,D,H
mp-aaabxhhi,H,D,D,D,D,H
mp-aaabxhhm,D,D,H,D,H,D
mp-aaabxhho,H,D,D,D,D,D
mp-aaabxhhq,D,D,D,D,H,D
mp-aaabxhhr,D,H,H,D,D,H
mp-aaabxhhs,D,H,D,H,D,D
mp-aaabxhhu,D,D,D,D,D,D
mp-aaabxhhv,D,D,D,H,D,D
mp-aaabxhhw,H,H,H,D,D,H
mp-aaabxhhx,D,D,D,D,H,D
mp-aaabxhhy,D,H,H,H,D,D
mp-aaabxhhz,D,D,D,H,H,D
mp-aaabxhia,D,H,D,D,D,D
mp-aaabxhib,H,D,D,D,D,D
mp-aaabxhic,H,D,D,D,D,H
mp-aaabxhie,D,D,D,D,D,D
mp-aaabxhif,H,D,D,D,H,D
mp-aaabxhih,D,H,H,D,H,D
mp-aaabxhii,D,D,D,H,D,H
mp-aaabxhij,D,H,D,D,D,H
mp-aaabxhik,D,D,D,H,D,D
mp-aaabxhil,H,H,D,D,H,D
mp-aaabxhim,H,D,H,D,D,D
mp-aaabxhin,D,D,D,D,H,D
mp-aaabxhio,H,D,H,D,D,D
mp-aaabxhip,D,D,D,H,D,D
mp-aaabxhiq,D,D,D,D,D,D
mp-aaabxhir,H,H,D,D,D,D
mp-aaabxhit,H,D,D,H,H,H
mp-aaabxhiw,D,H,D,D,D,D
mp-aaabxhix,D,D,D,H,D,H
mp-aaabxhiy,D,D,H,D,D,H
mp-aaabxhjc,D,D,D,D,H,D
mp-aaabxhjd,D,D,D,D,D,D
mp-aaabxhje,H,H,H,D,D,H
mp-aaabxhjg,D,H,D,H,D,H
mp-aaabxhjj,H,D,D,D,D,D
mp-aaabxhjm,D,D,D,D,D,D
mp-aaabxhjn,D,D,D,D,H,D
mp-aaabxhjv,D,H,D,D,D,H
mp-aaabxhjx,D,D,H,D,D,D
mp-aaabxhkc,H,H,H,H,D,D
mp-aaabxhkd,D,H,H,D,D,H
mp-aaabxhke,D,D,H,D,D,D
mp-aaabxhkh,D,D,D,D,D,D
mp-aaabxhki,H,D,D,H,H,D
mp-aaabxhkj,H,D,H,D,D,D
mp-aaabxhkl,H,D,D,D,D,H
mp-aaabxhkm,D,D,D,D,H,D
mp-aaabxhml,D,D,D,D,D,D
mp-aaabxhmq,H,D,D,D,H,H
mp-aaabxhmr,D,D,D,D,D,H
mp-aaabxhms,H,D,H,D,H,D
mp-aaabxhmt,D,D,D,H,D,H
mp-aaabxhmu,H,D,D,D,D,D
mp-aaabxhnb,D,D,D,D,D,H
mp-aaabxhnf,H,D,D,D,D,H
mp-aaabxhqe,H,H,D,D,D,H
mp-aaabxisj,D,H,H,D,H,D
mp-aaabxisk,D,D,D,D,H,D
mp-aaabxiso,D,D,D,D,H,D
mp-aaabxisq,H,H,D,D,H,H
mp-aaabxisr,D,D,H,D,D,H
mp-aaabxiss,D,H,D,H,D,D
mp-aaabxist,H,H,D,D,D,H
mp-aaabxisu,H,D,D,D,H,H
mp-aaabxisv,D,D,D,D,H,H
mp-aaabxisx,D,D,H,D,D,D
mp-aaabxisz,D,H,H,D,D,H
mp-aaabxitb,D,D,D,D,D,H
mp-aaabxitc,D,D,D,D,H,D
mp-aaabxite,D,D,D,H,D,D
mp-aaabxitf,D,H,D,D,D,D
mp-aaabxitl,D,D,D,H,H,D
mp-aaabxitp,H,D,D,D,D,D
mp-aaabxitr,D,H,D,D,D,H
mp-aaabxits,D,D,D,D,D,H
mp-aaabxitt,H,D,H,D,D,H
mp-aaabxitu,H,D,D,D,D,D
mp-aaabxitv,D,D,D,D,D,H
mp-aaabxitw,D,D,D,D,D,D
mp-aaabxitx,H,H,H,H,D,D
mp-aaabxiue,D,H,H,D,H,H
mp-aaabxiuf,D,D,H,D,D,D
mp-aaabxiug,D,H,H,H,D,D
mp-aaabxiuh,H,D,D,D,D,H
mp-aaabxiui,D,H,H,D,D,D
mp-aaabxiul,D,D,H,H,D,H
mp-aaabxiup,D,D,D,H,D,D
mp-aaabxiut,D,D,D,D,D,D
mp-aaabxiuu,D,D,H,D,H,H
mp-aaabxiuz,D,D,D,D,D,H
mp-aaabxiva,D,D,D,D,D,D
mp-aaabxivd,H,H,D,D,D,D
mp-aaabxive,H,D,H,H,H,H
mp-aaabxivi,D,H,H,D,D,H
mp-aaabxivl,H,D,D,H,D,D
mp-aaabxivn,D,H,D,D,D,D
mp-aaabxivs,D,D,D,D,D,D
mp-aaabxiwc,D,D,D,D,D,D
mp-aaabxiwg,D,H,D,H,D,D
mp-aaabxiwh,D,D,D,H,D,H
mp-aaabxiwi,D,D,D,D,D,H
mp-aaabxiwj,D,D,H,D,H,H
mp-aaabxiwk,D,D,D,D,D,H
mp-aaabxiwm,H,D,D,H,H,D
mp-aaabxiwn,D,D,D,D,D,H
mp-aaabxiwo,D,H,H,D,D,H
mp-aaabxiws,D,D,D,H,D,D
mp-aaabxiwt,D,H,D,D,H,D
mp-aaabxiwu,D,D,D,D,D,H
mp-aaabxiww,H,H,H,D,H,D
mp-aaabxiwx,H,D,H,H,H,D
mp-aaabxiwz,H,D,H,D,H,H
mp-aaabxixd,D,D,D,D,D,D
mp-aaabxixe,D,D,D,D,H,H
mp-aaabxixf,D,H,D,D,H,D
mp-aaabxixl,D,H,D,D,H,H
mp-aaabxixm,D,D,D,D,H,H
mp-aaabxixn,D,H,D,H,D,H
mp-aaabxixp,D,D,D,D,D,D
mp-aaabxixq,D,D,D,H,D,D
mp-aaabxixs,D,H,D,D,H,D
mp-aaabxixu,H,H,D,D,D,D
mp-aaabxixv,H,H,H,D,D,D
mp-aaabxixw,D,D,H,D,D,D
mp-aaabxixx,D,D,H,D,H,H
mp-aaabxixy,D,D,D,D,H,D
mp-aaabxixz,D,H,D,D,D,D
mp-aaabxiyb,D,H,D,D,H,D
mp-aaabxiyc,D,D,D,D,D,D
mp-aaabxiyg,H,D,D,D,H,D
mp-aaabxiyh,D,D,D,H,H,D
mp-aaabxiyi,D,D,D,D,D,D
mp-aaabxiyk,D,D,D,H,H,D
mp-aaabxiyl,D,H,D,D,D,D
mp-aaabxiyo,H,D,D,H,D,H
mp-aaabxiyp,D,D,D,D,D,H
mp-aaabxiyq,D,D,D,D,D,H
mp-aaabxiyr,D,H,H,D,H,H
mp-aaabxiys,D,D,H,D,D,D
mp-aaabxiyt,D,D,D,D,D,D
mp-aaabxiyv,H,D,D,D,D,D
mp-aaabxiyy,D,D,H,H,H,D
mp-aaabxiyz,H,D,D,D,D,H
mp-aaabxizd,D,D,D,H,H,D
mp-aaabxizf,D,D,D,D,H,D
mp-aaabxizg,D,D,D,D,D,D
mp-aaabxizi,D,D,H,D,D,D
mp-aaabxizk,H,D,D,D,H,D
mp-aaabxizw,D,D,D,H,D,H
mp-aaabxizy,H,D,H,D,D,D
mp-aaabxizz,D,D,H,D,D,D
mp-aaabxjal,H,D,D,D,D,D
mp-aaabxjas,D,D,D,D,H,H
mp-aaabxjat,H,D,D,D,H,H
mp-aaabxjaw,D,D,D,D,D,D
mp-aaabxjbi,D,H,H,D,H,H
mp-aaabxjbj,D,D,D,D,D,D
mp-aaabxjbl,H,H,D,D,D,H
mp-aaabxjbm,D,D,D,H,D,H
mp-aaabxjbo,D,D,D,H,D,H
mp-aaabxjbp,H,D,D,D,D,D
mp-aaabxjbq,D,D,D,D,D,D
mp-aaabxjbt,D,H,D,D,H,H
mp-aaabxjbw,H,H,D,D,H,D
mp-aaabxjbx,D,D,H,D,D,H
mp-aaabxjcb,H,H,D,D,H,D
mp-aaabxjcm,D,D,H,D,D,D
mp-aaabxjek,H,D,D,H,D,D
mp-aaabxjqy,D,D,D,D,D,D
mp-aaabxjrg,H,D,D,D,H,D
mp-aaabxjrl,D,H,D,H,D,D
mp-aaabxjrm,D,D,H,D,H,D
mp-aaabxjrt,D,H,H,D,D,D
mp-aaabxjrv,H,H,D,D,D,D
mp-aaabxjrx,D,D,D,D,D,D
mp-aaabxjrz,D,D,H,D,D,D
mp-aaabxjsd,D,D,D,D,D,D
mp-aaabxjse,H,D,H,H,D,D
mp-aaabxjsk,D,D,H,D,D,D
mp-aaabxjsm,D,D,D,D,H,H
mp-aaabxjsq,H,D,D,D,D,D
mp-aaabxjss,D,D,D,D,D,D
mp-aaabxjst,D,D,D,D,D,D
mp-aaabxjsw,D,H,H,D,D,D
mp-aaabxjsz,D,H,D,D,D,D
mp-aaabxjta,D,D,D,D,H,D
mp-aaabxjtb,D,D,H,D,D,D
mp-aaabxjtd,D,H,H,D,D,D
mp-aaabxjtf,D,D,D,D,D,D
mp-aaabxjti,H,D,H,D,H,D
mp-aaabxjtn,D,D,H,D,H,D
mp-aaabxjto,D,H,D,D,D,D
mp-aaabxjtt,H,D,D,H,H,D
mp-aaabxjty,D,H,D,D,H,D
mp-aaabxjua,H,D,D,D,H,H
mp-aaabxjub,D,D,D,D,D,D
mp-aaabxjug,H,D,H,H,D,D
mp-aaabxjuj,D,H,D,H,H,D
mp-aaabxjuk,D,D,H,D,D,D
mp-aaabxjum,H,H,H,D,D,D
mp-aaabxjuo,H,D,D,D,D,H
mp-aaabxjus,D,H,D,D,D,D
mp-aaabxjuv,H,D,D,D,D,D
mp-aaabxjuw,D,D,H,D,H,D
mp-aaabxjuz,D,D,D,H,H,D
mp-aaabxjva,D,D,D,H,H,H
mp-aaabxjvf,D,H,H,H,H,H
mp-aaabxjvh,D,D,D,D,D,D
mp-aaabxjvi,D,D,H,D,D,D
mp-aaabxjvj,H,H,D,H,D,D
mp-aaabxjvo,D,D,H,H,H,D
mp-aaabxjvp,H,D,H,D,H,H
mp-aaabxjvq,D,D,D,D,D,D
mp-aaabxjvs,H,D,H,H,H,H
mp-aaabxjvt,D,D,D,D,H,D
mp-aaabxjvu,H,D,H,D,D,D
mp-aaabxjvw,H,D,D,D,D,D
mp-aaabxjvz,H,H,H,D,H,D
mp-aaabxjwb,D,D,H,H,D,D
mp-aaabxjwc,D,D,H,D,D,D
mp-aaabxjwh,D,H,H,D,D,H
mp-aaabxjwo,H,D,H,D,D,H
mp-aaabxjwp,D,H,D,H,H,H
mp-aaabxjwq,D,H,D,D,D,D
mp-aaabxjwr,D,H,D,D,H,H
mp-aaabxjwt,H,H,D,D,D,H
mp-aaabxjwv,D,H,D,D,D,D
mp-aaabxjwy,H,D,D,H,D,H
mp-aaabxjxc,H,H,H,D,D,H
mp-aaabxjxd,H,D,D,H,D,D
mp-aaabxjxf,D,D,D,D,D,D
mp-aaabxjxj,H,D,D,D,D,D
mp-aaabxjxk,D,H,D,H,H,H
mp-aaabxjxl,H,D,H,D,D,H
mp-aaabxjxn,D,D,D,D,D,H
mp-aaabxjxp,D,D,D,D,H,H
mp-aaabxjxq,H,D,D,D,D,H
mp-aaabxjxs,H,D,H,D,D,D
mp-aaabxjxt,H,D,D,D,D,D
mp-aaabxjxv,D,D,D,D,D,D
mp-aaabxjxw,D,H,D,D,D,D
mp-aaabxjya,D,D,D,H,D,H
mp-aaabxjzu,D,D,H,D,D,D
mp-aaabxjzv,D,D,D,H,H,D
mp-aaabxkab,D,D,D,H,D,D
mp-aaaccfde,D,D,H,D,H,D
mp-aaaccsoj,D,D,D,D,D,D
mp-aaaccsoq,H,D,D,D,H,H
mp-aaaccsou,H,D,D,D,H,D
mp-aaaccspc,D,D,H,D,H,H
mp-aaaccspg,H,D,H,H,D,D
mp-aaaccspm,D,H,D,D,D,D
mp-aaaccsqa,D,D,H,D,H,H
mp-aaaccsrc,D,H,D,D,D,D
mp-aaaccsrl,D,D,D,H,D,D
mp-aaacctep,H,D,D,D,D,H
mp-aaaccteq,D,D,D,H,D,D
mp-aaacdhjx,D,D,D,H,D,D
mp-aaacdhle,D,H,D,H,D,D
mp-aaacdhlf,D,H,H,D,D,D
mp-aaacdhlh,D,D,H,D,D,D
mp-aaacdhmo,D,D,D,D,D,D
mp-aaacdhmp,D,D,D,D,D,D
mp-aaacdhmu,D,H,D,H,D,H
mp-aaacdhnc,D,H,D,D,D,H
mp-aaacdhnd,H,D,H,D,D,D
mp-aaacdhod,H,D,D,D,D,D
mp-aaacdhox,H,D,D,H,D,D
mp-aaacdhpb,H,D,D,D,H,H
mp-aaacdhqi,D,D,H,D,D,H
mp-aaacdhsl,D,H,D,D,D,D
mp-aaacdhto,D,D,H,D,D,D
mp-aaacdhtq,D,D,D,D,D,D
mp-aaacdhts,D,H,D,D,D,D
mp-aaacdhub,D,H,D,D,D,D
mp-aaacdhut,H,D,D,D,H,H
mp-aaacdhvv,H,H,D,D,D,D
mp-aaacdhwb,D,D,D,D,D,D
mp-aaacdhyg,D,H,H,D,H,D
mp-aaacdhyi,D,D,H,D,H,D
mp-aaacdhym,H,D,D,H,H,H
mp-aaacdhza,D,D,D,D,D,D
mp-aaacdhzh,H,D,D,D,D,D
mp-aaacdhzj,D,D,H,D,D,D
mp-aaacdiaa,D,H,D,D,D,D
mp-aaacdial,D,D,D,D,D,D
mp-aaacdibf,D,H,H,D,D,H
mp-aaacdicq,H,H,D,D,D,D
mp-aaacdido,D,H,D,H,D,H
mp-aaacdidt,H,H,D,D,H,H
mp-aaacdiek,D,H,H,H,D,D
mp-aaacdien,D,H,H,D,H,D
mp-aaacdier,H,D,D,H,D,D
mp-aaacdiez,H,H,D,D,D,D
mp-aaacdifc,D,D,D,D,D,D
mp-aaacdifk,D,D,H,D,D,D
mp-aaacdifu,D,H,D,D,D,D
mp-aaacdifx,D,D,D,D,D,H
mp-aaacdiga,D,D,D,D,H,H
mp-aaacdign,D,D,D,D,D,D
mp-aaacdihe,H,H,H,H,D,H
mp-aaacdihf,D,D,H,D,D,H
mp-aaacdijb,H,D,D,D,H,D
mp-aaacdije,D,D,D,D,D,H
mp-aaacdijp,D,D,D,D,H,H
mp-aaacdike,D,D,H,D,D,D
mp-aaacdikf,D,H,D,D,D,D
mp-aaacdikw,D,D,D,D,D,D
mp-aaacdilw,H,H,D,D,D,H
mp-aaacdimp,H,H,D,D,D,H
mp-aaacdimu,H,D,D,D,H,D
mp-aaacdiod,H,D,D,H,D,D
mp-aaacdipq,D,H,D,D,D,D
mp-aaacdiqa,D,D,D,D,D,H
mp-aaacdiqh,D,D,D,D,H,D
mp-aaacdiqs,H,D,D,D,D,D
mp-aaacdiqw,D,D,H,D,D,H
mp-aaacdiqy,D,D,H,D,D,D
mp-aaacdira,H,D,D,D,D,D
mp-aaacdirg,D,H,D,D,D,D
mp-aaacdirk,H,D,D,D,D,H
mp-aaacdirl,D,D,H,D,D,D
mp-aaacdirt,D,H,D,H,D,H
mp-aaacditt,D,H,D,D,H,H
mp-aaacdiup,H,H,H,D,D,D
mp-aaacdivb,D,H,H,D,D,H
mp-aaacdivg,H,D,D,H,D,D
mp-aaacdivt,H,D,D,H,D,D
mp-aaacdiwu,D,D,H,H,D,D
mp-aaacdixg,D,D,D,H,D,D
mp-aaacdjdt,D,D,D,D,D,H
mp-aaacdjdy,D,D,D,D,D,D
mp-aaacdjeb,D,D,H,D,H,D
mp-aaacdjei,D,D,D,D,D,D
mp-aaacdjej,D,H,D,D,D,D
mp-aaacdjel,D,D,D,D,D,D
mp-aaacdjeo,D,D,H,D,D,H
mp-aaacdjeq,H,H,H,D,D,D
mp-aaacdjfb,D,D,D,H,D,D
mp-aaacdjfe,D,D,H,D,D,D
mp-aaacdjff,H,H,D,H,H,H
mp-aaacdjfn,H,H,D,H,D,D
mp-aaacdjfo,D,D,H,D,D,D
mp-aaacdjfs,D,D,H,D,D,D
mp-aaacdjfu,D,D,D,H,D,D
mp-aaacdjgf,D,D,H,D,D,D
mp-aaacdjgv,H,D,D,H,D,H
mp-aaacdjgz,D,H,H,D,H,D
mp-aaacdjhd,D,D,D,D,H,D
mp-aaacdjhi,D,D,D,H,D,D
mp-aaacdjhl,D,D,D,H,D,D
mp-aaacdjho,D,D,H,H,D,D
mp-aaacdjhp,D,D,D,H,D,D
mp-aaacdjhu,D,D,H,D,D,D
mp-aaacdjim,D,D,D,D,D,D
mp-aaacdjjg,D,H,D,H,D,D
mp-aaacdjjy,D,H,D,H,D,D
mp-aaacdjka,D,H,D,D,D,D
mp-aaacdjlg,D,D,D,D,D,D
mp-aaacdjli,D,D,D,H,D,H
mp-aaacdjlk,D,D,D,D,H,D
mp-aaacdjmm,D,D,D,D,D,H
mp-aaacdjmq,D,D,H,D,H,D
mp-aaacdjon,D,D,D,D,D,D
mp-aaacdjoo,D,H,D,H,H,D
mp-aaacdjop,D,D,D,H,D,D
mp-aaacdjov,H,H,D,D,H,H
mp-aaacdjoz,H,D,D,H,H,H
mp-aaacdjpm,D,D,D,D,D,D
mp-aaacdjpu,D,D,D,D,D,D
mp-aaacdjqb,D,H,D,H,D,D
mp-aaacdjql,D,H,H,D,H,H
mp-aaacdjrx,H,D,D,D,D,H
mp-aaacdjsa,D,H,D,D,D,D
mp-aaacdjss,D,D,D,D,D,H
mp-aaacdjsy,D,D,D,D,D,H
mp-aaacdjti,D,D,H,D,H,D
mp-aaacdjtm,H,H,D,D,D,D
mp-aaacdjts,D,D,D,D,H,D
mp-aaacdjuq,H,D,H,D,D,H
mp-aaacdjvg,H,D,D,D,D,D
mp-aaacdjvp,D,D,D,D,D,D
mp-aaacdjwg,D,D,D,D,D,D
mp-aaacdjwh,D,D,H,D,D,H
mp-aaacdjwr,H,H,H,H,D,D
mp-aaacdjxm,D,D,D,H,H,D
mp-aaacdjzb,H,D,D,D,D,D
mp-aaacdjzs,H,D,D,D,D,D
mp-aaacdkac,D,D,H,D,D,D
mp-aaacdkad,D,D,D,D,D,D
mp-aaacdkag,D,D,H,D,D,D
mp-aaacdkap,D,D,D,H,H,D
mp-aaacdkaz,D,D,D,D,H,H
mp-aaacdkdq,H,D,D,H,D,D
mp-aaacdkdu,H,D,H,D,D,H
mp-aaacdkem,D,D,D,H,D,D
mp-aaacdker,H,H,H,D,H,H
mp-aaacdkeu,D,D,D,H,D,D
mp-aaacdkfc,H,D,D,D,D,H
mp-aaacdkgk,H,D,D,D,D,D
mp-aaacdkgs,D,H,D,D,D,D
mp-aaacdkho,D,D,D,D,H,D
mp-aaacdkhy,H,H,D,H,D,D
mp-aaacdkie,H,D,D,H,H,D
mp-aaacdkif,D,D,H,D,H,D
mp-aaacdkjk,D,H,D,H,D,D
mp-aaacdkjp,H,H,D,D,H,D
mp-aaacdkli,D,H,D,D,H,D
mp-aaacdkly,D,D,D,D,H,H
mp-aaacdkmt,D,D,D,D,D,D
mp-aaacdkpe,H,D,H,H,H,D
mp-aaacdkpl,D,D,H,D,D,D
mp-aaacdkpr,D,H,D,H,D,D
mp-aaacdkqj,H,D,H,D,D,D
mp-aaacdkqs,D,D,D,D,D,D
mp-aaacdkrf,H,H,D,D,H,D
mp-aaacdkri,D,D,D,D,D,D
mp-aaacdkrl,D,H,D,H,H,H
mp-aaacdkrm,D,H,D,D,H,H
mp-aaacdksc,D,D,D,D,D,D
mp-aaacdktw,H,D,H,D,D,H
mp-aaacdktx,D,D,H,D,H,H
mp-aaacdkut,H,H,D,H,D,D
mp-aaacdkxz,H,D,D,D,H,D
mp-aaacdkyc,D,D,H,D,D,D
mp-aaacdleb,D,D,D,D,D,D
mp-aaacdlfh,H,H,D,D,D,D
mp-aaacdlhy,D,D,H,H,D,H
mp-aaacdlib,H,D,D,D,H,D
mp-aaacdlic,D,D,D,D,D,D
mp-aaacdlil,H,D,D,H,H,D
mp-aaacdlir,H,D,D,H,H,D
mp-aaacdlji,D,D,D,H,D,D
mp-aaacdlju,D,D,D,D,H,D
mp-aaacdlkl,H,D,D,H,D,H
mp-aaacdlkt,D,D,D,D,H,D
mp-aaacdllj,D,D,D,D,H,D
mp-aaacdlln,D,D,D,D,H,D
mp-aaacdllo,D,D,D,D,D,D
mp-aaacdllp,D,H,D,H,H,D
mp-aaacdllt,D,D,D,H,D,D
mp-aaacdlmc,D,D,D,D,D,D
mp-aaacdlnb,D,D,D,D,H,D
mp-aaacdlpl,H,D,D,H,D,D
mp-aaacdlpr,D,D,D,D,H,D
mp-aaacdlpv,D,D,H,D,D,H
mp-aaacdltg,D,D,D,D,H,D
mp-aaacdlth,D,D,D,D,D,D
mp-aaacdltp,D,D,D,D,H,D
mp-aaacdltr,H,D,D,D,D,H
mp-aaacdluc,D,D,H,D,D,D
mp-aaacdlug,D,H,D,D,D,H
mp-aaacdlwu,D,D,H,D,D,D
mp-aaacdlyd,H,D,D,D,D,H
mp-aaacdlzi,D,D,D,H,D,H
mp-aaacdlzq,H,H,D,D,D,D
mp-aaacdmah,D,D,D,H,D,D
mp-aaacdmas,D,H,D,H,D,H
mp-aaacdmbj,D,D,D,D,D,D
mp-aaacdmbz,D,D,D,D,H,D
mp-aaacdmcv,H,H,D,D,D,D
mp-aaacdmcw,D,D,D,H,D,H
mp-aaacdmdn,D,D,D,H,D,H
mp-aaacdmfl,D,D,H,D,D,D
mp-aaacdmfq,D,D,D,H,D,D
mp-aaacdmfv,H,D,D,H,H,H
mp-aaacdmga,H,D,D,D,D,D
mp-aaacdmgc,D,D,D,H,D,D
mp-aaacdmgz,D,H,D,D,D,H
mp-aaacdmjc,D,H,D,D,D,D
mp-aaacdmjx,D,D,D,D,D,H
mp-aaacdmou,D,D,D,D,D,H
mp-aaacdmqo,D,D,D,H,D,D
mp-aaacdmrt,D,D,D,D,D,H
mp-aaacdmvv,D,D,D,D,D,D
mp-aaacdmwe,D,D,D,H,D,D
mp-aaacdmwt,H,D,D,D,D,D
mp-aaacdmxa,H,D,D,D,D,D
mp-aaacdmxo,H,D,D,D,D,D
mp-aaacdnbr,D,D,D,D,D,D
mp-aaacdnbs,D,D,D,D,D,D
mp-aaacdnbv,H,H,D,H,D,H
mp-aaacdnby,D,D,D,H,H,D
mp-aaacdncc,D,H,H,D,H,D
mp-aaacdnfk,D,D,D,D,D,D
mp-aaacdngo,D,D,D,D,D,D
mp-aaacdngp,H,D,D,H,H,D
mp-aaacdngq,D,D,D,D,D,D
mp-aaacdnha,D,D,D,H,D,D
mp-aaacdnhb,H,D,D,D,H,D
mp-aaacdnhc,D,H,H,D,D,D
mp-aaacdnhg,D,H,H,D,H,D
mp-aaacdnhi,D,H,D,D,D,H
mp-aaacdnho,H,D,D,H,D,D
mp-aaacdnlp,D,D,D,H,H,H
mp-aaacdnmi,D,D,H,H,D,D
mp-aaacdnmn,D,D,D,H,D,D
mp-aaacdnmo,H,D,H,D,D,D
mp-aaacdnmr,H,D,D,H,D,D
mp-aaacdnmv,D,D,H,H,D,D
mp-aaacdnnq,D,D,H,D,D,D
mp-aaacdnoc,H,H,D,D,H,D
mp-aaacdnoq,D,D,D,D,D,H
mp-aaacdnpk,H,D,D,H,H,D
mp-aaacdnpw,H,D,D,D,D,D
mp-aaacdnpy,D,D,H,D,H,H
mp-aaacdnpz,D,H,D,D,H,H
mp-aaacdnqm,D,H,D,H,H,H
mp-aaacdnqu,D,D,D,D,D,D
mp-aaacdnqw,D,D,D,H,H,D
mp-aaacdnqz,H,H,H,D,D,H
mp-aaacdnrk,D,D,D,H,D,D
mp-aaacdnrw,D,D,H,D,D,H
mp-aaacdnrx,D,H,D,D,D,H
mp-aaacdntk,D,D,D,D,H,D
mp-aaacdnug,D,D,H,D,D,D
mp-aaacdnuj,H,H,D,D,H,H
mp-aaacdnuu,D,D,D,H,D,H
mp-aaacdnuw,D,D,D,D,H,D
mp-aaacdnvj,D,H,H,D,D,D
mp-aaacdnvq,D,H,D,D,D,D
mp-aaacdnwh,D,D,D,H,H,D
mp-aaacdnwp,H,H,H,D,H,D
mp-aaacdnwv,D,D,D,D,D,H
mp-aaacdnxj,H,H,H,D,H,H
mp-aaacdnxk,D,D,D,H,H,D
mp-aaacdnxq,D,D,H,D,D,D
mp-aaacdnyo,D,D,D,D,H,D
mp-aaacdnyv,D,D,D,D,D,H
mp-aaacdnyw,D,D,D,D,D,D
mp-aaacdnzl,D,H,D,D,D,D
mp-aaacdnzu,D,H,H,D,D,D
mp-aaacdnzv,D,D,H,H,H,D
mp-aaacdnzy,D,D,D,H,D,D
mp-aaacdoag,D,D,D,D,D,D
mp-aaacdoah,H,D,D,D,D,D
mp-aaacdoap,H,D,D,H,H,D
mp-aaacdocy,H,D,D,D,D,D
mp-aaacdodo,D,D,D,H,H,D
mp-aaacdoei,D,D,H,H,H,D
mp-aaacdoel,D,D,D,H,H,D
mp-aaacdoem,H,D,D,D,D,H
mp-aaacdoen,D,D,H,D,H,D
mp-aaacdoeo,D,D,D,H,H,D
mp-aaacdoer,D,D,D,D,H,D
mp-aaacdoez,D,D,D,D,D,D
mp-aaacdofs,H,D,D,D,D,D
mp-aaacdohe,D,D,D,D,D,D
mp-aaacdohh,D,H,D,D,D,D
mp-aaacdohi,H,D,D,D,H,D
mp-aaacdohp,D,D,D,D,D,D
mp-aaacdohr,H,H,D,D,D,D
mp-aaacdohs,H,D,D,H,D,D
mp-aaacdoie,D,D,D,D,D,D
mp-aaacdokb,D,D,D,D,D,H
mp-aaacdoke,H,D,D,D,D,D
mp-aaacdokp,D,D,D,H,D,D
mp-aaacdoku,H,D,D,D,D,D
mp-aaacdokv,D,H,D,H,D,D
mp-aaacdokw,D,D,H,D,D,H
mp-aaacdorc,D,D,D,H,D,D
mp-aaacdork,H,H,D,D,D,D
mp-aaacdorm,D,H,D,D,D,H
mp-aaacdoro,D,D,D,H,H,D
mp-aaacdowj,D,D,D,D,D,D
mp-aaacdoxc,H,D,H,D,D,D
mp-aaacdoxj,D,D,H,H,D,D
mp-aaacdoye,D,H,H,H,D,D
mp-aaacdoyq,D,D,D,D,D,D
mp-aaacdoyz,D,D,D,D,D,D
mp-aaacdozf,H,D,D,D,D,D
mp-aaacdozm,D,D,D,D,D,D
mp-aaacdozy,D,D,D,D,D,D
mp-aaacdpas,D,D,D,D,D,D
mp-aaacdpbb,D,D,D,D,H,D
mp-aaacdpbk,D,D,D,D,D,H
mp-aaacdpbr,D,D,D,D,D,D
mp-aaacdpby,D,H,D,D,D,H
mp-aaacdpcm,D,D,D,D,D,D
mp-aaacdpcv,D,D,D,D,H,D
mp-aaacdpet,H,D,D,D,D,H
mp-aaacdpfv,D,D,D,D,D,H
mp-aaacdpga,D,H,D,H,D,D
mp-aaacdpjd,D,D,H,H,D,D
mp-aaacdpjf,D,H,D,H,D,D
mp-aaacdple,D,H,D,D,H,D
mp-aaacdplu,H,D,D,D,D,D
mp-aaacdplw,D,D,D,H,D,D
mp-aaacdpmg,D,D,D,D,D,D
mp-aaacdpmi,D,D,D,D,D,H
mp-aaacdpml,D,D,D,D,H,D
mp-aaacdpnx,D,D,D,D,H,H
mp-aaacdpod,D,D,D,D,D,H
mp-aaacdpof,H,D,D,H,D,H
mp-aaacdppo,H,D,H,D,H,H
mp-aaacdpqd,D,H,D,H,D,D
mp-aaacdprc,H,H,D,H,D,D
mp-aaacdprl,D,H,D,H,H,D
mp-aaacdprv,D,D,D,H,D,D
mp-aaacdpsw,D,D,H,D,D,D
mp-aaacdpum,H,D,D,D,H,D
mp-aaacdpun,H,H,D,D,D,D
mp-aaacdpuo,D,D,H,H,D,D
mp-aaacdpuq,D,D,D,H,H,D
mp-aaacdpus,H,D,H,D,D,D
mp-aaacdpuw,H,D,D,D,D,H
mp-aaacdpux,D,H,D,H,D,D
mp-aaacdpvb,D,D,D,H,D,D
mp-aaacdpvd,D,H,D,D,D,D
mp-aaacdpvg,D,H,H,D,D,D
mp-aaacdpvk,D,D,D,D,D,H
mp-aaacdpvo,D,D,H,D,D,D
mp-aaacdpvq,D,H,D,D,D,D
mp-aaacdpvy,D,D,D,D,D,D
mp-aaacdpvz,D,H,D,D,D,H
mp-aaacdpwa,D,D,H,D,D,D
mp-aaacdpwe,H,D,D,D,D,H
mp-aaacdpwg,D,D,D,D,D,D
mp-aaacdpwh,D,H,D,D,D,D
mp-aaacdpwj,D,D,D,D,H,D
mp-aaacdpwl,D,H,D,D,D,D
mp-aaacdpwm,H,H,H,D,D,D
mp-aaacdpwp,D,D,H,H,D,H
mp-aaacdpwx,D,D,D,D,D,D
mp-aaacdpwy,D,D,H,D,D,D
mp-aaacdpxa,D,D,D,H,D,D
mp-aaacdpxd,D,H,D,D,D,D
mp-aaacdpxh,D,D,D,D,D,H
mp-aaacdpxj,D,H,H,D,D,H
mp-aaacdpxk,D,D,D,D,H,D
mp-aaacdpxm,D,D,D,D,D,D
mp-aaacdpxq,H,D,H,D,H,D
mp-aaacdpxs,D,D,D,H,D,D
mp-aaacdpxu,D,D,D,D,D,D
mp-aaacdpxv,D,D,D,D,D,D
mp-aaacdpxy,H,D,H,D,H,H
mp-aaacdpxz,H,D,H,D,D,H
mp-aaacdpya,D,D,D,H,D,H
mp-aaacdpyb,D,D,D,H,D,D
mp-aaacdpys,D,H,D,D,D,H
mp-aaacdpyt,H,H,D,D,H,D
mp-aaacdqbm,D,D,H,D,H,D
mp-aaacdqbp,H,H,D,D,H,H
mp-aaacdqbt,D,D,D,D,H,H
mp-aaacdqbu,H,D,D,H,H,D
mp-aaacdqbx,D,H,D,D,D,D
mp-aaacdqby,H,D,D,D,D,D
mp-aaacdqbz,H,D,D,D,D,D
mp-aaacdqcb,D,D,D,D,D,D
mp-aaacdqcc,H,D,H,H,H,D
mp-aaacdqcf,D,D,D,D,D,D
mp-aaacdqcg,D,H,D,D,H,D
mp-aaacdqcl,D,D,D,D,D,D
mp-aaacdqcn,D,H,D,D,D,H
mp-aaacdqcp,H,D,H,D,D,H
mp-aaacdqcs,H,D,D,H,D,D
mp-aaacdqcw,D,D,H,D,D,D
mp-aaacdqcy,D,D,D,H,H,D
mp-aaacdqde,H,D,D,H,D,D
mp-aaacdqdg,D,D,D,H,D,H
mp-aaacdqdi,D,D,D,D,D,D
mp-aaacdqdl,H,H,D,H,D,D
mp-aaacdqdp,D,D,D,D,H,D
mp-aaacdqth,D,D,D,H,H,H
mp-aaacdqtt,H,H,H,H,D,H
mp-aaacdqus,D,D,H,D,D,D
mp-aaacdqwp,D,D,D,H,H,H
mp-aaacdqwr,D,D,D,H,D,D
mp-aaacdqwu,D,D,D,H,D,D
mp-aaacdqwv,D,D,D,H,D,D
mp-aaacdqxb,H,D,D,D,H,H
mp-aaacdqxg,D,D,D,H,D,H
mp-aaacdrdg,D,D,H,H,H,H
mp-aaacdrdl,H,D,D,H,D,D
mp-aaacdrdo,D,D,H,D,D,D
mp-aaacdrdp,D,D,H,H,D,D
mp-aaacdrdr,D,D,H,D,D,D
mp-aaacdrdu,D,D,D,D,D,H
mp-aaacdrdx,H,H,D,H,D,D
mp-aaacdrdy,D,D,D,H,D,D
mp-aaacdrea,D,D,H,D,D,D
mp-aaacdreb,D,H,D,D,H,D
mp-aaacdree,H,D,H,D,H,D
mp-aaacdref,H,D,H,D,H,D
mp-aaacdreg,D,H,H,H,H,D
mp-aaacdreh,H,D,H,H,D,D
mp-aaacdrej,H,D,H,D,H,D
mp-aaacdrek,H,D,H,D,H,D
mp-aaacdrel,D,D,H,H,D,D
mp-aaacdreo,D,D,D,H,D,D
mp-aaacdrep,D,H,D,H,H,H
mp-aaacdrer,H,H,D,H,D,H
mp-aaacdres,D,D,D,D,D,D
mp-aaacdrfb,D,H,D,H,D,D
mp-aaacdrfc,D,D,H,D,H,D
mp-aaacdrmo,H,D,H,D,D,D
mp-aaacdrms,D,H,D,D,H,D
mp-aaacdrmx,D,D,D,H,D,D
mp-aaacdrnd,D,D,D,D,D,H
mp-aaacdrne,H,D,H,D,D,D
mp-aaacdrnf,H,H,D,H,D,D
mp-aaacdrnj,D,D,D,D,D,D
mp-aaacdrnn,D,D,H,D,D,D
mp-aaacdrnr,D,H,H,D,H,H
mp-aaacdrnt,D,D,H,H,H,D
mp-aaacdrob,D,H,H,D,H,D
mp-aaacdrog,D,H,H,D,D,D
mp-aaacdroh,D,D,H,D,D,H
mp-aaacdroj,D,D,D,D,D,H
mp-aaacdrok,D,H,D,H,H,D
mp-aaacdrol,D,D,D,D,D,D
mp-aaacdron,D,D,D,D,D,D
mp-aaacdros,D,D,H,D,D,H
mp-aaacdrot,D,H,D,H,D,D
mp-aaacdrov,H,D,D,H,D,D
mp-aaacdrpb,D,D,D,D,D,H
mp-aaacdrpc,D,D,D,D,H,D
mp-aaacdrrk,D,D,D,H,H,D
mp-aaacdrrl,D,D,H,D,D,D
mp-aaacdrya,D,D,D,D,D,D
mp-aaacdryb,D,D,D,D,H,D
mp-aaacdryl,H,D,H,D,D,D
mp-aaacdrym,D,H,D,D,D,D
mp-aaacdryt,D,D,H,H,D,H
mp-aaacdrzb,H,D,D,D,H,D
mp-aaacdrzc,H,D,H,D,D,H
mp-aaacdrzl,D,D,D,H,D,D
mp-aaacdsaf,D,D,D,H,D,H
mp-aaacdsch,D,H,D,H,D,D
mp-aaacdscl,D,D,D,D,D,H
mp-aaacdscs,H,D,D,H,H,D
mp-aaacdsdd,H,D,D,D,D,D
mp-aaacdsdy,D,D,H,D,D,D
mp-aaacdseb,D,D,D,D,D,D
mp-aaacdsem,D,D,D,D,D,D
mp-aaacdser,H,D,H,D,H,D
mp-aaacdsev,D,D,H,D,D,D
mp-aaacdsex,D,D,D,D,H,D
mp-aaacdsey,H,D,D,D,D,H
mp-aaacdsfi,H,H,D,D,D,D
mp-aaacdsfj,D,D,D,D,D,D
mp-aaacdsfk,D,D,D,D,D,D
mp-aaacdsfr,D,D,D,H,D,D
mp-aaacdsgf,D,D,D,D,D,D
mp-aaacdsgh,H,D,D,D,H,D
mp-aaacdsgj,D,D,H,H,D,D
mp-aaacdsgk,D,D,D,D,D,D
mp-aaacdsgw,H,D,H,D,D,D
mp-aaacdshj,D,D,H,D,D,D
mp-aaacdsho,D,D,D,H,D,D
mp-aaacdsib,D,D,D,D,D,D
mp-aaacdsir,D,H,D,D,D,D
mp-aaacdskh,D,D,D,D,D,D
mp-aaacdsmq,D,H,H,D,D,H
mp-aaacdsow,D,D,D,D,H,D
mp-aaacdspu,H,H,D,H,H,D
mp-aaacdspz,D,D,H,D,D,D
mp-aaacdsqd,D,D,H,D,D,D
mp-aaacdsqf,H,H,D,D,D,H
mp-aaacdsqg,D,H,D,D,H,D
mp-aaacdsqx,D,D,D,D,D,H
mp-aaacdsqz,D,D,D,D,H,D
mp-aaacdssx,H,H,D,H,D,D
mp-aaacdsvx,H,D,H,H,H,H
mp-aaacdsvz,H,H,D,D,D,D
mp-aaacdswb,H,D,H,D,D,D
mp-aaacdswd,D,H,D,D,H,D
mp-aaacdswe,H,H,D,D,D,H
mp-aaacdswf,H,D,D,D,D,D
mp-aaacdswh,D,D,D,D,H,H
mp-aaacdswj,D,D,D,D,H,D
mp-aaacdswk,D,D,D,D,H,D
mp-aaacdswl,D,D,H,D,D,D
mp-aaacdswo,D,H,D,D,D,H
mp-aaacdswp,D,D,D,D,D,D
mp-aaacdsxn,D,D,D,D,D,D
mp-aaacdsxt,D,H,H,H,D,D
mp-aaacdtdm,D,D,D,D,H,D
mp-aaacdthg,D,D,D,D,H,H
mp-aaacdthj,D,H,H,D,D,D
mp-aaacdtit,D,D,D,D,H,D
mp-aaacdtol,D,D,H,H,D,D
mp-aaacdtow,D,D,D,D,H,D
mp-aaacdtpj,D,H,H,H,H,H
mp-aaacdtpr,D,H,D,D,H,D
mp-aaacdtpu,D,H,D,H,H,D
mp-aaacdtpv,H,D,D,D,D,D
mp-aaacdtpw,H,D,D,D,D,D
mp-aaacdtqa,H,D,D,D,D,D
mp-aaacdtqf,D,D,H,D,D,D
mp-aaacdtqk,D,D,H,H,D,D
mp-aaacdtqp,D,D,D,D,H,H
mp-aaacdtqq,H,D,H,D,D,D
mp-aaacdtqv,D,D,H,D,D,H
mp-aaacdtqw,D,D,D,D,D,D
mp-aaacdtqx,H,D,H,D,H,H
mp-aaacdtqz,D,D,H,H,D,H
mp-aaacdtrb,D,D,D,D,H,D
mp-aaacdtrc,D,D,D,D,D,H
mp-aaacdtrv,D,D,D,H,H,D
mp-aaacdtrx,D,D,H,D,H,D
mp-aaacdtsj,D,D,D,D,H,H
mp-aaacdtsm,D,H,D,D,D,D
mp-aaacdtso,D,H,H,H,D,H
mp-aaacdtsw,D,D,D,D,D,D
mp-aaacdttq,H,D,H,D,D,D
mp-aaacdtua,H,D,H,H,D,D
mp-aaacdtuj,D,D,D,D,H,D
mp-aaacdtuk,H,D,D,H,H,H
mp-aaacdtul,D,H,H,D,D,D
mp-aaacdtup,H,D,D,D,D,D
mp-aaacdtus,D,D,D,D,H,H
mp-aaacdtut,H,D,D,H,D,H
mp-aaacdtuu,D,D,D,D,D,D
mp-aaacdtuy,D,H,D,H,D,D
mp-aaacdtzr,H,H,D,H,D,H
mp-aaacdtzs,D,H,D,H,D,H
mp-aaacdtzz,D,D,D,D,D,H
mp-aaacduaa,D,H,H,D,D,D
mp-aaacduad,H,H,D,H,D,D
mp-aaacduag,H,D,H,D,D,D
mp-aaacduhk,D,D,D,D,D,H
mp-aaacduiv,D,H,H,D,H,D
mp-aaacduru,H,D,D,H,H,H
mp-aaacdusb,D,H,H,H,H,D
mp-aaacduvd,H,H,D,D,D,D
mp-aaacduvo,D,D,D,D,D,D
mp-aaacdvco,H,H,H,D,D,H
mp-aaacdvcs,D,D,D,D,D,D
mp-aaacdvct,D,D,D,D,D,D
mp-aaacdvmt,D,D,H,H,D,D
mp-aaacdvmw,D,H,D,D,D,H
mp-aaacdvna,D,H,H,D,D,D
mp-aaacdvnb,H,D,D,H,D,H
mp-aaacdvns,H,D,H,D,H,D
mp-aaacdvnt,H,D,H,H,H,D
mp-aaacdvnu,D,H,D,D,D,D
mp-aaacdvom,D,H,D,D,D,H
mp-aaacdvqt,H,H,H,D,H,D
mp-aaacdvqu,D,H,H,D,D,H
mp-aaacdvsv,H,D,D,D,H,H
mp-aaacdvtf,D,D,D,D,H,D
mp-aaacdvti,D,D,D,D,D,H
mp-aaacdvto,H,D,D,D,D,H
mp-aaacdvtx,H,D,H,D,D,D
mp-aaacdvub,D,D,H,H,D,H
mp-aaacdvwk,D,H,D,H,H,H
mp-aaacdvze,H,D,D,H,H,D
mp-aaacdvzw,H,D,D,D,H,D
mp-aaacdwhn,D,D,D,D,D,D
mp-aaacdwhp,D,D,H,D,D,D
mp-aaacdwor,H,H,D,H,D,H
mp-aaacdwot,D,D,D,H,H,D
mp-aaacdwrk,D,D,D,D,D,D
mp-aaacdwrp,H,D,D,H,H,D
mp-aaacdwrq,D,D,H,D,H,D
mp-aaacdwrv,D,H,D,D,D,H
mp-aaacdwrx,D,D,H,D,D,D
mp-aaacdwty,H,H,D,H,D,H
mp-aaacdwyt,D,D,D,H,D,D
mp-aaacdxfx,H,H,D,D,D,D
mp-aaacdxgd,D,D,H,H,D,D
mp-aaacdxge,D,H,D,D,D,H
mp-aaacdxgj,D,D,H,H,D,D
mp-aaacdxkx,D,D,D,H,D,D
mp-aaacdxmr,H,D,H,H,D,D
mp-aaacdxoe,D,D,H,D,D,D
mp-aaacdxov,H,D,D,H,D,H
mp-aaacdxpt,D,D,H,D,D,H
mp-aaacdxqu,D,D,D,H,D,D
mp-aaacdxqv,D,D,D,H,D,D
mp-aaacdxqw,D,D,D,H,D,D
mp-aaacdxqx,D,D,D,D,D,D
mp-aaacdxtc,D,H,H,D,D,D
mp-aaacdxtd,D,D,D,D,D,H
mp-aaacdxtr,D,D,D,D,D,D
mp-aaacdxuy,H,D,D,D,D,D
mp-aaacdxuz,D,H,D,D,D,D
mp-aaacdxvf,D,D,D,D,D,D
mp-aaacdxvg,D,D,D,D,D,D
mp-aaacdxyr,D,D,D,D,H,D
mp-aaacdxyv,D,H,D,D,D,D
mp-aaacdycs,H,H,D,D,D,D
mp-aaacdycz,D,D,D,D,D,D
mp-aaacdygd,D,H,D,D,D,D
mp-aaacdyil,D,D,D,H,D,D
mp-aaacdyio,D,D,D,H,D,D
mp-aaacdyjq,D,D,D,H,D,H
mp-aaacdymn,D,H,D,D,H,D
mp-aaacdymu,D,D,D,D,D,D
mp-aaacdymv,D,D,D,D,H,D
mp-aaacdyrm,D,D,H,D,D,H
mp-aaacdysq,D,H,D,D,H,D
mp-aaacdyub,D,D,D,D,D,D
mp-aaacdyud,D,H,D,D,D,D
mp-aaacdyue,H,D,D,D,H,D
mp-aaacdyvj,H,H,H,D,H,H
mp-aaacdywv,D,D,H,D,D,D
mp-aaacdyxh,H,D,D,D,D,D
mp-aaacdyyl,D,D,D,H,H,D
mp-aaacdyzb,D,D,D,D,D,D
mp-aaacdyzc,D,D,H,D,D,D
mp-aaacdyzn,H,D,D,D,H,D
mp-aaacdzad,D,D,D,D,D,D
mp-aaacdzae,D,D,D,D,H,H
mp-aaacdzaf,D,H,D,D,D,D
mp-aaacdzah,D,D,D,D,H,D
mp-aaacdzak,D,H,D,D,D,H
mp-aaacdzay,H,D,D,D,D,D
mp-aaacdzmq,D,D,H,D,H,D
mp-aaacdzue,D,H,D,D,H,D
mp-aaaceadr,H,H,D,D,D,H
mp-aaaceads,D,H,D,D,D,H
mp-aaaceakh,H,H,H,D,D,D
mp-aaacealc,D,D,D,D,D,D
mp-aaacealj,D,H,D,D,D,D
mp-aaaceaoh,D,H,H,D,D,D
mp-aaacearb,H,H,D,D,H,D
mp-aaaceare,D,D,H,H,H,D
mp-aaacearh,D,D,H,D,D,D
mp-aaacearn,H,H,D,D,H,H
mp-aaacearv,H,D,D,H,H,D
mp-aaacearx,D,D,H,D,H,D
mp-aaaceasu,D,D,D,D,D,D
mp-aaaceate,D,H,D,H,D,D
mp-aaaceatr,D,H,H,D,D,D
mp-aaaceatw,H,D,D,D,D,D
mp-aaaceauj,D,D,D,D,H,D
mp-aaaceaup,D,H,D,D,D,D
mp-aaaceauu,D,D,D,D,D,D
mp-aaaceaxt,D,D,D,H,D,D
mp-aaacebex,D,D,D,D,D,D
mp-aaacebnk,D,D,D,D,D,D
mp-aaacebnl,D,D,D,D,D,H
mp-aaacebnm,D,H,D,D,D,D
mp-aaacebnn,D,H,D,D,D,D
mp-aaacebnp,D,D,D,D,D,H
mp-aaacebnr,H,H,D,D,D,D
mp-aaaceboa,D,D,D,D,D,H
mp-aaaceboe,D,D,D,H,D,D
mp-aaacebog,D,D,D,D,D,D
mp-aaaceboh,D,D,H,D,D,D
mp-aaacebtr,D,D,D,D,D,H
mp-aaacebty,D,D,D,H,H,H
mp-aaacebxy,H,D,H,D,H,H
mp-aaacebyx,D,H,D,H,D,D
mp-aaacechp,D,D,H,D,D,D
mp-aaacechq,D,D,D,D,H,D
mp-aaacegyd,H,H,D,D,D,H
mp-aaacevtb,D,H,D,D,H,D
mp-aaacevts,D,D,D,H,D,D
mp-aaacevtt,D,D,D,D,H,H
mp-aaacevty,H,D,D,D,H,D
mp-aaacevub,D,H,D,H,D,D
mp-aaacevuc,D,H,H,D,D,D
mp-aaacevuj,D,D,D,D,H,D
mp-aaacevuk,D,D,D,D,D,D
mp-aaacevup,D,D,D,D,D,D
mp-aaacevuq,H,D,D,D,D,D
mp-aaacevwd,D,D,D,D,H,D
mp-aaacevxd,D,D,D,H,D,D
mp-aaacevxe,H,D,H,D,D,D
mp-aaacevxr,D,D,D,D,D,D
mp-aaacevxs,D,H,D,D,D,D
mp-aaacevxt,D,H,H,H,D,D
mp-aaacevxw,H,D,D,H,H,D
mp-aaacevya,D,D,D,D,H,D
mp-aaacevyd,D,D,H,D,D,D
mp-aaacevyu,D,D,D,H,H,H
mp-aaacevzw,D,H,D,D,H,D
mp-aaacewac,D,D,D,H,H,D
mp-aaacewaf,D,D,H,H,D,D
mp-aaacewar,D,H,D,H,D,D
mp-aaacewci,H,D,D,H,D,D
mp-aaacewcy,D,H,H,D,D,D
mp-aaacewdb,H,D,D,D,D,D
mp-aaacewfa,D,D,D,H,D,D
mp-aaacewgo,D,H,D,H,H,D
mp-aaacewhi,D,D,D,D,D,D
mp-aaacewia,D,D,H,D,H,D
mp-aaacewjo,H,D,D,D,D,D
mp-aaacewkb,D,D,H,H,D,D
mp-aaacewkc,H,D,H,H,H,D
mp-aaacewkh,D,D,D,H,D,D
mp-aaacewki,D,D,D,H,D,D
mp-aaacewlz,H,D,D,H,H,D
mp-aaacewns,H,D,D,H,D,D
mp-aaacewok,D,D,D,D,H,D
mp-aaacewpy,H,D,D,D,D,D
mp-aaacewqb,D,D,D,D,D,D
mp-aaacewqg,D,D,D,D,D,D
mp-aaacfaab,H,H,D,D,D,D
mp-aaacfade,D,D,D,D,D,D
mp-aaacfale,D,D,D,H,D,D
mp-aaacfals,D,H,D,D,D,H
mp-aaacffsn,D,D,D,D,H,D
mp-aaacfggn,D,H,D,D,D,D
mp-aaacfgjy,D,H,D,H,H,D
mp-aaacfgna,D,H,D,D,H,D
mp-aaacfiqa,D,D,D,D,D,D
mp-aaacfiqb,H,D,D,D,D,D
mp-aaacfiqi,H,D,D,H,D,D
mp-aaacfiqk,D,H,H,H,H,D
mp-aaacfiri,D,D,D,D,H,D
mp-aaacfirj,D,D,D,D,D,D
mp-aaacfirl,H,D,D,H,D,D
mp-aaacfisw,D,H,D,H,H,D
mp-aaacfiuk,D,H,D,D,D,D
mp-aaacfiwj,D,D,D,D,D,H
mp-aaacfixo,H,D,H,D,D,H
mp-aaacfixp,H,H,D,H,H,D
mp-aaacfixr,H,D,D,H,H,D
mp-aaacfjac,H,D,D,D,D,D
mp-aaacfjah,D,D,H,H,D,H
mp-aaacfjbt,H,D,H,D,D,D
mp-aaacfjcg,D,D,H,H,D,H
mp-aaacfjnu,D,H,H,H,D,H
mp-aaacfjnv,D,H,H,H,D,H
mp-aaacfjnx,D,H,D,D,D,D
mp-aaacfjny,D,H,H,H,D,H
mp-aaacfjnz,D,H,D,D,D,D
mp-aaacfjoa,D,D,D,H,D,D
mp-aaacfjoc,D,H,D,H,D,D
mp-aaacfjof,D,H,D,H,D,D
mp-aaacfjqr,H,D,D,H,H,H
mp-aaacfjwa,H,D,D,D,H,H
mp-aaacfjxq,H,D,H,H,D,D
mp-aaacfjyo,D,D,D,H,D,D
mp-aaacfjyp,D,D,D,D,H,D
mp-aaacfjzc,D,D,D,D,D,H
mp-aaacfkaz,D,H,D,H,H,H
mp-aaacfkbn,D,H,H,H,D,D
mp-aaacfkds,D,D,D,D,D,D
mp-aaacfkeg,H,D,D,H,H,H
mp-aaacfkku,D,D,D,D,H,D
mp-aaacfkkw,H,D,D,D,D,D
mp-aaacfklz,D,D,H,D,D,D
mp-aaacfkmh,H,D,H,D,D,H
mp-aaacfkmw,H,D,D,D,D,D
mp-aaacfkpy,H,D,H,D,D,D
mp-aaacfkqa,D,D,D,H,D,D
mp-aaacfkst,H,D,D,D,D,D
mp-aaacfkut,H,D,H,D,D,D
mp-aaacfkuv,D,D,D,D,D,H
mp-aaacfkyb,H,D,D,D,D,D
mp-aaacfkyg,H,D,D,D,H,D
mp-aaacfkyh,H,H,D,D,D,D
mp-aaacfkzw,D,D,D,H,H,H
mp-aaacfljc,H,D,D,D,D,D
mp-aaacflmm,H,D,H,D,D,D
mp-aaacflmn,D,D,D,D,D,H
mp-aaacflvu,H,D,H,D,D,D
mp-aaacfmex,D,D,D,H,D,D
mp-aaacfnmv,D,D,D,D,H,D
mp-aaacfpzs,H,D,D,H,D,D
mp-aaacfrjg,D,D,D,H,D,D
mp-aaacfrjy,H,H,D,D,D,D
mp-aaacfrka,H,H,D,D,D,H
mp-aaacfrkb,H,D,H,H,D,H
mp-aaacfrkd,H,H,D,D,H,D
mp-aaacfrop,D,D,D,D,D,D
mp-aaacfroq,D,D,D,D,D,D
mp-aaacfrpa,D,H,D,D,D,D
mp-aaacfrpc,H,D,D,D,D,D
mp-aaacfrpf,H,H,D,D,D,H
mp-aaacfrpt,D,D,D,D,D,D
mp-aaacfrpw,D,D,D,H,D,H
mp-aaacfsil,D,D,D,D,D,H
mp-aaacfsiv,D,H,D,D,D,D
mp-aaacfsiw,D,D,D,D,D,D
mp-aaacfsix,D,D,D,D,D,H
mp-aaacfvki,D,D,D,H,H,D
mp-aaacfvlp,D,D,D,D,D,D
mp-aaacfxex,D,H,H,D,H,D
mp-aaacfxff,D,D,H,D,H,D
mp-aaacfxft,H,D,D,H,D,D
mp-aaacfxfv,D,D,H,H,D,H
mp-aaacfxge,D,D,H,H,D,H
mp-aaacfxgg,H,D,D,D,H,H
mp-aaacfxgh,D,H,H,D,D,D
mp-aaacfxgi,D,D,D,H,D,H
mp-aaacfxxh,H,H,D,D,D,D
mp-aaacfxyi,D,H,H,H,H,H
mp-aaacfxyl,H,H,D,D,D,H
mp-aaacfxyt,D,H,D,D,H,D
mp-aaacfxyu,D,H,D,D,H,D
mp-aaacfxyw,D,D,D,D,D,D
mp-aaacfxyz,D,H,D,D,D,D
mp-aaacfxzm,D,D,D,D,D,D
mp-aaacfxzx,D,D,H,D,D,D
mp-aaacfxzy,D,H,D,D,D,D
mp-aaacfyab,D,D,D,D,D,D
mp-aaacfyad,H,D,D,D,D,D
mp-aaacfyae,D,D,D,D,D,H
mp-aaacfyag,H,H,D,D,D,D
mp-aaacfyak,D,D,D,H,D,D
mp-aaacfyal,H,H,D,H,D,D
mp-aaacfyay,D,H,D,H,H,D
mp-aaacfyba,D,D,D,D,H,D
mp-aaacfybb,D,H,D,D,D,D
mp-aaacfybd,D,D,D,D,H,H
mp-aaacfybu,D,D,D,D,D,D
mp-aaacfybw,D,D,H,H,D,H
mp-aaacfybz,H,H,D,D,D,H
mp-aaacfycq,H,D,D,D,D,D
mp-aaacfycs,D,D,D,D,H,D
mp-aaacfycu,H,D,D,D,H,H
mp-aaacfycy,D,D,H,H,H,D
mp-aaacfydb,H,D,H,D,D,D
mp-aaacfydc,D,H,D,H,D,H
mp-aaacfydg,D,D,D,D,H,D
mp-aaacfydo,H,H,H,H,D,D
mp-aaacfydp,H,D,D,D,H,D
mp-aaacfydq,H,D,D,D,D,D
mp-aaacfydr,D,D,D,D,D,D
mp-aaacfydu,H,D,D,D,D,D
mp-aaacfyeb,H,D,D,D,D,D
mp-aaacfyeg,H,H,H,D,H,H
mp-aaacfyet,D,D,D,D,D,D
mp-aaacfywy,D,D,D,D,D,D
mp-aaacfyxd,D,D,D,D,D,D
mp-aaacfyxs,D,D,H,D,H,H
mp-aaacfyxu,D,D,H,H,D,D
mp-aaacfyxz,D,H,D,D,D,D
mp-aaacfyye,H,H,H,D,D,D
mp-aaacfyyf,D,D,H,D,D,H
mp-aaacfyyj,H,D,D,D,D,D
mp-aaacfyyk,H,D,H,D,D,D
mp-aaacfyym,H,D,H,H,D,D
mp-aaacfyyo,H,D,H,D,D,D
mp-aaacfyyt,H,D,D,D,D,D
mp-aaacfyyw,H,D,D,D,D,D
mp-aaacfyzd,D,D,H,D,H,D
mp-aaacfyzg,H,D,H,D,D,H
mp-aaacfyzi,D,D,D,D,H,H
mp-aaacfyzl,D,H,H,H,D,D
mp-aaacfyzs,D,D,H,D,D,H
mp-aaacfyzu,D,D,D,H,D,D
mp-aaacfzaa,D,D,D,D,H,H
mp-aaacfzal,D,D,D,D,H,D
mp-aaacfzan,D,D,D,D,D,D
mp-aaacfzbg,H,D,D,H,H,D
mp-aaacfzbm,D,H,D,H,H,D
mp-aaacfzbw,D,H,D,D,D,D
mp-aaacfzcc,D,H,D,D,D,D
mp-aaacfzck,H,H,D,D,D,D
mp-aaacfzct,H,D,D,D,D,D
mp-aaacfzde,D,D,D,H,H,D
mp-aaacfzgo,D,D,H,H,D,H
mp-aaacfzhw,H,H,H,D,D,D
mp-aaacfzij,H,H,D,D,H,D
mp-aaacfznr,D,D,H,D,H,D
mp-aaacfzon,H,H,D,D,D,D
mp-aaacfzpq,D,D,D,H,D,D
mp-aaacfzud,H,H,D,D,D,D
mp-aaacfzuh,H,D,D,D,D,D
mp-aaacfzuo,H,D,D,H,H,H
mp-aaacfzuz,D,D,H,D,D,D
mp-aaacfzvb,D,D,D,H,H,D
mp-aaacfzvc,H,D,D,D,D,H
mp-aaacfzwu,H,D,D,D,D,D
mp-aaacfzyf,D,H,D,H,D,D
mp-aaacfzyg,D,H,H,D,D,D
mp-aaacgczo,D,H,D,D,H,D
mp-aaacgdbq,D,D,D,H,D,D
mp-aaacgddc,D,D,H,D,D,D
mp-aaacgdpw,D,H,D,D,D,D
mp-aaacgeom,D,D,D,H,D,D
mp-aaacgfaq,D,H,D,H,D,H
mp-aaacgfoj,D,H,D,H,D,H
mp-aaacgfpp,H,D,H,H,H,D
mp-aaacgfqe,H,D,D,H,D,H
mp-aaacgful,D,D,H,D,D,D
mp-aaacgfuv,D,D,H,D,D,D
mp-aaacgfwg,D,D,H,D,D,D
mp-aaacgifi,D,D,H,D,D,H
mp-aaacgifj,D,D,D,D,D,D
mp-aaacgifl,D,H,D,D,D,D
mp-aaacgigm,H,D,D,D,D,H
mp-aaacgigp,D,D,D,D,D,D
mp-aaacgigt,D,D,D,D,D,H
mp-aaacgigw,D,D,D,D,D,H
mp-aaacgihm,H,D,H,D,D,H
mp-aaacgihy,D,D,D,D,H,D
mp-aaacgiig,H,D,D,D,H,D
mp-aaacgiiv,D,D,D,H,H,D
mp-aaacgijr,D,D,D,D,D,D
mp-aaacgijt,H,D,H,D,D,D
mp-aaacgiku,D,D,D,D,D,D
mp-aaacgila,D,H,H,D,H,D
mp-aaacgild,D,D,D,D,H,D
mp-aaacgill,D,D,D,D,D,D
mp-aaacgilo,D,D,D,D,H,D
mp-aaacgimg,D,D,D,H,D,H
mp-aaacgimi,D,D,D,D,H,H
mp-aaacginb,D,D,D,D,D,D
mp-aaacginl,H,D,D,D,D,H
mp-aaacginn,D,D,H,D,D,D
mp-aaacgins,D,D,D,D,D,D
mp-aaacginw,H,D,D,D,D,H
mp-aaacgiol,H,D,D,D,D,D
mp-aaacgion,D,D,H,D,D,H
mp-aaacgipb,D,D,H,D,D,D
mp-aaacgipg,D,D,D,D,D,D
mp-aaacgipn,H,D,D,H,H,H
mp-aaacgipr,D,D,D,H,H,D
mp-aaacgipt,H,H,H,D,D,D
mp-aaacgipx,D,D,H,D,D,D
mp-aaacgiqe,D,D,D,H,D,D
mp-aaacgiqg,H,D,D,D,H,D
mp-aaacgiqj,D,D,H,D,H,D
mp-aaacgiqk,D,H,D,D,D,D
mp-aaacgiqz,H,D,H,D,H,D
mp-aaacgiru,D,H,D,H,D,D
mp-aaacgise,D,D,D,D,D,D
mp-aaacgisj,H,D,D,H,D,H
mp-aaacgisu,H,H,H,D,D,D
mp-aaacgisw,H,D,H,D,D,D
mp-aaacgitb,H,H,D,H,D,D
mp-aaacgitd,H,D,D,H,D,D
mp-aaacgitp,D,D,H,D,D,H
mp-aaacgitz,D,H,D,D,H,D
mp-aaacgiuj,D,D,D,D,D,D
mp-aaacgiuk,H,D,D,H,H,D
mp-aaacgiur,D,D,D,H,D,D
mp-aaacgiuu,D,D,D,D,H,D
mp-aaacgiuw,D,H,H,D,D,D
mp-aaacgivc,D,D,D,H,H,D
mp-aaacgivd,H,H,D,D,D,D
mp-aaacgivn,D,D,D,H,H,H
mp-aaacgivq,D,D,H,D,H,D
mp-aaacgiwv,D,D,D,D,D,D
mp-aaacgixb,H,D,D,D,H,D
mp-aaacgixr,D,H,H,D,D,D
mp-aaacgiyi,D,D,H,H,H,D
mp-aaacgiyr,D,D,D,D,D,H
mp-aaacgizh,D,H,D,D,H,D
mp-aaacgizm,D,H,D,H,D,D
mp-aaacgjam,D,H,D,D,D,D
mp-aaacgjbi,D,D,D,H,D,H
mp-aaacgjch,H,D,H,H,D,D
mp-aaacgjci,D,D,D,H,D,D
mp-aaachcqp,D,D,D,H,D,D
mp-aaachcsk,D,D,D,H,D,D
mp-aaachcux,D,D,D,D,D,D
mp-aaachcwi,D,H,D,D,H,H
mp-aaachcyb,D,D,D,H,D,H
mp-aaachcym,D,D,D,H,D,D
mp-aaachcyp,D,D,D,H,D,D
mp-aaachdah,D,D,H,D,H,H
mp-aaachdbr,H,H,D,H,D,D
mp-aaachdcj,D,D,H,H,D,H
mp-aaachdei,D,D,D,H,D,D
mp-aaachdff,D,D,D,D,D,D
mp-aaachdhe,D,D,H,H,D,H
mp-aaachdho,H,D,H,D,D,D
mp-aaachdkv,H,H,D,H,D,D
mp-aaachdns,D,D,D,H,D,H
mp-aaachdoh,D,D,D,H,D,H
mp-aaachdoj,D,D,D,H,D,H
mp-aaachdqg,D,D,D,H,D,D
mp-aaachwgl,D,H,D,D,H,H
mp-aaaciouk,H,H,H,D,D,H
mp-aaacipat,D,H,D,D,D,D
mp-aaaciyzo,H,H,H,D,D,H
mp-aaacjabt,D,D,H,H,D,D
mp-aaacjbeg,D,H,D,D,D,H
mp-aaacjhja,D,D,D,D,H,D
mp-aaacjjjk,D,H,D,D,D,D
mp-aaacjjkr,H,D,D,D,D,D
mp-aaacjknf,H,D,D,D,D,D
mp-aaackisd,D,D,D,D,D,D
mp-aaackivq,D,D,H,D,H,D
mp-aaackshq,H,D,D,D,H,D
mp-aaackvdw,D,H,D,D,D,D
mp-aaacpdyp,D,D,H,H,H,D
mp-aaacpkpt,H,D,H,D,D,H
mp-aaacpkqd,D,D,D,D,D,D
mp-aaacpktr,D,D,H,D,D,D
mp-aaacpmmc,D,D,H,D,D,D
mp-aaacpnuc,D,D,D,D,D,D
mp-aaacpnux,H,H,D,H,H,D
mp-aaacpqbh,H,H,D,H,D,D
mp-aaacptkb,D,H,D,D,D,D
mp-aaacrgvr,H,D,H,D,H,D
mp-aaacrjzz,D,D,D,H,H,D
mp-aaacrkaf,D,D,H,D,D,D
mp-aaacrktz,D,D,D,D,D,D
mp-aaacrqdr,D,H,D,D,D,H
mp-aaacrqen,H,D,D,D,D,H
mp-aaacrqlo,D,D,D,H,D,D
mp-aaadjyvo,H,H,H,H,D,D
mp-aaafekuc,H,D,D,D,H,D
mp-aaafekuv,D,D,D,H,H,D
mp-aaafekwf,D,D,D,D,H,H
mp-aaafhlhi,H,D,H,D,D,D
mp-aaafkwew,H,D,D,D,D,D
mp-aaaflcev,H,D,D,D,D,D
mp-aaaflckx,D,D,D,D,H,H
mp-aaafnzjq,D,H,D,D,D,H
mp-aaafwben,H,D,D,D,H,H
mp-aaagbwbn,H,D,H,D,D,H
mp-aaagbxij,D,H,H,H,D,D
mp-aaagcsia,D,D,D,D,D,D
mp-aaageynw,D,D,D,D,D,D
mp-aaageyou,D,D,D,D,H,H
mp-aaageypz,D,D,D,D,H,D
mp-aaaggulq,H,D,D,D,H,H
mp-aaaghqrh,D,D,D,D,H,D
mp-aaaghxdy,H,D,H,H,H,D
mp-aaagirhh,D,H,D,H,D,H
