universe,cell,split,seed,beta,chance_recall,T99,T95,N5,AUC,S_dis_run,dis_hits,R_dis,S_blind_run,blind_hits,R_blind
primary,Y1:P_H_fixed,chemsys_r0,100,0,0.01620089105,5,5,22,0.977027027,62,14,0.2258064516,32,5,0.15625
primary,Y1:P_H_fixed,chemsys_r0,101,0,0.01620089105,28,5,20,0.9841468334,61,14,0.2295081967,31,6,0.1935483871
primary,Y1:P_H_fixed,chemsys_r0,102,0,0.01620089105,41,23,7,0.9596409843,62,5,0.08064516129,32,2,0.0625
primary,Y1:P_H_fixed,chemsys_r1,100,0,0.01611603546,41,22,7,0.9162018459,63,4,0.06349206349,26,0,0
primary,Y1:P_H_fixed,chemsys_r1,101,0,0.01611603546,21,11,20,0.9745485554,63,13,0.2063492063,26,6,0.2307692308
primary,Y1:P_H_fixed,chemsys_r1,102,0,0.01611603546,29,1,21,0.9849719101,63,13,0.2063492063,26,9,0.3461538462
primary,Y1:P_H_fixed,chemsys_r2,100,0,0.01612903226,4,3,27,0.9909839357,63,17,0.2698412698,26,8,0.3076923077
primary,Y1:P_H_fixed,chemsys_r2,101,0,0.01612903226,2,1,26,0.9999899598,63,17,0.2698412698,26,5,0.1923076923
primary,Y1:P_H_fixed,chemsys_r2,102,0,0.01612903226,5,3,20,0.9941967871,63,13,0.2063492063,26,4,0.1538461538
primary,Y1:P_H_fixed,chemsys_r3,100,0,0.01614856681,41,21,4,0.948632891,63,2,0.03174603175,28,2,0.07142857143
primary,Y1:P_H_fixed,chemsys_r3,101,0,0.01614856681,41,20,2,0.9204764777,63,1,0.01587301587,28,0,0
primary,Y1:P_H_fixed,chemsys_r3,102,0,0.01614856681,5,2,25,0.994340571,62,14,0.2258064516,27,5,0.1851851852
primary,Y1:P_H_fixed,chemsys_r4,100,0,0.01600640256,34,18,9,0.932174173,63,5,0.07936507937,20,0,0
primary,Y1:P_H_fixed,chemsys_r4,101,0,0.01600640256,7,2,22,0.9932144281,63,14,0.2222222222,20,6,0.3
primary,Y1:P_H_fixed,chemsys_r4,102,0,0.01600640256,41,1,14,0.9790753288,63,5,0.07936507937,20,2,0.1
primary,Y1:P_H_fixed,chemsys_r5,100,0,0.01597444089,23,5,20,0.9850039777,63,3,0.04761904762,25,0,0
primary,Y1:P_H_fixed,chemsys_r5,101,0,0.01597444089,41,21,4,0.9026054097,63,1,0.01587301587,25,0,0
primary,Y1:P_H_fixed,chemsys_r5,102,0,0.01597444089,2,1,22,0.9999900557,61,12,0.1967213115,24,6,0.25
primary,Y1:P_H_fixed,chemsys_r6,100,0,0.01609010459,17,13,20,0.9658653846,63,9,0.1428571429,28,3,0.1071428571
primary,Y1:P_H_fixed,chemsys_r6,101,0,0.01609010459,2,2,23,0.9974859776,62,9,0.1451612903,27,3,0.1111111111
primary,Y1:P_H_fixed,chemsys_r6,102,0,0.01609010459,41,17,5,0.9682491987,62,3,0.04838709677,27,1,0.03703703704
primary,Y1:P_H_fixed,chemsys_r7,100,0,0.01641362331,15,14,22,0.9587351859,62,7,0.1129032258,29,3,0.1034482759
primary,Y1:P_H_fixed,chemsys_r7,101,0,0.01641362331,2,1,25,0.999274622,62,10,0.1612903226,29,5,0.1724137931
primary,Y1:P_H_fixed,chemsys_r7,102,0,0.01641362331,4,1,22,0.9987024928,61,9,0.1475409836,29,4,0.1379310345
primary,Y1:P_H_fixed,chemsys_r8,100,0,0.01600640256,13,3,26,0.9895476285,63,13,0.2063492063,15,1,0.06666666667
primary,Y1:P_H_fixed,chemsys_r8,101,0,0.01600640256,17,1,25,0.9943802312,63,19,0.3015873016,15,7,0.4666666667
primary,Y1:P_H_fixed,chemsys_r8,102,0,0.01600640256,8,8,21,0.9795137505,63,14,0.2222222222,15,5,0.3333333333
primary,Y1:P_H_fixed,chemsys_r9,100,0,0.0162469537,4,1,22,0.9967536408,62,16,0.2580645161,23,10,0.4347826087
primary,Y1:P_H_fixed,chemsys_r9,101,0,0.0162469537,1,1,23,1,61,17,0.2786885246,23,9,0.3913043478
primary,Y1:P_H_fixed,chemsys_r9,102,0,0.0162469537,33,10,10,0.9596177184,62,4,0.06451612903,23,2,0.08695652174
primary,Y1:P_H_fixed,random_r0,100,0,0.01602564103,22,19,16,0.9176077414,63,5,0.07936507937,22,1,0.04545454545
primary,Y1:P_H_fixed,random_r0,101,0,0.01602564103,1,1,27,0.998792897,61,14,0.2295081967,22,6,0.2727272727
primary,Y1:P_H_fixed,random_r0,102,0,0.01602564103,7,1,25,0.997057063,63,12,0.1904761905,22,5,0.2272727273
primary,Y1:P_H_fixed,random_r1,100,0,0.01615508885,11,2,21,0.9900945294,63,10,0.1587301587,21,2,0.09523809524
primary,Y1:P_H_fixed,random_r1,101,0,0.01615508885,41,3,15,0.9729183427,63,13,0.2063492063,21,7,0.3333333333
primary,Y1:P_H_fixed,random_r1,102,0,0.01615508885,9,2,23,0.9873592116,63,14,0.2222222222,21,5,0.2380952381
primary,Y1:P_H_fixed,random_r2,100,0,0.01590457256,14,3,22,0.9886039604,64,9,0.140625,31,4,0.1290322581
primary,Y1:P_H_fixed,random_r2,101,0,0.01590457256,2,2,14,0.9926930693,63,6,0.09523809524,31,1,0.03225806452
primary,Y1:P_H_fixed,random_r2,102,0,0.01590457256,6,2,27,0.996009901,64,15,0.234375,31,8,0.2580645161
primary,Y1:P_H_fixed,random_r3,100,0,0.01616161616,1,1,25,0.9987726358,63,12,0.1904761905,18,7,0.3888888889
primary,Y1:P_H_fixed,random_r3,101,0,0.01616161616,2,1,21,0.9998993964,63,12,0.1904761905,18,7,0.3888888889
primary,Y1:P_H_fixed,random_r3,102,0,0.01616161616,15,1,19,0.9879074447,63,9,0.1428571429,18,5,0.2777777778
primary,Y1:P_H_fixed,random_r4,100,0,0.01607071113,41,20,6,0.9637454982,63,3,0.04761904762,25,1,0.04
primary,Y1:P_H_fixed,random_r4,101,0,0.01607071113,18,11,23,0.9763505402,63,8,0.126984127,25,4,0.16
primary,Y1:P_H_fixed,random_r4,102,0,0.01607071113,22,5,20,0.9807122849,63,8,0.126984127,25,4,0.16
primary,Y1:P_H_fixed,random_r5,100,0,0.01610954491,9,1,21,0.9956879262,63,17,0.2698412698,18,9,0.5
primary,Y1:P_H_fixed,random_r5,101,0,0.01610954491,11,5,23,0.9809566787,63,17,0.2698412698,18,7,0.3888888889
primary,Y1:P_H_fixed,random_r5,102,0,0.01610954491,9,3,22,0.9923084637,63,17,0.2698412698,18,7,0.3888888889
primary,Y1:P_H_fixed,random_r6,100,0,0.01620089105,17,12,20,0.9662968939,62,8,0.1290322581,17,3,0.1764705882
primary,Y1:P_H_fixed,random_r6,101,0,0.01620089105,10,3,26,0.9885034288,62,15,0.2419354839,17,4,0.2352941176
primary,Y1:P_H_fixed,random_r6,102,0,0.01620089105,41,40,1,0.824616781,62,0,0,17,0,0
primary,Y1:P_H_fixed,random_r7,100,0,0.01619433198,41,2,13,0.9828528226,62,6,0.09677419355,24,2,0.08333333333
primary,Y1:P_H_fixed,random_r7,101,0,0.01619433198,19,10,21,0.9708669355,62,8,0.1290322581,24,3,0.125
primary,Y1:P_H_fixed,random_r7,102,0,0.01619433198,25,5,20,0.9724697581,62,6,0.09677419355,24,1,0.04166666667
primary,Y1:P_H_fixed,random_r8,100,0,0.01611603546,18,2,17,0.9863061798,63,6,0.09523809524,15,1,0.06666666667
primary,Y1:P_H_fixed,random_r8,101,0,0.01611603546,31,26,12,0.9706861958,63,8,0.126984127,15,2,0.1333333333
primary,Y1:P_H_fixed,random_r8,102,0,0.01611603546,4,3,20,0.9965690209,62,11,0.1774193548,14,4,0.2857142857
primary,Y1:P_H_fixed,random_r9,100,0,0.01621402513,7,3,23,0.9922587808,62,10,0.1612903226,20,5,0.25
primary,Y1:P_H_fixed,random_r9,101,0,0.01621402513,16,16,16,0.9605066613,62,8,0.1290322581,20,4,0.2
primary,Y1:P_H_fixed,random_r9,102,0,0.01621402513,13,3,22,0.9903411385,62,11,0.1774193548,20,6,0.3
primary,Y1:P_H_fixed,chemsys_r0,100,0.02,0.01620089105,10,10,22,0.9590762404,62,13,0.2096774194,32,4,0.125
primary,Y1:P_H_fixed,chemsys_r0,101,0.02,0.01620089105,10,5,22,0.9920129084,61,13,0.2131147541,31,5,0.1612903226
primary,Y1:P_H_fixed,chemsys_r0,102,0.02,0.01620089105,37,8,17,0.9690096813,62,5,0.08064516129,32,0,0
primary,Y1:P_H_fixed,chemsys_r1,100,0.02,0.01611603546,22,11,20,0.9448735955,63,6,0.09523809524,26,1,0.03846153846
primary,Y1:P_H_fixed,chemsys_r1,101,0.02,0.01611603546,12,2,23,0.9900983146,63,12,0.1904761905,26,9,0.3461538462
primary,Y1:P_H_fixed,chemsys_r1,102,0.02,0.01611603546,32,1,22,0.9823033708,63,12,0.1904761905,26,9,0.3461538462
primary,Y1:P_H_fixed,chemsys_r2,100,0.02,0.01612903226,7,5,27,0.9842570281,63,15,0.2380952381,26,3,0.1153846154
primary,Y1:P_H_fixed,chemsys_r2,101,0.02,0.01612903226,2,1,25,0.9999899598,63,15,0.2380952381,26,6,0.2307692308
primary,Y1:P_H_fixed,chemsys_r2,102,0.02,0.01612903226,7,2,21,0.994497992,63,13,0.2063492063,26,4,0.1538461538
primary,Y1:P_H_fixed,chemsys_r3,100,0.02,0.01614856681,16,3,25,0.9848612786,63,12,0.1904761905,28,4,0.1428571429
primary,Y1:P_H_fixed,chemsys_r3,101,0.02,0.01614856681,41,4,14,0.9711298754,63,4,0.06349206349,28,0,0
primary,Y1:P_H_fixed,chemsys_r3,102,0.02,0.01614856681,23,2,26,0.9861580217,62,6,0.09677419355,27,0,0
primary,Y1:P_H_fixed,chemsys_r4,100,0.02,0.01600640256,21,9,11,0.9662415305,63,5,0.07936507937,20,0,0
primary,Y1:P_H_fixed,chemsys_r4,101,0.02,0.01600640256,12,8,24,0.9742128338,63,9,0.1428571429,20,2,0.1
primary,Y1:P_H_fixed,chemsys_r4,102,0.02,0.01600640256,41,1,14,0.9776006377,63,3,0.04761904762,20,0,0
primary,Y1:P_H_fixed,chemsys_r5,100,0.02,0.01597444089,24,5,25,0.988106603,63,8,0.126984127,25,4,0.16
primary,Y1:P_H_fixed,chemsys_r5,101,0.02,0.01597444089,27,7,22,0.9712907717,63,11,0.1746031746,25,3,0.12
primary,Y1:P_H_fixed,chemsys_r5,102,0.02,0.01597444089,2,1,27,0.9999105012,61,12,0.1967213115,24,5,0.2083333333
primary,Y1:P_H_fixed,chemsys_r6,100,0.02,0.01609010459,41,4,13,0.9726963141,63,2,0.03174603175,28,0,0
primary,Y1:P_H_fixed,chemsys_r6,101,0.02,0.01609010459,8,3,21,0.9941205929,62,11,0.1774193548,27,4,0.1481481481
primary,Y1:P_H_fixed,chemsys_r6,102,0.02,0.01609010459,41,7,10,0.974208734,62,7,0.1129032258,27,1,0.03703703704
primary,Y1:P_H_fixed,chemsys_r7,100,0.02,0.01641362331,18,6,25,0.9776971802,62,5,0.08064516129,29,2,0.06896551724
primary,Y1:P_H_fixed,chemsys_r7,101,0.02,0.01641362331,1,1,23,0.9996424193,62,9,0.1451612903,29,5,0.1724137931
primary,Y1:P_H_fixed,chemsys_r7,102,0.02,0.01641362331,1,1,22,1,61,6,0.09836065574,29,3,0.1034482759
primary,Y1:P_H_fixed,chemsys_r8,100,0.02,0.01600640256,19,2,28,0.9860203268,63,10,0.1587301587,15,0,0
primary,Y1:P_H_fixed,chemsys_r8,101,0.02,0.01600640256,41,1,14,0.9896373057,63,5,0.07936507937,15,0,0
primary,Y1:P_H_fixed,chemsys_r8,102,0.02,0.01600640256,3,2,19,0.9957154245,63,11,0.1746031746,15,5,0.3333333333
primary,Y1:P_H_fixed,chemsys_r9,100,0.02,0.0162469537,3,1,26,0.9971278317,62,19,0.3064516129,23,12,0.5217391304
primary,Y1:P_H_fixed,chemsys_r9,101,0.02,0.0162469537,1,1,25,1,61,17,0.2786885246,23,9,0.3913043478
primary,Y1:P_H_fixed,chemsys_r9,102,0.02,0.0162469537,41,19,11,0.9525080906,62,2,0.03225806452,23,0,0
primary,Y1:P_H_fixed,random_r0,100,0.02,0.01602564103,22,7,17,0.9512769354,63,11,0.1746031746,22,3,0.1363636364
primary,Y1:P_H_fixed,random_r0,101,0.02,0.01602564103,1,1,22,0.9985833998,61,11,0.1803278689,22,4,0.1818181818
primary,Y1:P_H_fixed,random_r0,102,0.02,0.01602564103,8,1,27,0.9966480447,63,10,0.1587301587,22,4,0.1818181818
primary,Y1:P_H_fixed,random_r1,100,0.02,0.01615508885,14,2,23,0.9879726468,63,7,0.1111111111,21,3,0.1428571429
primary,Y1:P_H_fixed,random_r1,101,0.02,0.01615508885,20,2,24,0.9855490748,63,10,0.1587301587,21,3,0.1428571429
primary,Y1:P_H_fixed,random_r1,102,0.02,0.01615508885,9,2,22,0.9884754626,63,8,0.126984127,21,2,0.09523809524
primary,Y1:P_H_fixed,random_r2,100,0.02,0.01590457256,5,1,23,0.9985940594,64,11,0.171875,31,5,0.1612903226
primary,Y1:P_H_fixed,random_r2,101,0.02,0.01590457256,2,2,25,0.9948811881,63,10,0.1587301587,31,5,0.1612903226
primary,Y1:P_H_fixed,random_r2,102,0.02,0.01590457256,2,2,27,0.9983663366,64,13,0.203125,31,6,0.1935483871
primary,Y1:P_H_fixed,random_r3,100,0.02,0.01616161616,1,1,27,0.9996076459,63,12,0.1904761905,18,6,0.3333333333
primary,Y1:P_H_fixed,random_r3,101,0.02,0.01616161616,1,1,23,0.9999195171,63,12,0.1904761905,18,7,0.3888888889
primary,Y1:P_H_fixed,random_r3,102,0.02,0.01616161616,5,1,27,0.9965995976,63,8,0.126984127,18,4,0.2222222222
primary,Y1:P_H_fixed,random_r4,100,0.02,0.01607071113,41,8,8,0.9738695478,63,4,0.06349206349,25,1,0.04
primary,Y1:P_H_fixed,random_r4,101,0.02,0.01607071113,41,9,5,0.9634553822,63,5,0.07936507937,25,2,0.08
primary,Y1:P_H_fixed,random_r4,102,0.02,0.01607071113,25,2,24,0.9801020408,63,6,0.09523809524,25,2,0.08
primary,Y1:P_H_fixed,random_r5,100,0.02,0.01610954491,22,1,23,0.9910449258,63,15,0.2380952381,18,8,0.4444444444
primary,Y1:P_H_fixed,random_r5,101,0.02,0.01610954491,33,9,20,0.9717910148,63,5,0.07936507937,18,0,0
primary,Y1:P_H_fixed,random_r5,102,0.02,0.01610954491,8,2,23,0.994253911,63,14,0.2222222222,18,6,0.3333333333
primary,Y1:P_H_fixed,random_r6,100,0.02,0.01620089105,16,4,26,0.9863654699,62,14,0.2258064516,17,6,0.3529411765
primary,Y1:P_H_fixed,random_r6,101,0.02,0.01620089105,30,1,19,0.9801028641,62,4,0.06451612903,17,0,0
primary,Y1:P_H_fixed,random_r6,102,0.02,0.01620089105,27,12,17,0.9471964502,62,6,0.09677419355,17,2,0.1176470588
primary,Y1:P_H_fixed,random_r7,100,0.02,0.01619433198,27,2,23,0.9824294355,62,5,0.08064516129,24,0,0
primary,Y1:P_H_fixed,random_r7,101,0.02,0.01619433198,27,5,17,0.9663508065,62,5,0.08064516129,24,1,0.04166666667
primary,Y1:P_H_fixed,random_r7,102,0.02,0.01619433198,41,3,8,0.9689616935,62,3,0.04838709677,24,0,0
primary,Y1:P_H_fixed,random_r8,100,0.02,0.01611603546,3,3,20,0.9931380417,63,9,0.1428571429,15,4,0.2666666667
primary,Y1:P_H_fixed,random_r8,101,0.02,0.01611603546,13,11,20,0.9871388443,63,9,0.1428571429,15,4,0.2666666667
primary,Y1:P_H_fixed,random_r8,102,0.02,0.01611603546,2,1,25,0.9982142857,62,14,0.2258064516,14,5,0.3571428571
primary,Y1:P_H_fixed,random_r9,100,0.02,0.01621402513,4,2,25,0.9958316512,62,10,0.1612903226,20,4,0.2
primary,Y1:P_H_fixed,random_r9,101,0.02,0.01621402513,5,1,23,0.9982438434,62,10,0.1612903226,20,5,0.25
primary,Y1:P_H_fixed,random_r9,102,0.02,0.01621402513,18,2,23,0.9854662899,62,14,0.2258064516,20,3,0.15
primary,Y1:P_H_fixed,chemsys_r0,100,0.05,0.01620089105,5,5,27,0.982553449,62,14,0.2258064516,32,6,0.1875
primary,Y1:P_H_fixed,chemsys_r0,101,0.05,0.01620089105,6,3,25,0.9958450988,61,14,0.2295081967,31,5,0.1612903226
primary,Y1:P_H_fixed,chemsys_r0,102,0.05,0.01620089105,39,11,12,0.9617386043,62,0,0,32,0,0
primary,Y1:P_H_fixed,chemsys_r1,100,0.05,0.01611603546,30,10,17,0.9560292937,63,4,0.06349206349,26,0,0
primary,Y1:P_H_fixed,chemsys_r1,101,0.05,0.01611603546,41,18,8,0.9562800963,63,0,0,26,0,0
primary,Y1:P_H_fixed,chemsys_r1,102,0.05,0.01611603546,8,1,25,0.9942616372,63,11,0.1746031746,26,7,0.2692307692
primary,Y1:P_H_fixed,chemsys_r2,100,0.05,0.01612903226,6,4,23,0.9855321285,63,12,0.1904761905,26,5,0.1923076923
primary,Y1:P_H_fixed,chemsys_r2,101,0.05,0.01612903226,1,1,26,0.9999899598,63,15,0.2380952381,26,3,0.1153846154
primary,Y1:P_H_fixed,chemsys_r2,102,0.05,0.01612903226,5,2,23,0.9962851406,63,15,0.2380952381,26,4,0.1538461538
primary,Y1:P_H_fixed,chemsys_r3,100,0.05,0.01614856681,29,1,23,0.9825492561,63,8,0.126984127,28,3,0.1071428571
primary,Y1:P_H_fixed,chemsys_r3,101,0.05,0.01614856681,29,4,20,0.9773924407,63,6,0.09523809524,28,0,0
primary,Y1:P_H_fixed,chemsys_r3,102,0.05,0.01614856681,26,2,18,0.986761158,62,3,0.04838709677,27,0,0
primary,Y1:P_H_fixed,chemsys_r4,100,0.05,0.01600640256,40,6,12,0.9751793543,63,6,0.09523809524,20,0,0
primary,Y1:P_H_fixed,chemsys_r4,101,0.05,0.01600640256,37,4,19,0.9759864488,63,9,0.1428571429,20,0,0
primary,Y1:P_H_fixed,chemsys_r4,102,0.05,0.01600640256,41,1,15,0.9795735353,63,1,0.01587301587,20,0,0
primary,Y1:P_H_fixed,chemsys_r5,100,0.05,0.01597444089,35,5,16,0.9845863166,63,0,0,25,0,0
primary,Y1:P_H_fixed,chemsys_r5,101,0.05,0.01597444089,40,4,12,0.9741249006,63,5,0.07936507937,25,0,0
primary,Y1:P_H_fixed,chemsys_r5,102,0.05,0.01597444089,2,1,25,0.9997812251,61,10,0.1639344262,24,4,0.1666666667
primary,Y1:P_H_fixed,chemsys_r6,100,0.05,0.01609010459,19,1,26,0.9909655449,63,8,0.126984127,28,2,0.07142857143
primary,Y1:P_H_fixed,chemsys_r6,101,0.05,0.01609010459,1,1,26,0.9987780449,62,13,0.2096774194,27,5,0.1851851852
primary,Y1:P_H_fixed,chemsys_r6,102,0.05,0.01609010459,19,1,21,0.988291266,62,6,0.09677419355,27,1,0.03703703704
primary,Y1:P_H_fixed,chemsys_r7,100,0.05,0.01641362331,5,5,24,0.9901818553,62,8,0.1290322581,29,6,0.2068965517
primary,Y1:P_H_fixed,chemsys_r7,101,0.05,0.01641362331,1,1,22,0.9990396404,62,10,0.1612903226,29,6,0.2068965517
primary,Y1:P_H_fixed,chemsys_r7,102,0.05,0.01641362331,4,1,23,0.9989681242,61,7,0.1147540984,29,4,0.1379310345
primary,Y1:P_H_fixed,chemsys_r8,100,0.05,0.01600640256,23,2,24,0.9836787565,63,8,0.126984127,15,0,0
primary,Y1:P_H_fixed,chemsys_r8,101,0.05,0.01600640256,11,1,31,0.9963531287,63,18,0.2857142857,15,5,0.3333333333
primary,Y1:P_H_fixed,chemsys_r8,102,0.05,0.01600640256,2,2,28,0.9957054603,63,16,0.253968254,15,5,0.3333333333
primary,Y1:P_H_fixed,chemsys_r9,100,0.05,0.0162469537,3,1,24,0.9977649676,62,15,0.2419354839,23,8,0.347826087
primary,Y1:P_H_fixed,chemsys_r9,101,0.05,0.0162469537,2,1,25,1,61,16,0.262295082,23,8,0.347826087
primary,Y1:P_H_fixed,chemsys_r9,102,0.05,0.0162469537,18,2,23,0.9846076052,62,7,0.1129032258,23,1,0.04347826087
primary,Y1:P_H_fixed,random_r0,100,0.05,0.01602564103,29,6,20,0.9675877893,63,5,0.07936507937,22,0,0
primary,Y1:P_H_fixed,random_r0,101,0.05,0.01602564103,1,1,23,0.9988727055,61,11,0.1803278689,22,4,0.1818181818
primary,Y1:P_H_fixed,random_r0,102,0.05,0.01602564103,8,1,23,0.9969074222,63,9,0.1428571429,22,3,0.1363636364
primary,Y1:P_H_fixed,random_r1,100,0.05,0.01615508885,11,2,24,0.9888173773,63,10,0.1587301587,21,4,0.1904761905
primary,Y1:P_H_fixed,random_r1,101,0.05,0.01615508885,9,2,25,0.9922365245,63,13,0.2063492063,21,3,0.1428571429
primary,Y1:P_H_fixed,random_r1,102,0.05,0.01615508885,10,1,21,0.9905470636,63,9,0.1428571429,21,3,0.1428571429
primary,Y1:P_H_fixed,random_r2,100,0.05,0.01590457256,9,1,27,0.9978613861,64,13,0.203125,31,4,0.1290322581
primary,Y1:P_H_fixed,random_r2,101,0.05,0.01590457256,4,2,25,0.9988811881,63,11,0.1746031746,31,7,0.2258064516
primary,Y1:P_H_fixed,random_r2,102,0.05,0.01590457256,2,2,26,0.9983663366,64,14,0.21875,31,6,0.1935483871
primary,Y1:P_H_fixed,random_r3,100,0.05,0.01616161616,2,1,26,0.9997686117,63,10,0.1587301587,18,5,0.2777777778
primary,Y1:P_H_fixed,random_r3,101,0.05,0.01616161616,1,1,27,0.9998591549,63,9,0.1428571429,18,5,0.2777777778
primary,Y1:P_H_fixed,random_r3,102,0.05,0.01616161616,13,4,29,0.9908651911,63,7,0.1111111111,18,3,0.1666666667
primary,Y1:P_H_fixed,random_r4,100,0.05,0.01607071113,20,9,25,0.9745698279,63,6,0.09523809524,25,2,0.08
primary,Y1:P_H_fixed,random_r4,101,0.05,0.01607071113,7,7,26,0.98727491,63,7,0.1111111111,25,2,0.08
primary,Y1:P_H_fixed,random_r4,102,0.05,0.01607071113,38,3,13,0.974989996,63,3,0.04761904762,25,0,0
primary,Y1:P_H_fixed,random_r5,100,0.05,0.01610954491,40,1,10,0.9834536703,63,7,0.1111111111,18,3,0.1666666667
primary,Y1:P_H_fixed,random_r5,101,0.05,0.01610954491,4,3,26,0.9913858805,63,14,0.2222222222,18,5,0.2777777778
primary,Y1:P_H_fixed,random_r5,102,0.05,0.01610954491,7,2,31,0.9945246691,63,15,0.2380952381,18,5,0.2777777778
primary,Y1:P_H_fixed,random_r6,100,0.05,0.01620089105,13,3,25,0.9891286809,62,8,0.1290322581,17,0,0
primary,Y1:P_H_fixed,random_r6,101,0.05,0.01620089105,20,1,25,0.9874949576,62,7,0.1129032258,17,0,0
primary,Y1:P_H_fixed,random_r6,102,0.05,0.01620089105,20,6,24,0.9640278338,62,8,0.1290322581,17,0,0
primary,Y1:P_H_fixed,random_r7,100,0.05,0.01619433198,16,3,24,0.9883568548,62,9,0.1451612903,24,2,0.08333333333
primary,Y1:P_H_fixed,random_r7,101,0.05,0.01619433198,20,5,20,0.9727419355,62,6,0.09677419355,24,1,0.04166666667
primary,Y1:P_H_fixed,random_r7,102,0.05,0.01619433198,33,2,16,0.9752923387,62,2,0.03225806452,24,0,0
primary,Y1:P_H_fixed,random_r8,100,0.05,0.01611603546,2,2,24,0.9962178973,63,12,0.1904761905,15,4,0.2666666667
primary,Y1:P_H_fixed,random_r8,101,0.05,0.01611603546,10,9,22,0.9902989567,63,12,0.1904761905,15,5,0.3333333333
primary,Y1:P_H_fixed,random_r8,102,0.05,0.01611603546,2,1,27,0.9981741573,62,15,0.2419354839,14,5,0.3571428571
primary,Y1:P_H_fixed,random_r9,100,0.05,0.01621402513,3,1,26,0.9990411788,62,10,0.1612903226,20,4,0.2
primary,Y1:P_H_fixed,random_r9,101,0.05,0.01621402513,3,1,24,0.998960436,62,11,0.1774193548,20,6,0.3
primary,Y1:P_H_fixed,random_r9,102,0.05,0.01621402513,7,3,27,0.9936818732,62,14,0.2258064516,20,7,0.35
primary,Y1:P_H_fixed,chemsys_r0,100,0.1,0.01620089105,4,4,24,0.9863251311,62,12,0.1935483871,32,5,0.15625
primary,Y1:P_H_fixed,chemsys_r0,101,0.1,0.01620089105,5,4,28,0.9960972166,61,15,0.2459016393,31,8,0.2580645161
primary,Y1:P_H_fixed,chemsys_r0,102,0.1,0.01620089105,17,5,24,0.9835215813,62,11,0.1774193548,32,6,0.1875
primary,Y1:P_H_fixed,chemsys_r1,100,0.1,0.01611603546,12,6,23,0.9755317014,63,11,0.1746031746,26,7,0.2692307692
primary,Y1:P_H_fixed,chemsys_r1,101,0.1,0.01611603546,24,11,18,0.9745585875,63,5,0.07936507937,26,2,0.07692307692
primary,Y1:P_H_fixed,chemsys_r1,102,0.1,0.01611603546,8,1,27,0.9938603531,63,11,0.1746031746,26,10,0.3846153846
primary,Y1:P_H_fixed,chemsys_r2,100,0.1,0.01612903226,4,1,27,0.9962851406,63,14,0.2222222222,26,4,0.1538461538
primary,Y1:P_H_fixed,chemsys_r2,101,0.1,0.01612903226,1,1,25,0.9999899598,63,14,0.2222222222,26,4,0.1538461538
primary,Y1:P_H_fixed,chemsys_r2,102,0.1,0.01612903226,5,2,29,0.9961445783,63,18,0.2857142857,26,6,0.2307692308
primary,Y1:P_H_fixed,chemsys_r3,100,0.1,0.01614856681,20,1,25,0.9861077604,63,7,0.1111111111,28,2,0.07142857143
primary,Y1:P_H_fixed,chemsys_r3,101,0.1,0.01614856681,18,4,26,0.9770305589,63,10,0.1587301587,28,2,0.07142857143
primary,Y1:P_H_fixed,chemsys_r3,102,0.1,0.01614856681,13,1,25,0.9934057097,62,11,0.1774193548,27,6,0.2222222222
primary,Y1:P_H_fixed,chemsys_r4,100,0.1,0.01600640256,25,3,17,0.9811777601,63,8,0.126984127,20,0,0
primary,Y1:P_H_fixed,chemsys_r4,101,0.1,0.01600640256,26,1,26,0.9873056995,63,9,0.1428571429,20,0,0
primary,Y1:P_H_fixed,chemsys_r4,102,0.1,0.01600640256,20,1,25,0.9896373057,63,8,0.126984127,20,0,0
primary,Y1:P_H_fixed,chemsys_r5,100,0.1,0.01597444089,14,7,27,0.9896081941,63,10,0.1587301587,25,4,0.16
primary,Y1:P_H_fixed,chemsys_r5,101,0.1,0.01597444089,34,2,11,0.9807577566,63,0,0,25,0,0
primary,Y1:P_H_fixed,chemsys_r5,102,0.1,0.01597444089,1,1,28,0.9997712808,61,11,0.1803278689,24,4,0.1666666667
primary,Y1:P_H_fixed,chemsys_r6,100,0.1,0.01609010459,17,1,27,0.9929186699,63,7,0.1111111111,28,1,0.03571428571
primary,Y1:P_H_fixed,chemsys_r6,101,0.1,0.01609010459,1,1,21,0.9990785256,62,9,0.1451612903,27,4,0.1481481481
primary,Y1:P_H_fixed,chemsys_r6,102,0.1,0.01609010459,41,1,13,0.9794671474,62,4,0.06451612903,27,0,0
primary,Y1:P_H_fixed,chemsys_r7,100,0.1,0.01641362331,3,2,24,0.9981916633,62,7,0.1129032258,29,4,0.1379310345
primary,Y1:P_H_fixed,chemsys_r7,101,0.1,0.01641362331,1,1,23,1,62,7,0.1129032258,29,5,0.1724137931
primary,Y1:P_H_fixed,chemsys_r7,102,0.1,0.01641362331,4,1,24,0.9990294238,61,7,0.1147540984,29,3,0.1034482759
primary,Y1:P_H_fixed,chemsys_r8,100,0.1,0.01600640256,20,1,26,0.9871263452,63,7,0.1111111111,15,0,0
primary,Y1:P_H_fixed,chemsys_r8,101,0.1,0.01600640256,19,1,28,0.9941709845,63,13,0.2063492063,15,1,0.06666666667
primary,Y1:P_H_fixed,chemsys_r8,102,0.1,0.01600640256,1,1,28,0.9979673177,63,16,0.253968254,15,5,0.3333333333
primary,Y1:P_H_fixed,chemsys_r9,100,0.1,0.0162469537,1,1,28,0.9993830906,62,18,0.2903225806,23,7,0.3043478261
primary,Y1:P_H_fixed,chemsys_r9,101,0.1,0.0162469537,3,1,26,1,61,18,0.2950819672,23,8,0.347826087
primary,Y1:P_H_fixed,chemsys_r9,102,0.1,0.0162469537,19,2,21,0.9826658576,62,5,0.08064516129,23,0,0
primary,Y1:P_H_fixed,random_r0,100,0.1,0.01602564103,26,11,22,0.9660814046,63,5,0.07936507937,22,0,0
primary,Y1:P_H_fixed,random_r0,101,0.1,0.01602564103,1,1,25,0.9990722267,61,12,0.1967213115,22,3,0.1363636364
primary,Y1:P_H_fixed,random_r0,102,0.1,0.01602564103,5,1,31,0.9982342378,63,12,0.1904761905,22,4,0.1818181818
primary,Y1:P_H_fixed,random_r1,100,0.1,0.01615508885,12,2,23,0.9875703942,63,10,0.1587301587,21,4,0.1904761905
primary,Y1:P_H_fixed,random_r1,101,0.1,0.01615508885,8,2,23,0.9934533387,63,13,0.2063492063,21,4,0.1904761905
primary,Y1:P_H_fixed,random_r1,102,0.1,0.01615508885,7,1,27,0.9937952534,63,13,0.2063492063,21,5,0.2380952381
primary,Y1:P_H_fixed,random_r2,100,0.1,0.01590457256,3,1,26,0.9989009901,64,12,0.1875,31,6,0.1935483871
primary,Y1:P_H_fixed,random_r2,101,0.1,0.01590457256,3,2,26,0.999039604,63,13,0.2063492063,31,8,0.2580645161
primary,Y1:P_H_fixed,random_r2,102,0.1,0.01590457256,2,2,26,0.9983663366,64,12,0.1875,31,6,0.1935483871
primary,Y1:P_H_fixed,random_r3,100,0.1,0.01616161616,2,1,29,0.9997686117,63,13,0.2063492063,18,6,0.3333333333
primary,Y1:P_H_fixed,random_r3,101,0.1,0.01616161616,2,1,28,0.9998993964,63,10,0.1587301587,18,5,0.2777777778
primary,Y1:P_H_fixed,random_r3,102,0.1,0.01616161616,12,3,28,0.9918511066,63,5,0.07936507937,18,1,0.05555555556
primary,Y1:P_H_fixed,random_r4,100,0.1,0.01607071113,20,6,25,0.9842937175,63,5,0.07936507937,25,1,0.04
primary,Y1:P_H_fixed,random_r4,101,0.1,0.01607071113,8,8,28,0.9825930372,63,8,0.126984127,25,1,0.04
primary,Y1:P_H_fixed,random_r4,102,0.1,0.01607071113,23,1,21,0.9853941577,63,1,0.01587301587,25,0,0
primary,Y1:P_H_fixed,random_r5,100,0.1,0.01610954491,15,1,27,0.9905936623,63,11,0.1746031746,18,3,0.1666666667
primary,Y1:P_H_fixed,random_r5,101,0.1,0.01610954491,5,3,25,0.9915363016,63,14,0.2222222222,18,5,0.2777777778
primary,Y1:P_H_fixed,random_r5,102,0.1,0.01610954491,12,2,27,0.9923586041,63,12,0.1904761905,18,4,0.2222222222
primary,Y1:P_H_fixed,random_r6,100,0.1,0.01620089105,14,3,26,0.985629286,62,13,0.2096774194,17,4,0.2352941176
primary,Y1:P_H_fixed,random_r6,101,0.1,0.01620089105,21,1,23,0.9865469948,62,4,0.06451612903,17,0,0
primary,Y1:P_H_fixed,random_r6,102,0.1,0.01620089105,30,15,16,0.9346914078,62,1,0.01612903226,17,0,0
primary,Y1:P_H_fixed,random_r7,100,0.1,0.01619433198,14,3,25,0.9903931452,62,7,0.1129032258,24,2,0.08333333333
primary,Y1:P_H_fixed,random_r7,101,0.1,0.01619433198,24,5,20,0.9764616935,62,3,0.04838709677,24,0,0
primary,Y1:P_H_fixed,random_r7,102,0.1,0.01619433198,34,2,19,0.9769959677,62,2,0.03225806452,24,0,0
primary,Y1:P_H_fixed,random_r8,100,0.1,0.01611603546,3,3,22,0.9931280096,63,12,0.1904761905,15,3,0.2
primary,Y1:P_H_fixed,random_r8,101,0.1,0.01611603546,17,8,24,0.9857142857,63,10,0.1587301587,15,3,0.2
primary,Y1:P_H_fixed,random_r8,102,0.1,0.01611603546,2,1,29,0.9982644462,62,14,0.2258064516,14,4,0.2857142857
primary,Y1:P_H_fixed,random_r9,100,0.1,0.01621402513,3,1,27,0.9992531288,62,11,0.1774193548,20,3,0.15
primary,Y1:P_H_fixed,random_r9,101,0.1,0.01621402513,2,1,26,0.9993641502,62,12,0.1935483871,20,5,0.25
primary,Y1:P_H_fixed,random_r9,102,0.1,0.01621402513,3,1,29,0.9990714574,62,9,0.1451612903,20,3,0.15
primary,Y1:P_H_fixed,chemsys_r0,100,0.25,0.01620089105,4,4,27,0.9858007261,62,14,0.2258064516,32,5,0.15625
primary,Y1:P_H_fixed,chemsys_r0,101,0.25,0.01620089105,9,5,24,0.992517144,61,10,0.1639344262,31,3,0.09677419355
primary,Y1:P_H_fixed,chemsys_r0,102,0.25,0.01620089105,11,4,26,0.9865873336,62,12,0.1935483871,32,3,0.09375
primary,Y1:P_H_fixed,chemsys_r1,100,0.25,0.01611603546,11,5,23,0.978812199,63,9,0.1428571429,26,3,0.1153846154
primary,Y1:P_H_fixed,chemsys_r1,101,0.25,0.01611603546,26,12,19,0.9727327448,63,3,0.04761904762,26,1,0.03846153846
primary,Y1:P_H_fixed,chemsys_r1,102,0.25,0.01611603546,7,2,26,0.9934189406,63,11,0.1746031746,26,6,0.2307692308
primary,Y1:P_H_fixed,chemsys_r2,100,0.25,0.01612903226,4,1,28,0.9961646586,63,13,0.2063492063,26,1,0.03846153846
primary,Y1:P_H_fixed,chemsys_r2,101,0.25,0.01612903226,3,1,25,0.9999698795,63,12,0.1904761905,26,2,0.07692307692
primary,Y1:P_H_fixed,chemsys_r2,102,0.25,0.01612903226,4,1,29,0.997751004,63,14,0.2222222222,26,3,0.1153846154
primary,Y1:P_H_fixed,chemsys_r3,100,0.25,0.01614856681,11,1,27,0.9906413349,63,10,0.1587301587,28,3,0.1071428571
primary,Y1:P_H_fixed,chemsys_r3,101,0.25,0.01614856681,22,4,26,0.9766787294,63,7,0.1111111111,28,0,0
primary,Y1:P_H_fixed,chemsys_r3,102,0.25,0.01614856681,9,1,27,0.9938681142,62,12,0.1935483871,27,2,0.07407407407
primary,Y1:P_H_fixed,chemsys_r4,100,0.25,0.01600640256,20,3,20,0.9808190514,63,5,0.07936507937,20,0,0
primary,Y1:P_H_fixed,chemsys_r4,101,0.25,0.01600640256,21,1,23,0.9893782383,63,4,0.06349206349,20,0,0
primary,Y1:P_H_fixed,chemsys_r4,102,0.25,0.01600640256,20,1,26,0.9906237545,63,7,0.1111111111,20,0,0
primary,Y1:P_H_fixed,chemsys_r5,100,0.25,0.01597444089,12,7,23,0.9871320605,63,6,0.09523809524,25,1,0.04
primary,Y1:P_H_fixed,chemsys_r5,101,0.25,0.01597444089,29,2,18,0.9812350835,63,1,0.01587301587,25,0,0
primary,Y1:P_H_fixed,chemsys_r5,102,0.25,0.01597444089,1,1,29,0.9997513922,61,11,0.1803278689,24,3,0.125
primary,Y1:P_H_fixed,chemsys_r6,100,0.25,0.01609010459,7,1,29,0.9971053686,63,8,0.126984127,28,1,0.03571428571
primary,Y1:P_H_fixed,chemsys_r6,101,0.25,0.01609010459,1,1,24,0.9998197115,62,10,0.1612903226,27,1,0.03703703704
primary,Y1:P_H_fixed,chemsys_r6,102,0.25,0.01609010459,10,1,26,0.9944010417,62,9,0.1451612903,27,1,0.03703703704
primary,Y1:P_H_fixed,chemsys_r7,100,0.25,0.01641362331,3,2,22,0.9971597875,62,6,0.09677419355,29,2,0.06896551724
primary,Y1:P_H_fixed,chemsys_r7,101,0.25,0.01641362331,2,1,26,0.9989068247,62,10,0.1612903226,29,4,0.1379310345
primary,Y1:P_H_fixed,chemsys_r7,102,0.25,0.01641362331,3,1,24,0.9990805067,61,7,0.1147540984,29,3,0.1034482759
primary,Y1:P_H_fixed,chemsys_r8,100,0.25,0.01600640256,10,1,28,0.9930749303,63,11,0.1746031746,15,4,0.2666666667
primary,Y1:P_H_fixed,chemsys_r8,101,0.25,0.01600640256,7,1,29,0.9970506178,63,13,0.2063492063,15,2,0.1333333333
primary,Y1:P_H_fixed,chemsys_r8,102,0.25,0.01600640256,1,1,29,0.998226385,63,14,0.2222222222,15,2,0.1333333333
primary,Y1:P_H_fixed,chemsys_r9,100,0.25,0.0162469537,1,1,29,0.999211165,62,17,0.2741935484,23,4,0.1739130435
primary,Y1:P_H_fixed,chemsys_r9,101,0.25,0.0162469537,1,1,26,1,61,14,0.2295081967,23,4,0.1739130435
primary,Y1:P_H_fixed,chemsys_r9,102,0.25,0.0162469537,12,1,25,0.9925667476,62,9,0.1451612903,23,1,0.04347826087
primary,Y1:P_H_fixed,random_r0,100,0.25,0.01602564103,20,11,24,0.9713786911,63,1,0.01587301587,22,0,0
primary,Y1:P_H_fixed,random_r0,101,0.25,0.01602564103,1,1,29,1,61,9,0.1475409836,22,2,0.09090909091
primary,Y1:P_H_fixed,random_r0,102,0.25,0.01602564103,4,1,29,0.9985235435,63,7,0.1111111111,22,0,0
primary,Y1:P_H_fixed,random_r1,100,0.25,0.01615508885,23,4,23,0.9803499598,63,0,0,21,0,0
primary,Y1:P_H_fixed,random_r1,101,0.25,0.01615508885,6,1,26,0.9961685438,63,12,0.1904761905,21,3,0.1428571429
primary,Y1:P_H_fixed,random_r1,102,0.25,0.01615508885,26,1,19,0.9845132743,63,0,0,21,0,0
primary,Y1:P_H_fixed,random_r2,100,0.25,0.01590457256,14,9,21,0.9787326733,64,3,0.046875,31,0,0
primary,Y1:P_H_fixed,random_r2,101,0.25,0.01590457256,3,1,28,0.9991980198,63,11,0.1746031746,31,4,0.1290322581
primary,Y1:P_H_fixed,random_r2,102,0.25,0.01590457256,2,2,26,0.9983663366,64,10,0.15625,31,4,0.1290322581
primary,Y1:P_H_fixed,random_r3,100,0.25,0.01616161616,1,1,30,0.9997686117,63,11,0.1746031746,18,2,0.1111111111
primary,Y1:P_H_fixed,random_r3,101,0.25,0.01616161616,2,1,28,0.9998591549,63,8,0.126984127,18,1,0.05555555556
primary,Y1:P_H_fixed,random_r3,102,0.25,0.01616161616,13,4,28,0.9912273642,63,4,0.06349206349,18,0,0
primary,Y1:P_H_fixed,random_r4,100,0.25,0.01607071113,21,11,24,0.968487395,63,3,0.04761904762,25,0,0
primary,Y1:P_H_fixed,random_r4,101,0.25,0.01607071113,24,14,17,0.9659563826,63,0,0,25,0,0
primary,Y1:P_H_fixed,random_r4,102,0.25,0.01607071113,18,2,25,0.9864845938,63,1,0.01587301587,25,0,0
primary,Y1:P_H_fixed,random_r5,100,0.25,0.01610954491,19,1,27,0.9915964701,63,11,0.1746031746,18,2,0.1111111111
primary,Y1:P_H_fixed,random_r5,101,0.25,0.01610954491,5,3,28,0.9926995588,63,15,0.2380952381,18,3,0.1666666667
primary,Y1:P_H_fixed,random_r5,102,0.25,0.01610954491,5,1,29,0.9971219414,63,15,0.2380952381,18,3,0.1666666667
primary,Y1:P_H_fixed,random_r6,100,0.25,0.01620089105,18,7,24,0.9817668415,62,4,0.06451612903,17,0,0
primary,Y1:P_H_fixed,random_r6,101,0.25,0.01620089105,18,1,24,0.9868999597,62,1,0.01612903226,17,0,0
primary,Y1:P_H_fixed,random_r6,102,0.25,0.01620089105,6,4,28,0.9920935861,62,7,0.1129032258,17,0,0
primary,Y1:P_H_fixed,random_r7,100,0.25,0.01619433198,16,3,25,0.9884576613,62,6,0.09677419355,24,1,0.04166666667
primary,Y1:P_H_fixed,random_r7,101,0.25,0.01619433198,10,7,29,0.9807258065,62,9,0.1451612903,24,2,0.08333333333
primary,Y1:P_H_fixed,random_r7,102,0.25,0.01619433198,26,2,23,0.9802923387,62,1,0.01612903226,24,0,0
primary,Y1:P_H_fixed,random_r8,100,0.25,0.01611603546,2,2,28,0.9966693419,63,15,0.2380952381,15,4,0.2666666667
primary,Y1:P_H_fixed,random_r8,101,0.25,0.01611603546,7,5,24,0.9944020867,63,9,0.1428571429,15,2,0.1333333333
primary,Y1:P_H_fixed,random_r8,102,0.25,0.01611603546,2,1,27,0.9985754414,62,15,0.2419354839,14,4,0.2857142857
primary,Y1:P_H_fixed,random_r9,100,0.25,0.01621402513,3,1,27,0.998546629,62,10,0.1612903226,20,2,0.1
primary,Y1:P_H_fixed,random_r9,101,0.25,0.01621402513,2,1,24,0.9987585789,62,8,0.1290322581,20,3,0.15
primary,Y1:P_H_fixed,random_r9,102,0.25,0.01621402513,3,1,27,0.998546629,62,9,0.1451612903,20,2,0.1
primary,Y1:P_H_fixed,chemsys_r0,100,0.5,0.01620089105,3,3,26,0.9916397741,62,10,0.1612903226,32,0,0
primary,Y1:P_H_fixed,chemsys_r0,101,0.5,0.01620089105,3,3,25,0.9964703509,61,9,0.1475409836,31,0,0
primary,Y1:P_H_fixed,chemsys_r0,102,0.5,0.01620089105,2,2,25,0.9945240016,62,9,0.1451612903,32,1,0.03125
primary,Y1:P_H_fixed,chemsys_r1,100,0.5,0.01611603546,10,4,19,0.9829755217,63,1,0.01587301587,26,0,0
primary,Y1:P_H_fixed,chemsys_r1,101,0.5,0.01611603546,16,13,19,0.9748194222,63,0,0,26,0,0
primary,Y1:P_H_fixed,chemsys_r1,102,0.5,0.01611603546,5,2,25,0.9949839486,63,10,0.1587301587,26,4,0.1538461538
primary,Y1:P_H_fixed,chemsys_r2,100,0.5,0.01612903226,4,1,24,0.995813253,63,6,0.09523809524,26,0,0
primary,Y1:P_H_fixed,chemsys_r2,101,0.5,0.01612903226,3,1,26,0.9999497992,63,10,0.1587301587,26,0,0
primary,Y1:P_H_fixed,chemsys_r2,102,0.5,0.01612903226,4,1,27,0.9976104418,63,11,0.1746031746,26,0,0
primary,Y1:P_H_fixed,chemsys_r3,100,0.5,0.01614856681,8,1,27,0.9918777644,63,10,0.1587301587,28,1,0.03571428571
primary,Y1:P_H_fixed,chemsys_r3,101,0.5,0.01614856681,20,3,23,0.9856755127,63,2,0.03174603175,28,0,0
primary,Y1:P_H_fixed,chemsys_r3,102,0.5,0.01614856681,9,3,27,0.9942702051,62,14,0.2258064516,27,4,0.1481481481
primary,Y1:P_H_fixed,chemsys_r4,100,0.5,0.01600640256,22,3,27,0.9836488641,63,6,0.09523809524,20,0,0
primary,Y1:P_H_fixed,chemsys_r4,101,0.5,0.01600640256,26,1,23,0.9858708649,63,4,0.06349206349,20,0,0
primary,Y1:P_H_fixed,chemsys_r4,102,0.5,0.01600640256,8,1,26,0.9942307692,63,8,0.126984127,20,0,0
primary,Y1:P_H_fixed,chemsys_r5,100,0.5,0.01597444089,16,10,27,0.9852128083,63,4,0.06349206349,25,0,0
primary,Y1:P_H_fixed,chemsys_r5,101,0.5,0.01597444089,22,2,22,0.9850636436,63,0,0,25,0,0
primary,Y1:P_H_fixed,chemsys_r5,102,0.5,0.01597444089,1,1,28,0.9996718377,61,10,0.1639344262,24,1,0.04166666667
primary,Y1:P_H_fixed,chemsys_r6,100,0.5,0.01609010459,3,2,30,0.9978966346,63,9,0.1428571429,28,0,0
primary,Y1:P_H_fixed,chemsys_r6,101,0.5,0.01609010459,1,1,25,0.9996995192,62,9,0.1451612903,27,1,0.03703703704
primary,Y1:P_H_fixed,chemsys_r6,102,0.5,0.01609010459,13,2,25,0.9923377404,62,6,0.09677419355,27,0,0
primary,Y1:P_H_fixed,chemsys_r7,100,0.5,0.01641362331,9,2,27,0.9912750306,62,4,0.06451612903,29,0,0
primary,Y1:P_H_fixed,chemsys_r7,101,0.5,0.01641362331,2,1,29,0.9990294238,62,8,0.1290322581,29,1,0.03448275862
primary,Y1:P_H_fixed,chemsys_r7,102,0.5,0.01641362331,4,1,27,0.9996219861,61,7,0.1147540984,29,1,0.03448275862
primary,Y1:P_H_fixed,chemsys_r8,100,0.5,0.01600640256,10,1,28,0.9929155042,63,9,0.1428571429,15,1,0.06666666667
primary,Y1:P_H_fixed,chemsys_r8,101,0.5,0.01600640256,6,1,28,0.9973296134,63,11,0.1746031746,15,1,0.06666666667
primary,Y1:P_H_fixed,chemsys_r8,102,0.5,0.01600640256,1,1,29,0.998146672,63,9,0.1428571429,15,0,0
primary,Y1:P_H_fixed,chemsys_r9,100,0.5,0.0162469537,1,1,29,0.9989785599,62,13,0.2096774194,23,1,0.04347826087
primary,Y1:P_H_fixed,chemsys_r9,101,0.5,0.0162469537,1,1,23,1,61,7,0.1147540984,23,0,0
primary,Y1:P_H_fixed,chemsys_r9,102,0.5,0.0162469537,16,1,24,0.9918992718,62,5,0.08064516129,23,0,0
primary,Y1:P_H_fixed,random_r0,100,0.5,0.01602564103,15,8,25,0.9804469274,63,1,0.01587301587,22,0,0
primary,Y1:P_H_fixed,random_r0,101,0.5,0.01602564103,1,1,27,1,61,6,0.09836065574,22,0,0
primary,Y1:P_H_fixed,random_r0,102,0.5,0.01602564103,2,2,29,0.9994413408,63,6,0.09523809524,22,0,0
primary,Y1:P_H_fixed,random_r1,100,0.5,0.01615508885,11,4,26,0.989923572,63,8,0.126984127,21,0,0
primary,Y1:P_H_fixed,random_r1,101,0.5,0.01615508885,6,2,30,0.9955148833,63,6,0.09523809524,21,0,0
primary,Y1:P_H_fixed,random_r1,102,0.5,0.01615508885,23,1,23,0.9858205953,63,0,0,21,0,0
primary,Y1:P_H_fixed,random_r2,100,0.5,0.01590457256,6,6,23,0.9876633663,64,6,0.09375,31,0,0
primary,Y1:P_H_fixed,random_r2,101,0.5,0.01590457256,3,1,26,0.9991980198,63,6,0.09523809524,31,0,0
primary,Y1:P_H_fixed,random_r2,102,0.5,0.01590457256,2,2,26,0.9983663366,64,9,0.140625,31,3,0.09677419355
primary,Y1:P_H_fixed,random_r3,100,0.5,0.01616161616,1,1,27,0.9997585513,63,7,0.1111111111,18,0,0
primary,Y1:P_H_fixed,random_r3,101,0.5,0.01616161616,2,1,27,0.9997987928,63,8,0.126984127,18,0,0
primary,Y1:P_H_fixed,random_r3,102,0.5,0.01616161616,14,4,26,0.9901006036,63,3,0.04761904762,18,0,0
primary,Y1:P_H_fixed,random_r4,100,0.5,0.01607071113,23,7,20,0.9767006803,63,0,0,25,0,0
primary,Y1:P_H_fixed,random_r4,101,0.5,0.01607071113,14,9,23,0.9797418968,63,0,0,25,0,0
primary,Y1:P_H_fixed,random_r4,102,0.5,0.01607071113,15,2,22,0.9886854742,63,0,0,25,0,0
primary,Y1:P_H_fixed,random_r5,100,0.5,0.01610954491,17,1,26,0.992599278,63,9,0.1428571429,18,0,0
primary,Y1:P_H_fixed,random_r5,101,0.5,0.01610954491,7,2,25,0.9931909346,63,8,0.126984127,18,0,0
primary,Y1:P_H_fixed,random_r5,102,0.5,0.01610954491,4,1,27,0.9973926996,63,11,0.1746031746,18,1,0.05555555556
primary,Y1:P_H_fixed,random_r6,100,0.5,0.01620089105,12,7,21,0.9836627672,62,0,0,17,0,0
primary,Y1:P_H_fixed,random_r6,101,0.5,0.01620089105,19,1,22,0.9868797902,62,0,0,17,0,0
primary,Y1:P_H_fixed,random_r6,102,0.5,0.01620089105,5,4,25,0.9924263816,62,3,0.04838709677,17,0,0
primary,Y1:P_H_fixed,random_r7,100,0.5,0.01619433198,10,2,25,0.9925705645,62,7,0.1129032258,24,0,0
primary,Y1:P_H_fixed,random_r7,101,0.5,0.01619433198,15,3,24,0.9872479839,62,4,0.06451612903,24,0,0
primary,Y1:P_H_fixed,random_r7,102,0.5,0.01619433198,11,2,23,0.9904233871,62,5,0.08064516129,24,0,0
primary,Y1:P_H_fixed,random_r8,100,0.5,0.01611603546,4,4,25,0.9920846709,63,11,0.1746031746,15,1,0.06666666667
primary,Y1:P_H_fixed,random_r8,101,0.5,0.01611603546,19,9,23,0.9857042536,63,4,0.06349206349,15,0,0
primary,Y1:P_H_fixed,random_r8,102,0.5,0.01611603546,1,1,26,0.9999899679,62,10,0.1612903226,14,0,0
primary,Y1:P_H_fixed,random_r9,100,0.5,0.01621402513,3,1,27,0.9985970933,62,7,0.1129032258,20,1,0.05
primary,Y1:P_H_fixed,random_r9,101,0.5,0.01621402513,19,9,20,0.9806923698,62,4,0.06451612903,20,0,0
primary,Y1:P_H_fixed,random_r9,102,0.5,0.01621402513,4,1,26,0.998334679,62,5,0.08064516129,20,0,0
primary,Y1:P_H_fixed,chemsys_r0,100,0.75,0.01620089105,3,3,19,0.992587737,62,1,0.01612903226,32,0,0
primary,Y1:P_H_fixed,chemsys_r0,101,0.75,0.01620089105,3,3,20,0.9958652683,61,1,0.01639344262,31,0,0
primary,Y1:P_H_fixed,chemsys_r0,102,0.75,0.01620089105,4,4,25,0.9900060508,62,7,0.1129032258,32,0,0
primary,Y1:P_H_fixed,chemsys_r1,100,0.75,0.01611603546,15,7,22,0.9746388443,63,1,0.01587301587,26,0,0
primary,Y1:P_H_fixed,chemsys_r1,101,0.75,0.01611603546,11,11,21,0.9796749599,63,1,0.01587301587,26,0,0
primary,Y1:P_H_fixed,chemsys_r1,102,0.75,0.01611603546,5,3,24,0.9945826645,63,4,0.06349206349,26,0,0
primary,Y1:P_H_fixed,chemsys_r2,100,0.75,0.01612903226,5,1,25,0.9951405622,63,0,0,26,0,0
primary,Y1:P_H_fixed,chemsys_r2,101,0.75,0.01612903226,3,1,26,0.9999196787,63,7,0.1111111111,26,0,0
primary,Y1:P_H_fixed,chemsys_r2,102,0.75,0.01612903226,5,3,27,0.993373494,63,9,0.1428571429,26,0,0
primary,Y1:P_H_fixed,chemsys_r3,100,0.75,0.01614856681,10,1,22,0.9890329715,63,1,0.01587301587,28,0,0
primary,Y1:P_H_fixed,chemsys_r3,101,0.75,0.01614856681,9,2,20,0.9924004825,63,0,0,28,0,0
primary,Y1:P_H_fixed,chemsys_r3,102,0.75,0.01614856681,19,4,21,0.9892038601,62,2,0.03225806452,27,0,0
primary,Y1:P_H_fixed,chemsys_r4,100,0.75,0.01600640256,14,5,23,0.9842666401,63,3,0.04761904762,20,0,0
primary,Y1:P_H_fixed,chemsys_r4,101,0.75,0.01600640256,14,2,23,0.9891889199,63,4,0.06349206349,20,0,0
primary,Y1:P_H_fixed,chemsys_r4,102,0.75,0.01600640256,14,1,23,0.9917198087,63,3,0.04761904762,20,0,0
primary,Y1:P_H_fixed,chemsys_r5,100,0.75,0.01597444089,10,4,27,0.9920147176,63,2,0.03174603175,25,0,0
primary,Y1:P_H_fixed,chemsys_r5,101,0.75,0.01597444089,32,2,15,0.9797732697,63,0,0,25,0,0
primary,Y1:P_H_fixed,chemsys_r5,102,0.75,0.01597444089,2,1,26,0.9996022275,61,6,0.09836065574,24,0,0
primary,Y1:P_H_fixed,chemsys_r6,100,0.75,0.01609010459,3,2,28,0.9977363782,63,6,0.09523809524,28,0,0
primary,Y1:P_H_fixed,chemsys_r6,101,0.75,0.01609010459,1,1,29,0.9995192308,62,7,0.1129032258,27,0,0
primary,Y1:P_H_fixed,chemsys_r6,102,0.75,0.01609010459,15,2,24,0.9912459936,62,5,0.08064516129,27,0,0
primary,Y1:P_H_fixed,chemsys_r7,100,0.75,0.01641362331,2,1,24,0.9992337556,62,2,0.03225806452,29,0,0
primary,Y1:P_H_fixed,chemsys_r7,101,0.75,0.01641362331,2,1,27,0.9994380875,62,4,0.06451612903,29,0,0
primary,Y1:P_H_fixed,chemsys_r7,102,0.75,0.01641362331,3,2,26,0.9994585206,61,3,0.04918032787,29,0,0
primary,Y1:P_H_fixed,chemsys_r8,100,0.75,0.01600640256,6,1,28,0.9946891192,63,8,0.126984127,15,0,0
primary,Y1:P_H_fixed,chemsys_r8,101,0.75,0.01600640256,22,1,25,0.9939916301,63,6,0.09523809524,15,0,0
primary,Y1:P_H_fixed,chemsys_r8,102,0.75,0.01600640256,1,1,26,0.998146672,63,5,0.07936507937,15,0,0
primary,Y1:P_H_fixed,chemsys_r9,100,0.75,0.0162469537,1,1,24,0.998756068,62,5,0.08064516129,23,0,0
primary,Y1:P_H_fixed,chemsys_r9,101,0.75,0.0162469537,3,1,23,1,61,5,0.08196721311,23,0,0
primary,Y1:P_H_fixed,chemsys_r9,102,0.75,0.0162469537,15,1,22,0.9914441748,62,1,0.01612903226,23,0,0
primary,Y1:P_H_fixed,random_r0,100,0.75,0.01602564103,7,5,25,0.9904828412,63,0,0,22,0,0
primary,Y1:P_H_fixed,random_r0,101,0.75,0.01602564103,1,1,28,1,61,6,0.09836065574,22,0,0
primary,Y1:P_H_fixed,random_r0,102,0.75,0.01602564103,2,2,27,0.9995610535,63,2,0.03174603175,22,0,0
primary,Y1:P_H_fixed,random_r1,100,0.75,0.01615508885,20,5,25,0.983769107,63,0,0,21,0,0
primary,Y1:P_H_fixed,random_r1,101,0.75,0.01615508885,15,5,31,0.9899135157,63,3,0.04761904762,21,0,0
primary,Y1:P_H_fixed,random_r1,102,0.75,0.01615508885,21,1,26,0.9851669348,63,1,0.01587301587,21,0,0
primary,Y1:P_H_fixed,random_r2,100,0.75,0.01590457256,3,3,21,0.995009901,64,2,0.03125,31,0,0
primary,Y1:P_H_fixed,random_r2,101,0.75,0.01590457256,3,1,22,0.9991980198,63,2,0.03174603175,31,0,0
primary,Y1:P_H_fixed,random_r2,102,0.75,0.01590457256,2,2,23,0.9982772277,64,2,0.03125,31,0,0
primary,Y1:P_H_fixed,random_r3,100,0.75,0.01616161616,3,1,28,0.9996981891,63,4,0.06349206349,18,0,0
primary,Y1:P_H_fixed,random_r3,101,0.75,0.01616161616,2,1,30,0.999778672,63,7,0.1111111111,18,0,0
primary,Y1:P_H_fixed,random_r3,102,0.75,0.01616161616,5,3,26,0.9961167002,63,6,0.09523809524,18,0,0
primary,Y1:P_H_fixed,random_r4,100,0.75,0.01607071113,24,4,18,0.9798819528,63,0,0,25,0,0
primary,Y1:P_H_fixed,random_r4,101,0.75,0.01607071113,22,9,20,0.9726490596,63,0,0,25,0,0
primary,Y1:P_H_fixed,random_r4,102,0.75,0.01607071113,2,2,24,0.9979091637,63,1,0.01587301587,25,0,0
primary,Y1:P_H_fixed,random_r5,100,0.75,0.01610954491,5,1,23,0.9963096671,63,0,0,18,0,0
primary,Y1:P_H_fixed,random_r5,101,0.75,0.01610954491,6,2,23,0.9920577617,63,1,0.01587301587,18,0,0
primary,Y1:P_H_fixed,random_r5,102,0.75,0.01610954491,2,1,23,0.9973124749,63,2,0.03174603175,18,0,0
primary,Y1:P_H_fixed,random_r6,100,0.75,0.01620089105,10,5,20,0.9878580073,62,0,0,17,0,0
primary,Y1:P_H_fixed,random_r6,101,0.75,0.01620089105,11,2,25,0.9906212182,62,0,0,17,0,0
primary,Y1:P_H_fixed,random_r6,102,0.75,0.01620089105,5,2,23,0.9959358612,62,0,0,17,0,0
primary,Y1:P_H_fixed,random_r7,100,0.75,0.01619433198,7,5,23,0.9930443548,62,2,0.03225806452,24,0,0
primary,Y1:P_H_fixed,random_r7,101,0.75,0.01619433198,13,3,23,0.9878729839,62,1,0.01612903226,24,0,0
primary,Y1:P_H_fixed,random_r7,102,0.75,0.01619433198,10,2,23,0.9906754032,62,1,0.01612903226,24,0,0
primary,Y1:P_H_fixed,random_r8,100,0.75,0.01611603546,4,4,23,0.9920746388,63,5,0.07936507937,15,0,0
primary,Y1:P_H_fixed,random_r8,101,0.75,0.01611603546,3,3,24,0.9978832263,63,4,0.06349206349,15,0,0
primary,Y1:P_H_fixed,random_r8,102,0.75,0.01611603546,1,1,24,0.9999899679,62,5,0.08064516129,14,0,0
primary,Y1:P_H_fixed,random_r9,100,0.75,0.01621402513,5,2,27,0.993076302,62,4,0.06451612903,20,0,0
primary,Y1:P_H_fixed,random_r9,101,0.75,0.01621402513,8,8,23,0.9880601534,62,6,0.09677419355,20,0,0
primary,Y1:P_H_fixed,random_r9,102,0.75,0.01621402513,4,2,24,0.9946104158,62,5,0.08064516129,20,0,0
primary,Y1:P_H_fixed,chemsys_r0,100,1,0.01620089105,20,11,7,0.977692618,62,0,0,32,0,0
primary,Y1:P_H_fixed,chemsys_r0,101,1,0.01620089105,20,11,7,0.9851149657,61,0,0,31,0,0
primary,Y1:P_H_fixed,chemsys_r0,102,1,0.01620089105,20,11,7,0.977692618,62,0,0,32,0,0
primary,Y1:P_H_fixed,chemsys_r1,100,1,0.01611603546,33,12,11,0.9646970305,63,0,0,26,0,0
primary,Y1:P_H_fixed,chemsys_r1,101,1,0.01611603546,33,12,11,0.9646970305,63,0,0,26,0,0
primary,Y1:P_H_fixed,chemsys_r1,102,1,0.01611603546,32,11,11,0.9699538523,63,0,0,26,0,0
primary,Y1:P_H_fixed,chemsys_r2,100,1,0.01612903226,30,3,12,0.9743975904,63,0,0,26,0,0
primary,Y1:P_H_fixed,chemsys_r2,101,1,0.01612903226,30,3,12,0.9995983936,63,0,0,26,0,0
primary,Y1:P_H_fixed,chemsys_r2,102,1,0.01612903226,30,3,12,0.9743975904,63,0,0,26,0,0
primary,Y1:P_H_fixed,chemsys_r3,100,1,0.01614856681,32,5,14,0.9732408524,63,0,0,28,0,0
primary,Y1:P_H_fixed,chemsys_r3,101,1,0.01614856681,32,5,14,0.9732408524,63,0,0,28,0,0
primary,Y1:P_H_fixed,chemsys_r3,102,1,0.01614856681,32,5,14,0.9797547246,62,0,0,27,0,0
primary,Y1:P_H_fixed,chemsys_r4,100,1,0.01600640256,16,1,17,0.9883320048,63,0,0,20,0,0
primary,Y1:P_H_fixed,chemsys_r4,101,1,0.01600640256,16,1,17,0.9883320048,63,0,0,20,0,0
primary,Y1:P_H_fixed,chemsys_r4,102,1,0.01600640256,16,1,17,0.9886110004,63,0,0,20,0,0
primary,Y1:P_H_fixed,chemsys_r5,100,1,0.01597444089,22,9,13,0.9825775656,63,0,0,25,0,0
primary,Y1:P_H_fixed,chemsys_r5,101,1,0.01597444089,22,9,14,0.9755369928,63,0,0,25,0,0
primary,Y1:P_H_fixed,chemsys_r5,102,1,0.01597444089,22,9,14,0.9996022275,61,0,0,24,0,0
primary,Y1:P_H_fixed,chemsys_r6,100,1,0.01609010459,14,4,16,0.981630609,63,0,0,28,0,0
primary,Y1:P_H_fixed,chemsys_r6,101,1,0.01609010459,14,4,16,0.9875901442,62,0,0,27,0,0
primary,Y1:P_H_fixed,chemsys_r6,102,1,0.01609010459,14,4,16,0.9856069712,62,0,0,27,0,0
primary,Y1:P_H_fixed,chemsys_r7,100,1,0.01641362331,19,1,13,0.9846138128,62,0,0,29,0,0
primary,Y1:P_H_fixed,chemsys_r7,101,1,0.01641362331,19,1,13,0.9893951778,62,0,0,29,0,0
primary,Y1:P_H_fixed,chemsys_r7,102,1,0.01641362331,19,1,13,0.9978545157,61,0,0,29,0,0
primary,Y1:P_H_fixed,chemsys_r8,100,1,0.01600640256,15,2,18,0.9925667597,63,0,0,15,0,0
primary,Y1:P_H_fixed,chemsys_r8,101,1,0.01600640256,15,2,18,0.9955958549,63,0,0,15,0,0
primary,Y1:P_H_fixed,chemsys_r8,102,1,0.01600640256,15,2,18,0.9908828218,63,0,0,15,0,0
primary,Y1:P_H_fixed,chemsys_r9,100,1,0.0162469537,16,1,17,0.9900788835,62,0,0,23,0,0
primary,Y1:P_H_fixed,chemsys_r9,101,1,0.0162469537,17,1,17,1,61,0,0,23,0,0
primary,Y1:P_H_fixed,chemsys_r9,102,1,0.0162469537,17,1,17,0.9896642395,62,0,0,23,0,0
primary,Y1:P_H_fixed,random_r0,100,1,0.01602564103,4,4,12,0.9941440543,63,0,0,22,0,0
primary,Y1:P_H_fixed,random_r0,101,1,0.01602564103,4,4,12,0.9997605746,61,0,0,22,0,0
primary,Y1:P_H_fixed,random_r0,102,1,0.01602564103,4,4,11,0.9986831604,63,0,0,22,0,0
primary,Y1:P_H_fixed,random_r1,100,1,0.01615508885,41,3,15,0.9752815768,63,0,0,21,0,0
primary,Y1:P_H_fixed,random_r1,101,1,0.01615508885,41,4,14,0.9735820595,63,0,0,21,0,0
primary,Y1:P_H_fixed,random_r1,102,1,0.01615508885,41,4,14,0.9730289622,63,0,0,21,0,0
primary,Y1:P_H_fixed,random_r2,100,1,0.01590457256,2,2,13,0.998049505,64,0,0,31,0,0
primary,Y1:P_H_fixed,random_r2,101,1,0.01590457256,2,2,13,0.9993762376,63,0,0,31,0,0
primary,Y1:P_H_fixed,random_r2,102,1,0.01590457256,2,2,13,0.9980990099,64,0,0,31,0,0
primary,Y1:P_H_fixed,random_r3,100,1,0.01616161616,22,3,15,0.9985311871,63,0,0,18,0,0
primary,Y1:P_H_fixed,random_r3,101,1,0.01616161616,22,3,15,0.999195171,63,0,0,18,0,0
primary,Y1:P_H_fixed,random_r3,102,1,0.01616161616,22,3,15,0.9893661972,63,0,0,18,0,0
primary,Y1:P_H_fixed,random_r4,100,1,0.01607071113,3,3,7,0.9958183273,63,0,0,25,0,0
primary,Y1:P_H_fixed,random_r4,101,1,0.01607071113,3,3,7,0.9958183273,63,0,0,25,0,0
primary,Y1:P_H_fixed,random_r4,102,1,0.01607071113,3,3,7,0.9958183273,63,0,0,25,0,0
primary,Y1:P_H_fixed,random_r5,100,1,0.01610954491,1,1,11,0.9979943843,63,0,0,18,0,0
primary,Y1:P_H_fixed,random_r5,101,1,0.01610954491,1,1,11,0.9979943843,63,0,0,18,0,0
primary,Y1:P_H_fixed,random_r5,102,1,0.01610954491,1,1,11,0.9979943843,63,0,0,18,0,0
primary,Y1:P_H_fixed,random_r6,100,1,0.01620089105,4,3,14,0.9944534086,62,0,0,17,0,0
primary,Y1:P_H_fixed,random_r6,101,1,0.01620089105,4,3,14,0.9944534086,62,0,0,17,0,0
primary,Y1:P_H_fixed,random_r6,102,1,0.01620089105,4,3,14,0.9944534086,62,0,0,17,0,0
primary,Y1:P_H_fixed,random_r7,100,1,0.01619433198,4,4,15,0.9962298387,62,0,0,24,0,0
primary,Y1:P_H_fixed,random_r7,101,1,0.01619433198,4,4,16,0.9936995968,62,0,0,24,0,0
primary,Y1:P_H_fixed,random_r7,102,1,0.01619433198,4,4,16,0.9936995968,62,0,0,24,0,0
primary,Y1:P_H_fixed,random_r8,100,1,0.01611603546,1,1,14,0.9999197432,63,0,0,15,0,0
primary,Y1:P_H_fixed,random_r8,101,1,0.01611603546,1,1,14,0.9999197432,63,0,0,15,0,0
primary,Y1:P_H_fixed,random_r8,102,1,0.01611603546,1,1,14,0.9999197432,62,0,0,14,0,0
primary,Y1:P_H_fixed,random_r9,100,1,0.01621402513,15,1,17,0.9923698022,62,0,0,20,0,0
primary,Y1:P_H_fixed,random_r9,101,1,0.01621402513,15,1,17,0.9923698022,62,0,0,20,0,0
primary,Y1:P_H_fixed,random_r9,102,1,0.01621402513,15,1,17,0.9923698022,62,0,0,20,0,0
primary,Y1:P_phys_fixed,chemsys_r0,100,0,0.01620089105,5,5,22,0.977027027,62,1,0.01612903226,8,1,0.125
primary,Y1:P_phys_fixed,chemsys_r0,101,0,0.01620089105,28,5,20,0.9841468334,61,4,0.06557377049,7,2,0.2857142857
primary,Y1:P_phys_fixed,chemsys_r0,102,0,0.01620089105,41,23,7,0.9596409843,62,7,0.1129032258,8,1,0.125
primary,Y1:P_phys_fixed,chemsys_r1,100,0,0.01611603546,41,22,7,0.9162018459,63,7,0.1111111111,7,0,0
primary,Y1:P_phys_fixed,chemsys_r1,101,0,0.01611603546,21,11,20,0.9745485554,63,6,0.09523809524,7,0,0
primary,Y1:P_phys_fixed,chemsys_r1,102,0,0.01611603546,29,1,21,0.9849719101,63,7,0.1111111111,7,0,0
primary,Y1:P_phys_fixed,chemsys_r2,100,0,0.01612903226,4,3,27,0.9909839357,63,4,0.06349206349,3,0,0
primary,Y1:P_phys_fixed,chemsys_r2,101,0,0.01612903226,2,1,26,0.9999899598,63,1,0.01587301587,3,0,0
primary,Y1:P_phys_fixed,chemsys_r2,102,0,0.01612903226,5,3,20,0.9941967871,63,2,0.03174603175,3,0,0
primary,Y1:P_phys_fixed,chemsys_r3,100,0,0.01614856681,41,21,4,0.948632891,63,4,0.06349206349,6,4,0.6666666667
primary,Y1:P_phys_fixed,chemsys_r3,101,0,0.01614856681,41,20,2,0.9204764777,63,2,0.03174603175,6,1,0.1666666667
primary,Y1:P_phys_fixed,chemsys_r3,102,0,0.01614856681,5,2,25,0.994340571,63,7,0.1111111111,6,0,0
primary,Y1:P_phys_fixed,chemsys_r4,100,0,0.01600640256,34,18,9,0.932174173,63,3,0.04761904762,8,2,0.25
primary,Y1:P_phys_fixed,chemsys_r4,101,0,0.01600640256,7,2,22,0.9932144281,63,3,0.04761904762,8,1,0.125
primary,Y1:P_phys_fixed,chemsys_r4,102,0,0.01600640256,41,1,14,0.9790753288,62,13,0.2096774194,8,0,0
primary,Y1:P_phys_fixed,chemsys_r5,100,0,0.01597444089,23,5,20,0.9850039777,62,7,0.1129032258,5,0,0
primary,Y1:P_phys_fixed,chemsys_r5,101,0,0.01597444089,41,21,4,0.9026054097,63,3,0.04761904762,5,1,0.2
primary,Y1:P_phys_fixed,chemsys_r5,102,0,0.01597444089,2,1,22,0.9999900557,63,4,0.06349206349,5,1,0.2
primary,Y1:P_phys_fixed,chemsys_r6,100,0,0.01609010459,17,13,20,0.9658653846,63,3,0.04761904762,10,1,0.1
primary,Y1:P_phys_fixed,chemsys_r6,101,0,0.01609010459,2,2,23,0.9974859776,60,3,0.05,10,2,0.2
primary,Y1:P_phys_fixed,chemsys_r6,102,0,0.01609010459,41,17,5,0.9682491987,62,5,0.08064516129,10,1,0.1
primary,Y1:P_phys_fixed,chemsys_r7,100,0,0.01641362331,15,14,22,0.9587351859,62,0,0,6,0,0
primary,Y1:P_phys_fixed,chemsys_r7,101,0,0.01641362331,2,1,25,0.999274622,60,1,0.01666666667,6,0,0
primary,Y1:P_phys_fixed,chemsys_r7,102,0,0.01641362331,4,1,22,0.9987024928,61,0,0,6,0,0
primary,Y1:P_phys_fixed,chemsys_r8,100,0,0.01600640256,13,3,26,0.9895476285,62,7,0.1129032258,8,0,0
primary,Y1:P_phys_fixed,chemsys_r8,101,0,0.01600640256,17,1,25,0.9943802312,63,3,0.04761904762,8,0,0
primary,Y1:P_phys_fixed,chemsys_r8,102,0,0.01600640256,8,8,21,0.9795137505,63,1,0.01587301587,8,0,0
primary,Y1:P_phys_fixed,chemsys_r9,100,0,0.0162469537,4,1,22,0.9967536408,62,4,0.06451612903,9,1,0.1111111111
primary,Y1:P_phys_fixed,chemsys_r9,101,0,0.0162469537,1,1,23,1,62,4,0.06451612903,9,1,0.1111111111
primary,Y1:P_phys_fixed,chemsys_r9,102,0,0.0162469537,33,10,10,0.9596177184,62,7,0.1129032258,9,1,0.1111111111
primary,Y1:P_phys_fixed,random_r0,100,0,0.01602564103,22,19,16,0.9176077414,63,2,0.03174603175,8,0,0
primary,Y1:P_phys_fixed,random_r0,101,0,0.01602564103,1,1,27,0.998792897,61,4,0.06557377049,8,1,0.125
primary,Y1:P_phys_fixed,random_r0,102,0,0.01602564103,7,1,25,0.997057063,62,7,0.1129032258,8,1,0.125
primary,Y1:P_phys_fixed,random_r1,100,0,0.01615508885,11,2,21,0.9900945294,63,3,0.04761904762,7,0,0
primary,Y1:P_phys_fixed,random_r1,101,0,0.01615508885,41,3,15,0.9729183427,63,9,0.1428571429,7,2,0.2857142857
primary,Y1:P_phys_fixed,random_r1,102,0,0.01615508885,9,2,23,0.9873592116,63,6,0.09523809524,7,0,0
primary,Y1:P_phys_fixed,random_r2,100,0,0.01590457256,14,3,22,0.9886039604,64,2,0.03125,7,0,0
primary,Y1:P_phys_fixed,random_r2,101,0,0.01590457256,2,2,14,0.9926930693,63,9,0.1428571429,7,0,0
primary,Y1:P_phys_fixed,random_r2,102,0,0.01590457256,6,2,27,0.996009901,64,5,0.078125,7,1,0.1428571429
primary,Y1:P_phys_fixed,random_r3,100,0,0.01616161616,1,1,25,0.9987726358,63,4,0.06349206349,7,1,0.1428571429
primary,Y1:P_phys_fixed,random_r3,101,0,0.01616161616,2,1,21,0.9998993964,63,5,0.07936507937,7,1,0.1428571429
primary,Y1:P_phys_fixed,random_r3,102,0,0.01616161616,15,1,19,0.9879074447,62,11,0.1774193548,7,0,0
primary,Y1:P_phys_fixed,random_r4,100,0,0.01607071113,41,20,6,0.9637454982,63,1,0.01587301587,7,1,0.1428571429
primary,Y1:P_phys_fixed,random_r4,101,0,0.01607071113,18,11,23,0.9763505402,63,3,0.04761904762,7,0,0
primary,Y1:P_phys_fixed,random_r4,102,0,0.01607071113,22,5,20,0.9807122849,63,4,0.06349206349,7,1,0.1428571429
primary,Y1:P_phys_fixed,random_r5,100,0,0.01610954491,9,1,21,0.9956879262,62,6,0.09677419355,9,1,0.1111111111
primary,Y1:P_phys_fixed,random_r5,101,0,0.01610954491,11,5,23,0.9809566787,63,3,0.04761904762,9,0,0
primary,Y1:P_phys_fixed,random_r5,102,0,0.01610954491,9,3,22,0.9923084637,63,4,0.06349206349,9,1,0.1111111111
primary,Y1:P_phys_fixed,random_r6,100,0,0.01620089105,17,12,20,0.9662968939,62,2,0.03225806452,11,1,0.09090909091
primary,Y1:P_phys_fixed,random_r6,101,0,0.01620089105,10,3,26,0.9885034288,62,1,0.01612903226,11,0,0
primary,Y1:P_phys_fixed,random_r6,102,0,0.01620089105,41,40,1,0.824616781,62,1,0.01612903226,11,1,0.09090909091
primary,Y1:P_phys_fixed,random_r7,100,0,0.01619433198,41,2,13,0.9828528226,62,6,0.09677419355,6,0,0
primary,Y1:P_phys_fixed,random_r7,101,0,0.01619433198,19,10,21,0.9708669355,62,2,0.03225806452,6,1,0.1666666667
primary,Y1:P_phys_fixed,random_r7,102,0,0.01619433198,25,5,20,0.9724697581,62,4,0.06451612903,6,0,0
primary,Y1:P_phys_fixed,random_r8,100,0,0.01611603546,18,2,17,0.9863061798,63,5,0.07936507937,5,0,0
primary,Y1:P_phys_fixed,random_r8,101,0,0.01611603546,31,26,12,0.9706861958,62,2,0.03225806452,5,0,0
primary,Y1:P_phys_fixed,random_r8,102,0,0.01611603546,4,3,20,0.9965690209,62,2,0.03225806452,5,0,0
primary,Y1:P_phys_fixed,random_r9,100,0,0.01621402513,7,3,23,0.9922587808,62,3,0.04838709677,8,0,0
primary,Y1:P_phys_fixed,random_r9,101,0,0.01621402513,16,16,16,0.9605066613,62,2,0.03225806452,8,0,0
primary,Y1:P_phys_fixed,random_r9,102,0,0.01621402513,13,3,22,0.9903411385,62,4,0.06451612903,8,0,0
primary,Y1:P_phys_fixed,chemsys_r0,100,0.02,0.01620089105,9,8,24,0.963916902,62,3,0.04838709677,8,1,0.125
primary,Y1:P_phys_fixed,chemsys_r0,101,0.02,0.01620089105,6,3,24,0.9953711174,61,3,0.04918032787,7,1,0.1428571429
primary,Y1:P_phys_fixed,chemsys_r0,102,0.02,0.01620089105,41,20,10,0.9610528439,62,10,0.1612903226,8,1,0.125
primary,Y1:P_phys_fixed,chemsys_r1,100,0.02,0.01611603546,25,13,18,0.9541633226,63,3,0.04761904762,7,0,0
primary,Y1:P_phys_fixed,chemsys_r1,101,0.02,0.01611603546,41,17,8,0.9575140449,63,7,0.1111111111,7,0,0
primary,Y1:P_phys_fixed,chemsys_r1,102,0.02,0.01611603546,20,1,25,0.9857644462,63,12,0.1904761905,7,1,0.1428571429
primary,Y1:P_phys_fixed,chemsys_r2,100,0.02,0.01612903226,4,3,28,0.991064257,63,5,0.07936507937,3,0,0
primary,Y1:P_phys_fixed,chemsys_r2,101,0.02,0.01612903226,2,1,28,0.9999899598,63,1,0.01587301587,3,0,0
primary,Y1:P_phys_fixed,chemsys_r2,102,0.02,0.01612903226,5,3,22,0.9941164659,63,1,0.01587301587,3,0,0
primary,Y1:P_phys_fixed,chemsys_r3,100,0.02,0.01614856681,5,2,20,0.9959388822,63,5,0.07936507937,6,1,0.1666666667
primary,Y1:P_phys_fixed,chemsys_r3,101,0.02,0.01614856681,33,14,11,0.9439384801,63,1,0.01587301587,6,0,0
primary,Y1:P_phys_fixed,chemsys_r3,102,0.02,0.01614856681,10,2,25,0.9935866506,63,9,0.1428571429,6,1,0.1666666667
primary,Y1:P_phys_fixed,chemsys_r4,100,0.02,0.01600640256,21,11,21,0.9637206058,63,4,0.06349206349,8,2,0.25
primary,Y1:P_phys_fixed,chemsys_r4,101,0.02,0.01600640256,6,2,23,0.9937325628,63,3,0.04761904762,8,1,0.125
primary,Y1:P_phys_fixed,chemsys_r4,102,0.02,0.01600640256,41,1,14,0.9801016341,62,13,0.2096774194,8,0,0
primary,Y1:P_phys_fixed,chemsys_r5,100,0.02,0.01597444089,16,2,24,0.9913782816,62,7,0.1129032258,5,1,0.2
primary,Y1:P_phys_fixed,chemsys_r5,101,0.02,0.01597444089,15,5,22,0.9810660302,63,5,0.07936507937,5,1,0.2
primary,Y1:P_phys_fixed,chemsys_r5,102,0.02,0.01597444089,2,1,22,0.9999900557,63,4,0.06349206349,5,1,0.2
primary,Y1:P_phys_fixed,chemsys_r6,100,0.02,0.01609010459,11,7,26,0.9822415865,63,6,0.09523809524,10,1,0.1
primary,Y1:P_phys_fixed,chemsys_r6,101,0.02,0.01609010459,9,4,20,0.9933393429,60,4,0.06666666667,10,1,0.1
primary,Y1:P_phys_fixed,chemsys_r6,102,0.02,0.01609010459,26,16,15,0.9801482372,62,3,0.04838709677,10,1,0.1
primary,Y1:P_phys_fixed,chemsys_r7,100,0.02,0.01641362331,21,21,18,0.9570903147,62,0,0,6,0,0
primary,Y1:P_phys_fixed,chemsys_r7,101,0.02,0.01641362331,1,1,24,0.9995606866,60,1,0.01666666667,6,0,0
primary,Y1:P_phys_fixed,chemsys_r7,102,0.02,0.01641362331,4,1,21,0.9987127094,61,0,0,6,0,0
primary,Y1:P_phys_fixed,chemsys_r8,100,0.02,0.01600640256,18,3,24,0.9866978876,62,8,0.1290322581,8,0,0
primary,Y1:P_phys_fixed,chemsys_r8,101,0.02,0.01600640256,20,1,26,0.9934037465,63,4,0.06349206349,8,1,0.125
primary,Y1:P_phys_fixed,chemsys_r8,102,0.02,0.01600640256,2,2,22,0.9952670387,63,1,0.01587301587,8,0,0
primary,Y1:P_phys_fixed,chemsys_r9,100,0.02,0.0162469537,3,1,25,0.9986043689,62,4,0.06451612903,9,1,0.1111111111
primary,Y1:P_phys_fixed,chemsys_r9,101,0.02,0.0162469537,1,1,23,1,62,3,0.04838709677,9,1,0.1111111111
primary,Y1:P_phys_fixed,chemsys_r9,102,0.02,0.0162469537,32,10,19,0.968861246,62,11,0.1774193548,9,1,0.1111111111
primary,Y1:P_phys_fixed,random_r0,100,0.02,0.01602564103,14,6,25,0.9716480447,63,3,0.04761904762,8,0,0
primary,Y1:P_phys_fixed,random_r0,101,0.02,0.01602564103,1,1,27,0.9987031125,61,4,0.06557377049,8,1,0.125
primary,Y1:P_phys_fixed,random_r0,102,0.02,0.01602564103,5,2,24,0.9976556265,62,7,0.1129032258,8,1,0.125
primary,Y1:P_phys_fixed,random_r1,100,0.02,0.01615508885,7,2,23,0.9955450523,63,4,0.06349206349,7,0,0
primary,Y1:P_phys_fixed,random_r1,101,0.02,0.01615508885,8,1,24,0.9963696702,63,3,0.04761904762,7,0,0
primary,Y1:P_phys_fixed,random_r1,102,0.02,0.01615508885,4,2,23,0.9944790829,63,1,0.01587301587,7,0,0
primary,Y1:P_phys_fixed,random_r2,100,0.02,0.01590457256,6,1,24,0.9974653465,64,3,0.046875,7,1,0.1428571429
primary,Y1:P_phys_fixed,random_r2,101,0.02,0.01590457256,1,1,21,0.9937920792,63,9,0.1428571429,7,1,0.1428571429
primary,Y1:P_phys_fixed,random_r2,102,0.02,0.01590457256,2,2,25,0.9968712871,64,3,0.046875,7,1,0.1428571429
primary,Y1:P_phys_fixed,random_r3,100,0.02,0.01616161616,1,1,25,0.9987726358,63,4,0.06349206349,7,1,0.1428571429
primary,Y1:P_phys_fixed,random_r3,101,0.02,0.01616161616,1,1,23,0.9999195171,63,5,0.07936507937,7,1,0.1428571429
primary,Y1:P_phys_fixed,random_r3,102,0.02,0.01616161616,12,1,20,0.9889134809,62,10,0.1612903226,7,0,0
primary,Y1:P_phys_fixed,random_r4,100,0.02,0.01607071113,41,1,6,0.9674369748,63,5,0.07936507937,7,1,0.1428571429
primary,Y1:P_phys_fixed,random_r4,101,0.02,0.01607071113,33,7,14,0.9656362545,63,5,0.07936507937,7,0,0
primary,Y1:P_phys_fixed,random_r4,102,0.02,0.01607071113,17,3,24,0.987254902,63,4,0.06349206349,7,1,0.1428571429
primary,Y1:P_phys_fixed,random_r5,100,0.02,0.01610954491,34,1,20,0.989921781,62,7,0.1129032258,9,1,0.1111111111
primary,Y1:P_phys_fixed,random_r5,101,0.02,0.01610954491,24,11,23,0.9723325311,63,7,0.1111111111,9,0,0
primary,Y1:P_phys_fixed,random_r5,102,0.02,0.01610954491,9,3,23,0.9923886883,63,5,0.07936507937,9,1,0.1111111111
primary,Y1:P_phys_fixed,random_r6,100,0.02,0.01620089105,4,3,24,0.9946551029,62,4,0.06451612903,11,1,0.09090909091
primary,Y1:P_phys_fixed,random_r6,101,0.02,0.01620089105,4,4,25,0.9938785801,62,2,0.03225806452,11,1,0.09090909091
primary,Y1:P_phys_fixed,random_r6,102,0.02,0.01620089105,20,9,22,0.9550121017,62,2,0.03225806452,11,2,0.1818181818
primary,Y1:P_phys_fixed,random_r7,100,0.02,0.01619433198,41,2,22,0.9849899194,62,11,0.1774193548,6,0,0
primary,Y1:P_phys_fixed,random_r7,101,0.02,0.01619433198,13,4,24,0.9836693548,62,4,0.06451612903,6,1,0.1666666667
primary,Y1:P_phys_fixed,random_r7,102,0.02,0.01619433198,16,3,24,0.9866633065,62,7,0.1129032258,6,1,0.1666666667
primary,Y1:P_phys_fixed,random_r8,100,0.02,0.01611603546,25,2,26,0.9873595506,63,11,0.1746031746,5,0,0
primary,Y1:P_phys_fixed,random_r8,101,0.02,0.01611603546,12,8,21,0.9836777689,62,7,0.1129032258,5,0,0
primary,Y1:P_phys_fixed,random_r8,102,0.02,0.01611603546,1,1,23,0.9987359551,62,3,0.04838709677,5,0,0
primary,Y1:P_phys_fixed,random_r9,100,0.02,0.01621402513,8,2,25,0.992935002,62,2,0.03225806452,8,0,0
primary,Y1:P_phys_fixed,random_r9,101,0.02,0.01621402513,4,1,23,0.9977795721,62,4,0.06451612903,8,0,0
primary,Y1:P_phys_fixed,random_r9,102,0.02,0.01621402513,6,2,23,0.9945801373,62,5,0.08064516129,8,0,0
primary,Y1:P_phys_fixed,chemsys_r0,100,0.05,0.01620089105,10,10,22,0.9649858814,62,1,0.01612903226,8,0,0
primary,Y1:P_phys_fixed,chemsys_r0,101,0.05,0.01620089105,6,3,28,0.9948668818,61,3,0.04918032787,7,1,0.1428571429
primary,Y1:P_phys_fixed,chemsys_r0,102,0.05,0.01620089105,14,11,25,0.985629286,62,4,0.06451612903,8,1,0.125
primary,Y1:P_phys_fixed,chemsys_r1,100,0.05,0.01611603546,18,8,24,0.9664426164,63,6,0.09523809524,7,1,0.1428571429
primary,Y1:P_phys_fixed,chemsys_r1,101,0.05,0.01611603546,21,12,19,0.9763142055,63,5,0.07936507937,7,0,0
primary,Y1:P_phys_fixed,chemsys_r1,102,0.05,0.01611603546,10,1,26,0.988473114,63,12,0.1904761905,7,1,0.1428571429
primary,Y1:P_phys_fixed,chemsys_r2,100,0.05,0.01612903226,4,3,27,0.991064257,63,5,0.07936507937,3,0,0
primary,Y1:P_phys_fixed,chemsys_r2,101,0.05,0.01612903226,1,1,27,1,63,1,0.01587301587,3,0,0
primary,Y1:P_phys_fixed,chemsys_r2,102,0.05,0.01612903226,5,3,26,0.9940461847,63,2,0.03174603175,3,0,0
primary,Y1:P_phys_fixed,chemsys_r3,100,0.05,0.01614856681,5,2,21,0.9961097708,63,5,0.07936507937,6,1,0.1666666667
primary,Y1:P_phys_fixed,chemsys_r3,101,0.05,0.01614856681,8,6,21,0.9844390832,63,4,0.06349206349,6,1,0.1666666667
primary,Y1:P_phys_fixed,chemsys_r3,102,0.05,0.01614856681,12,2,28,0.9914455167,63,9,0.1428571429,6,0,0
primary,Y1:P_phys_fixed,chemsys_r4,100,0.05,0.01600640256,32,12,13,0.9700378637,63,4,0.06349206349,8,1,0.125
primary,Y1:P_phys_fixed,chemsys_r4,101,0.05,0.01600640256,4,1,24,0.9978078916,63,4,0.06349206349,8,1,0.125
primary,Y1:P_phys_fixed,chemsys_r4,102,0.05,0.01600640256,34,1,18,0.9814368274,62,9,0.1451612903,8,0,0
primary,Y1:P_phys_fixed,chemsys_r5,100,0.05,0.01597444089,10,1,25,0.9939836913,62,5,0.08064516129,5,1,0.2
primary,Y1:P_phys_fixed,chemsys_r5,101,0.05,0.01597444089,11,4,29,0.9904932379,63,5,0.07936507937,5,1,0.2
primary,Y1:P_phys_fixed,chemsys_r5,102,0.05,0.01597444089,1,1,23,0.9999801114,63,4,0.06349206349,5,1,0.2
primary,Y1:P_phys_fixed,chemsys_r6,100,0.05,0.01609010459,7,5,28,0.9888321314,63,6,0.09523809524,10,1,0.1
primary,Y1:P_phys_fixed,chemsys_r6,101,0.05,0.01609010459,9,5,21,0.9933393429,60,6,0.1,10,1,0.1
primary,Y1:P_phys_fixed,chemsys_r6,102,0.05,0.01609010459,17,14,17,0.9838741987,62,2,0.03225806452,10,1,0.1
primary,Y1:P_phys_fixed,chemsys_r7,100,0.05,0.01641362331,4,3,25,0.9928586024,62,1,0.01612903226,6,0,0
primary,Y1:P_phys_fixed,chemsys_r7,101,0.05,0.01641362331,1,1,21,0.9996424193,60,0,0,6,0,0
primary,Y1:P_phys_fixed,chemsys_r7,102,0.05,0.01641362331,4,1,21,0.998722926,61,0,0,6,0,0
primary,Y1:P_phys_fixed,chemsys_r8,100,0.05,0.01600640256,12,3,28,0.9897967318,62,9,0.1451612903,8,1,0.125
primary,Y1:P_phys_fixed,chemsys_r8,101,0.05,0.01600640256,12,1,29,0.9959346353,63,3,0.04761904762,8,0,0
primary,Y1:P_phys_fixed,chemsys_r8,102,0.05,0.01600640256,1,1,23,0.998375847,63,3,0.04761904762,8,0,0
primary,Y1:P_phys_fixed,chemsys_r9,100,0.05,0.0162469537,2,1,25,0.999059466,62,4,0.06451612903,9,1,0.1111111111
primary,Y1:P_phys_fixed,chemsys_r9,101,0.05,0.0162469537,1,1,25,1,62,5,0.08064516129,9,1,0.1111111111
primary,Y1:P_phys_fixed,chemsys_r9,102,0.05,0.0162469537,15,6,23,0.9810072816,62,4,0.06451612903,9,1,0.1111111111
primary,Y1:P_phys_fixed,random_r0,100,0.05,0.01602564103,19,14,20,0.9676576217,63,3,0.04761904762,8,0,0
primary,Y1:P_phys_fixed,random_r0,101,0.05,0.01602564103,1,1,27,0.9986532322,61,4,0.06557377049,8,1,0.125
primary,Y1:P_phys_fixed,random_r0,102,0.05,0.01602564103,5,2,28,0.9978651237,62,6,0.09677419355,8,1,0.125
primary,Y1:P_phys_fixed,random_r1,100,0.05,0.01615508885,8,1,27,0.9956154465,63,3,0.04761904762,7,0,0
primary,Y1:P_phys_fixed,random_r1,101,0.05,0.01615508885,6,1,24,0.9954344328,63,2,0.03174603175,7,0,0
primary,Y1:P_phys_fixed,random_r1,102,0.05,0.01615508885,5,1,25,0.9979183427,63,0,0,7,0,0
primary,Y1:P_phys_fixed,random_r2,100,0.05,0.01590457256,6,1,23,0.9978415842,64,3,0.046875,7,1,0.1428571429
primary,Y1:P_phys_fixed,random_r2,101,0.05,0.01590457256,1,1,24,0.9934653465,63,9,0.1428571429,7,1,0.1428571429
primary,Y1:P_phys_fixed,random_r2,102,0.05,0.01590457256,2,2,26,0.9968316832,64,3,0.046875,7,1,0.1428571429
primary,Y1:P_phys_fixed,random_r3,100,0.05,0.01616161616,1,1,26,0.9987726358,63,4,0.06349206349,7,1,0.1428571429
primary,Y1:P_phys_fixed,random_r3,101,0.05,0.01616161616,1,1,25,0.9999195171,63,5,0.07936507937,7,1,0.1428571429
primary,Y1:P_phys_fixed,random_r3,102,0.05,0.01616161616,11,1,23,0.9863682093,62,12,0.1935483871,7,1,0.1428571429
primary,Y1:P_phys_fixed,random_r4,100,0.05,0.01607071113,36,1,17,0.9777410964,63,7,0.1111111111,7,1,0.1428571429
primary,Y1:P_phys_fixed,random_r4,101,0.05,0.01607071113,7,3,23,0.993467387,63,4,0.06349206349,7,1,0.1428571429
primary,Y1:P_phys_fixed,random_r4,102,0.05,0.01607071113,9,5,28,0.9885854342,63,4,0.06349206349,7,2,0.2857142857
primary,Y1:P_phys_fixed,random_r5,100,0.05,0.01610954491,20,1,24,0.9934015243,62,5,0.08064516129,9,1,0.1111111111
primary,Y1:P_phys_fixed,random_r5,101,0.05,0.01610954491,18,9,23,0.9791917369,63,5,0.07936507937,9,0,0
primary,Y1:P_phys_fixed,random_r5,102,0.05,0.01610954491,3,2,26,0.996430004,63,5,0.07936507937,9,1,0.1111111111
primary,Y1:P_phys_fixed,random_r6,100,0.05,0.01620089105,6,2,27,0.9944634933,62,6,0.09677419355,11,1,0.09090909091
primary,Y1:P_phys_fixed,random_r6,101,0.05,0.01620089105,4,4,26,0.9938785801,62,3,0.04838709677,11,1,0.09090909091
primary,Y1:P_phys_fixed,random_r6,102,0.05,0.01620089105,17,14,21,0.9298305768,62,3,0.04838709677,11,1,0.09090909091
primary,Y1:P_phys_fixed,random_r7,100,0.05,0.01619433198,35,2,20,0.9818951613,62,6,0.09677419355,6,0,0
primary,Y1:P_phys_fixed,random_r7,101,0.05,0.01619433198,11,4,25,0.9850907258,62,5,0.08064516129,6,1,0.1666666667
primary,Y1:P_phys_fixed,random_r7,102,0.05,0.01619433198,15,2,29,0.9884375,62,7,0.1129032258,6,0,0
primary,Y1:P_phys_fixed,random_r8,100,0.05,0.01611603546,4,1,23,0.9964285714,63,4,0.06349206349,5,0,0
primary,Y1:P_phys_fixed,random_r8,101,0.05,0.01611603546,15,4,28,0.9886837881,62,8,0.1290322581,5,0,0
primary,Y1:P_phys_fixed,random_r8,102,0.05,0.01611603546,1,1,25,0.9987359551,62,3,0.04838709677,5,0,0
primary,Y1:P_phys_fixed,random_r9,100,0.05,0.01621402513,13,2,24,0.9922688736,62,3,0.04838709677,8,0,0
primary,Y1:P_phys_fixed,random_r9,101,0.05,0.01621402513,4,1,23,0.9978905935,62,4,0.06451612903,8,0,0
primary,Y1:P_phys_fixed,random_r9,102,0.05,0.01621402513,5,2,27,0.9942975373,62,5,0.08064516129,8,0,0
primary,Y1:P_phys_fixed,chemsys_r0,100,0.1,0.01620089105,5,4,29,0.9829669221,62,4,0.06451612903,8,1,0.125
primary,Y1:P_phys_fixed,chemsys_r0,101,0.1,0.01620089105,4,2,28,0.9966821299,61,3,0.04918032787,7,1,0.1428571429
primary,Y1:P_phys_fixed,chemsys_r0,102,0.1,0.01620089105,16,4,27,0.9870915692,62,4,0.06451612903,8,1,0.125
primary,Y1:P_phys_fixed,chemsys_r1,100,0.1,0.01611603546,4,2,27,0.9936797753,63,4,0.06349206349,7,1,0.1428571429
primary,Y1:P_phys_fixed,chemsys_r1,101,0.1,0.01611603546,16,15,23,0.9772371589,63,2,0.03174603175,7,0,0
primary,Y1:P_phys_fixed,chemsys_r1,102,0.1,0.01611603546,11,1,27,0.9907504013,63,7,0.1111111111,7,1,0.1428571429
primary,Y1:P_phys_fixed,chemsys_r2,100,0.1,0.01612903226,4,2,30,0.9943975904,63,3,0.04761904762,3,0,0
primary,Y1:P_phys_fixed,chemsys_r2,101,0.1,0.01612903226,1,1,25,1,63,1,0.01587301587,3,0,0
primary,Y1:P_phys_fixed,chemsys_r2,102,0.1,0.01612903226,3,3,26,0.9947590361,63,3,0.04761904762,3,0,0
primary,Y1:P_phys_fixed,chemsys_r3,100,0.1,0.01614856681,6,1,29,0.9953055891,63,8,0.126984127,6,1,0.1666666667
primary,Y1:P_phys_fixed,chemsys_r3,101,0.1,0.01614856681,6,5,25,0.989384801,63,4,0.06349206349,6,1,0.1666666667
primary,Y1:P_phys_fixed,chemsys_r3,102,0.1,0.01614856681,12,2,27,0.9917671894,63,11,0.1746031746,6,0,0
primary,Y1:P_phys_fixed,chemsys_r4,100,0.1,0.01600640256,15,11,23,0.9830609805,63,3,0.04761904762,8,2,0.25
primary,Y1:P_phys_fixed,chemsys_r4,101,0.1,0.01600640256,3,1,26,0.9983658828,63,5,0.07936507937,8,1,0.125
primary,Y1:P_phys_fixed,chemsys_r4,102,0.1,0.01600640256,2,1,27,0.9966620167,62,5,0.08064516129,8,1,0.125
primary,Y1:P_phys_fixed,chemsys_r5,100,0.1,0.01597444089,6,1,23,0.9960123309,62,5,0.08064516129,5,1,0.2
primary,Y1:P_phys_fixed,chemsys_r5,101,0.1,0.01597444089,8,1,26,0.9961913286,63,7,0.1111111111,5,1,0.2
primary,Y1:P_phys_fixed,chemsys_r5,102,0.1,0.01597444089,1,1,26,0.9999801114,63,5,0.07936507937,5,1,0.2
primary,Y1:P_phys_fixed,chemsys_r6,100,0.1,0.01609010459,6,3,26,0.9934695513,63,5,0.07936507937,10,1,0.1
primary,Y1:P_phys_fixed,chemsys_r6,101,0.1,0.01609010459,8,5,25,0.9944911859,60,6,0.1,10,1,0.1
primary,Y1:P_phys_fixed,chemsys_r6,102,0.1,0.01609010459,13,9,25,0.9878305288,62,2,0.03225806452,10,1,0.1
primary,Y1:P_phys_fixed,chemsys_r7,100,0.1,0.01641362331,2,2,23,0.9944319575,62,1,0.01612903226,6,0,0
primary,Y1:P_phys_fixed,chemsys_r7,101,0.1,0.01641362331,1,1,21,0.9998263179,60,0,0,6,0,0
primary,Y1:P_phys_fixed,chemsys_r7,102,0.1,0.01641362331,1,1,24,1,61,0,0,6,0,0
primary,Y1:P_phys_fixed,chemsys_r8,100,0.1,0.01600640256,41,3,26,0.9829613392,62,13,0.2096774194,8,1,0.125
primary,Y1:P_phys_fixed,chemsys_r8,101,0.1,0.01600640256,5,1,26,0.9974292547,63,3,0.04761904762,8,0,0
primary,Y1:P_phys_fixed,chemsys_r8,102,0.1,0.01600640256,1,1,26,0.9986050219,63,3,0.04761904762,8,0,0
primary,Y1:P_phys_fixed,chemsys_r9,100,0.1,0.0162469537,2,1,27,0.9986347087,62,6,0.09677419355,9,1,0.1111111111
primary,Y1:P_phys_fixed,chemsys_r9,101,0.1,0.0162469537,1,1,27,1,62,5,0.08064516129,9,1,0.1111111111
primary,Y1:P_phys_fixed,chemsys_r9,102,0.1,0.0162469537,7,7,23,0.9888855178,62,4,0.06451612903,9,1,0.1111111111
primary,Y1:P_phys_fixed,random_r0,100,0.1,0.01602564103,17,13,24,0.9708100559,63,3,0.04761904762,8,0,0
primary,Y1:P_phys_fixed,random_r0,101,0.1,0.01602564103,1,1,27,0.9991420591,61,5,0.08196721311,8,1,0.125
primary,Y1:P_phys_fixed,random_r0,102,0.1,0.01602564103,5,3,30,0.997735435,62,4,0.06451612903,8,0,0
primary,Y1:P_phys_fixed,random_r1,100,0.1,0.01615508885,5,1,29,0.9970434433,63,3,0.04761904762,7,0,0
primary,Y1:P_phys_fixed,random_r1,101,0.1,0.01615508885,4,1,27,0.997224457,63,2,0.03174603175,7,0,0
primary,Y1:P_phys_fixed,random_r1,102,0.1,0.01615508885,4,1,26,0.9984412711,63,2,0.03174603175,7,0,0
primary,Y1:P_phys_fixed,random_r2,100,0.1,0.01590457256,5,1,25,0.9983168317,64,3,0.046875,7,1,0.1428571429
primary,Y1:P_phys_fixed,random_r2,101,0.1,0.01590457256,1,1,26,0.9991386139,63,4,0.06349206349,7,1,0.1428571429
primary,Y1:P_phys_fixed,random_r2,102,0.1,0.01590457256,2,2,26,0.9977326733,64,3,0.046875,7,1,0.1428571429
primary,Y1:P_phys_fixed,random_r3,100,0.1,0.01616161616,1,1,27,0.9997585513,63,4,0.06349206349,7,1,0.1428571429
primary,Y1:P_phys_fixed,random_r3,101,0.1,0.01616161616,1,1,25,0.9999195171,63,5,0.07936507937,7,1,0.1428571429
primary,Y1:P_phys_fixed,random_r3,102,0.1,0.01616161616,17,1,21,0.9878169014,62,11,0.1774193548,7,1,0.1428571429
primary,Y1:P_phys_fixed,random_r4,100,0.1,0.01607071113,27,7,23,0.9795918367,63,7,0.1111111111,7,0,0
primary,Y1:P_phys_fixed,random_r4,101,0.1,0.01607071113,5,3,25,0.9949179672,63,4,0.06349206349,7,1,0.1428571429
primary,Y1:P_phys_fixed,random_r4,102,0.1,0.01607071113,6,4,26,0.9908763505,63,4,0.06349206349,7,1,0.1428571429
primary,Y1:P_phys_fixed,random_r5,100,0.1,0.01610954491,17,1,29,0.9927496992,62,6,0.09677419355,9,1,0.1111111111
primary,Y1:P_phys_fixed,random_r5,101,0.1,0.01610954491,4,4,28,0.9947553149,63,3,0.04761904762,9,1,0.1111111111
primary,Y1:P_phys_fixed,random_r5,102,0.1,0.01610954491,2,1,29,0.9994384276,63,4,0.06349206349,9,1,0.1111111111
primary,Y1:P_phys_fixed,random_r6,100,0.1,0.01620089105,3,2,30,0.9969645018,62,3,0.04838709677,11,1,0.09090909091
primary,Y1:P_phys_fixed,random_r6,101,0.1,0.01620089105,4,4,28,0.9943323921,62,1,0.01612903226,11,1,0.09090909091
primary,Y1:P_phys_fixed,random_r6,102,0.1,0.01620089105,21,12,17,0.9702501008,62,2,0.03225806452,11,0,0
primary,Y1:P_phys_fixed,random_r7,100,0.1,0.01619433198,12,2,29,0.9938104839,62,5,0.08064516129,6,1,0.1666666667
primary,Y1:P_phys_fixed,random_r7,101,0.1,0.01619433198,11,4,25,0.9851209677,62,5,0.08064516129,6,1,0.1666666667
primary,Y1:P_phys_fixed,random_r7,102,0.1,0.01619433198,9,2,31,0.9911189516,62,3,0.04838709677,6,0,0
primary,Y1:P_phys_fixed,random_r8,100,0.1,0.01611603546,8,1,24,0.9937800963,63,6,0.09523809524,5,0,0
primary,Y1:P_phys_fixed,random_r8,101,0.1,0.01611603546,10,4,27,0.9913422953,62,6,0.09677419355,5,0,0
primary,Y1:P_phys_fixed,random_r8,102,0.1,0.01611603546,1,1,26,0.9988362761,62,4,0.06451612903,5,0,0
primary,Y1:P_phys_fixed,random_r9,100,0.1,0.01621402513,4,1,25,0.9971941865,62,4,0.06451612903,8,0,0
primary,Y1:P_phys_fixed,random_r9,101,0.1,0.01621402513,4,1,24,0.9978905935,62,4,0.06451612903,8,0,0
primary,Y1:P_phys_fixed,random_r9,102,0.1,0.01621402513,4,2,29,0.9948930157,62,4,0.06451612903,8,0,0
primary,Y1:P_phys_fixed,chemsys_r0,100,0.25,0.01620089105,3,3,30,0.9895623235,62,2,0.03225806452,8,0,0
primary,Y1:P_phys_fixed,chemsys_r0,101,0.25,0.01620089105,1,1,30,0.9999596612,61,3,0.04918032787,7,1,0.1428571429
primary,Y1:P_phys_fixed,chemsys_r0,102,0.25,0.01620089105,2,2,31,0.9966720452,62,3,0.04838709677,8,1,0.125
primary,Y1:P_phys_fixed,chemsys_r1,100,0.25,0.01611603546,3,1,30,0.9989566613,63,4,0.06349206349,7,0,0
primary,Y1:P_phys_fixed,chemsys_r1,101,0.25,0.01611603546,12,3,30,0.9837379615,63,8,0.126984127,7,0,0
primary,Y1:P_phys_fixed,chemsys_r1,102,0.25,0.01611603546,2,1,28,0.9987660514,63,5,0.07936507937,7,1,0.1428571429
primary,Y1:P_phys_fixed,chemsys_r2,100,0.25,0.01612903226,3,2,32,0.9946485944,63,4,0.06349206349,3,0,0
primary,Y1:P_phys_fixed,chemsys_r2,101,0.25,0.01612903226,1,1,28,1,63,3,0.04761904762,3,0,0
primary,Y1:P_phys_fixed,chemsys_r2,102,0.25,0.01612903226,1,1,31,0.9999899598,63,2,0.03174603175,3,0,0
primary,Y1:P_phys_fixed,chemsys_r3,100,0.25,0.01614856681,4,1,28,0.9961600322,63,7,0.1111111111,6,1,0.1666666667
primary,Y1:P_phys_fixed,chemsys_r3,101,0.25,0.01614856681,5,5,28,0.9893043828,63,3,0.04761904762,6,0,0
primary,Y1:P_phys_fixed,chemsys_r3,102,0.25,0.01614856681,5,3,24,0.9960394049,63,5,0.07936507937,6,1,0.1666666667
primary,Y1:P_phys_fixed,chemsys_r4,100,0.25,0.01600640256,9,7,26,0.9898963731,63,4,0.06349206349,8,1,0.125
primary,Y1:P_phys_fixed,chemsys_r4,101,0.25,0.01600640256,2,1,27,0.999153049,63,5,0.07936507937,8,1,0.125
primary,Y1:P_phys_fixed,chemsys_r4,102,0.25,0.01600640256,2,1,29,0.9973495417,62,6,0.09677419355,8,1,0.125
primary,Y1:P_phys_fixed,chemsys_r5,100,0.25,0.01597444089,6,2,27,0.997225537,62,4,0.06451612903,5,1,0.2
primary,Y1:P_phys_fixed,chemsys_r5,101,0.25,0.01597444089,9,1,32,0.9968377088,63,5,0.07936507937,5,1,0.2
primary,Y1:P_phys_fixed,chemsys_r5,102,0.25,0.01597444089,1,1,26,0.9999801114,63,4,0.06349206349,5,1,0.2
primary,Y1:P_phys_fixed,chemsys_r6,100,0.25,0.01609010459,1,1,27,0.9996294071,63,5,0.07936507937,10,1,0.1
primary,Y1:P_phys_fixed,chemsys_r6,101,0.25,0.01609010459,1,1,27,0.9990284455,60,5,0.08333333333,10,1,0.1
primary,Y1:P_phys_fixed,chemsys_r6,102,0.25,0.01609010459,6,6,25,0.9936598558,62,3,0.04838709677,10,1,0.1
primary,Y1:P_phys_fixed,chemsys_r7,100,0.25,0.01641362331,3,3,23,0.9907642011,62,1,0.01612903226,6,0,0
primary,Y1:P_phys_fixed,chemsys_r7,101,0.25,0.01641362331,1,1,27,1,60,1,0.01666666667,6,0,0
primary,Y1:P_phys_fixed,chemsys_r7,102,0.25,0.01641362331,1,1,26,1,61,1,0.01639344262,6,0,0
primary,Y1:P_phys_fixed,chemsys_r8,100,0.25,0.01600640256,9,2,34,0.9897070546,62,7,0.1129032258,8,0,0
primary,Y1:P_phys_fixed,chemsys_r8,101,0.25,0.01600640256,4,1,28,0.9976285373,63,3,0.04761904762,8,0,0
primary,Y1:P_phys_fixed,chemsys_r8,102,0.25,0.01600640256,1,1,27,0.9997110403,63,3,0.04761904762,8,0,0
primary,Y1:P_phys_fixed,chemsys_r9,100,0.25,0.0162469537,1,1,25,0.9992516181,62,4,0.06451612903,9,1,0.1111111111
primary,Y1:P_phys_fixed,chemsys_r9,101,0.25,0.0162469537,1,1,26,1,62,4,0.06451612903,9,1,0.1111111111
primary,Y1:P_phys_fixed,chemsys_r9,102,0.25,0.0162469537,4,4,27,0.995105178,62,7,0.1129032258,9,1,0.1111111111
primary,Y1:P_phys_fixed,random_r0,100,0.25,0.01602564103,13,9,25,0.9849561053,63,4,0.06349206349,8,0,0
primary,Y1:P_phys_fixed,random_r0,101,0.25,0.01602564103,1,1,30,1,61,4,0.06557377049,8,0,0
primary,Y1:P_phys_fixed,random_r0,102,0.25,0.01602564103,1,1,31,0.9999401437,62,4,0.06451612903,8,1,0.125
primary,Y1:P_phys_fixed,random_r1,100,0.25,0.01615508885,3,1,29,0.9986122285,63,4,0.06349206349,7,0,0
primary,Y1:P_phys_fixed,random_r1,101,0.25,0.01615508885,4,1,29,0.997224457,63,2,0.03174603175,7,0,0
primary,Y1:P_phys_fixed,random_r1,102,0.25,0.01615508885,2,2,26,0.9967316975,63,3,0.04761904762,7,0,0
primary,Y1:P_phys_fixed,random_r2,100,0.25,0.01590457256,4,1,28,0.9991386139,64,4,0.0625,7,1,0.1428571429
primary,Y1:P_phys_fixed,random_r2,101,0.25,0.01590457256,1,1,31,0.9997425743,63,3,0.04761904762,7,1,0.1428571429
primary,Y1:P_phys_fixed,random_r2,102,0.25,0.01590457256,2,2,25,0.9981782178,64,3,0.046875,7,1,0.1428571429
primary,Y1:P_phys_fixed,random_r3,100,0.25,0.01616161616,1,1,29,0.9997887324,63,5,0.07936507937,7,1,0.1428571429
primary,Y1:P_phys_fixed,random_r3,101,0.25,0.01616161616,1,1,28,0.9998390342,63,4,0.06349206349,7,1,0.1428571429
primary,Y1:P_phys_fixed,random_r3,102,0.25,0.01616161616,14,2,25,0.993249497,62,8,0.1290322581,7,1,0.1428571429
primary,Y1:P_phys_fixed,random_r4,100,0.25,0.01607071113,1,1,28,0.9994897959,63,4,0.06349206349,7,1,0.1428571429
primary,Y1:P_phys_fixed,random_r4,101,0.25,0.01607071113,3,2,30,0.9974589836,63,3,0.04761904762,7,0,0
primary,Y1:P_phys_fixed,random_r4,102,0.25,0.01607071113,1,1,31,0.9995198079,63,5,0.07936507937,7,1,0.1428571429
primary,Y1:P_phys_fixed,random_r5,100,0.25,0.01610954491,6,1,27,0.9978640193,62,5,0.08064516129,9,1,0.1111111111
primary,Y1:P_phys_fixed,random_r5,101,0.25,0.01610954491,2,2,30,0.9969614922,63,4,0.06349206349,9,1,0.1111111111
primary,Y1:P_phys_fixed,random_r5,102,0.25,0.01610954491,2,1,27,0.9994384276,63,3,0.04761904762,9,0,0
primary,Y1:P_phys_fixed,random_r6,100,0.25,0.01620089105,3,2,28,0.9969645018,62,2,0.03225806452,11,0,0
primary,Y1:P_phys_fixed,random_r6,101,0.25,0.01620089105,4,4,29,0.9944130698,62,1,0.01612903226,11,1,0.09090909091
primary,Y1:P_phys_fixed,random_r6,102,0.25,0.01620089105,8,6,28,0.9878781767,62,3,0.04838709677,11,0,0
primary,Y1:P_phys_fixed,random_r7,100,0.25,0.01619433198,8,1,33,0.9959475806,62,4,0.06451612903,6,0,0
primary,Y1:P_phys_fixed,random_r7,101,0.25,0.01619433198,1,1,31,0.9999395161,62,4,0.06451612903,6,1,0.1666666667
primary,Y1:P_phys_fixed,random_r7,102,0.25,0.01619433198,7,2,32,0.9920866935,62,3,0.04838709677,6,0,0
primary,Y1:P_phys_fixed,random_r8,100,0.25,0.01611603546,7,1,26,0.995605939,63,5,0.07936507937,5,0,0
primary,Y1:P_phys_fixed,random_r8,101,0.25,0.01611603546,6,5,27,0.9947130819,62,3,0.04838709677,5,0,0
primary,Y1:P_phys_fixed,random_r8,102,0.25,0.01611603546,1,1,29,0.9997692616,62,4,0.06451612903,5,0,0
primary,Y1:P_phys_fixed,random_r9,100,0.25,0.01621402513,2,1,26,0.9977997578,62,4,0.06451612903,8,0,0
primary,Y1:P_phys_fixed,random_r9,101,0.25,0.01621402513,2,1,26,0.9994549859,62,4,0.06451612903,8,0,0
primary,Y1:P_phys_fixed,random_r9,102,0.25,0.01621402513,3,2,27,0.9954683084,62,4,0.06451612903,8,0,0
primary,Y1:P_phys_fixed,chemsys_r0,100,0.5,0.01620089105,5,3,31,0.989753933,62,1,0.01612903226,8,0,0
primary,Y1:P_phys_fixed,chemsys_r0,101,0.5,0.01620089105,1,1,33,0.9987999193,61,4,0.06557377049,7,0,0
primary,Y1:P_phys_fixed,chemsys_r0,102,0.5,0.01620089105,1,1,33,0.999929407,62,3,0.04838709677,8,0,0
primary,Y1:P_phys_fixed,chemsys_r1,100,0.5,0.01611603546,2,1,31,0.9993278491,63,5,0.07936507937,7,0,0
primary,Y1:P_phys_fixed,chemsys_r1,101,0.5,0.01611603546,6,1,33,0.9979434189,63,4,0.06349206349,7,0,0
primary,Y1:P_phys_fixed,chemsys_r1,102,0.5,0.01611603546,2,2,30,0.9983246388,63,4,0.06349206349,7,0,0
primary,Y1:P_phys_fixed,chemsys_r2,100,0.5,0.01612903226,4,3,33,0.9934036145,63,3,0.04761904762,3,0,0
primary,Y1:P_phys_fixed,chemsys_r2,101,0.5,0.01612903226,1,1,33,1,63,5,0.07936507937,3,0,0
primary,Y1:P_phys_fixed,chemsys_r2,102,0.5,0.01612903226,1,1,32,0.9999899598,63,3,0.04761904762,3,0,0
primary,Y1:P_phys_fixed,chemsys_r3,100,0.5,0.01614856681,3,1,29,0.9975170889,63,7,0.1111111111,6,0,0
primary,Y1:P_phys_fixed,chemsys_r3,101,0.5,0.01614856681,5,3,29,0.9958986731,63,4,0.06349206349,6,0,0
primary,Y1:P_phys_fixed,chemsys_r3,102,0.5,0.01614856681,5,4,28,0.9961600322,63,3,0.04761904762,6,0,0
primary,Y1:P_phys_fixed,chemsys_r4,100,0.5,0.01600640256,7,5,26,0.992666401,63,2,0.03174603175,8,0,0
primary,Y1:P_phys_fixed,chemsys_r4,101,0.5,0.01600640256,2,1,28,0.9996213631,63,3,0.04761904762,8,0,0
primary,Y1:P_phys_fixed,chemsys_r4,102,0.5,0.01600640256,1,1,26,0.9979872459,62,2,0.03225806452,8,0,0
primary,Y1:P_phys_fixed,chemsys_r5,100,0.5,0.01597444089,5,2,30,0.9975735879,62,5,0.08064516129,5,0,0
primary,Y1:P_phys_fixed,chemsys_r5,101,0.5,0.01597444089,7,1,31,0.9976133652,63,5,0.07936507937,5,0,0
primary,Y1:P_phys_fixed,chemsys_r5,102,0.5,0.01597444089,1,1,27,0.9999900557,63,4,0.06349206349,5,0,0
primary,Y1:P_phys_fixed,chemsys_r6,100,0.5,0.01609010459,1,1,27,0.9998397436,63,3,0.04761904762,10,0,0
primary,Y1:P_phys_fixed,chemsys_r6,101,0.5,0.01609010459,1,1,26,1,60,5,0.08333333333,10,1,0.1
primary,Y1:P_phys_fixed,chemsys_r6,102,0.5,0.01609010459,6,3,32,0.9943709936,62,2,0.03225806452,10,0,0
primary,Y1:P_phys_fixed,chemsys_r7,100,0.5,0.01641362331,2,1,27,0.9995709031,62,2,0.03225806452,6,0,0
primary,Y1:P_phys_fixed,chemsys_r7,101,0.5,0.01641362331,1,1,30,1,60,2,0.03333333333,6,0,0
primary,Y1:P_phys_fixed,chemsys_r7,102,0.5,0.01641362331,1,1,28,1,61,1,0.01639344262,6,0,0
primary,Y1:P_phys_fixed,chemsys_r8,100,0.5,0.01600640256,2,2,27,0.9992526903,62,0,0,8,0,0
primary,Y1:P_phys_fixed,chemsys_r8,101,0.5,0.01600640256,2,1,31,0.9988242328,63,2,0.03174603175,8,0,0
primary,Y1:P_phys_fixed,chemsys_r8,102,0.5,0.01600640256,1,1,32,0.9997110403,63,3,0.04761904762,8,0,0
primary,Y1:P_phys_fixed,chemsys_r9,100,0.5,0.0162469537,1,1,28,0.999585356,62,3,0.04838709677,9,0,0
primary,Y1:P_phys_fixed,chemsys_r9,101,0.5,0.0162469537,1,1,27,1,62,4,0.06451612903,9,0,0
primary,Y1:P_phys_fixed,chemsys_r9,102,0.5,0.0162469537,4,4,28,0.9958838997,62,3,0.04838709677,9,0,0
primary,Y1:P_phys_fixed,random_r0,100,0.5,0.01602564103,3,1,35,0.9992916999,63,4,0.06349206349,8,0,0
primary,Y1:P_phys_fixed,random_r0,101,0.5,0.01602564103,1,1,31,0.9996308859,61,4,0.06557377049,8,0,0
primary,Y1:P_phys_fixed,random_r0,102,0.5,0.01602564103,1,1,35,0.9998902634,62,5,0.08064516129,8,0,0
primary,Y1:P_phys_fixed,random_r1,100,0.5,0.01615508885,1,1,31,0.9997385358,63,3,0.04761904762,7,0,0
primary,Y1:P_phys_fixed,random_r1,101,0.5,0.01615508885,3,1,29,0.9983708769,63,3,0.04761904762,7,0,0
primary,Y1:P_phys_fixed,random_r1,102,0.5,0.01615508885,2,1,31,0.999648029,63,4,0.06349206349,7,0,0
primary,Y1:P_phys_fixed,random_r2,100,0.5,0.01590457256,3,1,30,0.9991485149,64,3,0.046875,7,0,0
primary,Y1:P_phys_fixed,random_r2,101,0.5,0.01590457256,2,2,27,0.9993762376,63,3,0.04761904762,7,0,0
primary,Y1:P_phys_fixed,random_r2,102,0.5,0.01590457256,2,1,30,0.9995841584,64,2,0.03125,7,0,0
primary,Y1:P_phys_fixed,random_r3,100,0.5,0.01616161616,1,1,33,0.9998088531,63,5,0.07936507937,7,0,0
primary,Y1:P_phys_fixed,random_r3,101,0.5,0.01616161616,1,1,32,0.9998591549,63,3,0.04761904762,7,0,0
primary,Y1:P_phys_fixed,random_r3,102,0.5,0.01616161616,8,2,28,0.9950704225,62,4,0.06451612903,7,0,0
primary,Y1:P_phys_fixed,random_r4,100,0.5,0.01607071113,1,1,29,0.9995398159,63,2,0.03174603175,7,0,0
primary,Y1:P_phys_fixed,random_r4,101,0.5,0.01607071113,4,4,27,0.9901960784,63,3,0.04761904762,7,0,0
primary,Y1:P_phys_fixed,random_r4,102,0.5,0.01607071113,1,1,32,0.999869948,63,4,0.06349206349,7,0,0
primary,Y1:P_phys_fixed,random_r5,100,0.5,0.01610954491,4,1,31,0.9987765744,62,4,0.06451612903,9,0,0
primary,Y1:P_phys_fixed,random_r5,101,0.5,0.01610954491,5,4,30,0.9880565584,63,1,0.01587301587,9,0,0
primary,Y1:P_phys_fixed,random_r5,102,0.5,0.01610954491,2,2,30,0.9967509025,63,2,0.03174603175,9,0,0
primary,Y1:P_phys_fixed,random_r6,100,0.5,0.01620089105,1,1,33,0.9996268657,62,2,0.03225806452,11,0,0
primary,Y1:P_phys_fixed,random_r6,101,0.5,0.01620089105,3,2,32,0.9966821299,62,1,0.01612903226,11,0,0
primary,Y1:P_phys_fixed,random_r6,102,0.5,0.01620089105,3,2,31,0.9956030658,62,2,0.03225806452,11,0,0
primary,Y1:P_phys_fixed,random_r7,100,0.5,0.01619433198,17,3,32,0.9921169355,62,2,0.03225806452,6,0,0
primary,Y1:P_phys_fixed,random_r7,101,0.5,0.01619433198,1,1,33,0.9992943548,62,4,0.06451612903,6,0,0
primary,Y1:P_phys_fixed,random_r7,102,0.5,0.01619433198,6,2,32,0.9932862903,62,3,0.04838709677,6,0,0
primary,Y1:P_phys_fixed,random_r8,100,0.5,0.01611603546,2,2,28,0.9964185393,63,4,0.06349206349,5,0,0
primary,Y1:P_phys_fixed,random_r8,101,0.5,0.01611603546,2,2,29,0.9989065008,62,4,0.06451612903,5,0,0
primary,Y1:P_phys_fixed,random_r8,102,0.5,0.01611603546,1,1,29,0.9993378812,62,3,0.04838709677,5,0,0
primary,Y1:P_phys_fixed,random_r9,100,0.5,0.01621402513,3,1,30,0.9978098506,62,4,0.06451612903,8,0,0
primary,Y1:P_phys_fixed,random_r9,101,0.5,0.01621402513,2,1,29,0.9994549859,62,4,0.06451612903,8,0,0
primary,Y1:P_phys_fixed,random_r9,102,0.5,0.01621402513,2,2,32,0.9970327008,62,3,0.04838709677,8,0,0
primary,Y1:P_phys_fixed,chemsys_r0,100,0.75,0.01620089105,2,1,34,0.9996066962,62,1,0.01612903226,8,0,0
primary,Y1:P_phys_fixed,chemsys_r0,101,0.75,0.01620089105,1,1,36,0.9998386446,61,3,0.04918032787,7,0,0
primary,Y1:P_phys_fixed,chemsys_r0,102,0.75,0.01620089105,1,1,35,0.999929407,62,1,0.01612903226,8,0,0
primary,Y1:P_phys_fixed,chemsys_r1,100,0.75,0.01611603546,2,1,34,0.9992676565,63,3,0.04761904762,7,0,0
primary,Y1:P_phys_fixed,chemsys_r1,101,0.75,0.01611603546,7,1,34,0.9977929374,63,2,0.03174603175,7,0,0
primary,Y1:P_phys_fixed,chemsys_r1,102,0.75,0.01611603546,2,2,32,0.998344703,63,3,0.04761904762,7,0,0
primary,Y1:P_phys_fixed,chemsys_r2,100,0.75,0.01612903226,2,1,32,0.9994779116,63,1,0.01587301587,3,0,0
primary,Y1:P_phys_fixed,chemsys_r2,101,0.75,0.01612903226,1,1,31,1,63,3,0.04761904762,3,0,0
primary,Y1:P_phys_fixed,chemsys_r2,102,0.75,0.01612903226,1,1,33,1,63,2,0.03174603175,3,0,0
primary,Y1:P_phys_fixed,chemsys_r3,100,0.75,0.01614856681,2,1,31,0.9981905911,63,3,0.04761904762,6,0,0
primary,Y1:P_phys_fixed,chemsys_r3,101,0.75,0.01614856681,3,1,34,0.9984620024,63,4,0.06349206349,6,0,0
primary,Y1:P_phys_fixed,chemsys_r3,102,0.75,0.01614856681,9,5,27,0.9941395255,63,2,0.03174603175,6,0,0
primary,Y1:P_phys_fixed,chemsys_r4,100,0.75,0.01600640256,3,1,31,0.9985950578,63,3,0.04761904762,8,0,0
primary,Y1:P_phys_fixed,chemsys_r4,101,0.75,0.01600640256,1,1,30,0.9998903946,63,1,0.01587301587,8,0,0
primary,Y1:P_phys_fixed,chemsys_r4,102,0.75,0.01600640256,2,2,30,0.9990035871,62,1,0.01612903226,8,0,0
primary,Y1:P_phys_fixed,chemsys_r5,100,0.75,0.01597444089,4,1,30,0.9988464598,62,2,0.03225806452,5,0,0
primary,Y1:P_phys_fixed,chemsys_r5,101,0.75,0.01597444089,3,2,31,0.9964101034,63,2,0.03174603175,5,0,0
primary,Y1:P_phys_fixed,chemsys_r5,102,0.75,0.01597444089,1,1,30,0.9999900557,63,3,0.04761904762,5,0,0
primary,Y1:P_phys_fixed,chemsys_r6,100,0.75,0.01609010459,1,1,32,0.9998798077,63,2,0.03174603175,10,0,0
primary,Y1:P_phys_fixed,chemsys_r6,101,0.75,0.01609010459,1,1,28,1,60,4,0.06666666667,10,0,0
primary,Y1:P_phys_fixed,chemsys_r6,102,0.75,0.01609010459,3,2,27,0.9979467147,62,2,0.03225806452,10,0,0
primary,Y1:P_phys_fixed,chemsys_r7,100,0.75,0.01641362331,1,1,27,0.9999897834,62,1,0.01612903226,6,0,0
primary,Y1:P_phys_fixed,chemsys_r7,101,0.75,0.01641362331,1,1,31,1,60,3,0.05,6,0,0
primary,Y1:P_phys_fixed,chemsys_r7,102,0.75,0.01641362331,1,1,29,1,61,1,0.01639344262,6,0,0
primary,Y1:P_phys_fixed,chemsys_r8,100,0.75,0.01600640256,2,2,30,0.9992526903,62,1,0.01612903226,8,0,0
primary,Y1:P_phys_fixed,chemsys_r8,101,0.75,0.01600640256,1,1,33,0.9998405739,63,2,0.03174603175,8,0,0
primary,Y1:P_phys_fixed,chemsys_r8,102,0.75,0.01600640256,2,1,34,0.9994420088,63,3,0.04761904762,8,0,0
primary,Y1:P_phys_fixed,chemsys_r9,100,0.75,0.0162469537,1,1,29,0.9998584142,62,3,0.04838709677,9,0,0
primary,Y1:P_phys_fixed,chemsys_r9,101,0.75,0.0162469537,1,1,29,1,62,3,0.04838709677,9,0,0
primary,Y1:P_phys_fixed,chemsys_r9,102,0.75,0.0162469537,2,1,31,0.9994538835,62,3,0.04838709677,9,0,0
primary,Y1:P_phys_fixed,random_r0,100,0.75,0.01602564103,2,1,34,0.9992318436,63,3,0.04761904762,8,0,0
primary,Y1:P_phys_fixed,random_r0,101,0.75,0.01602564103,1,1,31,0.999820431,61,3,0.04918032787,8,0,0
primary,Y1:P_phys_fixed,random_r0,102,0.75,0.01602564103,1,1,34,0.9999102155,62,3,0.04838709677,8,0,0
primary,Y1:P_phys_fixed,random_r1,100,0.75,0.01615508885,1,1,33,0.9999798874,63,2,0.03174603175,7,0,0
primary,Y1:P_phys_fixed,random_r1,101,0.75,0.01615508885,2,1,32,0.9990044248,63,3,0.04761904762,7,0,0
primary,Y1:P_phys_fixed,random_r1,102,0.75,0.01615508885,2,1,35,0.999648029,63,2,0.03174603175,7,0,0
primary,Y1:P_phys_fixed,random_r2,100,0.75,0.01590457256,1,1,33,0.9998217822,64,2,0.03125,7,0,0
primary,Y1:P_phys_fixed,random_r2,101,0.75,0.01590457256,2,2,31,0.9993861386,63,2,0.03174603175,7,0,0
primary,Y1:P_phys_fixed,random_r2,102,0.75,0.01590457256,2,1,31,0.9995643564,64,3,0.046875,7,0,0
primary,Y1:P_phys_fixed,random_r3,100,0.75,0.01616161616,1,1,33,0.9999496982,63,2,0.03174603175,7,0,0
primary,Y1:P_phys_fixed,random_r3,101,0.75,0.01616161616,1,1,33,0.9999396378,63,1,0.01587301587,7,0,0
primary,Y1:P_phys_fixed,random_r3,102,0.75,0.01616161616,4,2,30,0.9973641851,62,2,0.03225806452,7,0,0
primary,Y1:P_phys_fixed,random_r4,100,0.75,0.01607071113,1,1,31,0.999929972,63,3,0.04761904762,7,0,0
primary,Y1:P_phys_fixed,random_r4,101,0.75,0.01607071113,1,1,34,0.9995298119,63,1,0.01587301587,7,0,0
primary,Y1:P_phys_fixed,random_r4,102,0.75,0.01607071113,1,1,31,0.999859944,63,2,0.03174603175,7,0,0
primary,Y1:P_phys_fixed,random_r5,100,0.75,0.01610954491,3,2,32,0.9985760128,62,4,0.06451612903,9,0,0
primary,Y1:P_phys_fixed,random_r5,101,0.75,0.01610954491,2,1,33,0.9995687926,63,1,0.01587301587,9,0,0
primary,Y1:P_phys_fixed,random_r5,102,0.75,0.01610954491,3,2,33,0.996299639,63,2,0.03174603175,9,0,0
primary,Y1:P_phys_fixed,random_r6,100,0.75,0.01620089105,1,1,35,0.9997882211,62,4,0.06451612903,11,0,0
primary,Y1:P_phys_fixed,random_r6,101,0.75,0.01620089105,3,3,32,0.9952400161,62,1,0.01612903226,11,0,0
primary,Y1:P_phys_fixed,random_r6,102,0.75,0.01620089105,3,1,34,0.999021783,62,3,0.04838709677,11,0,0
primary,Y1:P_phys_fixed,random_r7,100,0.75,0.01619433198,10,3,32,0.9940120968,62,1,0.01612903226,6,0,0
primary,Y1:P_phys_fixed,random_r7,101,0.75,0.01619433198,1,1,32,0.9998790323,62,2,0.03225806452,6,0,0
primary,Y1:P_phys_fixed,random_r7,102,0.75,0.01619433198,8,1,31,0.9956149194,62,2,0.03225806452,6,0,0
primary,Y1:P_phys_fixed,random_r8,100,0.75,0.01611603546,2,2,31,0.9964185393,63,3,0.04761904762,5,0,0
primary,Y1:P_phys_fixed,random_r8,101,0.75,0.01611603546,1,1,30,0.9998695827,62,2,0.03225806452,5,0,0
primary,Y1:P_phys_fixed,random_r8,102,0.75,0.01611603546,1,1,30,0.9994382022,62,3,0.04838709677,5,0,0
primary,Y1:P_phys_fixed,random_r9,100,0.75,0.01621402513,4,3,33,0.9923496165,62,2,0.03225806452,8,0,0
primary,Y1:P_phys_fixed,random_r9,101,0.75,0.01621402513,2,2,30,0.998546629,62,3,0.04838709677,8,0,0
primary,Y1:P_phys_fixed,random_r9,102,0.75,0.01621402513,4,3,30,0.9928138878,62,3,0.04838709677,8,0,0
primary,Y1:P_phys_fixed,chemsys_r0,100,1,0.01620089105,1,1,37,0.9997983058,62,0,0,8,0,0
primary,Y1:P_phys_fixed,chemsys_r0,101,1,0.01620089105,1,1,37,0.9997983058,61,0,0,7,0,0
primary,Y1:P_phys_fixed,chemsys_r0,102,1,0.01620089105,1,1,37,0.9997983058,62,0,0,8,0,0
primary,Y1:P_phys_fixed,chemsys_r1,100,1,0.01611603546,1,1,35,0.9997692616,63,0,0,7,0,0
primary,Y1:P_phys_fixed,chemsys_r1,101,1,0.01611603546,1,1,35,0.9997692616,63,0,0,7,0,0
primary,Y1:P_phys_fixed,chemsys_r1,102,1,0.01611603546,1,1,35,0.9997692616,63,0,0,7,0,0
primary,Y1:P_phys_fixed,chemsys_r2,100,1,0.01612903226,1,1,36,1,63,0,0,3,0,0
primary,Y1:P_phys_fixed,chemsys_r2,101,1,0.01612903226,1,1,35,1,63,0,0,3,0,0
primary,Y1:P_phys_fixed,chemsys_r2,102,1,0.01612903226,1,1,36,1,63,0,0,3,0,0
primary,Y1:P_phys_fixed,chemsys_r3,100,1,0.01614856681,1,1,33,1,63,0,0,6,0,0
primary,Y1:P_phys_fixed,chemsys_r3,101,1,0.01614856681,1,1,33,1,63,0,0,6,0,0
primary,Y1:P_phys_fixed,chemsys_r3,102,1,0.01614856681,1,1,33,1,63,0,0,6,0,0
primary,Y1:P_phys_fixed,chemsys_r4,100,1,0.01600640256,1,1,34,0.9998804305,63,0,0,8,0,0
primary,Y1:P_phys_fixed,chemsys_r4,101,1,0.01600640256,1,1,34,0.9998804305,63,0,0,8,0,0
primary,Y1:P_phys_fixed,chemsys_r4,102,1,0.01600640256,1,1,34,0.9998804305,62,0,0,8,0,0
primary,Y1:P_phys_fixed,chemsys_r5,100,1,0.01597444089,1,1,35,0.9998309467,62,0,0,5,0,0
primary,Y1:P_phys_fixed,chemsys_r5,101,1,0.01597444089,1,1,35,0.9998309467,63,0,0,5,0,0
primary,Y1:P_phys_fixed,chemsys_r5,102,1,0.01597444089,1,1,35,0.9999701671,63,0,0,5,0,0
primary,Y1:P_phys_fixed,chemsys_r6,100,1,0.01609010459,1,1,36,1,63,0,0,10,0,0
primary,Y1:P_phys_fixed,chemsys_r6,101,1,0.01609010459,1,1,36,1,60,0,0,10,0,0
primary,Y1:P_phys_fixed,chemsys_r6,102,1,0.01609010459,1,1,36,1,62,0,0,10,0,0
primary,Y1:P_phys_fixed,chemsys_r7,100,1,0.01641362331,1,1,34,1,62,0,0,6,0,0
primary,Y1:P_phys_fixed,chemsys_r7,101,1,0.01641362331,1,1,34,1,60,0,0,6,0,0
primary,Y1:P_phys_fixed,chemsys_r7,102,1,0.01641362331,1,1,34,1,61,0,0,6,0,0
primary,Y1:P_phys_fixed,chemsys_r8,100,1,0.01600640256,1,1,34,0.9998206457,62,0,0,8,0,0
primary,Y1:P_phys_fixed,chemsys_r8,101,1,0.01600640256,1,1,34,0.9998206457,63,0,0,8,0,0
primary,Y1:P_phys_fixed,chemsys_r8,102,1,0.01600640256,1,1,34,0.9998206457,63,0,0,8,0,0
primary,Y1:P_phys_fixed,chemsys_r9,100,1,0.0162469537,1,1,32,1,62,0,0,9,0,0
primary,Y1:P_phys_fixed,chemsys_r9,101,1,0.0162469537,1,1,32,1,62,0,0,9,0,0
primary,Y1:P_phys_fixed,chemsys_r9,102,1,0.0162469537,1,1,32,1,62,0,0,9,0,0
primary,Y1:P_phys_fixed,random_r0,100,1,0.01602564103,1,1,36,0.9998603352,63,0,0,8,0,0
primary,Y1:P_phys_fixed,random_r0,101,1,0.01602564103,1,1,36,0.9999102155,61,0,0,8,0,0
primary,Y1:P_phys_fixed,random_r0,102,1,0.01602564103,1,1,36,0.9998603352,62,0,0,8,0,0
primary,Y1:P_phys_fixed,random_r1,100,1,0.01615508885,1,1,36,0.9999396621,63,0,0,7,0,0
primary,Y1:P_phys_fixed,random_r1,101,1,0.01615508885,1,1,36,0.9999396621,63,0,0,7,0,0
primary,Y1:P_phys_fixed,random_r1,102,1,0.01615508885,1,1,36,0.9999396621,63,0,0,7,0,0
primary,Y1:P_phys_fixed,random_r2,100,1,0.01590457256,1,1,36,0.9998118812,64,0,0,7,0,0
primary,Y1:P_phys_fixed,random_r2,101,1,0.01590457256,1,1,36,0.9998118812,63,0,0,7,0,0
primary,Y1:P_phys_fixed,random_r2,102,1,0.01590457256,1,1,36,0.9998118812,64,0,0,7,0,0
primary,Y1:P_phys_fixed,random_r3,100,1,0.01616161616,1,1,32,0.9998993964,63,0,0,7,0,0
primary,Y1:P_phys_fixed,random_r3,101,1,0.01616161616,1,1,32,0.9999597586,63,0,0,7,0,0
primary,Y1:P_phys_fixed,random_r3,102,1,0.01616161616,1,1,33,0.9998189135,62,0,0,7,0,0
primary,Y1:P_phys_fixed,random_r4,100,1,0.01607071113,1,1,35,0.99984994,63,0,0,7,0,0
primary,Y1:P_phys_fixed,random_r4,101,1,0.01607071113,1,1,34,0.99984994,63,0,0,7,0,0
primary,Y1:P_phys_fixed,random_r4,102,1,0.01607071113,1,1,34,0.99984994,63,0,0,7,0,0
primary,Y1:P_phys_fixed,random_r5,100,1,0.01610954491,1,1,35,0.9998796631,62,0,0,9,0,0
primary,Y1:P_phys_fixed,random_r5,101,1,0.01610954491,1,1,35,0.9998796631,63,0,0,9,0,0
primary,Y1:P_phys_fixed,random_r5,102,1,0.01610954491,1,1,35,0.9998796631,63,0,0,9,0,0
primary,Y1:P_phys_fixed,random_r6,100,1,0.01620089105,1,1,34,0.9997781363,62,0,0,11,0,0
primary,Y1:P_phys_fixed,random_r6,101,1,0.01620089105,1,1,34,0.9997781363,62,0,0,11,0,0
primary,Y1:P_phys_fixed,random_r6,102,1,0.01620089105,1,1,34,0.9997781363,62,0,0,11,0,0
primary,Y1:P_phys_fixed,random_r7,100,1,0.01619433198,1,1,34,0.9997983871,62,0,0,6,0,0
primary,Y1:P_phys_fixed,random_r7,101,1,0.01619433198,1,1,34,0.9997983871,62,0,0,6,0,0
primary,Y1:P_phys_fixed,random_r7,102,1,0.01619433198,1,1,34,0.9997983871,62,0,0,6,0,0
primary,Y1:P_phys_fixed,random_r8,100,1,0.01611603546,1,1,34,0.9998495185,63,0,0,5,0,0
primary,Y1:P_phys_fixed,random_r8,101,1,0.01611603546,1,1,34,0.9998495185,62,0,0,5,0,0
primary,Y1:P_phys_fixed,random_r8,102,1,0.01611603546,1,1,34,0.9998495185,62,0,0,5,0,0
primary,Y1:P_phys_fixed,random_r9,100,1,0.01621402513,1,1,35,0.9999495357,62,0,0,8,0,0
primary,Y1:P_phys_fixed,random_r9,101,1,0.01621402513,1,1,35,0.9999495357,62,0,0,8,0,0
primary,Y1:P_phys_fixed,random_r9,102,1,0.01621402513,1,1,35,0.9999495357,62,0,0,8,0,0
primary,Y2:P_H_fixed,chemsys_r0,100,0,0.01620089105,28,9,19,0.9559197257,62,11,0.1774193548,60,11,0.1833333333
primary,Y2:P_H_fixed,chemsys_r0,101,0,0.01620089105,1,1,24,0.9946551029,61,12,0.1967213115,59,12,0.2033898305
primary,Y2:P_H_fixed,chemsys_r0,102,0,0.01620089105,19,1,15,0.986748689,62,11,0.1774193548,60,11,0.1833333333
primary,Y2:P_H_fixed,chemsys_r1,100,0,0.01611603546,18,11,18,0.9781902087,63,12,0.1904761905,54,9,0.1666666667
primary,Y2:P_H_fixed,chemsys_r1,101,0,0.01611603546,1,1,19,0.9992977528,62,11,0.1774193548,54,9,0.1666666667
primary,Y2:P_H_fixed,chemsys_r1,102,0,0.01611603546,41,10,8,0.9714486356,63,1,0.01587301587,54,1,0.01851851852
primary,Y2:P_H_fixed,chemsys_r2,100,0,0.01612903226,31,17,16,0.956184739,63,9,0.1428571429,67,9,0.1343283582
primary,Y2:P_H_fixed,chemsys_r2,101,0,0.01612903226,41,24,11,0.9482831325,63,2,0.03174603175,67,2,0.02985074627
primary,Y2:P_H_fixed,chemsys_r2,102,0,0.01612903226,5,5,15,0.9881425703,63,8,0.126984127,67,8,0.1194029851
primary,Y2:P_H_fixed,chemsys_r3,100,0,0.01614856681,3,1,21,0.9974567752,61,12,0.1967213115,69,14,0.2028985507
primary,Y2:P_H_fixed,chemsys_r3,101,0,0.01614856681,2,1,25,0.9964817049,63,19,0.3015873016,71,20,0.2816901408
primary,Y2:P_H_fixed,chemsys_r3,102,0,0.01614856681,3,1,21,0.9975572979,63,13,0.2063492063,71,16,0.2253521127
primary,Y2:P_H_fixed,chemsys_r4,100,0,0.01600640256,1,1,23,0.9964228776,62,8,0.1290322581,49,8,0.1632653061
primary,Y2:P_H_fixed,chemsys_r4,101,0,0.01600640256,4,1,15,0.9978278198,63,7,0.1111111111,49,7,0.1428571429
primary,Y2:P_H_fixed,chemsys_r4,102,0,0.01600640256,19,11,24,0.9729075329,63,11,0.1746031746,49,11,0.2244897959
primary,Y2:P_H_fixed,chemsys_r5,100,0,0.01597444089,1,1,12,0.9997016706,63,6,0.09523809524,60,6,0.1
primary,Y2:P_H_fixed,chemsys_r5,101,0,0.01597444089,13,8,14,0.9726233095,63,6,0.09523809524,60,5,0.08333333333
primary,Y2:P_H_fixed,chemsys_r5,102,0,0.01597444089,41,15,6,0.9577068417,63,1,0.01587301587,60,1,0.01666666667
primary,Y2:P_H_fixed,chemsys_r6,100,0,0.01609010459,12,3,19,0.9876802885,63,11,0.1746031746,56,11,0.1964285714
primary,Y2:P_H_fixed,chemsys_r6,101,0,0.01609010459,1,1,21,0.9971254006,63,10,0.1587301587,56,9,0.1607142857
primary,Y2:P_H_fixed,chemsys_r6,102,0,0.01609010459,5,1,20,0.9943709936,62,12,0.1935483871,55,11,0.2
primary,Y2:P_H_fixed,chemsys_r7,100,0,0.01641362331,19,10,21,0.95317736,62,12,0.1935483871,53,9,0.1698113208
primary,Y2:P_H_fixed,chemsys_r7,101,0,0.01641362331,16,2,16,0.9900183899,62,12,0.1935483871,53,11,0.2075471698
primary,Y2:P_H_fixed,chemsys_r7,102,0,0.01641362331,1,1,26,0.9991622395,62,13,0.2096774194,53,10,0.1886792453
primary,Y2:P_H_fixed,chemsys_r8,100,0,0.01600640256,4,1,27,0.9949382224,63,15,0.2380952381,60,14,0.2333333333
primary,Y2:P_H_fixed,chemsys_r8,101,0,0.01600640256,1,1,22,0.9972100438,62,14,0.2258064516,59,13,0.2203389831
primary,Y2:P_H_fixed,chemsys_r8,102,0,0.01600640256,7,6,26,0.9899262654,62,13,0.2096774194,59,13,0.2203389831
primary,Y2:P_H_fixed,chemsys_r9,100,0,0.0162469537,1,1,16,0.9996460356,61,8,0.131147541,59,8,0.1355932203
primary,Y2:P_H_fixed,chemsys_r9,101,0,0.0162469537,3,2,18,0.998078479,62,8,0.1290322581,60,8,0.1333333333
primary,Y2:P_H_fixed,chemsys_r9,102,0,0.0162469537,4,2,26,0.9946096278,62,9,0.1451612903,60,9,0.15
primary,Y2:P_H_fixed,random_r0,100,0,0.01602564103,4,1,26,0.9947525938,63,15,0.2380952381,36,10,0.2777777778
primary,Y2:P_H_fixed,random_r0,101,0,0.01602564103,41,6,6,0.9800478851,62,1,0.01612903226,36,0,0
primary,Y2:P_H_fixed,random_r0,102,0,0.01602564103,1,1,17,0.9992418196,63,8,0.126984127,36,5,0.1388888889
primary,Y2:P_H_fixed,random_r1,100,0,0.01615508885,4,3,23,0.9958769107,63,13,0.2063492063,49,11,0.2244897959
primary,Y2:P_H_fixed,random_r1,101,0,0.01615508885,10,8,18,0.9720635559,63,14,0.2222222222,49,12,0.2448979592
primary,Y2:P_H_fixed,random_r1,102,0,0.01615508885,9,6,19,0.9825422365,63,13,0.2063492063,49,12,0.2448979592
primary,Y2:P_H_fixed,random_r2,100,0,0.01590457256,14,1,19,0.9931188119,64,14,0.21875,55,13,0.2363636364
primary,Y2:P_H_fixed,random_r2,101,0,0.01590457256,22,5,15,0.9827524752,64,7,0.109375,55,7,0.1272727273
primary,Y2:P_H_fixed,random_r2,102,0,0.01590457256,33,4,28,0.9818613861,64,9,0.140625,55,8,0.1454545455
primary,Y2:P_H_fixed,random_r3,100,0,0.01616161616,7,1,19,0.9944869215,63,9,0.1428571429,41,5,0.1219512195
primary,Y2:P_H_fixed,random_r3,101,0,0.01616161616,13,7,18,0.9828169014,63,10,0.1587301587,41,5,0.1219512195
primary,Y2:P_H_fixed,random_r3,102,0,0.01616161616,30,30,1,0.9562877264,63,0,0,41,0,0
primary,Y2:P_H_fixed,random_r4,100,0,0.01607071113,5,5,16,0.981092437,63,9,0.1428571429,47,8,0.170212766
primary,Y2:P_H_fixed,random_r4,101,0,0.01607071113,15,6,26,0.9712284914,63,11,0.1746031746,47,8,0.170212766
primary,Y2:P_H_fixed,random_r4,102,0,0.01607071113,3,2,18,0.9949379752,63,11,0.1746031746,47,9,0.1914893617
primary,Y2:P_H_fixed,random_r5,100,0,0.01610954491,11,5,16,0.9863317288,63,8,0.126984127,40,7,0.175
primary,Y2:P_H_fixed,random_r5,101,0,0.01610954491,3,3,16,0.9956377858,63,5,0.07936507937,40,4,0.1
primary,Y2:P_H_fixed,random_r5,102,0,0.01610954491,6,1,22,0.9933814681,62,11,0.1774193548,39,7,0.1794871795
primary,Y2:P_H_fixed,random_r6,100,0,0.01620089105,9,4,16,0.9957946753,61,9,0.1475409836,50,8,0.16
primary,Y2:P_H_fixed,random_r6,101,0,0.01620089105,4,3,15,0.9942214603,62,7,0.1129032258,51,6,0.1176470588
primary,Y2:P_H_fixed,random_r6,102,0,0.01620089105,4,1,25,0.9959762001,62,12,0.1935483871,51,9,0.1764705882
primary,Y2:P_H_fixed,random_r7,100,0,0.01619433198,8,4,21,0.9912197581,61,13,0.2131147541,40,8,0.2
primary,Y2:P_H_fixed,random_r7,101,0,0.01619433198,2,1,15,0.998266129,62,7,0.1129032258,41,4,0.09756097561
primary,Y2:P_H_fixed,random_r7,102,0,0.01619433198,10,5,17,0.9783366935,62,11,0.1774193548,41,10,0.243902439
primary,Y2:P_H_fixed,random_r8,100,0,0.01611603546,9,1,19,0.9880718299,62,15,0.2419354839,52,14,0.2692307692
primary,Y2:P_H_fixed,random_r8,101,0,0.01611603546,10,10,12,0.9875100321,63,6,0.09523809524,53,6,0.1132075472
primary,Y2:P_H_fixed,random_r8,102,0,0.01611603546,4,3,16,0.9896167737,63,7,0.1111111111,53,6,0.1132075472
primary,Y2:P_H_fixed,random_r9,100,0,0.01621402513,3,2,18,0.9980722648,62,10,0.1612903226,46,7,0.152173913
primary,Y2:P_H_fixed,random_r9,101,0,0.01621402513,4,1,15,0.9977492935,62,8,0.1290322581,46,6,0.1304347826
primary,Y2:P_H_fixed,random_r9,102,0,0.01621402513,27,2,10,0.9807731126,62,4,0.06451612903,46,2,0.04347826087
primary,Y2:P_H_fixed,chemsys_r0,100,0.02,0.01620089105,13,7,18,0.9840762404,62,13,0.2096774194,60,13,0.2166666667
primary,Y2:P_H_fixed,chemsys_r0,101,0.02,0.01620089105,1,1,26,0.99580476,61,12,0.1967213115,59,12,0.2033898305
primary,Y2:P_H_fixed,chemsys_r0,102,0.02,0.01620089105,19,1,21,0.9934247681,62,9,0.1451612903,60,9,0.15
primary,Y2:P_H_fixed,chemsys_r1,100,0.02,0.01611603546,4,1,21,0.9976223917,63,12,0.1904761905,54,8,0.1481481481
primary,Y2:P_H_fixed,chemsys_r1,101,0.02,0.01611603546,1,1,21,0.9992977528,62,10,0.1612903226,54,8,0.1481481481
primary,Y2:P_H_fixed,chemsys_r1,102,0.02,0.01611603546,41,2,13,0.9752708668,63,3,0.04761904762,54,2,0.03703703704
primary,Y2:P_H_fixed,chemsys_r2,100,0.02,0.01612903226,41,13,9,0.9708835341,63,4,0.06349206349,67,4,0.05970149254
primary,Y2:P_H_fixed,chemsys_r2,101,0.02,0.01612903226,41,34,6,0.9370381526,63,0,0,67,0,0
primary,Y2:P_H_fixed,chemsys_r2,102,0.02,0.01612903226,7,2,18,0.9946787149,63,8,0.126984127,67,8,0.1194029851
primary,Y2:P_H_fixed,chemsys_r3,100,0.02,0.01614856681,4,1,20,0.9990550864,61,8,0.131147541,69,10,0.1449275362
primary,Y2:P_H_fixed,chemsys_r3,101,0.02,0.01614856681,11,2,16,0.9943204664,63,4,0.06349206349,71,6,0.08450704225
primary,Y2:P_H_fixed,chemsys_r3,102,0.02,0.01614856681,4,1,22,0.9979091275,63,14,0.2222222222,71,16,0.2253521127
primary,Y2:P_H_fixed,chemsys_r4,100,0.02,0.01600640256,1,1,25,0.9971502591,62,8,0.1290322581,49,6,0.1224489796
primary,Y2:P_H_fixed,chemsys_r4,101,0.02,0.01600640256,1,1,15,0.9992526903,63,5,0.07936507937,49,3,0.0612244898
primary,Y2:P_H_fixed,chemsys_r4,102,0.02,0.01600640256,14,8,25,0.9805101634,63,5,0.07936507937,49,4,0.08163265306
primary,Y2:P_H_fixed,chemsys_r5,100,0.02,0.01597444089,7,7,13,0.9935958632,63,8,0.126984127,60,8,0.1333333333
primary,Y2:P_H_fixed,chemsys_r5,101,0.02,0.01597444089,1,1,14,0.9998607796,63,7,0.1111111111,60,7,0.1166666667
primary,Y2:P_H_fixed,chemsys_r5,102,0.02,0.01597444089,30,13,17,0.964508751,63,0,0,60,0,0
primary,Y2:P_H_fixed,chemsys_r6,100,0.02,0.01609010459,14,3,27,0.9869090545,63,11,0.1746031746,56,11,0.1964285714
primary,Y2:P_H_fixed,chemsys_r6,101,0.02,0.01609010459,1,1,26,0.9978766026,63,13,0.2063492063,56,12,0.2142857143
primary,Y2:P_H_fixed,chemsys_r6,102,0.02,0.01609010459,2,1,23,0.9976963141,62,12,0.1935483871,55,12,0.2181818182
primary,Y2:P_H_fixed,chemsys_r7,100,0.02,0.01641362331,15,6,22,0.9740702902,62,10,0.1612903226,53,8,0.1509433962
primary,Y2:P_H_fixed,chemsys_r7,101,0.02,0.01641362331,41,2,14,0.9828361259,62,8,0.1290322581,53,7,0.1320754717
primary,Y2:P_H_fixed,chemsys_r7,102,0.02,0.01641362331,3,1,23,0.9987127094,62,10,0.1612903226,53,9,0.1698113208
primary,Y2:P_H_fixed,chemsys_r8,100,0.02,0.01600640256,10,1,27,0.9916998804,63,15,0.2380952381,60,14,0.2333333333
primary,Y2:P_H_fixed,chemsys_r8,101,0.02,0.01600640256,1,1,24,0.9990932642,62,11,0.1774193548,59,10,0.1694915254
primary,Y2:P_H_fixed,chemsys_r8,102,0.02,0.01600640256,10,1,23,0.9959147071,62,12,0.1935483871,59,11,0.186440678
primary,Y2:P_H_fixed,chemsys_r9,100,0.02,0.0162469537,2,1,19,0.9992819579,61,8,0.131147541,59,8,0.1355932203
primary,Y2:P_H_fixed,chemsys_r9,101,0.02,0.0162469537,3,3,19,0.9966221683,62,8,0.1290322581,60,8,0.1333333333
primary,Y2:P_H_fixed,chemsys_r9,102,0.02,0.0162469537,3,2,23,0.996460356,62,8,0.1290322581,60,8,0.1333333333
primary,Y2:P_H_fixed,random_r0,100,0.02,0.01602564103,1,1,23,0.9992019154,63,9,0.1428571429,36,5,0.1388888889
primary,Y2:P_H_fixed,random_r0,101,0.02,0.01602564103,41,2,6,0.9800478851,62,1,0.01612903226,36,0,0
primary,Y2:P_H_fixed,random_r0,102,0.02,0.01602564103,1,1,16,0.9990123703,63,7,0.1111111111,36,4,0.1111111111
primary,Y2:P_H_fixed,random_r1,100,0.02,0.01615508885,4,3,22,0.9967920354,63,10,0.1587301587,49,8,0.1632653061
primary,Y2:P_H_fixed,random_r1,101,0.02,0.01615508885,8,5,26,0.9802493966,63,16,0.253968254,49,11,0.2244897959
primary,Y2:P_H_fixed,random_r1,102,0.02,0.01615508885,6,6,24,0.9859412711,63,14,0.2222222222,49,11,0.2244897959
primary,Y2:P_H_fixed,random_r2,100,0.02,0.01590457256,5,1,22,0.9938811881,64,11,0.171875,55,9,0.1636363636
primary,Y2:P_H_fixed,random_r2,101,0.02,0.01590457256,6,6,21,0.9922673267,64,12,0.1875,55,12,0.2181818182
primary,Y2:P_H_fixed,random_r2,102,0.02,0.01590457256,41,5,15,0.9783762376,64,2,0.03125,55,2,0.03636363636
primary,Y2:P_H_fixed,random_r3,100,0.02,0.01616161616,11,1,19,0.9916096579,63,8,0.126984127,41,4,0.09756097561
primary,Y2:P_H_fixed,random_r3,101,0.02,0.01616161616,13,3,19,0.9869919517,63,9,0.1428571429,41,4,0.09756097561
primary,Y2:P_H_fixed,random_r3,102,0.02,0.01616161616,41,1,10,0.9754325956,63,0,0,41,0,0
primary,Y2:P_H_fixed,random_r4,100,0.02,0.01607071113,4,4,26,0.9892156863,63,11,0.1746031746,47,9,0.1914893617
primary,Y2:P_H_fixed,random_r4,101,0.02,0.01607071113,10,3,30,0.9871348539,63,8,0.126984127,47,6,0.1276595745
primary,Y2:P_H_fixed,random_r4,102,0.02,0.01607071113,3,2,29,0.9956782713,63,11,0.1746031746,47,9,0.1914893617
primary,Y2:P_H_fixed,random_r5,100,0.02,0.01610954491,6,5,22,0.9922884075,63,7,0.1111111111,40,6,0.15
primary,Y2:P_H_fixed,random_r5,101,0.02,0.01610954491,5,5,14,0.9930405134,63,4,0.06349206349,40,3,0.075
primary,Y2:P_H_fixed,random_r5,102,0.02,0.01610954491,4,1,20,0.9966004813,62,6,0.09677419355,39,4,0.1025641026
primary,Y2:P_H_fixed,random_r6,100,0.02,0.01620089105,2,2,15,0.9985478015,61,7,0.1147540984,50,5,0.1
primary,Y2:P_H_fixed,random_r6,101,0.02,0.01620089105,7,3,15,0.9923658733,62,6,0.09677419355,51,5,0.09803921569
primary,Y2:P_H_fixed,random_r6,102,0.02,0.01620089105,8,4,27,0.9842880194,62,11,0.1774193548,51,9,0.1764705882
primary,Y2:P_H_fixed,random_r7,100,0.02,0.01619433198,3,3,17,0.997983871,61,9,0.1475409836,40,6,0.15
primary,Y2:P_H_fixed,random_r7,101,0.02,0.01619433198,3,1,18,0.9992842742,62,10,0.1612903226,41,5,0.1219512195
primary,Y2:P_H_fixed,random_r7,102,0.02,0.01619433198,7,1,25,0.9944556452,62,9,0.1451612903,41,5,0.1219512195
primary,Y2:P_H_fixed,random_r8,100,0.02,0.01611603546,1,1,19,0.9991071429,62,5,0.08064516129,52,5,0.09615384615
primary,Y2:P_H_fixed,random_r8,101,0.02,0.01611603546,4,4,13,0.9954353933,63,5,0.07936507937,53,4,0.07547169811
primary,Y2:P_H_fixed,random_r8,102,0.02,0.01611603546,5,5,17,0.9873294543,63,8,0.126984127,53,7,0.1320754717
primary,Y2:P_H_fixed,random_r9,100,0.02,0.01621402513,2,1,20,0.999101736,62,8,0.1290322581,46,6,0.1304347826
primary,Y2:P_H_fixed,random_r9,101,0.02,0.01621402513,3,1,22,0.9980419863,62,9,0.1451612903,46,7,0.152173913
primary,Y2:P_H_fixed,random_r9,102,0.02,0.01621402513,10,1,21,0.988362939,62,6,0.09677419355,46,5,0.1086956522
primary,Y2:P_H_fixed,chemsys_r0,100,0.05,0.01620089105,8,5,23,0.9880294474,62,17,0.2741935484,60,17,0.2833333333
primary,Y2:P_H_fixed,chemsys_r0,101,0.05,0.01620089105,1,1,30,0.9967728923,61,14,0.2295081967,59,14,0.2372881356
primary,Y2:P_H_fixed,chemsys_r0,102,0.05,0.01620089105,16,1,27,0.9926784994,62,12,0.1935483871,60,12,0.2
primary,Y2:P_H_fixed,chemsys_r1,100,0.05,0.01611603546,4,1,23,0.9976223917,63,12,0.1904761905,54,8,0.1481481481
primary,Y2:P_H_fixed,chemsys_r1,101,0.05,0.01611603546,3,1,31,0.9938804173,62,14,0.2258064516,54,10,0.1851851852
primary,Y2:P_H_fixed,chemsys_r1,102,0.05,0.01611603546,41,2,20,0.9799357945,63,4,0.06349206349,54,2,0.03703703704
primary,Y2:P_H_fixed,chemsys_r2,100,0.05,0.01612903226,13,12,16,0.9837048193,63,6,0.09523809524,67,6,0.08955223881
primary,Y2:P_H_fixed,chemsys_r2,101,0.05,0.01612903226,41,20,6,0.9505923695,63,0,0,67,0,0
primary,Y2:P_H_fixed,chemsys_r2,102,0.05,0.01612903226,7,2,18,0.9946787149,63,8,0.126984127,67,8,0.1194029851
primary,Y2:P_H_fixed,chemsys_r3,100,0.05,0.01614856681,4,1,25,0.998632891,61,9,0.1475409836,69,11,0.1594202899
primary,Y2:P_H_fixed,chemsys_r3,101,0.05,0.01614856681,19,2,21,0.9922094893,63,4,0.06349206349,71,6,0.08450704225
primary,Y2:P_H_fixed,chemsys_r3,102,0.05,0.01614856681,6,1,20,0.997818657,63,9,0.1428571429,71,12,0.1690140845
primary,Y2:P_H_fixed,chemsys_r4,100,0.05,0.01600640256,1,1,23,0.9978477481,62,6,0.09677419355,49,4,0.08163265306
primary,Y2:P_H_fixed,chemsys_r4,101,0.05,0.01600640256,1,1,17,0.9991929055,63,4,0.06349206349,49,3,0.0612244898
primary,Y2:P_H_fixed,chemsys_r4,102,0.05,0.01600640256,9,6,27,0.987734157,63,6,0.09523809524,49,5,0.1020408163
primary,Y2:P_H_fixed,chemsys_r5,100,0.05,0.01597444089,7,7,13,0.9935958632,63,8,0.126984127,60,8,0.1333333333
primary,Y2:P_H_fixed,chemsys_r5,101,0.05,0.01597444089,1,1,17,0.9997414479,63,6,0.09523809524,60,6,0.1
primary,Y2:P_H_fixed,chemsys_r5,102,0.05,0.01597444089,39,12,16,0.9620425617,63,0,0,60,0,0
primary,Y2:P_H_fixed,chemsys_r6,100,0.05,0.01609010459,41,4,10,0.9708733974,63,4,0.06349206349,56,3,0.05357142857
primary,Y2:P_H_fixed,chemsys_r6,101,0.05,0.01609010459,1,1,26,0.9981770833,63,12,0.1904761905,56,11,0.1964285714
primary,Y2:P_H_fixed,chemsys_r6,102,0.05,0.01609010459,1,1,25,0.9984575321,62,11,0.1774193548,55,11,0.2
primary,Y2:P_H_fixed,chemsys_r7,100,0.05,0.01641362331,22,6,20,0.9719350225,62,7,0.1129032258,53,6,0.1132075472
primary,Y2:P_H_fixed,chemsys_r7,101,0.05,0.01641362331,41,2,14,0.9797711483,62,8,0.1290322581,53,7,0.1320754717
primary,Y2:P_H_fixed,chemsys_r7,102,0.05,0.01641362331,4,2,21,0.9979260319,62,8,0.1290322581,53,8,0.1509433962
primary,Y2:P_H_fixed,chemsys_r8,100,0.05,0.01600640256,9,6,27,0.9891590275,63,12,0.1904761905,60,11,0.1833333333
primary,Y2:P_H_fixed,chemsys_r8,101,0.05,0.01600640256,3,1,22,0.9987445197,62,8,0.1290322581,59,8,0.1355932203
primary,Y2:P_H_fixed,chemsys_r8,102,0.05,0.01600640256,17,2,23,0.9937724193,62,9,0.1451612903,59,9,0.1525423729
primary,Y2:P_H_fixed,chemsys_r9,100,0.05,0.0162469537,2,1,16,0.9993021845,61,7,0.1147540984,59,7,0.1186440678
primary,Y2:P_H_fixed,chemsys_r9,101,0.05,0.0162469537,3,3,18,0.996612055,62,8,0.1290322581,60,8,0.1333333333
primary,Y2:P_H_fixed,chemsys_r9,102,0.05,0.0162469537,3,2,23,0.9965008091,62,8,0.1290322581,60,8,0.1333333333
primary,Y2:P_H_fixed,random_r0,100,0.05,0.01602564103,1,1,23,0.9992019154,63,6,0.09523809524,36,3,0.08333333333
primary,Y2:P_H_fixed,random_r0,101,0.05,0.01602564103,17,2,15,0.9915303272,62,6,0.09677419355,36,3,0.08333333333
primary,Y2:P_H_fixed,random_r0,102,0.05,0.01602564103,1,1,17,0.99896249,63,7,0.1111111111,36,3,0.08333333333
primary,Y2:P_H_fixed,random_r1,100,0.05,0.01615508885,4,3,26,0.9966613033,63,10,0.1587301587,49,8,0.1632653061
primary,Y2:P_H_fixed,random_r1,101,0.05,0.01615508885,7,7,25,0.9737127916,63,11,0.1746031746,49,8,0.1632653061
primary,Y2:P_H_fixed,random_r1,102,0.05,0.01615508885,18,1,27,0.982461786,63,11,0.1746031746,49,6,0.1224489796
primary,Y2:P_H_fixed,random_r2,100,0.05,0.01590457256,7,1,24,0.9943465347,64,13,0.203125,55,12,0.2181818182
primary,Y2:P_H_fixed,random_r2,101,0.05,0.01590457256,4,4,25,0.9947227723,64,14,0.21875,55,12,0.2181818182
primary,Y2:P_H_fixed,random_r2,102,0.05,0.01590457256,5,5,23,0.9930594059,64,15,0.234375,55,13,0.2363636364
primary,Y2:P_H_fixed,random_r3,100,0.05,0.01616161616,8,2,18,0.9947183099,63,7,0.1111111111,41,3,0.07317073171
primary,Y2:P_H_fixed,random_r3,101,0.05,0.01616161616,8,8,16,0.986861167,63,7,0.1111111111,41,3,0.07317073171
primary,Y2:P_H_fixed,random_r3,102,0.05,0.01616161616,41,1,11,0.9743360161,63,0,0,41,0,0
primary,Y2:P_H_fixed,random_r4,100,0.05,0.01607071113,4,4,25,0.9898459384,63,11,0.1746031746,47,9,0.1914893617
primary,Y2:P_H_fixed,random_r4,101,0.05,0.01607071113,7,2,21,0.9920568227,63,6,0.09523809524,47,5,0.1063829787
primary,Y2:P_H_fixed,random_r4,102,0.05,0.01607071113,3,2,25,0.9961984794,63,11,0.1746031746,47,10,0.2127659574
primary,Y2:P_H_fixed,random_r5,100,0.05,0.01610954491,10,3,20,0.9930906538,63,5,0.07936507937,40,3,0.075
primary,Y2:P_H_fixed,random_r5,101,0.05,0.01610954491,5,5,17,0.9924087445,63,6,0.09523809524,40,4,0.1
primary,Y2:P_H_fixed,random_r5,102,0.05,0.01610954491,8,1,19,0.9948154834,62,5,0.08064516129,39,4,0.1025641026
primary,Y2:P_H_fixed,random_r6,100,0.05,0.01620089105,2,2,18,0.9986688181,61,8,0.131147541,50,6,0.12
primary,Y2:P_H_fixed,random_r6,101,0.05,0.01620089105,8,3,15,0.9918616378,62,6,0.09677419355,51,5,0.09803921569
primary,Y2:P_H_fixed,random_r6,102,0.05,0.01620089105,3,1,17,0.9974989915,62,7,0.1129032258,51,6,0.1176470588
primary,Y2:P_H_fixed,random_r7,100,0.05,0.01619433198,2,2,19,0.9983770161,61,11,0.1803278689,40,8,0.2
primary,Y2:P_H_fixed,random_r7,101,0.05,0.01619433198,3,1,20,0.9992842742,62,9,0.1451612903,41,6,0.1463414634
primary,Y2:P_H_fixed,random_r7,102,0.05,0.01619433198,2,1,29,0.9939314516,62,10,0.1612903226,41,6,0.1463414634
primary,Y2:P_H_fixed,random_r8,100,0.05,0.01611603546,1,1,20,0.9991071429,62,5,0.08064516129,52,5,0.09615384615
primary,Y2:P_H_fixed,random_r8,101,0.05,0.01611603546,4,4,18,0.9952648475,63,8,0.126984127,53,7,0.1320754717
primary,Y2:P_H_fixed,random_r8,102,0.05,0.01611603546,5,4,18,0.9851023274,63,7,0.1111111111,53,5,0.09433962264
primary,Y2:P_H_fixed,random_r9,100,0.05,0.01621402513,1,1,17,0.9988292289,62,6,0.09677419355,46,5,0.1086956522
primary,Y2:P_H_fixed,random_r9,101,0.05,0.01621402513,3,1,21,0.9983144933,62,8,0.1290322581,46,5,0.1086956522
primary,Y2:P_H_fixed,random_r9,102,0.05,0.01621402513,20,4,22,0.9817823981,62,8,0.1290322581,46,7,0.152173913
primary,Y2:P_H_fixed,chemsys_r0,100,0.1,0.01620089105,14,6,20,0.981363453,62,13,0.2096774194,60,13,0.2166666667
primary,Y2:P_H_fixed,chemsys_r0,101,0.1,0.01620089105,1,1,32,0.9950584913,61,11,0.1803278689,59,11,0.186440678
primary,Y2:P_H_fixed,chemsys_r0,102,0.1,0.01620089105,9,1,35,0.9947357806,62,18,0.2903225806,60,18,0.3
primary,Y2:P_H_fixed,chemsys_r1,100,0.1,0.01611603546,26,2,26,0.9886436597,63,7,0.1111111111,54,4,0.07407407407
primary,Y2:P_H_fixed,chemsys_r1,101,0.1,0.01611603546,3,1,30,0.99394061,62,10,0.1612903226,54,6,0.1111111111
primary,Y2:P_H_fixed,chemsys_r1,102,0.1,0.01611603546,29,2,26,0.9841492777,63,8,0.126984127,54,5,0.09259259259
primary,Y2:P_H_fixed,chemsys_r2,100,0.1,0.01612903226,30,7,22,0.9825,63,5,0.07936507937,67,7,0.1044776119
primary,Y2:P_H_fixed,chemsys_r2,101,0.1,0.01612903226,41,18,6,0.9541566265,63,0,0,67,0,0
primary,Y2:P_H_fixed,chemsys_r2,102,0.1,0.01612903226,6,1,19,0.99812249,63,7,0.1111111111,67,7,0.1044776119
primary,Y2:P_H_fixed,chemsys_r3,100,0.1,0.01614856681,4,1,24,0.9981202252,61,8,0.131147541,69,10,0.1449275362
primary,Y2:P_H_fixed,chemsys_r3,101,0.1,0.01614856681,21,2,18,0.9919983916,63,4,0.06349206349,71,6,0.08450704225
primary,Y2:P_H_fixed,chemsys_r3,102,0.1,0.01614856681,11,1,20,0.9968536389,63,8,0.126984127,71,13,0.1830985915
primary,Y2:P_H_fixed,chemsys_r4,100,0.1,0.01600640256,1,1,25,0.9981865285,62,7,0.1129032258,49,6,0.1224489796
primary,Y2:P_H_fixed,chemsys_r4,101,0.1,0.01600640256,2,2,24,0.9974491829,63,3,0.04761904762,49,3,0.0612244898
primary,Y2:P_H_fixed,chemsys_r4,102,0.1,0.01600640256,9,8,20,0.9882622559,63,3,0.04761904762,49,3,0.0612244898
primary,Y2:P_H_fixed,chemsys_r5,100,0.1,0.01597444089,11,9,18,0.9896877486,63,8,0.126984127,60,8,0.1333333333
primary,Y2:P_H_fixed,chemsys_r5,101,0.1,0.01597444089,1,1,20,0.9995326173,63,8,0.126984127,60,8,0.1333333333
primary,Y2:P_H_fixed,chemsys_r5,102,0.1,0.01597444089,7,5,22,0.9901650756,63,8,0.126984127,60,8,0.1333333333
primary,Y2:P_H_fixed,chemsys_r6,100,0.1,0.01609010459,2,1,30,0.9932692308,63,4,0.06349206349,56,3,0.05357142857
primary,Y2:P_H_fixed,chemsys_r6,101,0.1,0.01609010459,1,1,27,0.9978966346,63,13,0.2063492063,56,12,0.2142857143
primary,Y2:P_H_fixed,chemsys_r6,102,0.1,0.01609010459,1,1,25,0.998046875,62,10,0.1612903226,55,9,0.1636363636
primary,Y2:P_H_fixed,chemsys_r7,100,0.1,0.01641362331,13,5,25,0.9787392726,62,11,0.1774193548,53,10,0.1886792453
primary,Y2:P_H_fixed,chemsys_r7,101,0.1,0.01641362331,41,3,14,0.9799754802,62,1,0.01612903226,53,0,0
primary,Y2:P_H_fixed,chemsys_r7,102,0.1,0.01641362331,7,2,21,0.9965263588,62,6,0.09677419355,53,6,0.1132075472
primary,Y2:P_H_fixed,chemsys_r8,100,0.1,0.01600640256,18,6,25,0.9878337983,63,8,0.126984127,60,8,0.1333333333
primary,Y2:P_H_fixed,chemsys_r8,101,0.1,0.01600640256,5,1,23,0.998535273,62,9,0.1451612903,59,8,0.1355932203
primary,Y2:P_H_fixed,chemsys_r8,102,0.1,0.01600640256,16,2,26,0.9949780789,62,9,0.1451612903,59,8,0.1355932203
primary,Y2:P_H_fixed,chemsys_r9,100,0.1,0.0162469537,2,1,23,0.9988470874,61,7,0.1147540984,59,7,0.1186440678
primary,Y2:P_H_fixed,chemsys_r9,101,0.1,0.0162469537,3,3,20,0.9962985437,62,6,0.09677419355,60,6,0.1
primary,Y2:P_H_fixed,chemsys_r9,102,0.1,0.0162469537,3,2,23,0.9962682039,62,8,0.1290322581,60,8,0.1333333333
primary,Y2:P_H_fixed,random_r0,100,0.1,0.01602564103,1,1,26,0.9990223464,63,7,0.1111111111,36,4,0.1111111111
primary,Y2:P_H_fixed,random_r0,101,0.1,0.01602564103,28,4,18,0.9859237829,62,6,0.09677419355,36,2,0.05555555556
primary,Y2:P_H_fixed,random_r0,102,0.1,0.01602564103,1,1,19,0.998952514,63,7,0.1111111111,36,3,0.08333333333
primary,Y2:P_H_fixed,random_r1,100,0.1,0.01615508885,9,3,27,0.9923270314,63,10,0.1587301587,49,8,0.1632653061
primary,Y2:P_H_fixed,random_r1,101,0.1,0.01615508885,9,9,27,0.9677896219,63,8,0.126984127,49,5,0.1020408163
primary,Y2:P_H_fixed,random_r1,102,0.1,0.01615508885,41,3,15,0.9737530169,63,2,0.03174603175,49,0,0
primary,Y2:P_H_fixed,random_r2,100,0.1,0.01590457256,2,1,29,0.9962772277,64,15,0.234375,55,12,0.2181818182
primary,Y2:P_H_fixed,random_r2,101,0.1,0.01590457256,4,4,25,0.9944851485,64,14,0.21875,55,13,0.2363636364
primary,Y2:P_H_fixed,random_r2,102,0.1,0.01590457256,3,3,24,0.9956633663,64,15,0.234375,55,13,0.2363636364
primary,Y2:P_H_fixed,random_r3,100,0.1,0.01616161616,8,2,19,0.9947183099,63,7,0.1111111111,41,3,0.07317073171
primary,Y2:P_H_fixed,random_r3,101,0.1,0.01616161616,8,8,20,0.9869919517,63,9,0.1428571429,41,4,0.09756097561
primary,Y2:P_H_fixed,random_r3,102,0.1,0.01616161616,5,1,20,0.9962977867,63,8,0.126984127,41,4,0.09756097561
primary,Y2:P_H_fixed,random_r4,100,0.1,0.01607071113,3,3,25,0.9913565426,63,8,0.126984127,47,6,0.1276595745
primary,Y2:P_H_fixed,random_r4,101,0.1,0.01607071113,10,1,26,0.9926570628,63,7,0.1111111111,47,4,0.08510638298
primary,Y2:P_H_fixed,random_r4,102,0.1,0.01607071113,2,2,26,0.9965986395,63,12,0.1904761905,47,9,0.1914893617
primary,Y2:P_H_fixed,random_r5,100,0.1,0.01610954491,10,3,24,0.9928800642,63,6,0.09523809524,40,4,0.1
primary,Y2:P_H_fixed,random_r5,101,0.1,0.01610954491,5,5,18,0.9923786602,63,6,0.09523809524,40,4,0.1
primary,Y2:P_H_fixed,random_r5,102,0.1,0.01610954491,6,1,24,0.9943541917,62,6,0.09677419355,39,4,0.1025641026
primary,Y2:P_H_fixed,random_r6,100,0.1,0.01620089105,2,2,19,0.9987091569,61,8,0.131147541,50,6,0.12
primary,Y2:P_H_fixed,random_r6,101,0.1,0.01620089105,9,2,21,0.9915893505,62,7,0.1129032258,51,5,0.09803921569
primary,Y2:P_H_fixed,random_r6,102,0.1,0.01620089105,1,1,22,0.9991932231,62,6,0.09677419355,51,4,0.07843137255
primary,Y2:P_H_fixed,random_r7,100,0.1,0.01619433198,2,2,19,0.9985483871,61,9,0.1475409836,40,5,0.125
primary,Y2:P_H_fixed,random_r7,101,0.1,0.01619433198,1,1,19,0.9995665323,62,8,0.1290322581,41,4,0.09756097561
primary,Y2:P_H_fixed,random_r7,102,0.1,0.01619433198,2,1,32,0.9945866935,62,11,0.1774193548,41,4,0.09756097561
primary,Y2:P_H_fixed,random_r8,100,0.1,0.01611603546,1,1,23,0.998826244,62,7,0.1129032258,52,6,0.1153846154
primary,Y2:P_H_fixed,random_r8,101,0.1,0.01611603546,5,2,23,0.9941111557,63,7,0.1111111111,53,5,0.09433962264
primary,Y2:P_H_fixed,random_r8,102,0.1,0.01611603546,9,6,20,0.9830858748,63,9,0.1428571429,53,8,0.1509433962
primary,Y2:P_H_fixed,random_r9,100,0.1,0.01621402513,1,1,19,0.9976281792,62,7,0.1129032258,46,6,0.1304347826
primary,Y2:P_H_fixed,random_r9,101,0.1,0.01621402513,5,1,19,0.9970528866,62,7,0.1129032258,46,7,0.152173913
primary,Y2:P_H_fixed,random_r9,102,0.1,0.01621402513,6,1,19,0.9938433589,62,8,0.1290322581,46,7,0.152173913
primary,Y2:P_H_fixed,chemsys_r0,100,0.25,0.01620089105,10,5,26,0.9833803953,62,4,0.06451612903,60,4,0.06666666667
primary,Y2:P_H_fixed,chemsys_r0,101,0.25,0.01620089105,1,1,30,0.9963392497,61,11,0.1803278689,59,11,0.186440678
primary,Y2:P_H_fixed,chemsys_r0,102,0.25,0.01620089105,13,1,32,0.9940298507,62,10,0.1612903226,60,10,0.1666666667
primary,Y2:P_H_fixed,chemsys_r1,100,0.25,0.01611603546,32,2,28,0.9856942215,63,8,0.126984127,54,2,0.03703703704
primary,Y2:P_H_fixed,chemsys_r1,101,0.25,0.01611603546,5,1,23,0.9978230337,62,10,0.1612903226,54,8,0.1481481481
primary,Y2:P_H_fixed,chemsys_r1,102,0.25,0.01611603546,11,2,23,0.9908707865,63,10,0.1587301587,54,7,0.1296296296
primary,Y2:P_H_fixed,chemsys_r2,100,0.25,0.01612903226,28,6,21,0.9840562249,63,1,0.01587301587,67,2,0.02985074627
primary,Y2:P_H_fixed,chemsys_r2,101,0.25,0.01612903226,23,4,24,0.9864759036,63,5,0.07936507937,67,6,0.08955223881
primary,Y2:P_H_fixed,chemsys_r2,102,0.25,0.01612903226,13,1,21,0.9960140562,63,6,0.09523809524,67,7,0.1044776119
primary,Y2:P_H_fixed,chemsys_r3,100,0.25,0.01614856681,12,1,22,0.9954563731,61,4,0.06557377049,69,6,0.08695652174
primary,Y2:P_H_fixed,chemsys_r3,101,0.25,0.01614856681,20,1,25,0.9928930438,63,3,0.04761904762,71,6,0.08450704225
primary,Y2:P_H_fixed,chemsys_r3,102,0.25,0.01614856681,8,1,23,0.9978488138,63,6,0.09523809524,71,10,0.1408450704
primary,Y2:P_H_fixed,chemsys_r4,100,0.25,0.01600640256,1,1,22,0.9985950578,62,2,0.03225806452,49,1,0.02040816327
primary,Y2:P_H_fixed,chemsys_r4,101,0.25,0.01600640256,1,1,23,0.9987345556,63,4,0.06349206349,49,3,0.0612244898
primary,Y2:P_H_fixed,chemsys_r4,102,0.25,0.01600640256,4,4,24,0.9938421682,63,2,0.03174603175,49,2,0.04081632653
primary,Y2:P_H_fixed,chemsys_r5,100,0.25,0.01597444089,14,9,19,0.9886336516,63,7,0.1111111111,60,7,0.1166666667
primary,Y2:P_H_fixed,chemsys_r5,101,0.25,0.01597444089,10,1,26,0.9972354813,63,9,0.1428571429,60,8,0.1333333333
primary,Y2:P_H_fixed,chemsys_r5,102,0.25,0.01597444089,6,6,22,0.9913385044,63,8,0.126984127,60,7,0.1166666667
primary,Y2:P_H_fixed,chemsys_r6,100,0.25,0.01609010459,3,1,31,0.9949819712,63,7,0.1111111111,56,6,0.1071428571
primary,Y2:P_H_fixed,chemsys_r6,101,0.25,0.01609010459,2,1,26,0.9964242788,63,10,0.1587301587,56,9,0.1607142857
primary,Y2:P_H_fixed,chemsys_r6,102,0.25,0.01609010459,1,1,26,0.9973858173,62,11,0.1774193548,55,10,0.1818181818
primary,Y2:P_H_fixed,chemsys_r7,100,0.25,0.01641362331,24,1,19,0.9769002861,62,7,0.1129032258,53,6,0.1132075472
primary,Y2:P_H_fixed,chemsys_r7,101,0.25,0.01641362331,23,3,24,0.9847874949,62,6,0.09677419355,53,4,0.07547169811
primary,Y2:P_H_fixed,chemsys_r7,102,0.25,0.01641362331,7,2,22,0.9956272987,62,9,0.1451612903,53,9,0.1698113208
primary,Y2:P_H_fixed,chemsys_r8,100,0.25,0.01600640256,11,6,23,0.9903746513,63,7,0.1111111111,60,6,0.1
primary,Y2:P_H_fixed,chemsys_r8,101,0.25,0.01600640256,4,1,19,0.9987544839,62,6,0.09677419355,59,6,0.1016949153
primary,Y2:P_H_fixed,chemsys_r8,102,0.25,0.01600640256,15,2,22,0.9947688322,62,5,0.08064516129,59,4,0.06779661017
primary,Y2:P_H_fixed,chemsys_r9,100,0.25,0.0162469537,2,1,23,0.9982807443,61,6,0.09836065574,59,6,0.1016949153
primary,Y2:P_H_fixed,chemsys_r9,101,0.25,0.0162469537,5,5,22,0.9938713592,62,5,0.08064516129,60,5,0.08333333333
primary,Y2:P_H_fixed,chemsys_r9,102,0.25,0.0162469537,12,7,26,0.9858616505,62,3,0.04838709677,60,3,0.05
primary,Y2:P_H_fixed,random_r0,100,0.25,0.01602564103,3,3,25,0.9957701516,63,7,0.1111111111,36,4,0.1111111111
primary,Y2:P_H_fixed,random_r0,101,0.25,0.01602564103,23,6,19,0.9870510774,62,6,0.09677419355,36,1,0.02777777778
primary,Y2:P_H_fixed,random_r0,102,0.25,0.01602564103,1,1,19,0.9988826816,63,7,0.1111111111,36,4,0.1111111111
primary,Y2:P_H_fixed,random_r1,100,0.25,0.01615508885,1,1,27,0.9986725664,63,10,0.1587301587,49,8,0.1632653061
primary,Y2:P_H_fixed,random_r1,101,0.25,0.01615508885,8,7,26,0.9783085278,63,8,0.126984127,49,6,0.1224489796
primary,Y2:P_H_fixed,random_r1,102,0.25,0.01615508885,9,3,27,0.9891090105,63,9,0.1428571429,49,7,0.1428571429
primary,Y2:P_H_fixed,random_r2,100,0.25,0.01590457256,3,1,25,0.9975445545,64,13,0.203125,55,12,0.2181818182
primary,Y2:P_H_fixed,random_r2,101,0.25,0.01590457256,6,4,22,0.9929108911,64,7,0.109375,55,6,0.1090909091
primary,Y2:P_H_fixed,random_r2,102,0.25,0.01590457256,3,3,24,0.9947227723,64,12,0.1875,55,11,0.2
primary,Y2:P_H_fixed,random_r3,100,0.25,0.01616161616,8,1,18,0.9946076459,63,6,0.09523809524,41,2,0.0487804878
primary,Y2:P_H_fixed,random_r3,101,0.25,0.01616161616,12,4,27,0.9853420523,63,8,0.126984127,41,1,0.0243902439
primary,Y2:P_H_fixed,random_r3,102,0.25,0.01616161616,6,1,25,0.993943662,63,7,0.1111111111,41,2,0.0487804878
primary,Y2:P_H_fixed,random_r4,100,0.25,0.01607071113,26,16,19,0.9646558623,63,0,0,47,0,0
primary,Y2:P_H_fixed,random_r4,101,0.25,0.01607071113,9,1,29,0.9932172869,63,5,0.07936507937,47,1,0.02127659574
primary,Y2:P_H_fixed,random_r4,102,0.25,0.01607071113,2,2,28,0.9967286915,63,7,0.1111111111,47,5,0.1063829787
primary,Y2:P_H_fixed,random_r5,100,0.25,0.01610954491,9,4,21,0.9920477337,63,6,0.09523809524,40,4,0.1
primary,Y2:P_H_fixed,random_r5,101,0.25,0.01610954491,4,3,21,0.9944544725,63,8,0.126984127,40,5,0.125
primary,Y2:P_H_fixed,random_r5,102,0.25,0.01610954491,3,1,24,0.9968210991,62,5,0.08064516129,39,4,0.1025641026
primary,Y2:P_H_fixed,random_r6,100,0.25,0.01620089105,3,3,19,0.9981746672,61,7,0.1147540984,50,5,0.1
primary,Y2:P_H_fixed,random_r6,101,0.25,0.01620089105,19,2,25,0.9850746269,62,1,0.01612903226,51,0,0
primary,Y2:P_H_fixed,random_r6,102,0.25,0.01620089105,1,1,25,0.9987091569,62,5,0.08064516129,51,4,0.07843137255
primary,Y2:P_H_fixed,random_r7,100,0.25,0.01619433198,4,4,18,0.99625,61,6,0.09836065574,40,5,0.125
primary,Y2:P_H_fixed,random_r7,101,0.25,0.01619433198,1,1,21,0.9994758065,62,8,0.1290322581,41,4,0.09756097561
primary,Y2:P_H_fixed,random_r7,102,0.25,0.01619433198,2,1,30,0.9958870968,62,8,0.1290322581,41,3,0.07317073171
primary,Y2:P_H_fixed,random_r8,100,0.25,0.01611603546,1,1,22,0.9989666934,62,8,0.1290322581,52,6,0.1153846154
primary,Y2:P_H_fixed,random_r8,101,0.25,0.01611603546,5,3,21,0.9949538523,63,8,0.126984127,53,6,0.1132075472
primary,Y2:P_H_fixed,random_r8,102,0.25,0.01611603546,7,7,20,0.985453451,63,8,0.126984127,53,6,0.1132075472
primary,Y2:P_H_fixed,random_r9,100,0.25,0.01621402513,1,1,25,0.9974162293,62,9,0.1451612903,46,7,0.152173913
primary,Y2:P_H_fixed,random_r9,101,0.25,0.01621402513,3,1,23,0.9972648365,62,10,0.1612903226,46,6,0.1304347826
primary,Y2:P_H_fixed,random_r9,102,0.25,0.01621402513,16,11,24,0.9793096488,62,1,0.01612903226,46,0,0
primary,Y2:P_H_fixed,chemsys_r0,100,0.5,0.01620089105,16,3,22,0.9807987092,62,1,0.01612903226,60,1,0.01666666667
primary,Y2:P_H_fixed,chemsys_r0,101,0.5,0.01620089105,1,1,25,0.9967628076,61,8,0.131147541,59,8,0.1355932203
primary,Y2:P_H_fixed,chemsys_r0,102,0.5,0.01620089105,5,2,27,0.9937172247,62,8,0.1290322581,60,8,0.1333333333
primary,Y2:P_H_fixed,chemsys_r1,100,0.5,0.01611603546,8,2,21,0.9942716693,63,10,0.1587301587,54,7,0.1296296296
primary,Y2:P_H_fixed,chemsys_r1,101,0.5,0.01611603546,5,1,22,0.9977628411,62,9,0.1451612903,54,7,0.1296296296
primary,Y2:P_H_fixed,chemsys_r1,102,0.5,0.01611603546,6,2,22,0.9946428571,63,10,0.1587301587,54,7,0.1296296296
primary,Y2:P_H_fixed,chemsys_r2,100,0.5,0.01612903226,17,5,20,0.9904216867,63,2,0.03174603175,67,3,0.0447761194
primary,Y2:P_H_fixed,chemsys_r2,101,0.5,0.01612903226,14,4,19,0.9900200803,63,2,0.03174603175,67,4,0.05970149254
primary,Y2:P_H_fixed,chemsys_r2,102,0.5,0.01612903226,17,1,19,0.9938453815,63,2,0.03174603175,67,4,0.05970149254
primary,Y2:P_H_fixed,chemsys_r3,100,0.5,0.01614856681,4,1,20,0.9979694411,61,3,0.04918032787,69,6,0.08695652174
primary,Y2:P_H_fixed,chemsys_r3,101,0.5,0.01614856681,21,1,21,0.992531162,63,3,0.04761904762,71,5,0.07042253521
primary,Y2:P_H_fixed,chemsys_r3,102,0.5,0.01614856681,10,1,22,0.9971954162,63,4,0.06349206349,71,8,0.1126760563
primary,Y2:P_H_fixed,chemsys_r4,100,0.5,0.01600640256,1,1,25,0.9985950578,62,5,0.08064516129,49,3,0.0612244898
primary,Y2:P_H_fixed,chemsys_r4,101,0.5,0.01600640256,1,1,22,0.9983957752,63,1,0.01587301587,49,1,0.02040816327
primary,Y2:P_H_fixed,chemsys_r4,102,0.5,0.01600640256,3,3,24,0.9954264647,63,3,0.04761904762,49,2,0.04081632653
primary,Y2:P_H_fixed,chemsys_r5,100,0.5,0.01597444089,19,8,19,0.988424821,63,5,0.07936507937,60,5,0.08333333333
primary,Y2:P_H_fixed,chemsys_r5,101,0.5,0.01597444089,9,1,22,0.9968377088,63,4,0.06349206349,60,4,0.06666666667
primary,Y2:P_H_fixed,chemsys_r5,102,0.5,0.01597444089,10,6,21,0.9899463007,63,4,0.06349206349,60,4,0.06666666667
primary,Y2:P_H_fixed,chemsys_r6,100,0.5,0.01609010459,6,1,27,0.9937099359,63,2,0.03174603175,56,2,0.03571428571
primary,Y2:P_H_fixed,chemsys_r6,101,0.5,0.01609010459,2,1,24,0.9976362179,63,7,0.1111111111,56,7,0.125
primary,Y2:P_H_fixed,chemsys_r6,102,0.5,0.01609010459,2,1,24,0.9968249199,62,5,0.08064516129,55,5,0.09090909091
primary,Y2:P_H_fixed,chemsys_r7,100,0.5,0.01641362331,19,1,17,0.9805680425,62,2,0.03225806452,53,2,0.03773584906
primary,Y2:P_H_fixed,chemsys_r7,101,0.5,0.01641362331,15,3,31,0.9882509195,62,2,0.03225806452,53,2,0.03773584906
primary,Y2:P_H_fixed,chemsys_r7,102,0.5,0.01641362331,13,2,27,0.9928790356,62,8,0.1290322581,53,8,0.1509433962
primary,Y2:P_H_fixed,chemsys_r8,100,0.5,0.01600640256,13,5,21,0.9911119968,63,4,0.06349206349,60,3,0.05
primary,Y2:P_H_fixed,chemsys_r8,101,0.5,0.01600640256,10,1,19,0.9974890395,62,3,0.04838709677,59,3,0.05084745763
primary,Y2:P_H_fixed,chemsys_r8,102,0.5,0.01600640256,11,2,24,0.9957154245,62,4,0.06451612903,59,3,0.05084745763
primary,Y2:P_H_fixed,chemsys_r9,100,0.5,0.0162469537,6,1,22,0.9971278317,61,3,0.04918032787,59,3,0.05084745763
primary,Y2:P_H_fixed,chemsys_r9,101,0.5,0.0162469537,9,6,21,0.9910598706,62,3,0.04838709677,60,3,0.05
primary,Y2:P_H_fixed,chemsys_r9,102,0.5,0.0162469537,13,6,20,0.9887843851,62,2,0.03225806452,60,2,0.03333333333
primary,Y2:P_H_fixed,random_r0,100,0.5,0.01602564103,5,5,20,0.9930067837,63,4,0.06349206349,36,1,0.02777777778
primary,Y2:P_H_fixed,random_r0,101,0.5,0.01602564103,9,7,24,0.9943635275,62,7,0.1129032258,36,3,0.08333333333
primary,Y2:P_H_fixed,random_r0,102,0.5,0.01602564103,1,1,23,0.998443735,63,7,0.1111111111,36,1,0.02777777778
primary,Y2:P_H_fixed,random_r1,100,0.5,0.01615508885,3,1,30,0.9959774739,63,8,0.126984127,49,5,0.1020408163
primary,Y2:P_H_fixed,random_r1,101,0.5,0.01615508885,11,7,25,0.9765084473,63,3,0.04761904762,49,1,0.02040816327
primary,Y2:P_H_fixed,random_r1,102,0.5,0.01615508885,7,3,25,0.990657683,63,5,0.07936507937,49,3,0.0612244898
primary,Y2:P_H_fixed,random_r2,100,0.5,0.01590457256,2,1,25,0.9955643564,64,6,0.09375,55,5,0.09090909091
primary,Y2:P_H_fixed,random_r2,101,0.5,0.01590457256,8,4,23,0.9899207921,64,4,0.0625,55,3,0.05454545455
primary,Y2:P_H_fixed,random_r2,102,0.5,0.01590457256,3,3,23,0.9909108911,64,4,0.0625,55,3,0.05454545455
primary,Y2:P_H_fixed,random_r3,100,0.5,0.01616161616,19,1,23,0.9865895372,63,5,0.07936507937,41,1,0.0243902439
primary,Y2:P_H_fixed,random_r3,101,0.5,0.01616161616,9,4,20,0.9899698189,63,6,0.09523809524,41,1,0.0243902439
primary,Y2:P_H_fixed,random_r3,102,0.5,0.01616161616,7,1,24,0.9943762575,63,6,0.09523809524,41,1,0.0243902439
primary,Y2:P_H_fixed,random_r4,100,0.5,0.01607071113,19,15,23,0.9697378952,63,0,0,47,0,0
primary,Y2:P_H_fixed,random_r4,101,0.5,0.01607071113,5,1,29,0.9947979192,63,3,0.04761904762,47,1,0.02127659574
primary,Y2:P_H_fixed,random_r4,102,0.5,0.01607071113,2,2,26,0.9964285714,63,3,0.04761904762,47,1,0.02127659574
primary,Y2:P_H_fixed,random_r5,100,0.5,0.01610954491,6,4,25,0.9922783795,63,6,0.09523809524,40,4,0.1
primary,Y2:P_H_fixed,random_r5,101,0.5,0.01610954491,4,3,21,0.9942940233,63,6,0.09523809524,40,3,0.075
primary,Y2:P_H_fixed,random_r5,102,0.5,0.01610954491,2,1,23,0.9980344966,62,7,0.1129032258,39,5,0.1282051282
primary,Y2:P_H_fixed,random_r6,100,0.5,0.01620089105,3,3,20,0.9980738201,61,5,0.08196721311,50,1,0.02
primary,Y2:P_H_fixed,random_r6,101,0.5,0.01620089105,16,2,21,0.9878479225,62,2,0.03225806452,51,0,0
primary,Y2:P_H_fixed,random_r6,102,0.5,0.01620089105,3,1,23,0.9972166196,62,4,0.06451612903,51,1,0.01960784314
primary,Y2:P_H_fixed,random_r7,100,0.5,0.01619433198,2,2,25,0.9976108871,61,6,0.09836065574,40,4,0.1
primary,Y2:P_H_fixed,random_r7,101,0.5,0.01619433198,1,1,21,0.9992540323,62,6,0.09677419355,41,2,0.0487804878
primary,Y2:P_H_fixed,random_r7,102,0.5,0.01619433198,2,1,27,0.9981048387,62,8,0.1290322581,41,4,0.09756097561
primary,Y2:P_H_fixed,random_r8,100,0.5,0.01611603546,3,1,21,0.9975220706,62,6,0.09677419355,52,4,0.07692307692
primary,Y2:P_H_fixed,random_r8,101,0.5,0.01611603546,5,3,25,0.99394061,63,6,0.09523809524,53,4,0.07547169811
primary,Y2:P_H_fixed,random_r8,102,0.5,0.01611603546,12,11,17,0.9681179775,63,5,0.07936507937,53,3,0.05660377358
primary,Y2:P_H_fixed,random_r9,100,0.5,0.01621402513,1,1,28,0.9966895438,62,6,0.09677419355,46,5,0.1086956522
primary,Y2:P_H_fixed,random_r9,101,0.5,0.01621402513,3,1,28,0.9964574082,62,8,0.1290322581,46,6,0.1304347826
primary,Y2:P_H_fixed,random_r9,102,0.5,0.01621402513,3,3,28,0.9932882519,62,5,0.08064516129,46,4,0.08695652174
primary,Y2:P_H_fixed,chemsys_r0,100,0.75,0.01620089105,10,3,22,0.9871419927,62,0,0,60,0,0
primary,Y2:P_H_fixed,chemsys_r0,101,0.75,0.01620089105,1,1,22,0.9966014522,61,0,0,59,0,0
primary,Y2:P_H_fixed,chemsys_r0,102,0.75,0.01620089105,12,2,22,0.9865671642,62,0,0,60,0,0
primary,Y2:P_H_fixed,chemsys_r1,100,0.75,0.01611603546,9,2,19,0.9935995185,63,3,0.04761904762,54,2,0.03703703704
primary,Y2:P_H_fixed,chemsys_r1,101,0.75,0.01611603546,6,1,21,0.9973715891,62,4,0.06451612903,54,2,0.03703703704
primary,Y2:P_H_fixed,chemsys_r1,102,0.75,0.01611603546,9,2,18,0.9932283307,63,3,0.04761904762,54,2,0.03703703704
primary,Y2:P_H_fixed,chemsys_r2,100,0.75,0.01612903226,21,5,17,0.9884437751,63,0,0,67,0,0
primary,Y2:P_H_fixed,chemsys_r2,101,0.75,0.01612903226,15,4,16,0.9896184739,63,0,0,67,0,0
primary,Y2:P_H_fixed,chemsys_r2,102,0.75,0.01612903226,13,1,19,0.9950301205,63,0,0,67,1,0.01492537313
primary,Y2:P_H_fixed,chemsys_r3,100,0.75,0.01614856681,10,1,19,0.9957880981,61,0,0,69,2,0.02898550725
primary,Y2:P_H_fixed,chemsys_r3,101,0.75,0.01614856681,14,1,17,0.9940490551,63,0,0,71,0,0
primary,Y2:P_H_fixed,chemsys_r3,102,0.75,0.01614856681,15,1,21,0.9957981504,63,0,0,71,2,0.02816901408
primary,Y2:P_H_fixed,chemsys_r4,100,0.75,0.01600640256,1,1,22,0.9977879633,62,0,0,49,0,0
primary,Y2:P_H_fixed,chemsys_r4,101,0.75,0.01600640256,1,1,23,0.9977082503,63,0,0,49,0,0
primary,Y2:P_H_fixed,chemsys_r4,102,0.75,0.01600640256,2,2,22,0.9961139896,63,0,0,49,0,0
primary,Y2:P_H_fixed,chemsys_r5,100,0.75,0.01597444089,10,1,20,0.9956543357,63,2,0.03174603175,60,2,0.03333333333
primary,Y2:P_H_fixed,chemsys_r5,101,0.75,0.01597444089,12,1,23,0.9960421639,63,2,0.03174603175,60,2,0.03333333333
primary,Y2:P_H_fixed,chemsys_r5,102,0.75,0.01597444089,16,5,20,0.9892899761,63,2,0.03174603175,60,2,0.03333333333
primary,Y2:P_H_fixed,chemsys_r6,100,0.75,0.01609010459,7,1,21,0.9944411058,63,0,0,56,0,0
primary,Y2:P_H_fixed,chemsys_r6,101,0.75,0.01609010459,3,1,20,0.9978165064,63,1,0.01587301587,56,1,0.01785714286
primary,Y2:P_H_fixed,chemsys_r6,102,0.75,0.01609010459,4,1,20,0.9960236378,62,0,0,55,0,0
primary,Y2:P_H_fixed,chemsys_r7,100,0.75,0.01641362331,26,1,19,0.9744176543,62,0,0,53,0,0
primary,Y2:P_H_fixed,chemsys_r7,101,0.75,0.01641362331,18,3,25,0.9877503065,62,1,0.01612903226,53,1,0.01886792453
primary,Y2:P_H_fixed,chemsys_r7,102,0.75,0.01641362331,6,2,20,0.9944115243,62,1,0.01612903226,53,1,0.01886792453
primary,Y2:P_H_fixed,chemsys_r8,100,0.75,0.01600640256,8,5,17,0.990583898,63,0,0,60,0,0
primary,Y2:P_H_fixed,chemsys_r8,101,0.75,0.01600640256,9,1,20,0.9976484655,62,0,0,59,0,0
primary,Y2:P_H_fixed,chemsys_r8,102,0.75,0.01600640256,7,2,19,0.99691112,62,0,0,59,0,0
primary,Y2:P_H_fixed,chemsys_r9,100,0.75,0.0162469537,7,1,23,0.9959850324,61,0,0,59,0,0
primary,Y2:P_H_fixed,chemsys_r9,101,0.75,0.0162469537,16,9,24,0.9841322816,62,0,0,60,0,0
primary,Y2:P_H_fixed,chemsys_r9,102,0.75,0.0162469537,12,3,22,0.9913430421,62,0,0,60,0,0
primary,Y2:P_H_fixed,random_r0,100,0.75,0.01602564103,3,3,24,0.9952414206,63,3,0.04761904762,36,0,0
primary,Y2:P_H_fixed,random_r0,101,0.75,0.01602564103,9,8,23,0.9941739824,62,3,0.04838709677,36,0,0
primary,Y2:P_H_fixed,random_r0,102,0.75,0.01602564103,1,1,23,0.9986731844,63,4,0.06349206349,36,0,0
primary,Y2:P_H_fixed,random_r1,100,0.75,0.01615508885,2,2,25,0.9960176991,63,1,0.01587301587,49,0,0
primary,Y2:P_H_fixed,random_r1,101,0.75,0.01615508885,4,4,26,0.9860418343,63,2,0.03174603175,49,0,0
primary,Y2:P_H_fixed,random_r1,102,0.75,0.01615508885,3,3,22,0.9924175382,63,0,0,49,0,0
primary,Y2:P_H_fixed,random_r2,100,0.75,0.01590457256,2,1,23,0.9942376238,64,0,0,55,0,0
primary,Y2:P_H_fixed,random_r2,101,0.75,0.01590457256,2,2,20,0.9934158416,64,0,0,55,0,0
primary,Y2:P_H_fixed,random_r2,102,0.75,0.01590457256,2,2,20,0.9922376238,64,0,0,55,0,0
primary,Y2:P_H_fixed,random_r3,100,0.75,0.01616161616,16,4,25,0.9895070423,63,4,0.06349206349,41,0,0
primary,Y2:P_H_fixed,random_r3,101,0.75,0.01616161616,13,3,26,0.9893561368,63,3,0.04761904762,41,0,0
primary,Y2:P_H_fixed,random_r3,102,0.75,0.01616161616,11,3,24,0.9910462777,63,5,0.07936507937,41,1,0.0243902439
primary,Y2:P_H_fixed,random_r4,100,0.75,0.01607071113,17,16,20,0.9714885954,63,0,0,47,0,0
primary,Y2:P_H_fixed,random_r4,101,0.75,0.01607071113,4,1,25,0.9949379752,63,0,0,47,0,0
primary,Y2:P_H_fixed,random_r4,102,0.75,0.01607071113,1,1,25,0.9968387355,63,0,0,47,0,0
primary,Y2:P_H_fixed,random_r5,100,0.75,0.01610954491,5,2,24,0.9948555957,63,4,0.06349206349,40,1,0.025
primary,Y2:P_H_fixed,random_r5,101,0.75,0.01610954491,3,2,23,0.9962394705,63,2,0.03174603175,40,0,0
primary,Y2:P_H_fixed,random_r5,102,0.75,0.01610954491,2,2,24,0.997322503,62,4,0.06451612903,39,1,0.02564102564
primary,Y2:P_H_fixed,random_r6,100,0.75,0.01620089105,2,2,21,0.9970855184,61,2,0.03278688525,50,0,0
primary,Y2:P_H_fixed,random_r6,101,0.75,0.01620089105,15,2,20,0.9881302945,62,1,0.01612903226,51,0,0
primary,Y2:P_H_fixed,random_r6,102,0.75,0.01620089105,2,2,20,0.9963392497,62,1,0.01612903226,51,0,0
primary,Y2:P_H_fixed,random_r7,100,0.75,0.01619433198,2,2,23,0.9973891129,61,3,0.04918032787,40,0,0
primary,Y2:P_H_fixed,random_r7,101,0.75,0.01619433198,2,2,22,0.9976612903,62,4,0.06451612903,41,0,0
primary,Y2:P_H_fixed,random_r7,102,0.75,0.01619433198,2,1,24,0.998266129,62,4,0.06451612903,41,0,0
primary,Y2:P_H_fixed,random_r8,100,0.75,0.01611603546,3,1,21,0.9971308186,62,1,0.01612903226,52,0,0
primary,Y2:P_H_fixed,random_r8,101,0.75,0.01611603546,6,3,21,0.9939907705,63,3,0.04761904762,53,1,0.01886792453
primary,Y2:P_H_fixed,random_r8,102,0.75,0.01611603546,12,8,17,0.9794743178,63,1,0.01587301587,53,0,0
primary,Y2:P_H_fixed,random_r9,100,0.75,0.01621402513,1,1,27,0.9965987081,62,0,0,46,0,0
primary,Y2:P_H_fixed,random_r9,101,0.75,0.01621402513,3,1,26,0.9961748082,62,2,0.03225806452,46,1,0.02173913043
primary,Y2:P_H_fixed,random_r9,102,0.75,0.01621402513,3,3,26,0.9926221235,62,0,0,46,0,0
primary,Y2:P_H_fixed,chemsys_r0,100,1,0.01620089105,14,14,6,0.970734167,62,0,0,60,0,0
primary,Y2:P_H_fixed,chemsys_r0,101,1,0.01620089105,14,14,6,0.9906615571,61,0,0,59,0,0
primary,Y2:P_H_fixed,chemsys_r0,102,1,0.01620089105,14,14,6,0.9744251714,62,0,0,60,0,0
primary,Y2:P_H_fixed,chemsys_r1,100,1,0.01611603546,41,5,6,0.9721508828,63,0,0,54,0,0
primary,Y2:P_H_fixed,chemsys_r1,101,1,0.01611603546,41,5,6,0.985152488,62,0,0,54,0,0
primary,Y2:P_H_fixed,chemsys_r1,102,1,0.01611603546,41,5,6,0.9718699839,63,0,0,54,0,0
primary,Y2:P_H_fixed,chemsys_r2,100,1,0.01612903226,41,9,7,0.970251004,63,0,0,67,0,0
primary,Y2:P_H_fixed,chemsys_r2,101,1,0.01612903226,41,9,7,0.9719076305,63,0,0,67,0,0
primary,Y2:P_H_fixed,chemsys_r2,102,1,0.01612903226,41,9,7,0.9676606426,63,0,0,67,0,0
primary,Y2:P_H_fixed,chemsys_r3,100,1,0.01614856681,41,4,4,0.9825492561,61,0,0,69,0,0
primary,Y2:P_H_fixed,chemsys_r3,101,1,0.01614856681,41,4,4,0.9729493366,63,0,0,71,0,0
primary,Y2:P_H_fixed,chemsys_r3,102,1,0.01614856681,41,4,4,0.9891435464,63,0,0,71,0,0
primary,Y2:P_H_fixed,chemsys_r4,100,1,0.01600640256,10,2,7,0.9896173774,62,0,0,49,0,0
primary,Y2:P_H_fixed,chemsys_r4,101,1,0.01600640256,10,2,7,0.9890693503,63,0,0,49,0,0
primary,Y2:P_H_fixed,chemsys_r4,102,1,0.01600640256,10,2,7,0.9880530092,63,0,0,49,0,0
primary,Y2:P_H_fixed,chemsys_r5,100,1,0.01597444089,41,4,11,0.9825377884,63,0,0,60,0,0
primary,Y2:P_H_fixed,chemsys_r5,101,1,0.01597444089,41,4,12,0.9791865553,63,0,0,60,0,0
primary,Y2:P_H_fixed,chemsys_r5,102,1,0.01597444089,41,4,12,0.9809466985,63,0,0,60,0,0
primary,Y2:P_H_fixed,chemsys_r6,100,1,0.01609010459,41,7,3,0.9639523237,63,0,0,56,0,0
primary,Y2:P_H_fixed,chemsys_r6,101,1,0.01609010459,41,7,3,0.9939903846,63,0,0,56,0,0
primary,Y2:P_H_fixed,chemsys_r6,102,1,0.01609010459,41,7,3,0.9715544872,62,0,0,55,0,0
primary,Y2:P_H_fixed,chemsys_r7,100,1,0.01641362331,41,3,8,0.9729873314,62,0,0,53,0,0
primary,Y2:P_H_fixed,chemsys_r7,101,1,0.01641362331,41,3,8,0.9760931753,62,0,0,53,0,0
primary,Y2:P_H_fixed,chemsys_r7,102,1,0.01641362331,41,3,8,0.9757560278,62,0,0,53,0,0
primary,Y2:P_H_fixed,chemsys_r8,100,1,0.01600640256,41,8,4,0.9761658031,63,0,0,60,0,0
primary,Y2:P_H_fixed,chemsys_r8,101,1,0.01600640256,41,8,4,0.9908330012,62,0,0,59,0,0
primary,Y2:P_H_fixed,chemsys_r8,102,1,0.01600640256,41,8,4,0.9797528896,62,0,0,59,0,0
primary,Y2:P_H_fixed,chemsys_r9,100,1,0.0162469537,41,5,5,0.9765574434,61,0,0,59,0,0
primary,Y2:P_H_fixed,chemsys_r9,101,1,0.0162469537,41,5,5,0.9730177994,62,0,0,60,0,0
primary,Y2:P_H_fixed,chemsys_r9,102,1,0.0162469537,41,5,5,0.9727346278,62,0,0,60,0,0
primary,Y2:P_H_fixed,random_r0,100,1,0.01602564103,2,2,9,0.9935355148,63,0,0,36,0,0
primary,Y2:P_H_fixed,random_r0,101,1,0.01602564103,2,2,9,0.9944932163,62,0,0,36,0,0
primary,Y2:P_H_fixed,random_r0,102,1,0.01602564103,2,2,8,0.9947326417,63,0,0,36,0,0
primary,Y2:P_H_fixed,random_r1,100,1,0.01615508885,1,1,9,0.9955953339,63,0,0,49,0,0
primary,Y2:P_H_fixed,random_r1,101,1,0.01615508885,1,1,10,0.9952333065,63,0,0,49,0,0
primary,Y2:P_H_fixed,random_r1,102,1,0.01615508885,1,1,10,0.9952333065,63,0,0,49,0,0
primary,Y2:P_H_fixed,random_r2,100,1,0.01590457256,17,1,4,0.9916039604,64,0,0,55,0,0
primary,Y2:P_H_fixed,random_r2,101,1,0.01590457256,17,1,4,0.9916039604,64,0,0,55,0,0
primary,Y2:P_H_fixed,random_r2,102,1,0.01590457256,17,1,4,0.9916039604,64,0,0,55,0,0
primary,Y2:P_H_fixed,random_r3,100,1,0.01616161616,41,13,6,0.974889336,63,0,0,41,0,0
primary,Y2:P_H_fixed,random_r3,101,1,0.01616161616,41,13,6,0.9646981891,63,0,0,41,0,0
primary,Y2:P_H_fixed,random_r3,102,1,0.01616161616,41,13,6,0.9659255533,63,0,0,41,0,0
primary,Y2:P_H_fixed,random_r4,100,1,0.01607071113,7,7,9,0.9865746299,63,0,0,47,0,0
primary,Y2:P_H_fixed,random_r4,101,1,0.01607071113,7,7,9,0.9865746299,63,0,0,47,0,0
primary,Y2:P_H_fixed,random_r4,102,1,0.01607071113,7,7,9,0.9868747499,63,0,0,47,0,0
primary,Y2:P_H_fixed,random_r5,100,1,0.01610954491,22,15,7,0.9732651424,63,0,0,40,0,0
primary,Y2:P_H_fixed,random_r5,101,1,0.01610954491,22,15,7,0.9701263538,63,0,0,40,0,0
primary,Y2:P_H_fixed,random_r5,102,1,0.01610954491,22,15,7,0.9853088648,62,0,0,39,0,0
primary,Y2:P_H_fixed,random_r6,100,1,0.01620089105,2,2,7,0.9927390077,61,0,0,50,0,0
primary,Y2:P_H_fixed,random_r6,101,1,0.01620089105,2,2,7,0.991538927,62,0,0,51,0,0
primary,Y2:P_H_fixed,random_r6,102,1,0.01620089105,2,2,7,0.991538927,62,0,0,51,0,0
primary,Y2:P_H_fixed,random_r7,100,1,0.01619433198,3,3,8,0.9946975806,61,0,0,40,0,0
primary,Y2:P_H_fixed,random_r7,101,1,0.01619433198,3,3,8,0.9939717742,62,0,0,41,0,0
primary,Y2:P_H_fixed,random_r7,102,1,0.01619433198,3,3,8,0.9939717742,62,0,0,41,0,0
primary,Y2:P_H_fixed,random_r8,100,1,0.01611603546,14,11,7,0.9867676565,62,0,0,52,0,0
primary,Y2:P_H_fixed,random_r8,101,1,0.01611603546,14,11,7,0.9802467897,63,0,0,53,0,0
primary,Y2:P_H_fixed,random_r8,102,1,0.01611603546,14,11,7,0.9758527287,63,0,0,53,0,0
primary,Y2:P_H_fixed,random_r9,100,1,0.01621402513,10,4,6,0.9875454178,62,0,0,46,0,0
primary,Y2:P_H_fixed,random_r9,101,1,0.01621402513,10,4,6,0.9875454178,62,0,0,46,0,0
primary,Y2:P_H_fixed,random_r9,102,1,0.01621402513,10,4,6,0.9875454178,62,0,0,46,0,0
primary,Y2:P_H_matched_Y2,chemsys_r0,100,0,0.01620089105,28,9,19,0.9559197257,62,9,0.1451612903,33,8,0.2424242424
primary,Y2:P_H_matched_Y2,chemsys_r0,101,0,0.01620089105,1,1,24,0.9946551029,61,13,0.2131147541,33,6,0.1818181818
primary,Y2:P_H_matched_Y2,chemsys_r0,102,0,0.01620089105,19,1,15,0.986748689,62,11,0.1774193548,33,9,0.2727272727
primary,Y2:P_H_matched_Y2,chemsys_r1,100,0,0.01611603546,18,11,18,0.9781902087,63,12,0.1904761905,18,3,0.1666666667
primary,Y2:P_H_matched_Y2,chemsys_r1,101,0,0.01611603546,1,1,19,0.9992977528,63,12,0.1904761905,18,2,0.1111111111
primary,Y2:P_H_matched_Y2,chemsys_r1,102,0,0.01611603546,41,10,8,0.9714486356,63,3,0.04761904762,18,0,0
primary,Y2:P_H_matched_Y2,chemsys_r2,100,0,0.01612903226,31,17,16,0.956184739,63,13,0.2063492063,32,9,0.28125
primary,Y2:P_H_matched_Y2,chemsys_r2,101,0,0.01612903226,41,24,11,0.9482831325,63,0,0,32,0,0
primary,Y2:P_H_matched_Y2,chemsys_r2,102,0,0.01612903226,5,5,15,0.9881425703,63,9,0.1428571429,32,6,0.1875
primary,Y2:P_H_matched_Y2,chemsys_r3,100,0,0.01614856681,3,1,21,0.9974567752,62,11,0.1774193548,31,8,0.2580645161
primary,Y2:P_H_matched_Y2,chemsys_r3,101,0,0.01614856681,2,1,25,0.9964817049,63,16,0.253968254,31,11,0.3548387097
primary,Y2:P_H_matched_Y2,chemsys_r3,102,0,0.01614856681,3,1,21,0.9975572979,63,9,0.1428571429,31,7,0.2258064516
primary,Y2:P_H_matched_Y2,chemsys_r4,100,0,0.01600640256,1,1,23,0.9964228776,63,9,0.1428571429,22,5,0.2272727273
primary,Y2:P_H_matched_Y2,chemsys_r4,101,0,0.01600640256,4,1,15,0.9978278198,63,8,0.126984127,22,6,0.2727272727
primary,Y2:P_H_matched_Y2,chemsys_r4,102,0,0.01600640256,19,11,24,0.9729075329,63,10,0.1587301587,22,6,0.2727272727
primary,Y2:P_H_matched_Y2,chemsys_r5,100,0,0.01597444089,1,1,12,0.9997016706,63,5,0.07936507937,18,1,0.05555555556
primary,Y2:P_H_matched_Y2,chemsys_r5,101,0,0.01597444089,13,8,14,0.9726233095,63,7,0.1111111111,18,0,0
primary,Y2:P_H_matched_Y2,chemsys_r5,102,0,0.01597444089,41,15,6,0.9577068417,63,1,0.01587301587,18,0,0
primary,Y2:P_H_matched_Y2,chemsys_r6,100,0,0.01609010459,12,3,19,0.9876802885,63,11,0.1746031746,35,8,0.2285714286
primary,Y2:P_H_matched_Y2,chemsys_r6,101,0,0.01609010459,1,1,21,0.9971254006,63,10,0.1587301587,35,5,0.1428571429
primary,Y2:P_H_matched_Y2,chemsys_r6,102,0,0.01609010459,5,1,20,0.9943709936,61,13,0.2131147541,34,7,0.2058823529
primary,Y2:P_H_matched_Y2,chemsys_r7,100,0,0.01641362331,19,10,21,0.95317736,62,10,0.1612903226,25,3,0.12
primary,Y2:P_H_matched_Y2,chemsys_r7,101,0,0.01641362331,16,2,16,0.9900183899,62,14,0.2258064516,25,5,0.2
primary,Y2:P_H_matched_Y2,chemsys_r7,102,0,0.01641362331,1,1,26,0.9991622395,62,15,0.2419354839,25,6,0.24
primary,Y2:P_H_matched_Y2,chemsys_r8,100,0,0.01600640256,4,1,27,0.9949382224,63,15,0.2380952381,35,9,0.2571428571
primary,Y2:P_H_matched_Y2,chemsys_r8,101,0,0.01600640256,1,1,22,0.9972100438,63,12,0.1904761905,35,8,0.2285714286
primary,Y2:P_H_matched_Y2,chemsys_r8,102,0,0.01600640256,7,6,26,0.9899262654,62,14,0.2258064516,35,10,0.2857142857
primary,Y2:P_H_matched_Y2,chemsys_r9,100,0,0.0162469537,1,1,16,0.9996460356,61,10,0.1639344262,40,8,0.2
primary,Y2:P_H_matched_Y2,chemsys_r9,101,0,0.0162469537,3,2,18,0.998078479,62,11,0.1774193548,41,8,0.1951219512
primary,Y2:P_H_matched_Y2,chemsys_r9,102,0,0.0162469537,4,2,26,0.9946096278,62,9,0.1451612903,41,7,0.1707317073
primary,Y2:P_H_matched_Y2,random_r0,100,0,0.01602564103,4,1,26,0.9947525938,63,14,0.2222222222,15,7,0.4666666667
primary,Y2:P_H_matched_Y2,random_r0,101,0,0.01602564103,41,6,6,0.9800478851,63,2,0.03174603175,15,0,0
primary,Y2:P_H_matched_Y2,random_r0,102,0,0.01602564103,1,1,17,0.9992418196,63,11,0.1746031746,15,5,0.3333333333
primary,Y2:P_H_matched_Y2,random_r1,100,0,0.01615508885,4,3,23,0.9958769107,63,17,0.2698412698,26,8,0.3076923077
primary,Y2:P_H_matched_Y2,random_r1,101,0,0.01615508885,10,8,18,0.9720635559,63,16,0.253968254,26,9,0.3461538462
primary,Y2:P_H_matched_Y2,random_r1,102,0,0.01615508885,9,6,19,0.9825422365,63,15,0.2380952381,26,10,0.3846153846
primary,Y2:P_H_matched_Y2,random_r2,100,0,0.01590457256,14,1,19,0.9931188119,64,12,0.1875,34,10,0.2941176471
primary,Y2:P_H_matched_Y2,random_r2,101,0,0.01590457256,22,5,15,0.9827524752,64,11,0.171875,34,8,0.2352941176
primary,Y2:P_H_matched_Y2,random_r2,102,0,0.01590457256,33,4,28,0.9818613861,64,10,0.15625,34,4,0.1176470588
primary,Y2:P_H_matched_Y2,random_r3,100,0,0.01616161616,7,1,19,0.9944869215,63,10,0.1587301587,24,5,0.2083333333
primary,Y2:P_H_matched_Y2,random_r3,101,0,0.01616161616,13,7,18,0.9828169014,63,10,0.1587301587,24,4,0.1666666667
primary,Y2:P_H_matched_Y2,random_r3,102,0,0.01616161616,30,30,1,0.9562877264,63,0,0,24,0,0
primary,Y2:P_H_matched_Y2,random_r4,100,0,0.01607071113,5,5,16,0.981092437,63,10,0.1587301587,25,6,0.24
primary,Y2:P_H_matched_Y2,random_r4,101,0,0.01607071113,15,6,26,0.9712284914,63,10,0.1587301587,25,4,0.16
primary,Y2:P_H_matched_Y2,random_r4,102,0,0.01607071113,3,2,18,0.9949379752,63,9,0.1428571429,25,6,0.24
primary,Y2:P_H_matched_Y2,random_r5,100,0,0.01610954491,11,5,16,0.9863317288,63,11,0.1746031746,19,5,0.2631578947
primary,Y2:P_H_matched_Y2,random_r5,101,0,0.01610954491,3,3,16,0.9956377858,63,10,0.1587301587,19,5,0.2631578947
primary,Y2:P_H_matched_Y2,random_r5,102,0,0.01610954491,6,1,22,0.9933814681,62,12,0.1935483871,19,5,0.2631578947
primary,Y2:P_H_matched_Y2,random_r6,100,0,0.01620089105,9,4,16,0.9957946753,61,11,0.1803278689,29,8,0.275862069
primary,Y2:P_H_matched_Y2,random_r6,101,0,0.01620089105,4,3,15,0.9942214603,62,9,0.1451612903,29,5,0.1724137931
primary,Y2:P_H_matched_Y2,random_r6,102,0,0.01620089105,4,1,25,0.9959762001,62,12,0.1935483871,29,6,0.2068965517
primary,Y2:P_H_matched_Y2,random_r7,100,0,0.01619433198,8,4,21,0.9912197581,61,8,0.131147541,19,2,0.1052631579
primary,Y2:P_H_matched_Y2,random_r7,101,0,0.01619433198,2,1,15,0.998266129,62,7,0.1129032258,19,2,0.1052631579
primary,Y2:P_H_matched_Y2,random_r7,102,0,0.01619433198,10,5,17,0.9783366935,62,7,0.1129032258,19,6,0.3157894737
primary,Y2:P_H_matched_Y2,random_r8,100,0,0.01611603546,9,1,19,0.9880718299,63,13,0.2063492063,19,3,0.1578947368
primary,Y2:P_H_matched_Y2,random_r8,101,0,0.01611603546,10,10,12,0.9875100321,63,8,0.126984127,19,4,0.2105263158
primary,Y2:P_H_matched_Y2,random_r8,102,0,0.01611603546,4,3,16,0.9896167737,63,11,0.1746031746,19,4,0.2105263158
primary,Y2:P_H_matched_Y2,random_r9,100,0,0.01621402513,3,2,18,0.9980722648,62,12,0.1935483871,20,6,0.3
primary,Y2:P_H_matched_Y2,random_r9,101,0,0.01621402513,4,1,15,0.9977492935,62,10,0.1612903226,20,5,0.25
primary,Y2:P_H_matched_Y2,random_r9,102,0,0.01621402513,27,2,10,0.9807731126,62,4,0.06451612903,20,2,0.1
primary,Y2:P_H_matched_Y2,chemsys_r0,100,0.02,0.01620089105,9,7,17,0.9841569181,62,12,0.1935483871,33,10,0.303030303
primary,Y2:P_H_matched_Y2,chemsys_r0,101,0.02,0.01620089105,1,1,26,0.995663574,61,11,0.1803278689,33,8,0.2424242424
primary,Y2:P_H_matched_Y2,chemsys_r0,102,0.02,0.01620089105,7,1,21,0.9957946753,62,16,0.2580645161,33,14,0.4242424242
primary,Y2:P_H_matched_Y2,chemsys_r1,100,0.02,0.01611603546,8,6,26,0.9879113162,63,14,0.2222222222,18,3,0.1666666667
primary,Y2:P_H_matched_Y2,chemsys_r1,101,0.02,0.01611603546,1,1,20,0.9991573034,63,12,0.1904761905,18,2,0.1111111111
primary,Y2:P_H_matched_Y2,chemsys_r1,102,0.02,0.01611603546,31,2,16,0.9821829856,63,7,0.1111111111,18,1,0.05555555556
primary,Y2:P_H_matched_Y2,chemsys_r2,100,0.02,0.01612903226,9,9,16,0.9810040161,63,7,0.1111111111,32,3,0.09375
primary,Y2:P_H_matched_Y2,chemsys_r2,101,0.02,0.01612903226,19,9,22,0.9791465863,63,7,0.1111111111,32,3,0.09375
primary,Y2:P_H_matched_Y2,chemsys_r2,102,0.02,0.01612903226,3,2,15,0.9951204819,63,7,0.1111111111,32,3,0.09375
primary,Y2:P_H_matched_Y2,chemsys_r3,100,0.02,0.01614856681,3,1,20,0.9985524729,62,10,0.1612903226,31,8,0.2580645161
primary,Y2:P_H_matched_Y2,chemsys_r3,101,0.02,0.01614856681,9,2,16,0.9951145959,63,7,0.1111111111,31,6,0.1935483871
primary,Y2:P_H_matched_Y2,chemsys_r3,102,0.02,0.01614856681,3,1,22,0.9983112183,63,12,0.1904761905,31,10,0.3225806452
primary,Y2:P_H_matched_Y2,chemsys_r4,100,0.02,0.01600640256,1,1,24,0.9974292547,63,7,0.1111111111,22,4,0.1818181818
primary,Y2:P_H_matched_Y2,chemsys_r4,101,0.02,0.01600640256,1,1,17,0.9992626544,63,5,0.07936507937,22,3,0.1363636364
primary,Y2:P_H_matched_Y2,chemsys_r4,102,0.02,0.01600640256,3,3,25,0.9942208051,63,10,0.1587301587,22,4,0.1818181818
primary,Y2:P_H_matched_Y2,chemsys_r5,100,0.02,0.01597444089,6,6,13,0.9946797932,63,6,0.09523809524,18,2,0.1111111111
primary,Y2:P_H_matched_Y2,chemsys_r5,101,0.02,0.01597444089,1,1,14,0.9998508353,63,7,0.1111111111,18,2,0.1111111111
primary,Y2:P_H_matched_Y2,chemsys_r5,102,0.02,0.01597444089,9,7,10,0.9869928401,63,4,0.06349206349,18,0,0
primary,Y2:P_H_matched_Y2,chemsys_r6,100,0.02,0.01609010459,13,3,31,0.9903044872,63,12,0.1904761905,35,6,0.1714285714
primary,Y2:P_H_matched_Y2,chemsys_r6,101,0.02,0.01609010459,1,1,25,0.9975260417,63,13,0.2063492063,35,7,0.2
primary,Y2:P_H_matched_Y2,chemsys_r6,102,0.02,0.01609010459,2,1,23,0.998046875,61,15,0.2459016393,34,8,0.2352941176
primary,Y2:P_H_matched_Y2,chemsys_r7,100,0.02,0.01641362331,5,4,19,0.9846751124,62,10,0.1612903226,25,3,0.12
primary,Y2:P_H_matched_Y2,chemsys_r7,101,0.02,0.01641362331,41,2,15,0.9828361259,62,11,0.1774193548,25,4,0.16
primary,Y2:P_H_matched_Y2,chemsys_r7,102,0.02,0.01641362331,1,1,20,0.9990396404,62,11,0.1774193548,25,3,0.12
primary,Y2:P_H_matched_Y2,chemsys_r8,100,0.02,0.01600640256,4,1,28,0.9958051016,63,14,0.2222222222,35,8,0.2285714286
primary,Y2:P_H_matched_Y2,chemsys_r8,101,0.02,0.01600640256,1,1,24,0.9981865285,63,10,0.1587301587,35,6,0.1714285714
primary,Y2:P_H_matched_Y2,chemsys_r8,102,0.02,0.01600640256,9,1,20,0.9964029494,62,9,0.1451612903,35,7,0.2
primary,Y2:P_H_matched_Y2,chemsys_r9,100,0.02,0.0162469537,2,1,16,0.9992516181,61,9,0.1475409836,40,7,0.175
primary,Y2:P_H_matched_Y2,chemsys_r9,101,0.02,0.0162469537,3,3,18,0.9966221683,62,10,0.1612903226,41,7,0.1707317073
primary,Y2:P_H_matched_Y2,chemsys_r9,102,0.02,0.0162469537,3,1,21,0.9971885113,62,7,0.1129032258,41,5,0.1219512195
primary,Y2:P_H_matched_Y2,random_r0,100,0.02,0.01602564103,5,1,25,0.995999601,63,9,0.1428571429,15,5,0.3333333333
primary,Y2:P_H_matched_Y2,random_r0,101,0.02,0.01602564103,41,8,7,0.9800478851,63,4,0.06349206349,15,0,0
primary,Y2:P_H_matched_Y2,random_r0,102,0.02,0.01602564103,1,1,17,0.9990123703,63,10,0.1587301587,15,4,0.2666666667
primary,Y2:P_H_matched_Y2,random_r1,100,0.02,0.01615508885,4,3,23,0.9967920354,63,16,0.253968254,26,8,0.3076923077
primary,Y2:P_H_matched_Y2,random_r1,101,0.02,0.01615508885,8,5,22,0.9821802092,63,15,0.2380952381,26,8,0.3076923077
primary,Y2:P_H_matched_Y2,random_r1,102,0.02,0.01615508885,27,3,22,0.9726769912,63,10,0.1587301587,26,3,0.1153846154
primary,Y2:P_H_matched_Y2,random_r2,100,0.02,0.01590457256,10,1,29,0.9955445545,64,19,0.296875,34,15,0.4411764706
primary,Y2:P_H_matched_Y2,random_r2,101,0.02,0.01590457256,36,1,21,0.9818118812,64,4,0.0625,34,3,0.08823529412
primary,Y2:P_H_matched_Y2,random_r2,102,0.02,0.01590457256,35,2,25,0.9816237624,64,6,0.09375,34,2,0.05882352941
primary,Y2:P_H_matched_Y2,random_r3,100,0.02,0.01616161616,10,1,18,0.9928772636,63,10,0.1587301587,24,2,0.08333333333
primary,Y2:P_H_matched_Y2,random_r3,101,0.02,0.01616161616,8,8,19,0.9871327968,63,10,0.1587301587,24,4,0.1666666667
primary,Y2:P_H_matched_Y2,random_r3,102,0.02,0.01616161616,41,9,10,0.9615492958,63,2,0.03174603175,24,0,0
primary,Y2:P_H_matched_Y2,random_r4,100,0.02,0.01607071113,4,4,26,0.9889255702,63,15,0.2380952381,25,7,0.28
primary,Y2:P_H_matched_Y2,random_r4,101,0.02,0.01607071113,10,3,27,0.9849339736,63,5,0.07936507937,25,1,0.04
primary,Y2:P_H_matched_Y2,random_r4,102,0.02,0.01607071113,4,2,18,0.9956082433,63,8,0.126984127,25,5,0.2
primary,Y2:P_H_matched_Y2,random_r5,100,0.02,0.01610954491,6,4,17,0.9926594465,63,9,0.1428571429,19,4,0.2105263158
primary,Y2:P_H_matched_Y2,random_r5,101,0.02,0.01610954491,3,3,16,0.9963096671,63,9,0.1428571429,19,4,0.2105263158
primary,Y2:P_H_matched_Y2,random_r5,102,0.02,0.01610954491,5,1,19,0.9966405937,62,10,0.1612903226,19,4,0.2105263158
primary,Y2:P_H_matched_Y2,random_r6,100,0.02,0.01620089105,2,2,17,0.9995159338,61,8,0.131147541,29,5,0.1724137931
primary,Y2:P_H_matched_Y2,random_r6,101,0.02,0.01620089105,7,3,13,0.9924364663,62,7,0.1129032258,29,3,0.1034482759
primary,Y2:P_H_matched_Y2,random_r6,102,0.02,0.01620089105,2,1,18,0.9983965309,62,9,0.1451612903,29,5,0.1724137931
primary,Y2:P_H_matched_Y2,random_r7,100,0.02,0.01619433198,5,3,20,0.9961794355,61,9,0.1475409836,19,2,0.1052631579
primary,Y2:P_H_matched_Y2,random_r7,101,0.02,0.01619433198,2,1,18,0.9939919355,62,4,0.06451612903,19,3,0.1578947368
primary,Y2:P_H_matched_Y2,random_r7,102,0.02,0.01619433198,6,1,24,0.9923387097,62,6,0.09677419355,19,4,0.2105263158
primary,Y2:P_H_matched_Y2,random_r8,100,0.02,0.01611603546,5,1,24,0.9962580257,63,13,0.2063492063,19,4,0.2105263158
primary,Y2:P_H_matched_Y2,random_r8,101,0.02,0.01611603546,10,10,15,0.987600321,63,12,0.1904761905,19,4,0.2105263158
primary,Y2:P_H_matched_Y2,random_r8,102,0.02,0.01611603546,4,4,15,0.9915529695,63,11,0.1746031746,19,5,0.2631578947
primary,Y2:P_H_matched_Y2,random_r9,100,0.02,0.01621402513,2,1,21,0.9989200646,62,11,0.1774193548,20,6,0.3
primary,Y2:P_H_matched_Y2,random_r9,101,0.02,0.01621402513,3,2,20,0.9948930157,62,14,0.2258064516,20,9,0.45
primary,Y2:P_H_matched_Y2,random_r9,102,0.02,0.01621402513,13,2,23,0.9863039968,62,7,0.1129032258,20,5,0.25
primary,Y2:P_H_matched_Y2,chemsys_r0,100,0.05,0.01620089105,7,5,23,0.9867285196,62,14,0.2258064516,33,12,0.3636363636
primary,Y2:P_H_matched_Y2,chemsys_r0,101,0.05,0.01620089105,1,1,30,0.9974183138,61,14,0.2295081967,33,12,0.3636363636
primary,Y2:P_H_matched_Y2,chemsys_r0,102,0.05,0.01620089105,3,1,27,0.9952299314,62,18,0.2903225806,33,14,0.4242424242
primary,Y2:P_H_matched_Y2,chemsys_r1,100,0.05,0.01611603546,5,2,21,0.9959069021,63,9,0.1428571429,18,2,0.1111111111
primary,Y2:P_H_matched_Y2,chemsys_r1,101,0.05,0.01611603546,1,1,20,0.9991573034,63,11,0.1746031746,18,2,0.1111111111
primary,Y2:P_H_matched_Y2,chemsys_r1,102,0.05,0.01611603546,31,2,22,0.9830357143,63,9,0.1428571429,18,0,0
primary,Y2:P_H_matched_Y2,chemsys_r2,100,0.05,0.01612903226,28,2,18,0.9739859438,63,3,0.04761904762,32,0,0
primary,Y2:P_H_matched_Y2,chemsys_r2,101,0.05,0.01612903226,35,24,15,0.953253012,63,1,0.01587301587,32,0,0
primary,Y2:P_H_matched_Y2,chemsys_r2,102,0.05,0.01612903226,6,2,19,0.9949598394,63,8,0.126984127,32,5,0.15625
primary,Y2:P_H_matched_Y2,chemsys_r3,100,0.05,0.01614856681,3,1,22,0.9983514274,62,11,0.1774193548,31,9,0.2903225806
primary,Y2:P_H_matched_Y2,chemsys_r3,101,0.05,0.01614856681,13,2,26,0.9902392441,63,8,0.126984127,31,5,0.1612903226
primary,Y2:P_H_matched_Y2,chemsys_r3,102,0.05,0.01614856681,2,1,26,0.9978488138,63,12,0.1904761905,31,6,0.1935483871
primary,Y2:P_H_matched_Y2,chemsys_r4,100,0.05,0.01600640256,1,1,25,0.9977082503,63,8,0.126984127,22,4,0.1818181818
primary,Y2:P_H_matched_Y2,chemsys_r4,101,0.05,0.01600640256,1,1,17,0.9992626544,63,5,0.07936507937,22,3,0.1363636364
primary,Y2:P_H_matched_Y2,chemsys_r4,102,0.05,0.01600640256,3,2,21,0.9972598645,63,6,0.09523809524,22,4,0.1818181818
primary,Y2:P_H_matched_Y2,chemsys_r5,100,0.05,0.01597444089,9,7,14,0.9916567224,63,4,0.06349206349,18,1,0.05555555556
primary,Y2:P_H_matched_Y2,chemsys_r5,101,0.05,0.01597444089,1,1,16,0.9996917263,63,6,0.09523809524,18,1,0.05555555556
primary,Y2:P_H_matched_Y2,chemsys_r5,102,0.05,0.01597444089,6,4,15,0.993208035,63,7,0.1111111111,18,0,0
primary,Y2:P_H_matched_Y2,chemsys_r6,100,0.05,0.01609010459,3,3,31,0.9922776442,63,12,0.1904761905,35,6,0.1714285714
primary,Y2:P_H_matched_Y2,chemsys_r6,101,0.05,0.01609010459,1,1,26,0.99765625,63,13,0.2063492063,35,7,0.2
primary,Y2:P_H_matched_Y2,chemsys_r6,102,0.05,0.01609010459,1,1,25,0.9980669071,61,13,0.2131147541,34,6,0.1764705882
primary,Y2:P_H_matched_Y2,chemsys_r7,100,0.05,0.01641362331,7,7,18,0.9834899877,62,10,0.1612903226,25,3,0.12
primary,Y2:P_H_matched_Y2,chemsys_r7,101,0.05,0.01641362331,41,3,15,0.9787494892,62,5,0.08064516129,25,0,0
primary,Y2:P_H_matched_Y2,chemsys_r7,102,0.05,0.01641362331,2,1,21,0.9989170413,62,11,0.1774193548,25,3,0.12
primary,Y2:P_H_matched_Y2,chemsys_r8,100,0.05,0.01600640256,7,2,27,0.9935133519,63,9,0.1428571429,35,5,0.1428571429
primary,Y2:P_H_matched_Y2,chemsys_r8,101,0.05,0.01600640256,3,1,24,0.9982961339,63,9,0.1428571429,35,7,0.2
primary,Y2:P_H_matched_Y2,chemsys_r8,102,0.05,0.01600640256,10,1,27,0.9970805102,62,12,0.1935483871,35,9,0.2571428571
primary,Y2:P_H_matched_Y2,chemsys_r9,100,0.05,0.0162469537,2,1,20,0.9988976537,61,10,0.1639344262,40,7,0.175
primary,Y2:P_H_matched_Y2,chemsys_r9,101,0.05,0.0162469537,1,1,18,0.9993729773,62,10,0.1612903226,41,8,0.1951219512
primary,Y2:P_H_matched_Y2,chemsys_r9,102,0.05,0.0162469537,4,2,21,0.9958737864,62,8,0.1290322581,41,5,0.1219512195
primary,Y2:P_H_matched_Y2,random_r0,100,0.05,0.01602564103,1,1,22,0.9991121309,63,7,0.1111111111,15,2,0.1333333333
primary,Y2:P_H_matched_Y2,random_r0,101,0.05,0.01602564103,41,6,7,0.9800478851,63,4,0.06349206349,15,0,0
primary,Y2:P_H_matched_Y2,random_r0,102,0.05,0.01602564103,1,1,20,0.9986931365,63,12,0.1904761905,15,4,0.2666666667
primary,Y2:P_H_matched_Y2,random_r1,100,0.05,0.01615508885,5,4,25,0.9957964602,63,13,0.2063492063,26,5,0.1923076923
primary,Y2:P_H_matched_Y2,random_r1,101,0.05,0.01615508885,36,4,18,0.9671661303,63,2,0.03174603175,26,0,0
primary,Y2:P_H_matched_Y2,random_r1,102,0.05,0.01615508885,15,9,30,0.9743262269,63,12,0.1904761905,26,4,0.1538461538
primary,Y2:P_H_matched_Y2,random_r2,100,0.05,0.01590457256,10,1,29,0.994970297,64,12,0.1875,34,8,0.2352941176
primary,Y2:P_H_matched_Y2,random_r2,101,0.05,0.01590457256,10,1,28,0.991980198,64,7,0.109375,34,4,0.1176470588
primary,Y2:P_H_matched_Y2,random_r2,102,0.05,0.01590457256,35,2,13,0.9804059406,64,4,0.0625,34,1,0.02941176471
primary,Y2:P_H_matched_Y2,random_r3,100,0.05,0.01616161616,10,2,19,0.99277666,63,11,0.1746031746,24,3,0.125
primary,Y2:P_H_matched_Y2,random_r3,101,0.05,0.01616161616,9,2,23,0.9917303823,63,10,0.1587301587,24,4,0.1666666667
primary,Y2:P_H_matched_Y2,random_r3,102,0.05,0.01616161616,41,9,11,0.9615291751,63,1,0.01587301587,24,0,0
primary,Y2:P_H_matched_Y2,random_r4,100,0.05,0.01607071113,4,4,26,0.9881352541,63,13,0.2063492063,25,6,0.24
primary,Y2:P_H_matched_Y2,random_r4,101,0.05,0.01607071113,7,2,25,0.9900460184,63,9,0.1428571429,25,7,0.28
primary,Y2:P_H_matched_Y2,random_r4,102,0.05,0.01607071113,4,2,31,0.9960584234,63,13,0.2063492063,25,6,0.24
primary,Y2:P_H_matched_Y2,random_r5,100,0.05,0.01610954491,16,2,27,0.9895006017,63,11,0.1746031746,19,3,0.1578947368
primary,Y2:P_H_matched_Y2,random_r5,101,0.05,0.01610954491,5,5,16,0.9927095868,63,10,0.1587301587,19,4,0.2105263158
primary,Y2:P_H_matched_Y2,random_r5,102,0.05,0.01610954491,4,1,19,0.996680706,62,9,0.1451612903,19,5,0.2631578947
primary,Y2:P_H_matched_Y2,random_r6,100,0.05,0.01620089105,2,2,19,0.9995159338,61,9,0.1475409836,29,6,0.2068965517
primary,Y2:P_H_matched_Y2,random_r6,101,0.05,0.01620089105,8,3,19,0.9916397741,62,10,0.1612903226,29,5,0.1724137931
primary,Y2:P_H_matched_Y2,random_r6,102,0.05,0.01620089105,3,1,20,0.9980032271,62,6,0.09677419355,29,3,0.1034482759
primary,Y2:P_H_matched_Y2,random_r7,100,0.05,0.01619433198,4,3,15,0.9972278226,61,6,0.09836065574,19,2,0.1052631579
primary,Y2:P_H_matched_Y2,random_r7,101,0.05,0.01619433198,3,1,24,0.9963004032,62,8,0.1290322581,19,3,0.1578947368
primary,Y2:P_H_matched_Y2,random_r7,102,0.05,0.01619433198,5,1,24,0.9945766129,62,8,0.1290322581,19,2,0.1052631579
primary,Y2:P_H_matched_Y2,random_r8,100,0.05,0.01611603546,4,1,22,0.9966693419,63,13,0.2063492063,19,5,0.2631578947
primary,Y2:P_H_matched_Y2,random_r8,101,0.05,0.01611603546,4,4,19,0.9939004815,63,11,0.1746031746,19,4,0.2105263158
primary,Y2:P_H_matched_Y2,random_r8,102,0.05,0.01611603546,5,5,18,0.9887841091,63,9,0.1428571429,19,3,0.1578947368
primary,Y2:P_H_matched_Y2,random_r9,100,0.05,0.01621402513,1,1,19,0.9986071861,62,10,0.1612903226,20,5,0.25
primary,Y2:P_H_matched_Y2,random_r9,101,0.05,0.01621402513,3,2,26,0.99487283,62,14,0.2258064516,20,9,0.45
primary,Y2:P_H_matched_Y2,random_r9,102,0.05,0.01621402513,12,2,20,0.9891703674,62,9,0.1451612903,20,7,0.35
primary,Y2:P_H_matched_Y2,chemsys_r0,100,0.1,0.01620089105,12,2,30,0.9941004437,62,14,0.2258064516,33,12,0.3636363636
primary,Y2:P_H_matched_Y2,chemsys_r0,101,0.1,0.01620089105,1,1,31,0.9966115369,61,15,0.2459016393,33,11,0.3333333333
primary,Y2:P_H_matched_Y2,chemsys_r0,102,0.1,0.01620089105,4,1,25,0.9947862041,62,14,0.2258064516,33,11,0.3333333333
primary,Y2:P_H_matched_Y2,chemsys_r1,100,0.1,0.01611603546,3,2,24,0.9969301766,63,11,0.1746031746,18,2,0.1111111111
primary,Y2:P_H_matched_Y2,chemsys_r1,101,0.1,0.01611603546,1,1,22,0.9991573034,63,10,0.1587301587,18,2,0.1111111111
primary,Y2:P_H_matched_Y2,chemsys_r1,102,0.1,0.01611603546,41,2,17,0.9768358748,63,3,0.04761904762,18,0,0
primary,Y2:P_H_matched_Y2,chemsys_r2,100,0.1,0.01612903226,23,3,23,0.9827108434,63,4,0.06349206349,32,2,0.0625
primary,Y2:P_H_matched_Y2,chemsys_r2,101,0.1,0.01612903226,35,21,14,0.9562048193,63,4,0.06349206349,32,2,0.0625
primary,Y2:P_H_matched_Y2,chemsys_r2,102,0.1,0.01612903226,6,2,20,0.994939759,63,8,0.126984127,32,4,0.125
primary,Y2:P_H_matched_Y2,chemsys_r3,100,0.1,0.01614856681,4,1,26,0.9977784479,62,11,0.1774193548,31,8,0.2580645161
primary,Y2:P_H_matched_Y2,chemsys_r3,101,0.1,0.01614856681,10,2,27,0.9919179735,63,8,0.126984127,31,5,0.1612903226
primary,Y2:P_H_matched_Y2,chemsys_r3,102,0.1,0.01614856681,3,1,27,0.9975472457,63,11,0.1746031746,31,6,0.1935483871
primary,Y2:P_H_matched_Y2,chemsys_r4,100,0.1,0.01600640256,1,1,23,0.9984057393,63,5,0.07936507937,22,2,0.09090909091
primary,Y2:P_H_matched_Y2,chemsys_r4,101,0.1,0.01600640256,1,1,20,0.9991929055,63,7,0.1111111111,22,4,0.1818181818
primary,Y2:P_H_matched_Y2,chemsys_r4,102,0.1,0.01600640256,2,2,22,0.9973495417,63,5,0.07936507937,22,3,0.1363636364
primary,Y2:P_H_matched_Y2,chemsys_r5,100,0.1,0.01597444089,9,7,15,0.9919152745,63,4,0.06349206349,18,0,0
primary,Y2:P_H_matched_Y2,chemsys_r5,101,0.1,0.01597444089,1,1,19,0.9996917263,63,9,0.1428571429,18,2,0.1111111111
primary,Y2:P_H_matched_Y2,chemsys_r5,102,0.1,0.01597444089,6,5,18,0.9918158313,63,7,0.1111111111,18,0,0
primary,Y2:P_H_matched_Y2,chemsys_r6,100,0.1,0.01609010459,2,1,29,0.9947916667,63,7,0.1111111111,35,2,0.05714285714
primary,Y2:P_H_matched_Y2,chemsys_r6,101,0.1,0.01609010459,1,1,30,0.9973457532,63,12,0.1904761905,35,5,0.1428571429
primary,Y2:P_H_matched_Y2,chemsys_r6,102,0.1,0.01609010459,1,1,25,0.9974158654,61,11,0.1803278689,34,5,0.1470588235
primary,Y2:P_H_matched_Y2,chemsys_r7,100,0.1,0.01641362331,6,6,19,0.9817838169,62,11,0.1774193548,25,4,0.16
primary,Y2:P_H_matched_Y2,chemsys_r7,101,0.1,0.01641362331,41,3,12,0.9799754802,62,3,0.04838709677,25,0,0
primary,Y2:P_H_matched_Y2,chemsys_r7,102,0.1,0.01641362331,2,1,23,0.9981712301,62,11,0.1774193548,25,4,0.16
primary,Y2:P_H_matched_Y2,chemsys_r8,100,0.1,0.01600640256,10,3,26,0.9938222399,63,8,0.126984127,35,6,0.1714285714
primary,Y2:P_H_matched_Y2,chemsys_r8,101,0.1,0.01600640256,2,1,23,0.9980569948,63,10,0.1587301587,35,8,0.2285714286
primary,Y2:P_H_matched_Y2,chemsys_r8,102,0.1,0.01600640256,12,1,24,0.9961139896,62,8,0.1290322581,35,6,0.1714285714
primary,Y2:P_H_matched_Y2,chemsys_r9,100,0.1,0.0162469537,2,1,28,0.9960153722,61,8,0.131147541,40,4,0.1
primary,Y2:P_H_matched_Y2,chemsys_r9,101,0.1,0.0162469537,1,1,20,0.9994538835,62,10,0.1612903226,41,7,0.1707317073
primary,Y2:P_H_matched_Y2,chemsys_r9,102,0.1,0.0162469537,5,3,25,0.9932847896,62,7,0.1129032258,41,4,0.09756097561
primary,Y2:P_H_matched_Y2,random_r0,100,0.1,0.01602564103,1,1,26,0.9989026337,63,8,0.126984127,15,3,0.2
primary,Y2:P_H_matched_Y2,random_r0,101,0.1,0.01602564103,41,2,10,0.9800478851,63,4,0.06349206349,15,0,0
primary,Y2:P_H_matched_Y2,random_r0,102,0.1,0.01602564103,1,1,21,0.9988926576,63,10,0.1587301587,15,4,0.2666666667
primary,Y2:P_H_matched_Y2,random_r1,100,0.1,0.01615508885,19,4,24,0.9840004023,63,6,0.09523809524,26,0,0
primary,Y2:P_H_matched_Y2,random_r1,101,0.1,0.01615508885,41,4,13,0.9627614642,63,1,0.01587301587,26,0,0
primary,Y2:P_H_matched_Y2,random_r1,102,0.1,0.01615508885,26,2,21,0.9748692679,63,6,0.09523809524,26,0,0
primary,Y2:P_H_matched_Y2,random_r2,100,0.1,0.01590457256,10,1,26,0.9957128713,64,16,0.25,34,13,0.3823529412
primary,Y2:P_H_matched_Y2,random_r2,101,0.1,0.01590457256,10,1,26,0.9923861386,64,8,0.125,34,3,0.08823529412
primary,Y2:P_H_matched_Y2,random_r2,102,0.1,0.01590457256,24,2,25,0.9843366337,64,5,0.078125,34,0,0
primary,Y2:P_H_matched_Y2,random_r3,100,0.1,0.01616161616,10,2,22,0.9929879276,63,13,0.2063492063,24,7,0.2916666667
primary,Y2:P_H_matched_Y2,random_r3,101,0.1,0.01616161616,8,8,21,0.9861066398,63,8,0.126984127,24,3,0.125
primary,Y2:P_H_matched_Y2,random_r3,102,0.1,0.01616161616,16,1,24,0.986971831,63,5,0.07936507937,24,0,0
primary,Y2:P_H_matched_Y2,random_r4,100,0.1,0.01607071113,3,3,25,0.9896558623,63,10,0.1587301587,25,5,0.2
primary,Y2:P_H_matched_Y2,random_r4,101,0.1,0.01607071113,6,2,25,0.9894757903,63,9,0.1428571429,25,6,0.24
primary,Y2:P_H_matched_Y2,random_r4,102,0.1,0.01607071113,7,2,26,0.9952280912,63,10,0.1587301587,25,5,0.2
primary,Y2:P_H_matched_Y2,random_r5,100,0.1,0.01610954491,9,2,24,0.9947252306,63,10,0.1587301587,19,3,0.1578947368
primary,Y2:P_H_matched_Y2,random_r5,101,0.1,0.01610954491,5,5,20,0.9923786602,63,9,0.1428571429,19,3,0.1578947368
primary,Y2:P_H_matched_Y2,random_r5,102,0.1,0.01610954491,6,1,20,0.9956377858,62,8,0.1290322581,19,3,0.1578947368
primary,Y2:P_H_matched_Y2,random_r6,100,0.1,0.01620089105,4,4,20,0.9974989915,61,9,0.1475409836,29,5,0.1724137931
primary,Y2:P_H_matched_Y2,random_r6,101,0.1,0.01620089105,7,3,17,0.9925070593,62,8,0.1290322581,29,4,0.1379310345
primary,Y2:P_H_matched_Y2,random_r6,102,0.1,0.01620089105,1,1,25,0.9994352562,62,11,0.1774193548,29,7,0.2413793103
primary,Y2:P_H_matched_Y2,random_r7,100,0.1,0.01619433198,4,3,23,0.9958770161,61,6,0.09836065574,19,2,0.1052631579
primary,Y2:P_H_matched_Y2,random_r7,101,0.1,0.01619433198,3,1,26,0.9963205645,62,9,0.1451612903,19,3,0.1578947368
primary,Y2:P_H_matched_Y2,random_r7,102,0.1,0.01619433198,2,1,31,0.9943649194,62,4,0.06451612903,19,1,0.05263157895
primary,Y2:P_H_matched_Y2,random_r8,100,0.1,0.01611603546,4,1,22,0.9975120385,63,14,0.2222222222,19,6,0.3157894737
primary,Y2:P_H_matched_Y2,random_r8,101,0.1,0.01611603546,4,4,26,0.9934991974,63,12,0.1904761905,19,5,0.2631578947
primary,Y2:P_H_matched_Y2,random_r8,102,0.1,0.01611603546,5,5,23,0.9876705457,63,12,0.1904761905,19,5,0.2631578947
primary,Y2:P_H_matched_Y2,random_r9,100,0.1,0.01621402513,1,1,26,0.9971941865,62,10,0.1612903226,20,6,0.3
primary,Y2:P_H_matched_Y2,random_r9,101,0.1,0.01621402513,4,1,25,0.9971538151,62,11,0.1774193548,20,6,0.3
primary,Y2:P_H_matched_Y2,random_r9,102,0.1,0.01621402513,10,2,24,0.9906842955,62,10,0.1612903226,20,6,0.3
primary,Y2:P_H_matched_Y2,chemsys_r0,100,0.25,0.01620089105,10,2,31,0.9935356999,62,13,0.2096774194,33,11,0.3333333333
primary,Y2:P_H_matched_Y2,chemsys_r0,101,0.25,0.01620089105,1,1,31,0.9961577249,61,13,0.2131147541,33,10,0.303030303
primary,Y2:P_H_matched_Y2,chemsys_r0,102,0.25,0.01620089105,3,1,27,0.9965006051,62,14,0.2258064516,33,12,0.3636363636
primary,Y2:P_H_matched_Y2,chemsys_r1,100,0.25,0.01611603546,3,1,27,0.9968900482,63,14,0.2222222222,18,2,0.1111111111
primary,Y2:P_H_matched_Y2,chemsys_r1,101,0.25,0.01611603546,1,1,25,0.9987359551,63,13,0.2063492063,18,2,0.1111111111
primary,Y2:P_H_matched_Y2,chemsys_r1,102,0.25,0.01611603546,41,3,8,0.97519061,63,4,0.06349206349,18,0,0
primary,Y2:P_H_matched_Y2,chemsys_r2,100,0.25,0.01612903226,24,3,20,0.9818172691,63,2,0.03174603175,32,0,0
primary,Y2:P_H_matched_Y2,chemsys_r2,101,0.25,0.01612903226,18,3,22,0.9907128514,63,6,0.09523809524,32,3,0.09375
primary,Y2:P_H_matched_Y2,chemsys_r2,102,0.25,0.01612903226,19,1,27,0.9937449799,63,5,0.07936507937,32,2,0.0625
primary,Y2:P_H_matched_Y2,chemsys_r3,100,0.25,0.01614856681,6,1,21,0.998039807,62,8,0.1290322581,31,5,0.1612903226
primary,Y2:P_H_matched_Y2,chemsys_r3,101,0.25,0.01614856681,11,2,26,0.9917973462,63,6,0.09523809524,31,3,0.09677419355
primary,Y2:P_H_matched_Y2,chemsys_r3,102,0.25,0.01614856681,3,1,28,0.9973562525,63,11,0.1746031746,31,5,0.1612903226
primary,Y2:P_H_matched_Y2,chemsys_r4,100,0.25,0.01600640256,1,1,25,0.9984655241,63,5,0.07936507937,22,2,0.09090909091
primary,Y2:P_H_matched_Y2,chemsys_r4,101,0.25,0.01600640256,1,1,24,0.9989537664,63,5,0.07936507937,22,2,0.09090909091
primary,Y2:P_H_matched_Y2,chemsys_r4,102,0.25,0.01600640256,2,2,23,0.9974093264,63,4,0.06349206349,22,2,0.09090909091
primary,Y2:P_H_matched_Y2,chemsys_r5,100,0.25,0.01597444089,15,8,19,0.9906921241,63,5,0.07936507937,18,0,0
primary,Y2:P_H_matched_Y2,chemsys_r5,101,0.25,0.01597444089,8,1,25,0.9976630867,63,9,0.1428571429,18,2,0.1111111111
primary,Y2:P_H_matched_Y2,chemsys_r5,102,0.25,0.01597444089,7,7,19,0.9895684169,63,7,0.1111111111,18,0,0
primary,Y2:P_H_matched_Y2,chemsys_r6,100,0.25,0.01609010459,2,1,35,0.994541266,63,9,0.1428571429,35,3,0.08571428571
primary,Y2:P_H_matched_Y2,chemsys_r6,101,0.25,0.01609010459,1,1,30,0.9972455929,63,10,0.1587301587,35,4,0.1142857143
primary,Y2:P_H_matched_Y2,chemsys_r6,102,0.25,0.01609010459,1,1,26,0.9978165064,61,11,0.1803278689,34,6,0.1764705882
primary,Y2:P_H_matched_Y2,chemsys_r7,100,0.25,0.01641362331,5,5,23,0.987188394,62,10,0.1612903226,25,3,0.12
primary,Y2:P_H_matched_Y2,chemsys_r7,101,0.25,0.01641362331,27,2,25,0.9848692276,62,10,0.1612903226,25,0,0
primary,Y2:P_H_matched_Y2,chemsys_r7,102,0.25,0.01641362331,2,1,27,0.9980690642,62,12,0.1935483871,25,4,0.16
primary,Y2:P_H_matched_Y2,chemsys_r8,100,0.25,0.01600640256,22,11,23,0.9807493025,63,4,0.06349206349,35,2,0.05714285714
primary,Y2:P_H_matched_Y2,chemsys_r8,101,0.25,0.01600640256,8,1,22,0.9977779992,63,8,0.126984127,35,4,0.1142857143
primary,Y2:P_H_matched_Y2,chemsys_r8,102,0.25,0.01600640256,16,1,26,0.9950478278,62,10,0.1612903226,35,6,0.1714285714
primary,Y2:P_H_matched_Y2,chemsys_r9,100,0.25,0.0162469537,1,1,25,0.9975020227,61,7,0.1147540984,40,4,0.1
primary,Y2:P_H_matched_Y2,chemsys_r9,101,0.25,0.0162469537,1,1,24,0.9988470874,62,6,0.09677419355,41,3,0.07317073171
primary,Y2:P_H_matched_Y2,chemsys_r9,102,0.25,0.0162469537,5,2,25,0.9946500809,62,6,0.09677419355,41,3,0.07317073171
primary,Y2:P_H_matched_Y2,random_r0,100,0.25,0.01602564103,1,1,26,0.9987230646,63,8,0.126984127,15,3,0.2
primary,Y2:P_H_matched_Y2,random_r0,101,0.25,0.01602564103,36,2,12,0.9823822825,63,1,0.01587301587,15,0,0
primary,Y2:P_H_matched_Y2,random_r0,102,0.25,0.01602564103,1,1,22,0.9985833998,63,11,0.1746031746,15,3,0.2
primary,Y2:P_H_matched_Y2,random_r1,100,0.25,0.01615508885,22,4,22,0.9816271118,63,2,0.03174603175,26,0,0
primary,Y2:P_H_matched_Y2,random_r1,101,0.25,0.01615508885,39,4,14,0.9641995173,63,0,0,26,0,0
primary,Y2:P_H_matched_Y2,random_r1,102,0.25,0.01615508885,17,1,26,0.9834070796,63,8,0.126984127,26,1,0.03846153846
primary,Y2:P_H_matched_Y2,random_r2,100,0.25,0.01590457256,10,1,24,0.993960396,64,8,0.125,34,5,0.1470588235
primary,Y2:P_H_matched_Y2,random_r2,101,0.25,0.01590457256,9,1,25,0.991049505,64,4,0.0625,34,0,0
primary,Y2:P_H_matched_Y2,random_r2,102,0.25,0.01590457256,12,2,24,0.9891782178,64,3,0.046875,34,1,0.02941176471
primary,Y2:P_H_matched_Y2,random_r3,100,0.25,0.01616161616,6,1,24,0.9952012072,63,10,0.1587301587,24,3,0.125
primary,Y2:P_H_matched_Y2,random_r3,101,0.25,0.01616161616,16,7,27,0.9841247485,63,8,0.126984127,24,1,0.04166666667
primary,Y2:P_H_matched_Y2,random_r3,102,0.25,0.01616161616,18,1,22,0.9823843058,63,4,0.06349206349,24,0,0
primary,Y2:P_H_matched_Y2,random_r4,100,0.25,0.01607071113,13,3,24,0.9860144058,63,2,0.03174603175,25,0,0
primary,Y2:P_H_matched_Y2,random_r4,101,0.25,0.01607071113,13,1,24,0.9911764706,63,2,0.03174603175,25,0,0
primary,Y2:P_H_matched_Y2,random_r4,102,0.25,0.01607071113,2,1,28,0.9963185274,63,9,0.1428571429,25,3,0.12
primary,Y2:P_H_matched_Y2,random_r5,100,0.25,0.01610954491,10,2,22,0.9940734055,63,8,0.126984127,19,3,0.1578947368
primary,Y2:P_H_matched_Y2,random_r5,101,0.25,0.01610954491,9,1,22,0.9958684316,63,8,0.126984127,19,3,0.1578947368
primary,Y2:P_H_matched_Y2,random_r5,102,0.25,0.01610954491,6,1,27,0.995286803,62,9,0.1451612903,19,3,0.1578947368
primary,Y2:P_H_matched_Y2,random_r6,100,0.25,0.01620089105,5,5,21,0.9972670432,61,9,0.1475409836,29,6,0.2068965517
primary,Y2:P_H_matched_Y2,random_r6,101,0.25,0.01620089105,24,2,23,0.9807382009,62,1,0.01612903226,29,0,0
primary,Y2:P_H_matched_Y2,random_r6,102,0.25,0.01620089105,1,1,27,0.9981544978,62,8,0.1290322581,29,3,0.1034482759
primary,Y2:P_H_matched_Y2,random_r7,100,0.25,0.01619433198,4,2,24,0.9953427419,61,5,0.08196721311,19,2,0.1052631579
primary,Y2:P_H_matched_Y2,random_r7,101,0.25,0.01619433198,1,1,24,0.9994354839,62,7,0.1129032258,19,2,0.1052631579
primary,Y2:P_H_matched_Y2,random_r7,102,0.25,0.01619433198,2,1,27,0.9947580645,62,3,0.04838709677,19,0,0
primary,Y2:P_H_matched_Y2,random_r8,100,0.25,0.01611603546,3,1,26,0.9978330658,63,13,0.2063492063,19,5,0.2631578947
primary,Y2:P_H_matched_Y2,random_r8,101,0.25,0.01611603546,2,2,27,0.9962680578,63,13,0.2063492063,19,5,0.2631578947
primary,Y2:P_H_matched_Y2,random_r8,102,0.25,0.01611603546,7,6,24,0.9871187801,63,13,0.2063492063,19,5,0.2631578947
primary,Y2:P_H_matched_Y2,random_r9,100,0.25,0.01621402513,1,1,28,0.9968510295,62,12,0.1935483871,20,5,0.25
primary,Y2:P_H_matched_Y2,random_r9,101,0.25,0.01621402513,6,1,25,0.9958114655,62,11,0.1774193548,20,6,0.3
primary,Y2:P_H_matched_Y2,random_r9,102,0.25,0.01621402513,8,2,29,0.9918651595,62,11,0.1774193548,20,6,0.3
primary,Y2:P_H_matched_Y2,chemsys_r0,100,0.5,0.01620089105,8,2,26,0.992900363,62,5,0.08064516129,33,3,0.09090909091
primary,Y2:P_H_matched_Y2,chemsys_r0,101,0.5,0.01620089105,1,1,28,0.995592981,61,5,0.08196721311,33,3,0.09090909091
primary,Y2:P_H_matched_Y2,chemsys_r0,102,0.5,0.01620089105,5,1,29,0.9955324728,62,8,0.1290322581,33,5,0.1515151515
primary,Y2:P_H_matched_Y2,chemsys_r1,100,0.5,0.01611603546,2,1,27,0.9978230337,63,14,0.2222222222,18,2,0.1111111111
primary,Y2:P_H_matched_Y2,chemsys_r1,101,0.5,0.01611603546,1,1,28,0.9979333868,63,15,0.2380952381,18,2,0.1111111111
primary,Y2:P_H_matched_Y2,chemsys_r1,102,0.5,0.01611603546,6,2,25,0.9936396469,63,13,0.2063492063,18,2,0.1111111111
primary,Y2:P_H_matched_Y2,chemsys_r2,100,0.5,0.01612903226,28,2,22,0.9827710843,63,0,0,32,0,0
primary,Y2:P_H_matched_Y2,chemsys_r2,101,0.5,0.01612903226,19,5,26,0.9865261044,63,4,0.06349206349,32,1,0.03125
primary,Y2:P_H_matched_Y2,chemsys_r2,102,0.5,0.01612903226,22,1,25,0.9910742972,63,1,0.01587301587,32,0,0
primary,Y2:P_H_matched_Y2,chemsys_r3,100,0.5,0.01614856681,6,1,30,0.9971049457,62,6,0.09677419355,31,1,0.03225806452
primary,Y2:P_H_matched_Y2,chemsys_r3,101,0.5,0.01614856681,11,1,26,0.9948632891,63,3,0.04761904762,31,1,0.03225806452
primary,Y2:P_H_matched_Y2,chemsys_r3,102,0.5,0.01614856681,4,1,27,0.9969139526,63,7,0.1111111111,31,2,0.06451612903
primary,Y2:P_H_matched_Y2,chemsys_r4,100,0.5,0.01600640256,1,1,23,0.9984256676,63,3,0.04761904762,22,1,0.04545454545
primary,Y2:P_H_matched_Y2,chemsys_r4,101,0.5,0.01600640256,1,1,24,0.9986448784,63,5,0.07936507937,22,2,0.09090909091
primary,Y2:P_H_matched_Y2,chemsys_r4,102,0.5,0.01600640256,2,2,24,0.9968513352,63,3,0.04761904762,22,1,0.04545454545
primary,Y2:P_H_matched_Y2,chemsys_r5,100,0.5,0.01597444089,10,2,24,0.9962907717,63,8,0.126984127,18,1,0.05555555556
primary,Y2:P_H_matched_Y2,chemsys_r5,101,0.5,0.01597444089,9,1,26,0.9968675418,63,9,0.1428571429,18,2,0.1111111111
primary,Y2:P_H_matched_Y2,chemsys_r5,102,0.5,0.01597444089,12,3,23,0.9927207637,63,7,0.1111111111,18,0,0
primary,Y2:P_H_matched_Y2,chemsys_r6,100,0.5,0.01609010459,4,1,29,0.9959134615,63,7,0.1111111111,35,1,0.02857142857
primary,Y2:P_H_matched_Y2,chemsys_r6,101,0.5,0.01609010459,3,1,30,0.9976362179,63,13,0.2063492063,35,3,0.08571428571
primary,Y2:P_H_matched_Y2,chemsys_r6,102,0.5,0.01609010459,2,1,30,0.9969350962,61,14,0.2295081967,34,5,0.1470588235
primary,Y2:P_H_matched_Y2,chemsys_r7,100,0.5,0.01641362331,3,3,25,0.9897425419,62,9,0.1451612903,25,1,0.04
primary,Y2:P_H_matched_Y2,chemsys_r7,101,0.5,0.01641362331,18,3,27,0.9883939518,62,5,0.08064516129,25,0,0
primary,Y2:P_H_matched_Y2,chemsys_r7,102,0.5,0.01641362331,2,1,29,0.9982938292,62,16,0.2580645161,25,6,0.24
primary,Y2:P_H_matched_Y2,chemsys_r8,100,0.5,0.01600640256,17,8,24,0.984027501,63,6,0.09523809524,35,3,0.08571428571
primary,Y2:P_H_matched_Y2,chemsys_r8,101,0.5,0.01600640256,11,1,23,0.9972499004,63,5,0.07936507937,35,3,0.08571428571
primary,Y2:P_H_matched_Y2,chemsys_r8,102,0.5,0.01600640256,14,1,26,0.9956058191,62,7,0.1129032258,35,3,0.08571428571
primary,Y2:P_H_matched_Y2,chemsys_r9,100,0.5,0.0162469537,1,1,23,0.9971581715,61,4,0.06557377049,40,0,0
primary,Y2:P_H_matched_Y2,chemsys_r9,101,0.5,0.0162469537,3,3,25,0.995256877,62,2,0.03225806452,41,0,0
primary,Y2:P_H_matched_Y2,chemsys_r9,102,0.5,0.0162469537,4,1,26,0.9945186084,62,5,0.08064516129,41,2,0.0487804878
primary,Y2:P_H_matched_Y2,random_r0,100,0.5,0.01602564103,1,1,28,0.9977653631,63,7,0.1111111111,15,1,0.06666666667
primary,Y2:P_H_matched_Y2,random_r0,101,0.5,0.01602564103,7,6,24,0.9955007981,63,10,0.1587301587,15,2,0.1333333333
primary,Y2:P_H_matched_Y2,random_r0,102,0.5,0.01602564103,1,1,27,0.9982442139,63,10,0.1587301587,15,1,0.06666666667
primary,Y2:P_H_matched_Y2,random_r1,100,0.5,0.01615508885,3,2,31,0.9954344328,63,11,0.1746031746,26,3,0.1153846154
primary,Y2:P_H_matched_Y2,random_r1,101,0.5,0.01615508885,33,2,19,0.9755028158,63,0,0,26,0,0
primary,Y2:P_H_matched_Y2,random_r1,102,0.5,0.01615508885,4,1,31,0.991965004,63,8,0.126984127,26,0,0
primary,Y2:P_H_matched_Y2,random_r2,100,0.5,0.01590457256,8,1,27,0.9912970297,64,4,0.0625,34,0,0
primary,Y2:P_H_matched_Y2,random_r2,101,0.5,0.01590457256,14,1,23,0.989049505,64,1,0.015625,34,0,0
primary,Y2:P_H_matched_Y2,random_r2,102,0.5,0.01590457256,16,1,24,0.9881980198,64,1,0.015625,34,0,0
primary,Y2:P_H_matched_Y2,random_r3,100,0.5,0.01616161616,23,1,19,0.9810060362,63,1,0.01587301587,24,0,0
primary,Y2:P_H_matched_Y2,random_r3,101,0.5,0.01616161616,23,3,22,0.9809959759,63,4,0.06349206349,24,0,0
primary,Y2:P_H_matched_Y2,random_r3,102,0.5,0.01616161616,21,1,21,0.9807344064,63,2,0.03174603175,24,0,0
primary,Y2:P_H_matched_Y2,random_r4,100,0.5,0.01607071113,4,1,26,0.9947378952,63,6,0.09523809524,25,0,0
primary,Y2:P_H_matched_Y2,random_r4,101,0.5,0.01607071113,6,1,29,0.9945378151,63,4,0.06349206349,25,0,0
primary,Y2:P_H_matched_Y2,random_r4,102,0.5,0.01607071113,2,1,31,0.9962484994,63,7,0.1111111111,25,0,0
primary,Y2:P_H_matched_Y2,random_r5,100,0.5,0.01610954491,10,2,26,0.9927697553,63,5,0.07936507937,19,0,0
primary,Y2:P_H_matched_Y2,random_r5,101,0.5,0.01610954491,10,1,26,0.9941837144,63,5,0.07936507937,19,0,0
primary,Y2:P_H_matched_Y2,random_r5,102,0.5,0.01610954491,3,2,24,0.9963297232,62,6,0.09677419355,19,2,0.1052631579
primary,Y2:P_H_matched_Y2,random_r6,100,0.5,0.01620089105,6,6,21,0.996641791,61,6,0.09836065574,29,1,0.03448275862
primary,Y2:P_H_matched_Y2,random_r6,101,0.5,0.01620089105,15,2,24,0.988775716,62,6,0.09677419355,29,1,0.03448275862
primary,Y2:P_H_matched_Y2,random_r6,102,0.5,0.01620089105,1,1,22,0.998567971,62,7,0.1129032258,29,1,0.03448275862
primary,Y2:P_H_matched_Y2,random_r7,100,0.5,0.01619433198,4,2,26,0.9955846774,61,5,0.08196721311,19,2,0.1052631579
primary,Y2:P_H_matched_Y2,random_r7,101,0.5,0.01619433198,1,1,26,0.999203629,62,7,0.1129032258,19,2,0.1052631579
primary,Y2:P_H_matched_Y2,random_r7,102,0.5,0.01619433198,2,1,31,0.9966834677,62,5,0.08064516129,19,0,0
primary,Y2:P_H_matched_Y2,random_r8,100,0.5,0.01611603546,3,1,25,0.9980939005,63,11,0.1746031746,19,2,0.1052631579
primary,Y2:P_H_matched_Y2,random_r8,101,0.5,0.01611603546,2,2,29,0.9961075441,63,12,0.1904761905,19,4,0.2105263158
primary,Y2:P_H_matched_Y2,random_r8,102,0.5,0.01611603546,2,2,25,0.9949638844,63,10,0.1587301587,19,1,0.05263157895
primary,Y2:P_H_matched_Y2,random_r9,100,0.5,0.01621402513,1,1,30,0.9954683084,62,6,0.09677419355,20,0,0
primary,Y2:P_H_matched_Y2,random_r9,101,0.5,0.01621402513,6,1,23,0.9941360517,62,4,0.06451612903,20,0,0
primary,Y2:P_H_matched_Y2,random_r9,102,0.5,0.01621402513,11,3,25,0.9887666532,62,2,0.03225806452,20,0,0
primary,Y2:P_H_matched_Y2,chemsys_r0,100,0.75,0.01620089105,6,2,25,0.9932634127,62,2,0.03225806452,33,0,0
primary,Y2:P_H_matched_Y2,chemsys_r0,101,0.75,0.01620089105,1,1,26,0.9958854377,61,2,0.03278688525,33,0,0
primary,Y2:P_H_matched_Y2,chemsys_r0,102,0.75,0.01620089105,11,1,27,0.9904296087,62,2,0.03225806452,33,0,0
primary,Y2:P_H_matched_Y2,chemsys_r1,100,0.75,0.01611603546,2,1,26,0.9973314607,63,10,0.1587301587,18,0,0
primary,Y2:P_H_matched_Y2,chemsys_r1,101,0.75,0.01611603546,1,1,28,0.9975020064,63,12,0.1904761905,18,0,0
primary,Y2:P_H_matched_Y2,chemsys_r1,102,0.75,0.01611603546,5,2,27,0.9942616372,63,11,0.1746031746,18,0,0
primary,Y2:P_H_matched_Y2,chemsys_r2,100,0.75,0.01612903226,24,2,24,0.9875100402,63,1,0.01587301587,32,0,0
primary,Y2:P_H_matched_Y2,chemsys_r2,101,0.75,0.01612903226,28,1,25,0.9906526104,63,0,0,32,0,0
primary,Y2:P_H_matched_Y2,chemsys_r2,102,0.75,0.01612903226,31,1,26,0.9859638554,63,0,0,32,0,0
primary,Y2:P_H_matched_Y2,chemsys_r3,100,0.75,0.01614856681,7,1,19,0.9970144753,62,3,0.04838709677,31,0,0
primary,Y2:P_H_matched_Y2,chemsys_r3,101,0.75,0.01614856681,12,2,23,0.992380378,63,1,0.01587301587,31,0,0
primary,Y2:P_H_matched_Y2,chemsys_r3,102,0.75,0.01614856681,7,1,27,0.9962907117,63,1,0.01587301587,31,0,0
primary,Y2:P_H_matched_Y2,chemsys_r4,100,0.75,0.01600640256,2,1,24,0.997837784,63,3,0.04761904762,22,1,0.04545454545
primary,Y2:P_H_matched_Y2,chemsys_r4,101,0.75,0.01600640256,1,1,23,0.9983559187,63,2,0.03174603175,22,0,0
primary,Y2:P_H_matched_Y2,chemsys_r4,102,0.75,0.01600640256,2,2,23,0.9968413711,63,3,0.04761904762,22,0,0
primary,Y2:P_H_matched_Y2,chemsys_r5,100,0.75,0.01597444089,7,2,21,0.9968078759,63,6,0.09523809524,18,0,0
primary,Y2:P_H_matched_Y2,chemsys_r5,101,0.75,0.01597444089,12,1,27,0.9952565632,63,5,0.07936507937,18,0,0
primary,Y2:P_H_matched_Y2,chemsys_r5,102,0.75,0.01597444089,14,3,28,0.991994829,63,6,0.09523809524,18,0,0
primary,Y2:P_H_matched_Y2,chemsys_r6,100,0.75,0.01609010459,5,1,28,0.9955228365,63,6,0.09523809524,35,0,0
primary,Y2:P_H_matched_Y2,chemsys_r6,101,0.75,0.01609010459,4,1,27,0.9976161859,63,6,0.09523809524,35,0,0
primary,Y2:P_H_matched_Y2,chemsys_r6,102,0.75,0.01609010459,6,1,26,0.9962139423,61,8,0.131147541,34,0,0
primary,Y2:P_H_matched_Y2,chemsys_r7,100,0.75,0.01641362331,2,2,28,0.9936248468,62,7,0.1129032258,25,0,0
primary,Y2:P_H_matched_Y2,chemsys_r7,101,0.75,0.01641362331,18,3,26,0.9867797303,62,3,0.04838709677,25,0,0
primary,Y2:P_H_matched_Y2,chemsys_r7,102,0.75,0.01641362331,2,1,25,0.997772783,62,9,0.1451612903,25,0,0
primary,Y2:P_H_matched_Y2,chemsys_r8,100,0.75,0.01600640256,12,4,22,0.9919589478,63,3,0.04761904762,35,0,0
primary,Y2:P_H_matched_Y2,chemsys_r8,101,0.75,0.01600640256,12,1,25,0.9969210841,63,4,0.06349206349,35,0,0
primary,Y2:P_H_matched_Y2,chemsys_r8,102,0.75,0.01600640256,14,1,22,0.9956157832,62,1,0.01612903226,35,0,0
primary,Y2:P_H_matched_Y2,chemsys_r9,100,0.75,0.0162469537,1,1,22,0.9959648058,61,0,0,40,0,0
primary,Y2:P_H_matched_Y2,chemsys_r9,101,0.75,0.0162469537,19,5,23,0.9836468447,62,0,0,41,0,0
primary,Y2:P_H_matched_Y2,chemsys_r9,102,0.75,0.0162469537,4,3,23,0.9927690129,62,0,0,41,0,0
primary,Y2:P_H_matched_Y2,random_r0,100,0.75,0.01602564103,1,1,29,0.997745411,63,6,0.09523809524,15,0,0
primary,Y2:P_H_matched_Y2,random_r0,101,0.75,0.01602564103,8,7,25,0.9944832402,63,7,0.1111111111,15,0,0
primary,Y2:P_H_matched_Y2,random_r0,102,0.75,0.01602564103,1,1,28,0.9978152434,63,7,0.1111111111,15,0,0
primary,Y2:P_H_matched_Y2,random_r1,100,0.75,0.01615508885,19,1,22,0.9869469027,63,0,0,26,0,0
primary,Y2:P_H_matched_Y2,random_r1,101,0.75,0.01615508885,20,2,25,0.9821399839,63,0,0,26,0,0
primary,Y2:P_H_matched_Y2,random_r1,102,0.75,0.01615508885,3,1,29,0.9940667739,63,4,0.06349206349,26,0,0
primary,Y2:P_H_matched_Y2,random_r2,100,0.75,0.01590457256,8,1,27,0.9918910891,64,3,0.046875,34,0,0
primary,Y2:P_H_matched_Y2,random_r2,101,0.75,0.01590457256,4,1,24,0.993,64,1,0.015625,34,0,0
primary,Y2:P_H_matched_Y2,random_r2,102,0.75,0.01590457256,14,1,25,0.989990099,64,1,0.015625,34,0,0
primary,Y2:P_H_matched_Y2,random_r3,100,0.75,0.01616161616,7,1,29,0.9922736419,63,3,0.04761904762,24,0,0
primary,Y2:P_H_matched_Y2,random_r3,101,0.75,0.01616161616,7,2,24,0.9910362173,63,3,0.04761904762,24,0,0
primary,Y2:P_H_matched_Y2,random_r3,102,0.75,0.01616161616,12,1,27,0.9864084507,63,1,0.01587301587,24,0,0
primary,Y2:P_H_matched_Y2,random_r4,100,0.75,0.01607071113,5,4,28,0.9918967587,63,3,0.04761904762,25,0,0
primary,Y2:P_H_matched_Y2,random_r4,101,0.75,0.01607071113,5,1,29,0.9943877551,63,5,0.07936507937,25,0,0
primary,Y2:P_H_matched_Y2,random_r4,102,0.75,0.01607071113,2,1,29,0.9958783513,63,5,0.07936507937,25,0,0
primary,Y2:P_H_matched_Y2,random_r5,100,0.75,0.01610954491,10,2,24,0.9931708785,63,3,0.04761904762,19,0,0
primary,Y2:P_H_matched_Y2,random_r5,101,0.75,0.01610954491,4,3,23,0.99337144,63,6,0.09523809524,19,0,0
primary,Y2:P_H_matched_Y2,random_r5,102,0.75,0.01610954491,3,2,26,0.9968511833,62,7,0.1129032258,19,0,0
primary,Y2:P_H_matched_Y2,random_r6,100,0.75,0.01620089105,6,6,24,0.995592981,61,2,0.03278688525,29,0,0
primary,Y2:P_H_matched_Y2,random_r6,101,0.75,0.01620089105,10,2,20,0.9916498588,62,3,0.04838709677,29,0,0
primary,Y2:P_H_matched_Y2,random_r6,102,0.75,0.01620089105,1,1,23,0.9981544978,62,2,0.03225806452,29,0,0
primary,Y2:P_H_matched_Y2,random_r7,100,0.75,0.01619433198,5,2,28,0.994858871,61,3,0.04918032787,19,0,0
primary,Y2:P_H_matched_Y2,random_r7,101,0.75,0.01619433198,2,2,28,0.9976310484,62,5,0.08064516129,19,0,0
primary,Y2:P_H_matched_Y2,random_r7,102,0.75,0.01619433198,2,1,25,0.998266129,62,4,0.06451612903,19,0,0
primary,Y2:P_H_matched_Y2,random_r8,100,0.75,0.01611603546,2,2,22,0.9981239968,63,8,0.126984127,19,0,0
primary,Y2:P_H_matched_Y2,random_r8,101,0.75,0.01611603546,3,3,28,0.9950742376,63,8,0.126984127,19,0,0
primary,Y2:P_H_matched_Y2,random_r8,102,0.75,0.01611603546,2,2,22,0.9944020867,63,5,0.07936507937,19,0,0
primary,Y2:P_H_matched_Y2,random_r9,100,0.75,0.01621402513,1,1,28,0.9961849011,62,3,0.04838709677,20,0,0
primary,Y2:P_H_matched_Y2,random_r9,101,0.75,0.01621402513,6,1,28,0.993490109,62,3,0.04838709677,20,0,0
primary,Y2:P_H_matched_Y2,random_r9,102,0.75,0.01621402513,6,3,28,0.9892208317,62,2,0.03225806452,20,0,0
primary,Y2:P_H_matched_Y2,chemsys_r0,100,1,0.01620089105,12,4,15,0.9869806374,62,0,0,33,0,0
primary,Y2:P_H_matched_Y2,chemsys_r0,101,1,0.01620089105,12,4,15,0.99160952,61,0,0,33,0,0
primary,Y2:P_H_matched_Y2,chemsys_r0,102,1,0.01620089105,12,4,15,0.9869806374,62,0,0,33,0,0
primary,Y2:P_H_matched_Y2,chemsys_r1,100,1,0.01611603546,6,2,22,0.9915228732,63,0,0,18,0,0
primary,Y2:P_H_matched_Y2,chemsys_r1,101,1,0.01611603546,5,2,21,0.993459069,63,0,0,18,0,0
primary,Y2:P_H_matched_Y2,chemsys_r1,102,1,0.01611603546,6,2,22,0.9915228732,63,0,0,18,0,0
primary,Y2:P_H_matched_Y2,chemsys_r2,100,1,0.01612903226,41,4,14,0.9776004016,63,0,0,32,0,0
primary,Y2:P_H_matched_Y2,chemsys_r2,101,1,0.01612903226,41,4,14,0.9776004016,63,0,0,32,0,0
primary,Y2:P_H_matched_Y2,chemsys_r2,102,1,0.01612903226,41,4,14,0.9776004016,63,0,0,32,0,0
primary,Y2:P_H_matched_Y2,chemsys_r3,100,1,0.01614856681,41,5,12,0.9845597105,62,0,0,31,0,0
primary,Y2:P_H_matched_Y2,chemsys_r3,101,1,0.01614856681,41,5,12,0.9778146361,63,0,0,31,0,0
primary,Y2:P_H_matched_Y2,chemsys_r3,102,1,0.01614856681,41,5,11,0.9891435464,63,0,0,31,0,0
primary,Y2:P_H_matched_Y2,chemsys_r4,100,1,0.01600640256,10,2,13,0.9903347947,63,0,0,22,0,0
primary,Y2:P_H_matched_Y2,chemsys_r4,101,1,0.01600640256,10,2,13,0.9897867676,63,0,0,22,0,0
primary,Y2:P_H_matched_Y2,chemsys_r4,102,1,0.01600640256,10,2,13,0.9893782383,63,0,0,22,0,0
primary,Y2:P_H_matched_Y2,chemsys_r5,100,1,0.01597444089,41,2,12,0.9855608592,63,0,0,18,0,0
primary,Y2:P_H_matched_Y2,chemsys_r5,101,1,0.01597444089,41,2,12,0.9851133652,63,0,0,18,0,0
primary,Y2:P_H_matched_Y2,chemsys_r5,102,1,0.01597444089,41,2,12,0.9851133652,63,0,0,18,0,0
primary,Y2:P_H_matched_Y2,chemsys_r6,100,1,0.01609010459,41,4,10,0.9775040064,63,0,0,35,0,0
primary,Y2:P_H_matched_Y2,chemsys_r6,101,1,0.01609010459,41,4,10,0.9939903846,63,0,0,35,0,0
primary,Y2:P_H_matched_Y2,chemsys_r6,102,1,0.01609010459,41,4,10,0.9813201122,61,0,0,34,0,0
primary,Y2:P_H_matched_Y2,chemsys_r7,100,1,0.01641362331,10,2,18,0.9886697998,62,0,0,25,0,0
primary,Y2:P_H_matched_Y2,chemsys_r7,101,1,0.01641362331,10,2,18,0.9907642011,62,0,0,25,0,0
primary,Y2:P_H_matched_Y2,chemsys_r7,102,1,0.01641362331,10,2,18,0.990539436,62,0,0,25,0,0
primary,Y2:P_H_matched_Y2,chemsys_r8,100,1,0.01600640256,41,5,13,0.9829015544,63,0,0,35,0,0
primary,Y2:P_H_matched_Y2,chemsys_r8,101,1,0.01600640256,41,5,13,0.9908330012,63,0,0,35,0,0
primary,Y2:P_H_matched_Y2,chemsys_r8,102,1,0.01600640256,41,5,13,0.984954165,62,0,0,35,0,0
primary,Y2:P_H_matched_Y2,chemsys_r9,100,1,0.0162469537,10,5,12,0.9881674757,61,0,0,40,0,0
primary,Y2:P_H_matched_Y2,chemsys_r9,101,1,0.0162469537,10,5,12,0.9848907767,62,0,0,41,0,0
primary,Y2:P_H_matched_Y2,chemsys_r9,102,1,0.0162469537,10,5,12,0.9846076052,62,0,0,41,0,0
primary,Y2:P_H_matched_Y2,random_r0,100,1,0.01602564103,2,2,13,0.9943335994,63,0,0,15,0,0
primary,Y2:P_H_matched_Y2,random_r0,101,1,0.01602564103,2,2,13,0.9952913009,63,0,0,15,0,0
primary,Y2:P_H_matched_Y2,random_r0,102,1,0.01602564103,2,2,12,0.9955407023,63,0,0,15,0,0
primary,Y2:P_H_matched_Y2,random_r1,100,1,0.01615508885,1,1,15,0.9955953339,63,0,0,26,0,0
primary,Y2:P_H_matched_Y2,random_r1,101,1,0.01615508885,1,1,16,0.9952333065,63,0,0,26,0,0
primary,Y2:P_H_matched_Y2,random_r1,102,1,0.01615508885,1,1,16,0.9952333065,63,0,0,26,0,0
primary,Y2:P_H_matched_Y2,random_r2,100,1,0.01590457256,10,1,14,0.9925049505,64,0,0,34,0,0
primary,Y2:P_H_matched_Y2,random_r2,101,1,0.01590457256,10,1,14,0.9925049505,64,0,0,34,0,0
primary,Y2:P_H_matched_Y2,random_r2,102,1,0.01590457256,10,1,14,0.9925049505,64,0,0,34,0,0
primary,Y2:P_H_matched_Y2,random_r3,100,1,0.01616161616,5,1,16,0.9896981891,63,0,0,24,0,0
primary,Y2:P_H_matched_Y2,random_r3,101,1,0.01616161616,5,1,16,0.9891750503,63,0,0,24,0,0
primary,Y2:P_H_matched_Y2,random_r3,102,1,0.01616161616,5,1,16,0.9891750503,63,0,0,24,0,0
primary,Y2:P_H_matched_Y2,random_r4,100,1,0.01607071113,7,7,18,0.9869347739,63,0,0,25,0,0
primary,Y2:P_H_matched_Y2,random_r4,101,1,0.01607071113,7,7,18,0.9869347739,63,0,0,25,0,0
primary,Y2:P_H_matched_Y2,random_r4,102,1,0.01607071113,7,7,18,0.987234894,63,0,0,25,0,0
primary,Y2:P_H_matched_Y2,random_r5,100,1,0.01610954491,14,7,15,0.9833734456,63,0,0,19,0,0
primary,Y2:P_H_matched_Y2,random_r5,101,1,0.01610954491,14,7,15,0.9833734456,63,0,0,19,0,0
primary,Y2:P_H_matched_Y2,random_r5,102,1,0.01610954491,14,7,15,0.9889691135,62,0,0,19,0,0
primary,Y2:P_H_matched_Y2,random_r6,100,1,0.01620089105,2,2,17,0.9956434046,61,0,0,29,0,0
primary,Y2:P_H_matched_Y2,random_r6,101,1,0.01620089105,2,2,17,0.9944433239,62,0,0,29,0,0
primary,Y2:P_H_matched_Y2,random_r6,102,1,0.01620089105,2,2,17,0.9944433239,62,0,0,29,0,0
primary,Y2:P_H_matched_Y2,random_r7,100,1,0.01619433198,3,3,17,0.9946975806,61,0,0,19,0,0
primary,Y2:P_H_matched_Y2,random_r7,101,1,0.01619433198,3,3,17,0.9941129032,62,0,0,19,0,0
primary,Y2:P_H_matched_Y2,random_r7,102,1,0.01619433198,3,3,17,0.9941129032,62,0,0,19,0,0
primary,Y2:P_H_matched_Y2,random_r8,100,1,0.01611603546,6,6,15,0.9920144462,63,0,0,19,0,0
primary,Y2:P_H_matched_Y2,random_r8,101,1,0.01611603546,6,6,15,0.9887540128,63,0,0,19,0,0
primary,Y2:P_H_matched_Y2,random_r8,102,1,0.01611603546,6,6,15,0.9883326645,63,0,0,19,0,0
primary,Y2:P_H_matched_Y2,random_r9,100,1,0.01621402513,8,2,19,0.9912797739,62,0,0,20,0,0
primary,Y2:P_H_matched_Y2,random_r9,101,1,0.01621402513,8,2,19,0.9912797739,62,0,0,20,0,0
primary,Y2:P_H_matched_Y2,random_r9,102,1,0.01621402513,7,2,19,0.9918146952,62,0,0,20,0,0
primary,Y2:P_phys_fixed,chemsys_r0,100,0,0.01620089105,28,9,19,0.9559197257,62,11,0.1774193548,67,11,0.1641791045
primary,Y2:P_phys_fixed,chemsys_r0,101,0,0.01620089105,1,1,24,0.9946551029,62,21,0.3387096774,66,21,0.3181818182
primary,Y2:P_phys_fixed,chemsys_r0,102,0,0.01620089105,19,1,15,0.986748689,62,5,0.08064516129,67,5,0.07462686567
primary,Y2:P_phys_fixed,chemsys_r1,100,0,0.01611603546,18,11,18,0.9781902087,63,7,0.1111111111,60,7,0.1166666667
primary,Y2:P_phys_fixed,chemsys_r1,101,0,0.01611603546,1,1,19,0.9992977528,62,7,0.1129032258,59,7,0.1186440678
primary,Y2:P_phys_fixed,chemsys_r1,102,0,0.01611603546,41,10,8,0.9714486356,63,0,0,60,0,0
primary,Y2:P_phys_fixed,chemsys_r2,100,0,0.01612903226,31,17,16,0.956184739,63,3,0.04761904762,75,3,0.04
primary,Y2:P_phys_fixed,chemsys_r2,101,0,0.01612903226,41,24,11,0.9482831325,63,5,0.07936507937,75,9,0.12
primary,Y2:P_phys_fixed,chemsys_r2,102,0,0.01612903226,5,5,15,0.9881425703,63,6,0.09523809524,75,6,0.08
primary,Y2:P_phys_fixed,chemsys_r3,100,0,0.01614856681,3,1,21,0.9974567752,61,13,0.2131147541,72,13,0.1805555556
primary,Y2:P_phys_fixed,chemsys_r3,101,0,0.01614856681,2,1,25,0.9964817049,63,16,0.253968254,74,17,0.2297297297
primary,Y2:P_phys_fixed,chemsys_r3,102,0,0.01614856681,3,1,21,0.9975572979,62,14,0.2258064516,73,14,0.1917808219
primary,Y2:P_phys_fixed,chemsys_r4,100,0,0.01600640256,1,1,23,0.9964228776,62,14,0.2258064516,82,15,0.1829268293
primary,Y2:P_phys_fixed,chemsys_r4,101,0,0.01600640256,4,1,15,0.9978278198,63,7,0.1111111111,83,7,0.0843373494
primary,Y2:P_phys_fixed,chemsys_r4,102,0,0.01600640256,19,11,24,0.9729075329,63,18,0.2857142857,83,20,0.2409638554
primary,Y2:P_phys_fixed,chemsys_r5,100,0,0.01597444089,1,1,12,0.9997016706,63,5,0.07936507937,79,5,0.06329113924
primary,Y2:P_phys_fixed,chemsys_r5,101,0,0.01597444089,13,8,14,0.9726233095,63,3,0.04761904762,79,5,0.06329113924
primary,Y2:P_phys_fixed,chemsys_r5,102,0,0.01597444089,41,15,6,0.9577068417,63,0,0,79,2,0.0253164557
primary,Y2:P_phys_fixed,chemsys_r6,100,0,0.01609010459,12,3,19,0.9876802885,63,3,0.04761904762,75,4,0.05333333333
primary,Y2:P_phys_fixed,chemsys_r6,101,0,0.01609010459,1,1,21,0.9971254006,62,12,0.1935483871,74,12,0.1621621622
primary,Y2:P_phys_fixed,chemsys_r6,102,0,0.01609010459,5,1,20,0.9943709936,62,13,0.2096774194,74,13,0.1756756757
primary,Y2:P_phys_fixed,chemsys_r7,100,0,0.01641362331,19,10,21,0.95317736,62,13,0.2096774194,64,13,0.203125
primary,Y2:P_phys_fixed,chemsys_r7,101,0,0.01641362331,16,2,16,0.9900183899,62,4,0.06451612903,64,4,0.0625
primary,Y2:P_phys_fixed,chemsys_r7,102,0,0.01641362331,1,1,26,0.9991622395,61,7,0.1147540984,63,7,0.1111111111
primary,Y2:P_phys_fixed,chemsys_r8,100,0,0.01600640256,4,1,27,0.9949382224,63,16,0.253968254,75,16,0.2133333333
primary,Y2:P_phys_fixed,chemsys_r8,101,0,0.01600640256,1,1,22,0.9972100438,62,13,0.2096774194,74,14,0.1891891892
primary,Y2:P_phys_fixed,chemsys_r8,102,0,0.01600640256,7,6,26,0.9899262654,62,11,0.1774193548,74,12,0.1621621622
primary,Y2:P_phys_fixed,chemsys_r9,100,0,0.0162469537,1,1,16,0.9996460356,61,4,0.06557377049,71,4,0.05633802817
primary,Y2:P_phys_fixed,chemsys_r9,101,0,0.0162469537,3,2,18,0.998078479,62,4,0.06451612903,72,4,0.05555555556
primary,Y2:P_phys_fixed,chemsys_r9,102,0,0.0162469537,4,2,26,0.9946096278,62,16,0.2580645161,72,16,0.2222222222
primary,Y2:P_phys_fixed,random_r0,100,0,0.01602564103,4,1,26,0.9947525938,63,18,0.2857142857,74,20,0.2702702703
primary,Y2:P_phys_fixed,random_r0,101,0,0.01602564103,41,6,6,0.9800478851,63,0,0,74,0,0
primary,Y2:P_phys_fixed,random_r0,102,0,0.01602564103,1,1,17,0.9992418196,63,6,0.09523809524,74,6,0.08108108108
primary,Y2:P_phys_fixed,random_r1,100,0,0.01615508885,4,3,23,0.9958769107,63,13,0.2063492063,70,13,0.1857142857
primary,Y2:P_phys_fixed,random_r1,101,0,0.01615508885,10,8,18,0.9720635559,63,6,0.09523809524,71,6,0.08450704225
primary,Y2:P_phys_fixed,random_r1,102,0,0.01615508885,9,6,19,0.9825422365,63,8,0.126984127,71,9,0.1267605634
primary,Y2:P_phys_fixed,random_r2,100,0,0.01590457256,14,1,19,0.9931188119,64,9,0.140625,70,9,0.1285714286
primary,Y2:P_phys_fixed,random_r2,101,0,0.01590457256,22,5,15,0.9827524752,64,3,0.046875,70,3,0.04285714286
primary,Y2:P_phys_fixed,random_r2,102,0,0.01590457256,33,4,28,0.9818613861,64,16,0.25,70,17,0.2428571429
primary,Y2:P_phys_fixed,random_r3,100,0,0.01616161616,7,1,19,0.9944869215,63,6,0.09523809524,69,6,0.08695652174
primary,Y2:P_phys_fixed,random_r3,101,0,0.01616161616,13,7,18,0.9828169014,63,4,0.06349206349,69,4,0.05797101449
primary,Y2:P_phys_fixed,random_r3,102,0,0.01616161616,30,30,1,0.9562877264,63,1,0.01587301587,69,1,0.01449275362
primary,Y2:P_phys_fixed,random_r4,100,0,0.01607071113,5,5,16,0.981092437,63,7,0.1111111111,70,7,0.1
primary,Y2:P_phys_fixed,random_r4,101,0,0.01607071113,15,6,26,0.9712284914,63,18,0.2857142857,70,19,0.2714285714
primary,Y2:P_phys_fixed,random_r4,102,0,0.01607071113,3,2,18,0.9949379752,63,12,0.1904761905,70,12,0.1714285714
primary,Y2:P_phys_fixed,random_r5,100,0,0.01610954491,11,5,16,0.9863317288,63,1,0.01587301587,64,1,0.015625
primary,Y2:P_phys_fixed,random_r5,101,0,0.01610954491,3,3,16,0.9956377858,63,2,0.03174603175,64,2,0.03125
primary,Y2:P_phys_fixed,random_r5,102,0,0.01610954491,6,1,22,0.9933814681,62,14,0.2258064516,63,15,0.2380952381
primary,Y2:P_phys_fixed,random_r6,100,0,0.01620089105,9,4,16,0.9957946753,61,7,0.1147540984,78,7,0.08974358974
primary,Y2:P_phys_fixed,random_r6,101,0,0.01620089105,4,3,15,0.9942214603,62,5,0.08064516129,79,5,0.06329113924
primary,Y2:P_phys_fixed,random_r6,102,0,0.01620089105,4,1,25,0.9959762001,62,15,0.2419354839,79,16,0.2025316456
primary,Y2:P_phys_fixed,random_r7,100,0,0.01619433198,8,4,21,0.9912197581,61,20,0.3278688525,65,20,0.3076923077
primary,Y2:P_phys_fixed,random_r7,101,0,0.01619433198,2,1,15,0.998266129,62,4,0.06451612903,66,4,0.06060606061
primary,Y2:P_phys_fixed,random_r7,102,0,0.01619433198,10,5,17,0.9783366935,62,15,0.2419354839,66,15,0.2272727273
primary,Y2:P_phys_fixed,random_r8,100,0,0.01611603546,9,1,19,0.9880718299,62,17,0.2741935484,73,17,0.2328767123
primary,Y2:P_phys_fixed,random_r8,101,0,0.01611603546,10,10,12,0.9875100321,63,2,0.03174603175,74,2,0.02702702703
primary,Y2:P_phys_fixed,random_r8,102,0,0.01611603546,4,3,16,0.9896167737,63,2,0.03174603175,74,2,0.02702702703
primary,Y2:P_phys_fixed,random_r9,100,0,0.01621402513,3,2,18,0.9980722648,62,6,0.09677419355,74,6,0.08108108108
primary,Y2:P_phys_fixed,random_r9,101,0,0.01621402513,4,1,15,0.9977492935,62,5,0.08064516129,74,5,0.06756756757
primary,Y2:P_phys_fixed,random_r9,102,0,0.01621402513,27,2,10,0.9807731126,62,1,0.01612903226,74,1,0.01351351351
primary,Y2:P_phys_fixed,chemsys_r0,100,0.02,0.01620089105,31,8,18,0.9516538927,62,3,0.04838709677,67,3,0.0447761194
primary,Y2:P_phys_fixed,chemsys_r0,101,0.02,0.01620089105,10,1,19,0.9968031464,62,8,0.1290322581,66,8,0.1212121212
primary,Y2:P_phys_fixed,chemsys_r0,102,0.02,0.01620089105,29,1,21,0.9886345301,62,14,0.2258064516,67,15,0.223880597
primary,Y2:P_phys_fixed,chemsys_r1,100,0.02,0.01611603546,7,6,19,0.9889245586,63,7,0.1111111111,60,7,0.1166666667
primary,Y2:P_phys_fixed,chemsys_r1,101,0.02,0.01611603546,4,1,26,0.9925561798,62,22,0.3548387097,59,21,0.3559322034
primary,Y2:P_phys_fixed,chemsys_r1,102,0.02,0.01611603546,41,9,13,0.9743880417,63,0,0,60,0,0
primary,Y2:P_phys_fixed,chemsys_r2,100,0.02,0.01612903226,18,7,18,0.9789558233,63,4,0.06349206349,75,4,0.05333333333
primary,Y2:P_phys_fixed,chemsys_r2,101,0.02,0.01612903226,41,20,9,0.9528012048,63,0,0,75,0,0
primary,Y2:P_phys_fixed,chemsys_r2,102,0.02,0.01612903226,9,2,17,0.9942570281,63,5,0.07936507937,75,5,0.06666666667
primary,Y2:P_phys_fixed,chemsys_r3,100,0.02,0.01614856681,3,1,16,0.9993667069,61,6,0.09836065574,72,6,0.08333333333
primary,Y2:P_phys_fixed,chemsys_r3,101,0.02,0.01614856681,4,3,15,0.9968435867,63,4,0.06349206349,74,4,0.05405405405
primary,Y2:P_phys_fixed,chemsys_r3,102,0.02,0.01614856681,2,1,20,0.9991455569,62,12,0.1935483871,73,12,0.1643835616
primary,Y2:P_phys_fixed,chemsys_r4,100,0.02,0.01600640256,1,1,20,0.9979573535,62,10,0.1612903226,82,11,0.1341463415
primary,Y2:P_phys_fixed,chemsys_r4,101,0.02,0.01600640256,4,4,13,0.9957154245,63,3,0.04761904762,83,3,0.03614457831
primary,Y2:P_phys_fixed,chemsys_r4,102,0.02,0.01600640256,7,4,18,0.9913312077,63,6,0.09523809524,83,8,0.09638554217
primary,Y2:P_phys_fixed,chemsys_r5,100,0.02,0.01597444089,3,3,15,0.9977824185,63,7,0.1111111111,79,7,0.08860759494
primary,Y2:P_phys_fixed,chemsys_r5,101,0.02,0.01597444089,1,1,12,0.9998707239,63,4,0.06349206349,79,4,0.05063291139
primary,Y2:P_phys_fixed,chemsys_r5,102,0.02,0.01597444089,20,12,11,0.9725934765,63,1,0.01587301587,79,1,0.01265822785
primary,Y2:P_phys_fixed,chemsys_r6,100,0.02,0.01609010459,14,3,17,0.9873597756,63,3,0.04761904762,75,3,0.04
primary,Y2:P_phys_fixed,chemsys_r6,101,0.02,0.01609010459,1,1,19,0.9994791667,62,5,0.08064516129,74,5,0.06756756757
primary,Y2:P_phys_fixed,chemsys_r6,102,0.02,0.01609010459,3,2,18,0.9983573718,62,5,0.08064516129,74,5,0.06756756757
primary,Y2:P_phys_fixed,chemsys_r7,100,0.02,0.01641362331,35,8,17,0.9551389456,62,2,0.03225806452,64,2,0.03125
primary,Y2:P_phys_fixed,chemsys_r7,101,0.02,0.01641362331,9,1,19,0.9947282387,62,3,0.04838709677,64,3,0.046875
primary,Y2:P_phys_fixed,chemsys_r7,102,0.02,0.01641362331,2,2,24,0.9986922763,61,5,0.08196721311,63,5,0.07936507937
primary,Y2:P_phys_fixed,chemsys_r8,100,0.02,0.01600640256,7,1,24,0.9966121961,63,5,0.07936507937,75,7,0.09333333333
primary,Y2:P_phys_fixed,chemsys_r8,101,0.02,0.01600640256,1,1,22,1,62,6,0.09677419355,74,7,0.09459459459
primary,Y2:P_phys_fixed,chemsys_r8,102,0.02,0.01600640256,5,1,19,0.9973993623,62,6,0.09677419355,74,7,0.09459459459
primary,Y2:P_phys_fixed,chemsys_r9,100,0.02,0.0162469537,1,1,17,1,61,3,0.04918032787,71,3,0.04225352113
primary,Y2:P_phys_fixed,chemsys_r9,101,0.02,0.0162469537,3,3,18,0.9972188511,62,5,0.08064516129,72,5,0.06944444444
primary,Y2:P_phys_fixed,chemsys_r9,102,0.02,0.0162469537,5,3,20,0.9954288026,62,6,0.09677419355,72,6,0.08333333333
primary,Y2:P_phys_fixed,random_r0,100,0.02,0.01602564103,1,1,18,1,63,6,0.09523809524,74,6,0.08108108108
primary,Y2:P_phys_fixed,random_r0,101,0.02,0.01602564103,41,2,14,0.9800478851,63,0,0,74,0,0
primary,Y2:P_phys_fixed,random_r0,102,0.02,0.01602564103,1,1,17,0.9992418196,63,5,0.07936507937,74,5,0.06756756757
primary,Y2:P_phys_fixed,random_r1,100,0.02,0.01615508885,3,2,20,0.9984412711,63,6,0.09523809524,70,6,0.08571428571
primary,Y2:P_phys_fixed,random_r1,101,0.02,0.01615508885,7,4,21,0.9859714401,63,6,0.09523809524,71,6,0.08450704225
primary,Y2:P_phys_fixed,random_r1,102,0.02,0.01615508885,2,2,19,0.9973350764,63,6,0.09523809524,71,6,0.08450704225
primary,Y2:P_phys_fixed,random_r2,100,0.02,0.01590457256,7,1,20,0.9957425743,64,6,0.09375,70,6,0.08571428571
primary,Y2:P_phys_fixed,random_r2,101,0.02,0.01590457256,5,3,22,0.9952673267,64,6,0.09375,70,6,0.08571428571
primary,Y2:P_phys_fixed,random_r2,102,0.02,0.01590457256,9,3,17,0.9914455446,64,2,0.03125,70,2,0.02857142857
primary,Y2:P_phys_fixed,random_r3,100,0.02,0.01616161616,16,1,24,0.9890945674,63,4,0.06349206349,69,4,0.05797101449
primary,Y2:P_phys_fixed,random_r3,101,0.02,0.01616161616,34,5,19,0.9737625755,63,1,0.01587301587,69,1,0.01449275362
primary,Y2:P_phys_fixed,random_r3,102,0.02,0.01616161616,23,1,23,0.9857142857,63,3,0.04761904762,69,3,0.04347826087
primary,Y2:P_phys_fixed,random_r4,100,0.02,0.01607071113,4,4,23,0.993847539,63,4,0.06349206349,70,4,0.05714285714
primary,Y2:P_phys_fixed,random_r4,101,0.02,0.01607071113,41,10,14,0.9741696679,63,2,0.03174603175,70,4,0.05714285714
primary,Y2:P_phys_fixed,random_r4,102,0.02,0.01607071113,4,2,26,0.993447379,63,14,0.2222222222,70,14,0.2
primary,Y2:P_phys_fixed,random_r5,100,0.02,0.01610954491,10,4,19,0.9893802647,63,1,0.01587301587,64,1,0.015625
primary,Y2:P_phys_fixed,random_r5,101,0.02,0.01610954491,4,4,16,0.9953269154,63,2,0.03174603175,64,2,0.03125
primary,Y2:P_phys_fixed,random_r5,102,0.02,0.01610954491,8,3,18,0.9953569996,62,4,0.06451612903,63,4,0.06349206349
primary,Y2:P_phys_fixed,random_r6,100,0.02,0.01620089105,2,2,15,0.9995058491,61,3,0.04918032787,78,4,0.05128205128
primary,Y2:P_phys_fixed,random_r6,101,0.02,0.01620089105,12,3,17,0.9906313029,62,3,0.04838709677,79,3,0.03797468354
primary,Y2:P_phys_fixed,random_r6,102,0.02,0.01620089105,4,4,15,0.9938684954,62,4,0.06451612903,79,4,0.05063291139
primary,Y2:P_phys_fixed,random_r7,100,0.02,0.01619433198,2,2,18,0.9988004032,61,4,0.06557377049,65,4,0.06153846154
primary,Y2:P_phys_fixed,random_r7,101,0.02,0.01619433198,1,1,18,1,62,4,0.06451612903,66,4,0.06060606061
primary,Y2:P_phys_fixed,random_r7,102,0.02,0.01619433198,3,2,18,0.994858871,62,4,0.06451612903,66,4,0.06060606061
primary,Y2:P_phys_fixed,random_r8,100,0.02,0.01611603546,2,1,16,0.9993679775,62,3,0.04838709677,73,4,0.05479452055
primary,Y2:P_phys_fixed,random_r8,101,0.02,0.01611603546,5,5,14,0.9945124398,63,2,0.03174603175,74,2,0.02702702703
primary,Y2:P_phys_fixed,random_r8,102,0.02,0.01611603546,8,8,14,0.9844602729,63,2,0.03174603175,74,2,0.02702702703
primary,Y2:P_phys_fixed,random_r9,100,0.02,0.01621402513,2,1,17,0.9996972144,62,5,0.08064516129,74,5,0.06756756757
primary,Y2:P_phys_fixed,random_r9,101,0.02,0.01621402513,3,1,17,0.9992733145,62,4,0.06451612903,74,5,0.06756756757
primary,Y2:P_phys_fixed,random_r9,102,0.02,0.01621402513,30,1,19,0.9765845781,62,2,0.03225806452,74,2,0.02702702703
primary,Y2:P_phys_fixed,chemsys_r0,100,0.05,0.01620089105,4,4,22,0.9837131908,62,4,0.06451612903,67,4,0.05970149254
primary,Y2:P_phys_fixed,chemsys_r0,101,0.05,0.01620089105,12,1,21,0.9962182332,62,7,0.1129032258,66,7,0.1060606061
primary,Y2:P_phys_fixed,chemsys_r0,102,0.05,0.01620089105,15,1,18,0.9911456232,62,6,0.09677419355,67,6,0.08955223881
primary,Y2:P_phys_fixed,chemsys_r1,100,0.05,0.01611603546,15,2,20,0.9894863563,63,10,0.1587301587,60,8,0.1333333333
primary,Y2:P_phys_fixed,chemsys_r1,101,0.05,0.01611603546,2,1,20,0.9993980738,62,4,0.06451612903,59,4,0.06779661017
primary,Y2:P_phys_fixed,chemsys_r1,102,0.05,0.01611603546,16,8,22,0.9823134029,63,3,0.04761904762,60,3,0.05
primary,Y2:P_phys_fixed,chemsys_r2,100,0.05,0.01612903226,14,5,16,0.9880321285,63,3,0.04761904762,75,3,0.04
primary,Y2:P_phys_fixed,chemsys_r2,101,0.05,0.01612903226,41,19,12,0.9548393574,63,0,0,75,0,0
primary,Y2:P_phys_fixed,chemsys_r2,102,0.05,0.01612903226,4,2,16,0.9955421687,63,5,0.07936507937,75,5,0.06666666667
primary,Y2:P_phys_fixed,chemsys_r3,100,0.05,0.01614856681,2,1,15,0.9995778046,61,4,0.06557377049,72,4,0.05555555556
primary,Y2:P_phys_fixed,chemsys_r3,101,0.05,0.01614856681,3,2,15,0.9965319662,63,4,0.06349206349,74,4,0.05405405405
primary,Y2:P_phys_fixed,chemsys_r3,102,0.05,0.01614856681,3,3,20,0.9984016888,62,10,0.1612903226,73,11,0.1506849315
primary,Y2:P_phys_fixed,chemsys_r4,100,0.05,0.01600640256,1,1,16,0.9994320446,62,4,0.06451612903,82,5,0.06097560976
primary,Y2:P_phys_fixed,chemsys_r4,101,0.05,0.01600640256,3,3,16,0.9973096851,63,3,0.04761904762,83,3,0.03614457831
primary,Y2:P_phys_fixed,chemsys_r4,102,0.05,0.01600640256,3,3,17,0.9953467517,63,3,0.04761904762,83,3,0.03614457831
primary,Y2:P_phys_fixed,chemsys_r5,100,0.05,0.01597444089,2,1,14,0.9990851233,63,6,0.09523809524,79,7,0.08860759494
primary,Y2:P_phys_fixed,chemsys_r5,101,0.05,0.01597444089,1,1,13,0.9998707239,63,5,0.07936507937,79,5,0.06329113924
primary,Y2:P_phys_fixed,chemsys_r5,102,0.05,0.01597444089,25,14,9,0.9692124105,63,2,0.03174603175,79,2,0.0253164557
primary,Y2:P_phys_fixed,chemsys_r6,100,0.05,0.01609010459,7,6,18,0.9914763622,63,3,0.04761904762,75,3,0.04
primary,Y2:P_phys_fixed,chemsys_r6,101,0.05,0.01609010459,3,1,19,0.9995693109,62,5,0.08064516129,74,5,0.06756756757
primary,Y2:P_phys_fixed,chemsys_r6,102,0.05,0.01609010459,3,2,19,0.9983573718,62,5,0.08064516129,74,5,0.06756756757
primary,Y2:P_phys_fixed,chemsys_r7,100,0.05,0.01641362331,41,10,12,0.9571107479,62,0,0,64,0,0
primary,Y2:P_phys_fixed,chemsys_r7,101,0.05,0.01641362331,9,1,20,0.9946669391,62,4,0.06451612903,64,4,0.0625
primary,Y2:P_phys_fixed,chemsys_r7,102,0.05,0.01641362331,3,3,21,0.9980792808,61,6,0.09836065574,63,6,0.09523809524
primary,Y2:P_phys_fixed,chemsys_r8,100,0.05,0.01600640256,8,3,21,0.9942407334,63,4,0.06349206349,75,4,0.05333333333
primary,Y2:P_phys_fixed,chemsys_r8,101,0.05,0.01600640256,1,1,21,1,62,7,0.1129032258,74,7,0.09459459459
primary,Y2:P_phys_fixed,chemsys_r8,102,0.05,0.01600640256,4,1,16,0.9976683938,62,4,0.06451612903,74,5,0.06756756757
primary,Y2:P_phys_fixed,chemsys_r9,100,0.05,0.0162469537,1,1,16,1,61,3,0.04918032787,71,3,0.04225352113
primary,Y2:P_phys_fixed,chemsys_r9,101,0.05,0.0162469537,3,3,18,0.9972188511,62,4,0.06451612903,72,4,0.05555555556
primary,Y2:P_phys_fixed,chemsys_r9,102,0.05,0.0162469537,4,2,20,0.9967839806,62,3,0.04838709677,72,4,0.05555555556
primary,Y2:P_phys_fixed,random_r0,100,0.05,0.01602564103,1,1,17,1,63,6,0.09523809524,74,6,0.08108108108
primary,Y2:P_phys_fixed,random_r0,101,0.05,0.01602564103,41,2,13,0.9800478851,63,0,0,74,0,0
primary,Y2:P_phys_fixed,random_r0,102,0.05,0.01602564103,1,1,15,0.9992418196,63,5,0.07936507937,74,5,0.06756756757
primary,Y2:P_phys_fixed,random_r1,100,0.05,0.01615508885,4,4,18,0.9974054706,63,5,0.07936507937,70,5,0.07142857143
primary,Y2:P_phys_fixed,random_r1,101,0.05,0.01615508885,7,4,22,0.9859211585,63,7,0.1111111111,71,7,0.0985915493
primary,Y2:P_phys_fixed,random_r1,102,0.05,0.01615508885,16,1,25,0.9847646822,63,8,0.126984127,71,9,0.1267605634
primary,Y2:P_phys_fixed,random_r2,100,0.05,0.01590457256,3,3,17,0.9952574257,64,3,0.046875,70,3,0.04285714286
primary,Y2:P_phys_fixed,random_r2,101,0.05,0.01590457256,3,3,18,0.9967029703,64,3,0.046875,70,3,0.04285714286
primary,Y2:P_phys_fixed,random_r2,102,0.05,0.01590457256,5,5,16,0.9913960396,64,2,0.03125,70,2,0.02857142857
primary,Y2:P_phys_fixed,random_r3,100,0.05,0.01616161616,20,1,21,0.9861971831,63,3,0.04761904762,69,3,0.04347826087
primary,Y2:P_phys_fixed,random_r3,101,0.05,0.01616161616,23,5,20,0.9770422535,63,4,0.06349206349,69,4,0.05797101449
primary,Y2:P_phys_fixed,random_r3,102,0.05,0.01616161616,6,1,18,0.9963782696,63,4,0.06349206349,69,4,0.05797101449
primary,Y2:P_phys_fixed,random_r4,100,0.05,0.01607071113,4,3,17,0.9953781513,63,7,0.1111111111,70,7,0.1
primary,Y2:P_phys_fixed,random_r4,101,0.05,0.01607071113,41,10,13,0.9740796319,63,1,0.01587301587,70,3,0.04285714286
primary,Y2:P_phys_fixed,random_r4,102,0.05,0.01607071113,9,1,17,0.9932372949,63,4,0.06349206349,70,4,0.05714285714
primary,Y2:P_phys_fixed,random_r5,100,0.05,0.01610954491,8,3,21,0.991967509,63,2,0.03174603175,64,2,0.03125
primary,Y2:P_phys_fixed,random_r5,101,0.05,0.01610954491,16,3,20,0.9888588047,63,2,0.03174603175,64,2,0.03125
primary,Y2:P_phys_fixed,random_r5,102,0.05,0.01610954491,8,1,21,0.9961492178,62,4,0.06451612903,63,5,0.07936507937
primary,Y2:P_phys_fixed,random_r6,100,0.05,0.01620089105,2,2,16,0.9995058491,61,3,0.04918032787,78,4,0.05128205128
primary,Y2:P_phys_fixed,random_r6,101,0.05,0.01620089105,22,4,19,0.9811819282,62,3,0.04838709677,79,3,0.03797468354
primary,Y2:P_phys_fixed,random_r6,102,0.05,0.01620089105,6,6,14,0.9908531666,62,3,0.04838709677,79,4,0.05063291139
primary,Y2:P_phys_fixed,random_r7,100,0.05,0.01619433198,2,2,19,0.9987096774,61,5,0.08196721311,65,5,0.07692307692
primary,Y2:P_phys_fixed,random_r7,101,0.05,0.01619433198,1,1,16,1,62,3,0.04838709677,66,3,0.04545454545
primary,Y2:P_phys_fixed,random_r7,102,0.05,0.01619433198,4,4,17,0.9915826613,62,3,0.04838709677,66,3,0.04545454545
primary,Y2:P_phys_fixed,random_r8,100,0.05,0.01611603546,2,1,16,0.9992676565,62,2,0.03225806452,73,2,0.02739726027
primary,Y2:P_phys_fixed,random_r8,101,0.05,0.01611603546,5,5,16,0.9945124398,63,3,0.04761904762,74,3,0.04054054054
primary,Y2:P_phys_fixed,random_r8,102,0.05,0.01611603546,23,11,16,0.9738764045,63,1,0.01587301587,74,1,0.01351351351
primary,Y2:P_phys_fixed,random_r9,100,0.05,0.01621402513,2,1,18,0.9996972144,62,4,0.06451612903,74,4,0.05405405405
primary,Y2:P_phys_fixed,random_r9,101,0.05,0.01621402513,1,1,15,1,62,2,0.03225806452,74,2,0.02702702703
primary,Y2:P_phys_fixed,random_r9,102,0.05,0.01621402513,37,1,12,0.9759890997,62,1,0.01612903226,74,1,0.01351351351
primary,Y2:P_phys_fixed,chemsys_r0,100,0.1,0.01620089105,13,3,24,0.9815752319,62,4,0.06451612903,67,4,0.05970149254
primary,Y2:P_phys_fixed,chemsys_r0,101,0.1,0.01620089105,5,1,20,0.9984671238,62,6,0.09677419355,66,6,0.09090909091
primary,Y2:P_phys_fixed,chemsys_r0,102,0.1,0.01620089105,28,1,16,0.9741125454,62,3,0.04838709677,67,3,0.0447761194
primary,Y2:P_phys_fixed,chemsys_r1,100,0.1,0.01611603546,2,2,18,0.998144061,63,6,0.09523809524,60,6,0.1
primary,Y2:P_phys_fixed,chemsys_r1,101,0.1,0.01611603546,3,2,20,0.9992576244,62,3,0.04838709677,59,3,0.05084745763
primary,Y2:P_phys_fixed,chemsys_r1,102,0.1,0.01611603546,4,2,21,0.9962379615,63,4,0.06349206349,60,4,0.06666666667
primary,Y2:P_phys_fixed,chemsys_r2,100,0.1,0.01612903226,15,5,16,0.9878212851,63,3,0.04761904762,75,3,0.04
primary,Y2:P_phys_fixed,chemsys_r2,101,0.1,0.01612903226,41,19,10,0.9542269076,63,0,0,75,0,0
primary,Y2:P_phys_fixed,chemsys_r2,102,0.1,0.01612903226,2,2,18,0.9963052209,63,6,0.09523809524,75,6,0.08
primary,Y2:P_phys_fixed,chemsys_r3,100,0.1,0.01614856681,2,1,14,0.9995577,61,3,0.04918032787,72,3,0.04166666667
primary,Y2:P_phys_fixed,chemsys_r3,101,0.1,0.01614856681,2,2,16,0.996521914,63,4,0.06349206349,74,4,0.05405405405
primary,Y2:P_phys_fixed,chemsys_r3,102,0.1,0.01614856681,4,3,18,0.999185766,62,6,0.09677419355,73,6,0.08219178082
primary,Y2:P_phys_fixed,chemsys_r4,100,0.1,0.01600640256,1,1,17,0.9997608609,62,4,0.06451612903,82,4,0.0487804878
primary,Y2:P_phys_fixed,chemsys_r4,101,0.1,0.01600640256,2,2,15,0.9986548426,63,2,0.03174603175,83,2,0.02409638554
primary,Y2:P_phys_fixed,chemsys_r4,102,0.1,0.01600640256,4,2,18,0.996064169,63,3,0.04761904762,83,4,0.04819277108
primary,Y2:P_phys_fixed,chemsys_r5,100,0.1,0.01597444089,2,1,11,0.9990851233,63,4,0.06349206349,79,4,0.05063291139
primary,Y2:P_phys_fixed,chemsys_r5,101,0.1,0.01597444089,1,1,16,0.9999005569,63,6,0.09523809524,79,6,0.07594936709
primary,Y2:P_phys_fixed,chemsys_r5,102,0.1,0.01597444089,25,15,10,0.9682179793,63,2,0.03174603175,79,2,0.0253164557
primary,Y2:P_phys_fixed,chemsys_r6,100,0.1,0.01609010459,17,1,19,0.9857572115,63,3,0.04761904762,75,3,0.04
primary,Y2:P_phys_fixed,chemsys_r6,101,0.1,0.01609010459,2,1,20,0.9998497596,62,5,0.08064516129,74,5,0.06756756757
primary,Y2:P_phys_fixed,chemsys_r6,102,0.1,0.01609010459,3,3,19,0.9984975962,62,2,0.03225806452,74,2,0.02702702703
primary,Y2:P_phys_fixed,chemsys_r7,100,0.1,0.01641362331,40,14,15,0.9439211279,62,0,0,64,0,0
primary,Y2:P_phys_fixed,chemsys_r7,101,0.1,0.01641362331,8,1,20,0.9953718839,62,4,0.06451612903,64,4,0.0625
primary,Y2:P_phys_fixed,chemsys_r7,102,0.1,0.01641362331,8,7,20,0.9943093584,61,4,0.06557377049,63,4,0.06349206349
primary,Y2:P_phys_fixed,chemsys_r8,100,0.1,0.01600640256,6,4,20,0.9926365086,63,3,0.04761904762,75,3,0.04
primary,Y2:P_phys_fixed,chemsys_r8,101,0.1,0.01600640256,1,1,18,1,62,4,0.06451612903,74,4,0.05405405405
primary,Y2:P_phys_fixed,chemsys_r8,102,0.1,0.01600640256,3,1,20,0.9987345556,62,5,0.08064516129,74,5,0.06756756757
primary,Y2:P_phys_fixed,chemsys_r9,100,0.1,0.0162469537,1,1,18,1,61,3,0.04918032787,71,3,0.04225352113
primary,Y2:P_phys_fixed,chemsys_r9,101,0.1,0.0162469537,3,3,16,0.9972188511,62,3,0.04838709677,72,3,0.04166666667
primary,Y2:P_phys_fixed,chemsys_r9,102,0.1,0.0162469537,5,3,19,0.9948321197,62,2,0.03225806452,72,2,0.02777777778
primary,Y2:P_phys_fixed,random_r0,100,0.1,0.01602564103,1,1,19,1,63,6,0.09523809524,74,6,0.08108108108
primary,Y2:P_phys_fixed,random_r0,101,0.1,0.01602564103,41,2,15,0.9803072626,63,0,0,74,0,0
primary,Y2:P_phys_fixed,random_r0,102,0.1,0.01602564103,1,1,16,0.9993316042,63,5,0.07936507937,74,5,0.06756756757
primary,Y2:P_phys_fixed,random_r1,100,0.1,0.01615508885,5,2,20,0.997224457,63,6,0.09523809524,70,6,0.08571428571
primary,Y2:P_phys_fixed,random_r1,101,0.1,0.01615508885,5,3,22,0.9905068383,63,6,0.09523809524,71,6,0.08450704225
primary,Y2:P_phys_fixed,random_r1,102,0.1,0.01615508885,16,1,19,0.9856898632,63,4,0.06349206349,71,5,0.07042253521
primary,Y2:P_phys_fixed,random_r2,100,0.1,0.01590457256,2,2,17,0.9968613861,64,3,0.046875,70,3,0.04285714286
primary,Y2:P_phys_fixed,random_r2,101,0.1,0.01590457256,3,3,18,0.9967128713,64,3,0.046875,70,3,0.04285714286
primary,Y2:P_phys_fixed,random_r2,102,0.1,0.01590457256,9,3,18,0.9882871287,64,2,0.03125,70,2,0.02857142857
primary,Y2:P_phys_fixed,random_r3,100,0.1,0.01616161616,12,1,21,0.991971831,63,4,0.06349206349,69,4,0.05797101449
primary,Y2:P_phys_fixed,random_r3,101,0.1,0.01616161616,17,5,21,0.982082495,63,4,0.06349206349,69,4,0.05797101449
primary,Y2:P_phys_fixed,random_r3,102,0.1,0.01616161616,5,1,19,0.9971026157,63,5,0.07936507937,69,5,0.07246376812
primary,Y2:P_phys_fixed,random_r4,100,0.1,0.01607071113,3,2,17,0.9973189276,63,5,0.07936507937,70,5,0.07142857143
primary,Y2:P_phys_fixed,random_r4,101,0.1,0.01607071113,41,15,10,0.962384954,63,0,0,70,0,0
primary,Y2:P_phys_fixed,random_r4,102,0.1,0.01607071113,12,1,17,0.9920668267,63,2,0.03174603175,70,2,0.02857142857
primary,Y2:P_phys_fixed,random_r5,100,0.1,0.01610954491,7,3,21,0.9924388287,63,2,0.03174603175,64,2,0.03125
primary,Y2:P_phys_fixed,random_r5,101,0.1,0.01610954491,14,2,20,0.9909747292,63,2,0.03174603175,64,2,0.03125
primary,Y2:P_phys_fixed,random_r5,102,0.1,0.01610954491,7,1,20,0.996811071,62,2,0.03225806452,63,3,0.04761904762
primary,Y2:P_phys_fixed,random_r6,100,0.1,0.01620089105,1,1,17,0.9999899153,61,3,0.04918032787,78,4,0.05128205128
primary,Y2:P_phys_fixed,random_r6,101,0.1,0.01620089105,13,4,15,0.9885437676,62,3,0.04838709677,79,4,0.05063291139
primary,Y2:P_phys_fixed,random_r6,102,0.1,0.01620089105,4,4,17,0.994231545,62,3,0.04838709677,79,4,0.05063291139
primary,Y2:P_phys_fixed,random_r7,100,0.1,0.01619433198,2,2,18,0.998608871,61,4,0.06557377049,65,4,0.06153846154
primary,Y2:P_phys_fixed,random_r7,101,0.1,0.01619433198,2,1,17,0.9997076613,62,4,0.06451612903,66,4,0.06060606061
primary,Y2:P_phys_fixed,random_r7,102,0.1,0.01619433198,6,6,16,0.9884778226,62,2,0.03225806452,66,2,0.0303030303
primary,Y2:P_phys_fixed,random_r8,100,0.1,0.01611603546,1,1,16,1,62,3,0.04838709677,73,3,0.04109589041
primary,Y2:P_phys_fixed,random_r8,101,0.1,0.01611603546,9,4,19,0.9912520064,63,4,0.06349206349,74,4,0.05405405405
primary,Y2:P_phys_fixed,random_r8,102,0.1,0.01611603546,14,9,17,0.9777788925,63,3,0.04761904762,74,3,0.04054054054
primary,Y2:P_phys_fixed,random_r9,100,0.1,0.01621402513,2,1,20,0.9994045216,62,4,0.06451612903,74,4,0.05405405405
primary,Y2:P_phys_fixed,random_r9,101,0.1,0.01621402513,1,1,16,1,62,2,0.03225806452,74,2,0.02702702703
primary,Y2:P_phys_fixed,random_r9,102,0.1,0.01621402513,13,1,21,0.9901392814,62,4,0.06451612903,74,4,0.05405405405
primary,Y2:P_phys_fixed,chemsys_r0,100,0.25,0.01620089105,10,2,20,0.9882916499,62,2,0.03225806452,67,2,0.02985074627
primary,Y2:P_phys_fixed,chemsys_r0,101,0.25,0.01620089105,3,1,20,0.9992335619,62,5,0.08064516129,66,5,0.07575757576
primary,Y2:P_phys_fixed,chemsys_r0,102,0.25,0.01620089105,31,15,12,0.9648547802,62,0,0,67,0,0
primary,Y2:P_phys_fixed,chemsys_r1,100,0.25,0.01611603546,4,1,19,0.9971107544,63,2,0.03174603175,60,2,0.03333333333
primary,Y2:P_phys_fixed,chemsys_r1,101,0.25,0.01611603546,1,1,16,1,62,1,0.01612903226,59,1,0.01694915254
primary,Y2:P_phys_fixed,chemsys_r1,102,0.25,0.01611603546,5,2,19,0.9956560995,63,2,0.03174603175,60,2,0.03333333333
primary,Y2:P_phys_fixed,chemsys_r2,100,0.25,0.01612903226,9,2,18,0.9940763052,63,3,0.04761904762,75,3,0.04
primary,Y2:P_phys_fixed,chemsys_r2,101,0.25,0.01612903226,35,18,13,0.9586044177,63,0,0,75,0,0
primary,Y2:P_phys_fixed,chemsys_r2,102,0.25,0.01612903226,2,2,17,0.9974497992,63,4,0.06349206349,75,4,0.05333333333
primary,Y2:P_phys_fixed,chemsys_r3,100,0.25,0.01614856681,2,1,15,0.9995778046,61,4,0.06557377049,72,4,0.05555555556
primary,Y2:P_phys_fixed,chemsys_r3,101,0.25,0.01614856681,3,2,15,0.9961097708,63,3,0.04761904762,74,3,0.04054054054
primary,Y2:P_phys_fixed,chemsys_r3,102,0.25,0.01614856681,3,2,18,0.9994571773,62,8,0.1290322581,73,8,0.1095890411
primary,Y2:P_phys_fixed,chemsys_r4,100,0.25,0.01600640256,1,1,17,0.9999402152,62,2,0.03225806452,82,4,0.0487804878
primary,Y2:P_phys_fixed,chemsys_r4,101,0.25,0.01600640256,1,1,16,1,63,2,0.03174603175,83,3,0.03614457831
primary,Y2:P_phys_fixed,chemsys_r4,102,0.25,0.01600640256,4,2,18,0.996064169,63,2,0.03174603175,83,3,0.03614457831
primary,Y2:P_phys_fixed,chemsys_r5,100,0.25,0.01597444089,2,1,12,0.9990851233,63,3,0.04761904762,79,3,0.03797468354
primary,Y2:P_phys_fixed,chemsys_r5,101,0.25,0.01597444089,1,1,15,0.9999204455,63,4,0.06349206349,79,5,0.06329113924
primary,Y2:P_phys_fixed,chemsys_r5,102,0.25,0.01597444089,22,14,10,0.9713902148,63,2,0.03174603175,79,2,0.0253164557
primary,Y2:P_phys_fixed,chemsys_r6,100,0.25,0.01609010459,18,1,19,0.9849959936,63,1,0.01587301587,75,1,0.01333333333
primary,Y2:P_phys_fixed,chemsys_r6,101,0.25,0.01609010459,1,1,17,1,62,2,0.03225806452,74,2,0.02702702703
primary,Y2:P_phys_fixed,chemsys_r6,102,0.25,0.01609010459,2,2,19,0.999208734,62,1,0.01612903226,74,1,0.01351351351
primary,Y2:P_phys_fixed,chemsys_r7,100,0.25,0.01641362331,33,13,18,0.9536677564,62,0,0,64,0,0
primary,Y2:P_phys_fixed,chemsys_r7,101,0.25,0.01641362331,8,2,23,0.9954229669,62,4,0.06451612903,64,4,0.0625
primary,Y2:P_phys_fixed,chemsys_r7,102,0.25,0.01641362331,6,6,17,0.9957805476,61,2,0.03278688525,63,2,0.03174603175
primary,Y2:P_phys_fixed,chemsys_r8,100,0.25,0.01600640256,8,8,18,0.9890892786,63,3,0.04761904762,75,4,0.05333333333
primary,Y2:P_phys_fixed,chemsys_r8,101,0.25,0.01600640256,1,1,19,1,62,4,0.06451612903,74,4,0.05405405405
primary,Y2:P_phys_fixed,chemsys_r8,102,0.25,0.01600640256,1,1,19,1,62,3,0.04838709677,74,4,0.05405405405
primary,Y2:P_phys_fixed,chemsys_r9,100,0.25,0.0162469537,1,1,17,1,61,3,0.04918032787,71,3,0.04225352113
primary,Y2:P_phys_fixed,chemsys_r9,101,0.25,0.0162469537,4,4,16,0.9959546926,62,3,0.04838709677,72,3,0.04166666667
primary,Y2:P_phys_fixed,chemsys_r9,102,0.25,0.0162469537,5,1,19,0.9970368123,62,2,0.03225806452,72,2,0.02777777778
primary,Y2:P_phys_fixed,random_r0,100,0.25,0.01602564103,1,1,16,1,63,1,0.01587301587,74,1,0.01351351351
primary,Y2:P_phys_fixed,random_r0,101,0.25,0.01602564103,10,2,20,0.9955107741,63,1,0.01587301587,74,1,0.01351351351
primary,Y2:P_phys_fixed,random_r0,102,0.25,0.01602564103,1,1,18,1,63,6,0.09523809524,74,6,0.08108108108
primary,Y2:P_phys_fixed,random_r1,100,0.25,0.01615508885,1,1,18,1,63,4,0.06349206349,70,4,0.05714285714
primary,Y2:P_phys_fixed,random_r1,101,0.25,0.01615508885,5,3,20,0.9905571199,63,3,0.04761904762,71,3,0.04225352113
primary,Y2:P_phys_fixed,random_r1,102,0.25,0.01615508885,1,1,20,1,63,4,0.06349206349,71,4,0.05633802817
primary,Y2:P_phys_fixed,random_r2,100,0.25,0.01590457256,2,2,18,0.9975940594,64,3,0.046875,70,3,0.04285714286
primary,Y2:P_phys_fixed,random_r2,101,0.25,0.01590457256,4,1,19,0.996029703,64,3,0.046875,70,3,0.04285714286
primary,Y2:P_phys_fixed,random_r2,102,0.25,0.01590457256,17,3,18,0.9827722772,64,2,0.03125,70,2,0.02857142857
primary,Y2:P_phys_fixed,random_r3,100,0.25,0.01616161616,10,1,20,0.9934205231,63,3,0.04761904762,69,3,0.04347826087
primary,Y2:P_phys_fixed,random_r3,101,0.25,0.01616161616,16,2,22,0.9864386318,63,3,0.04761904762,69,3,0.04347826087
primary,Y2:P_phys_fixed,random_r3,102,0.25,0.01616161616,5,1,18,0.9971026157,63,4,0.06349206349,69,4,0.05797101449
primary,Y2:P_phys_fixed,random_r4,100,0.25,0.01607071113,3,2,16,0.9972889156,63,3,0.04761904762,70,3,0.04285714286
primary,Y2:P_phys_fixed,random_r4,101,0.25,0.01607071113,4,3,19,0.9928471389,63,4,0.06349206349,70,4,0.05714285714
primary,Y2:P_phys_fixed,random_r4,102,0.25,0.01607071113,7,1,17,0.9952380952,63,2,0.03174603175,70,2,0.02857142857
primary,Y2:P_phys_fixed,random_r5,100,0.25,0.01610954491,4,4,17,0.9941837144,63,2,0.03174603175,64,2,0.03125
primary,Y2:P_phys_fixed,random_r5,101,0.25,0.01610954491,8,1,20,0.995657842,63,2,0.03174603175,64,2,0.03125
primary,Y2:P_phys_fixed,random_r5,102,0.25,0.01610954491,3,1,17,0.9987164059,62,1,0.01612903226,63,1,0.01587301587
primary,Y2:P_phys_fixed,random_r6,100,0.25,0.01620089105,1,1,16,0.9999596612,61,2,0.03278688525,78,3,0.03846153846
primary,Y2:P_phys_fixed,random_r6,101,0.25,0.01620089105,12,11,15,0.982795482,62,2,0.03225806452,79,3,0.03797468354
primary,Y2:P_phys_fixed,random_r6,102,0.25,0.01620089105,1,1,16,0.9999596612,62,2,0.03225806452,79,3,0.03797468354
primary,Y2:P_phys_fixed,random_r7,100,0.25,0.01619433198,2,2,17,0.9985987903,61,2,0.03278688525,65,2,0.03076923077
primary,Y2:P_phys_fixed,random_r7,101,0.25,0.01619433198,2,1,18,0.9996370968,62,1,0.01612903226,66,1,0.01515151515
primary,Y2:P_phys_fixed,random_r7,102,0.25,0.01619433198,5,5,18,0.9905947581,62,2,0.03225806452,66,2,0.0303030303
primary,Y2:P_phys_fixed,random_r8,100,0.25,0.01611603546,1,1,17,1,62,2,0.03225806452,73,2,0.02739726027
primary,Y2:P_phys_fixed,random_r8,101,0.25,0.01611603546,2,2,17,0.9986155698,63,3,0.04761904762,74,3,0.04054054054
primary,Y2:P_phys_fixed,random_r8,102,0.25,0.01611603546,8,7,16,0.9828852327,63,2,0.03174603175,74,2,0.02702702703
primary,Y2:P_phys_fixed,random_r9,100,0.25,0.01621402513,2,1,16,0.9995357287,62,2,0.03225806452,74,3,0.04054054054
primary,Y2:P_phys_fixed,random_r9,101,0.25,0.01621402513,1,1,16,1,62,2,0.03225806452,74,2,0.02702702703
primary,Y2:P_phys_fixed,random_r9,102,0.25,0.01621402513,9,1,18,0.9939947517,62,2,0.03225806452,74,2,0.02702702703
primary,Y2:P_phys_fixed,chemsys_r0,100,0.5,0.01620089105,4,4,19,0.9947660347,62,0,0,67,1,0.01492537313
primary,Y2:P_phys_fixed,chemsys_r0,101,0.5,0.01620089105,1,1,18,0.9996672045,62,1,0.01612903226,66,1,0.01515151515
primary,Y2:P_phys_fixed,chemsys_r0,102,0.5,0.01620089105,15,8,18,0.9820895522,62,0,0,67,1,0.01492537313
primary,Y2:P_phys_fixed,chemsys_r1,100,0.5,0.01611603546,8,1,19,0.9944823435,63,0,0,60,0,0
primary,Y2:P_phys_fixed,chemsys_r1,101,0.5,0.01611603546,1,1,18,1,62,0,0,59,0,0
primary,Y2:P_phys_fixed,chemsys_r1,102,0.5,0.01611603546,8,6,20,0.9886135634,63,0,0,60,0,0
primary,Y2:P_phys_fixed,chemsys_r2,100,0.5,0.01612903226,2,2,14,0.9974899598,63,0,0,75,0,0
primary,Y2:P_phys_fixed,chemsys_r2,101,0.5,0.01612903226,27,14,14,0.9682128514,63,0,0,75,0,0
primary,Y2:P_phys_fixed,chemsys_r2,102,0.5,0.01612903226,1,1,17,0.9997590361,63,1,0.01587301587,75,1,0.01333333333
primary,Y2:P_phys_fixed,chemsys_r3,100,0.5,0.01614856681,2,1,17,0.9992561319,61,2,0.03278688525,72,2,0.02777777778
primary,Y2:P_phys_fixed,chemsys_r3,101,0.5,0.01614856681,2,1,16,0.9993264978,63,0,0,74,0,0
primary,Y2:P_phys_fixed,chemsys_r3,102,0.5,0.01614856681,5,3,17,0.9989043024,62,4,0.06451612903,73,4,0.05479452055
primary,Y2:P_phys_fixed,chemsys_r4,100,0.5,0.01600640256,1,1,16,0.9999701076,62,0,0,82,1,0.01219512195
primary,Y2:P_phys_fixed,chemsys_r4,101,0.5,0.01600640256,1,1,15,0.9996811479,63,1,0.01587301587,83,2,0.02409638554
primary,Y2:P_phys_fixed,chemsys_r4,102,0.5,0.01600640256,4,2,14,0.9959645277,63,0,0,83,0,0
primary,Y2:P_phys_fixed,chemsys_r5,100,0.5,0.01597444089,1,1,13,0.9997812251,63,1,0.01587301587,79,1,0.01265822785
primary,Y2:P_phys_fixed,chemsys_r5,101,0.5,0.01597444089,1,1,14,0.9998607796,63,0,0,79,1,0.01265822785
primary,Y2:P_phys_fixed,chemsys_r5,102,0.5,0.01597444089,26,14,11,0.9684864757,63,0,0,79,0,0
primary,Y2:P_phys_fixed,chemsys_r6,100,0.5,0.01609010459,15,1,18,0.9874298878,63,0,0,75,0,0
primary,Y2:P_phys_fixed,chemsys_r6,101,0.5,0.01609010459,1,1,17,1,62,1,0.01612903226,74,1,0.01351351351
primary,Y2:P_phys_fixed,chemsys_r6,102,0.5,0.01609010459,3,2,17,0.9989082532,62,0,0,74,0,0
primary,Y2:P_phys_fixed,chemsys_r7,100,0.5,0.01641362331,1,1,18,0.9998365345,62,0,0,64,1,0.015625
primary,Y2:P_phys_fixed,chemsys_r7,101,0.5,0.01641362331,10,2,21,0.9941458929,62,0,0,64,0,0
primary,Y2:P_phys_fixed,chemsys_r7,102,0.5,0.01641362331,5,5,18,0.9968532897,61,0,0,63,0,0
primary,Y2:P_phys_fixed,chemsys_r8,100,0.5,0.01600640256,7,7,18,0.9901554404,63,1,0.01587301587,75,1,0.01333333333
primary,Y2:P_phys_fixed,chemsys_r8,101,0.5,0.01600640256,1,1,17,1,62,0,0,74,0,0
primary,Y2:P_phys_fixed,chemsys_r8,102,0.5,0.01600640256,1,1,18,1,62,0,0,74,0,0
primary,Y2:P_phys_fixed,chemsys_r9,100,0.5,0.0162469537,1,1,16,1,61,1,0.01639344262,71,1,0.01408450704
primary,Y2:P_phys_fixed,chemsys_r9,101,0.5,0.0162469537,4,4,15,0.9960254854,62,1,0.01612903226,72,1,0.01388888889
primary,Y2:P_phys_fixed,chemsys_r9,102,0.5,0.0162469537,4,1,18,0.9973199838,62,0,0,72,0,0
primary,Y2:P_phys_fixed,random_r0,100,0.5,0.01602564103,1,1,15,1,63,0,0,74,0,0
primary,Y2:P_phys_fixed,random_r0,101,0.5,0.01602564103,3,1,17,0.9985933759,63,0,0,74,0,0
primary,Y2:P_phys_fixed,random_r0,102,0.5,0.01602564103,1,1,15,0.9998802873,63,0,0,74,0,0
primary,Y2:P_phys_fixed,random_r1,100,0.5,0.01615508885,1,1,16,1,63,0,0,70,0,0
primary,Y2:P_phys_fixed,random_r1,101,0.5,0.01615508885,5,3,18,0.9899738536,63,1,0.01587301587,71,1,0.01408450704
primary,Y2:P_phys_fixed,random_r1,102,0.5,0.01615508885,1,1,19,1,63,0,0,71,0,0
primary,Y2:P_phys_fixed,random_r2,100,0.5,0.01590457256,1,1,16,0.9994455446,64,0,0,70,0,0
primary,Y2:P_phys_fixed,random_r2,101,0.5,0.01590457256,7,1,17,0.9943861386,64,0,0,70,0,0
primary,Y2:P_phys_fixed,random_r2,102,0.5,0.01590457256,11,2,17,0.9895148515,64,0,0,70,0,0
primary,Y2:P_phys_fixed,random_r3,100,0.5,0.01616161616,11,1,19,0.9925955734,63,0,0,69,0,0
primary,Y2:P_phys_fixed,random_r3,101,0.5,0.01616161616,17,2,19,0.9856639839,63,0,0,69,0,0
primary,Y2:P_phys_fixed,random_r3,102,0.5,0.01616161616,8,1,18,0.9949295775,63,2,0.03174603175,69,2,0.02898550725
primary,Y2:P_phys_fixed,random_r4,100,0.5,0.01607071113,2,1,16,0.9996498599,63,0,0,70,0,0
primary,Y2:P_phys_fixed,random_r4,101,0.5,0.01607071113,1,1,16,0.99979992,63,0,0,70,0,0
primary,Y2:P_phys_fixed,random_r4,102,0.5,0.01607071113,2,1,17,0.9986694678,63,0,0,70,0,0
primary,Y2:P_phys_fixed,random_r5,100,0.5,0.01610954491,4,4,17,0.994263939,63,1,0.01587301587,64,1,0.015625
primary,Y2:P_phys_fixed,random_r5,101,0.5,0.01610954491,1,1,17,0.9996891296,63,0,0,64,0,0
primary,Y2:P_phys_fixed,random_r5,102,0.5,0.01610954491,7,2,16,0.9958985158,62,0,0,63,0,0
primary,Y2:P_phys_fixed,random_r6,100,0.5,0.01620089105,2,2,15,0.9994352562,61,0,0,78,1,0.01282051282
primary,Y2:P_phys_fixed,random_r6,101,0.5,0.01620089105,25,2,14,0.9774707543,62,0,0,79,0,0
primary,Y2:P_phys_fixed,random_r6,102,0.5,0.01620089105,1,1,16,0.9999596612,62,0,0,79,0,0
primary,Y2:P_phys_fixed,random_r7,100,0.5,0.01619433198,2,2,14,0.9989717742,61,0,0,65,0,0
primary,Y2:P_phys_fixed,random_r7,101,0.5,0.01619433198,2,1,17,0.9995262097,62,0,0,66,0,0
primary,Y2:P_phys_fixed,random_r7,102,0.5,0.01619433198,1,1,17,0.9995262097,62,0,0,66,0,0
primary,Y2:P_phys_fixed,random_r8,100,0.5,0.01611603546,1,1,16,1,62,0,0,73,0,0
primary,Y2:P_phys_fixed,random_r8,101,0.5,0.01611603546,2,2,16,0.9985754414,63,0,0,74,0,0
primary,Y2:P_phys_fixed,random_r8,102,0.5,0.01611603546,9,9,15,0.9810694222,63,0,0,74,0,0
primary,Y2:P_phys_fixed,random_r9,100,0.5,0.01621402513,2,1,14,0.9995458216,62,0,0,74,0,0
primary,Y2:P_phys_fixed,random_r9,101,0.5,0.01621402513,1,1,14,1,62,0,0,74,0,0
primary,Y2:P_phys_fixed,random_r9,102,0.5,0.01621402513,9,1,17,0.9942773516,62,0,0,74,0,0
primary,Y2:P_phys_fixed,chemsys_r0,100,0.75,0.01620089105,5,3,19,0.9937172247,62,0,0,67,0,0
primary,Y2:P_phys_fixed,chemsys_r0,101,0.75,0.01620089105,1,1,16,0.9995865268,62,0,0,66,0,0
primary,Y2:P_phys_fixed,chemsys_r0,102,0.75,0.01620089105,23,12,16,0.9722972973,62,0,0,67,0,0
primary,Y2:P_phys_fixed,chemsys_r1,100,0.75,0.01611603546,10,1,22,0.9923154093,63,0,0,60,0,0
primary,Y2:P_phys_fixed,chemsys_r1,101,0.75,0.01611603546,1,1,19,1,62,0,0,59,0,0
primary,Y2:P_phys_fixed,chemsys_r1,102,0.75,0.01611603546,17,6,22,0.9813202247,63,0,0,60,0,0
primary,Y2:P_phys_fixed,chemsys_r2,100,0.75,0.01612903226,11,2,18,0.9913353414,63,0,0,75,0,0
primary,Y2:P_phys_fixed,chemsys_r2,101,0.75,0.01612903226,25,12,15,0.9726506024,63,0,0,75,0,0
primary,Y2:P_phys_fixed,chemsys_r2,102,0.75,0.01612903226,1,1,18,0.999688755,63,0,0,75,0,0
primary,Y2:P_phys_fixed,chemsys_r3,100,0.75,0.01614856681,1,1,15,0.9995979091,61,0,0,72,0,0
primary,Y2:P_phys_fixed,chemsys_r3,101,0.75,0.01614856681,11,1,18,0.9929131484,63,0,0,74,0,0
primary,Y2:P_phys_fixed,chemsys_r3,102,0.75,0.01614856681,5,2,16,0.9989043024,62,0,0,73,0,0
primary,Y2:P_phys_fixed,chemsys_r4,100,0.75,0.01600640256,1,1,16,1,62,0,0,82,0,0
primary,Y2:P_phys_fixed,chemsys_r4,101,0.75,0.01600640256,3,3,17,0.9971104026,63,0,0,83,0,0
primary,Y2:P_phys_fixed,chemsys_r4,102,0.75,0.01600640256,3,1,17,0.9979772818,63,0,0,83,0,0
primary,Y2:P_phys_fixed,chemsys_r5,100,0.75,0.01597444089,1,1,10,0.9997315036,63,0,0,79,0,0
primary,Y2:P_phys_fixed,chemsys_r5,101,0.75,0.01597444089,1,1,14,0.9998210024,63,0,0,79,0,0
primary,Y2:P_phys_fixed,chemsys_r5,102,0.75,0.01597444089,11,4,13,0.9887231504,63,0,0,79,0,0
primary,Y2:P_phys_fixed,chemsys_r6,100,0.75,0.01609010459,15,1,20,0.9877103365,63,0,0,75,0,0
primary,Y2:P_phys_fixed,chemsys_r6,101,0.75,0.01609010459,1,1,19,1,62,0,0,74,0,0
primary,Y2:P_phys_fixed,chemsys_r6,102,0.75,0.01609010459,1,1,18,1,62,0,0,74,0,0
primary,Y2:P_phys_fixed,chemsys_r7,100,0.75,0.01641362331,19,6,22,0.9790559869,62,0,0,64,0,0
primary,Y2:P_phys_fixed,chemsys_r7,101,0.75,0.01641362331,12,2,24,0.9936350633,62,0,0,64,0,0
primary,Y2:P_phys_fixed,chemsys_r7,102,0.75,0.01641362331,14,14,16,0.9897731917,61,0,0,63,0,0
primary,Y2:P_phys_fixed,chemsys_r8,100,0.75,0.01600640256,7,5,21,0.9926365086,63,0,0,75,0,0
primary,Y2:P_phys_fixed,chemsys_r8,101,0.75,0.01600640256,1,1,19,1,62,0,0,74,0,0
primary,Y2:P_phys_fixed,chemsys_r8,102,0.75,0.01600640256,1,1,18,0.9996612196,62,0,0,74,0,0
primary,Y2:P_phys_fixed,chemsys_r9,100,0.75,0.0162469537,1,1,17,1,61,0,0,71,0,0
primary,Y2:P_phys_fixed,chemsys_r9,101,0.75,0.0162469537,13,13,18,0.9827265372,62,0,0,72,0,0
primary,Y2:P_phys_fixed,chemsys_r9,102,0.75,0.0162469537,7,1,20,0.996197411,62,0,0,72,0,0
primary,Y2:P_phys_fixed,random_r0,100,0.75,0.01602564103,1,1,17,1,63,0,0,74,0,0
primary,Y2:P_phys_fixed,random_r0,101,0.75,0.01602564103,5,3,17,0.9977553871,63,0,0,74,0,0
primary,Y2:P_phys_fixed,random_r0,102,0.75,0.01602564103,1,1,16,0.9993216281,63,0,0,74,0,0
primary,Y2:P_phys_fixed,random_r1,100,0.75,0.01615508885,1,1,19,1,63,0,0,70,0,0
primary,Y2:P_phys_fixed,random_r1,101,0.75,0.01615508885,5,3,20,0.9901045857,63,0,0,71,0,0
primary,Y2:P_phys_fixed,random_r1,102,0.75,0.01615508885,2,2,18,0.9980390185,63,0,0,71,0,0
primary,Y2:P_phys_fixed,random_r2,100,0.75,0.01590457256,1,1,17,0.9995940594,64,0,0,70,0,0
primary,Y2:P_phys_fixed,random_r2,101,0.75,0.01590457256,11,2,21,0.9892574257,64,0,0,70,0,0
primary,Y2:P_phys_fixed,random_r2,102,0.75,0.01590457256,12,2,20,0.9890594059,64,0,0,70,0,0
primary,Y2:P_phys_fixed,random_r3,100,0.75,0.01616161616,13,1,19,0.991056338,63,0,0,69,0,0
primary,Y2:P_phys_fixed,random_r3,101,0.75,0.01616161616,21,1,19,0.9797887324,63,0,0,69,0,0
primary,Y2:P_phys_fixed,random_r3,102,0.75,0.01616161616,12,2,17,0.9912273642,63,0,0,69,0,0
primary,Y2:P_phys_fixed,random_r4,100,0.75,0.01607071113,2,1,18,0.9991096439,63,0,0,70,0,0
primary,Y2:P_phys_fixed,random_r4,101,0.75,0.01607071113,4,3,18,0.993597439,63,0,0,70,0,0
primary,Y2:P_phys_fixed,random_r4,102,0.75,0.01607071113,1,1,18,0.999689876,63,0,0,70,0,0
primary,Y2:P_phys_fixed,random_r5,100,0.75,0.01610954491,5,5,19,0.9924388287,63,0,0,64,0,0
primary,Y2:P_phys_fixed,random_r5,101,0.75,0.01610954491,12,1,19,0.9927196149,63,0,0,64,0,0
primary,Y2:P_phys_fixed,random_r5,102,0.75,0.01610954491,3,2,19,0.9979743281,62,0,0,63,0,0
primary,Y2:P_phys_fixed,random_r6,100,0.75,0.01620089105,3,3,15,0.9990318677,61,0,0,78,0,0
primary,Y2:P_phys_fixed,random_r6,101,0.75,0.01620089105,10,1,16,0.9912162162,62,0,0,79,0,0
primary,Y2:P_phys_fixed,random_r6,102,0.75,0.01620089105,1,1,15,0.9999394917,62,0,0,79,0,0
primary,Y2:P_phys_fixed,random_r7,100,0.75,0.01619433198,2,2,14,0.9986794355,61,0,0,65,0,0
primary,Y2:P_phys_fixed,random_r7,101,0.75,0.01619433198,1,1,18,0.9997681452,62,0,0,66,0,0
primary,Y2:P_phys_fixed,random_r7,102,0.75,0.01619433198,1,1,18,0.9996875,62,0,0,66,0,0
primary,Y2:P_phys_fixed,random_r8,100,0.75,0.01611603546,1,1,21,1,62,0,0,73,0,0
primary,Y2:P_phys_fixed,random_r8,101,0.75,0.01611603546,2,2,16,0.998635634,63,0,0,74,0,0
primary,Y2:P_phys_fixed,random_r8,102,0.75,0.01611603546,13,5,18,0.9853330658,63,0,0,74,0,0
primary,Y2:P_phys_fixed,random_r9,100,0.75,0.01621402513,7,1,17,0.9951857085,62,0,0,74,0,0
primary,Y2:P_phys_fixed,random_r9,101,0.75,0.01621402513,1,1,15,0.9998587,62,0,0,74,0,0
primary,Y2:P_phys_fixed,random_r9,102,0.75,0.01621402513,9,1,17,0.9936717804,62,0,0,74,0,0
primary,Y2:P_phys_fixed,chemsys_r0,100,1,0.01620089105,41,16,7,0.9564945543,62,0,0,67,0,0
primary,Y2:P_phys_fixed,chemsys_r0,101,1,0.01620089105,41,16,7,0.9846712384,62,0,0,66,0,0
primary,Y2:P_phys_fixed,chemsys_r0,102,1,0.01620089105,41,16,7,0.9579164986,62,0,0,67,0,0
primary,Y2:P_phys_fixed,chemsys_r1,100,1,0.01611603546,38,5,7,0.9617576244,63,0,0,60,0,0
primary,Y2:P_phys_fixed,chemsys_r1,101,1,0.01611603546,38,5,7,0.9856039326,62,0,0,59,0,0
primary,Y2:P_phys_fixed,chemsys_r1,102,1,0.01611603546,38,5,7,0.9613362761,63,0,0,60,0,0
primary,Y2:P_phys_fixed,chemsys_r2,100,1,0.01612903226,41,16,6,0.9611947791,63,0,0,75,0,0
primary,Y2:P_phys_fixed,chemsys_r2,101,1,0.01612903226,41,15,6,0.9625702811,63,0,0,75,0,0
primary,Y2:P_phys_fixed,chemsys_r2,102,1,0.01612903226,41,16,6,0.9611947791,63,0,0,75,0,0
primary,Y2:P_phys_fixed,chemsys_r3,100,1,0.01614856681,37,11,7,0.9807800563,61,0,0,72,0,0
primary,Y2:P_phys_fixed,chemsys_r3,101,1,0.01614856681,37,11,7,0.9681544029,63,0,0,74,0,0
primary,Y2:P_phys_fixed,chemsys_r3,102,1,0.01614856681,36,11,7,0.9895456373,62,0,0,73,0,0
primary,Y2:P_phys_fixed,chemsys_r4,100,1,0.01600640256,36,15,7,0.9711937027,62,0,0,82,0,0
primary,Y2:P_phys_fixed,chemsys_r4,101,1,0.01600640256,36,15,7,0.9629732961,63,0,0,83,0,0
primary,Y2:P_phys_fixed,chemsys_r4,102,1,0.01600640256,36,15,7,0.9596950976,63,0,0,83,0,0
primary,Y2:P_phys_fixed,chemsys_r5,100,1,0.01597444089,41,7,3,0.9664876691,63,0,0,79,0,0
primary,Y2:P_phys_fixed,chemsys_r5,101,1,0.01597444089,41,7,3,0.9580449483,63,0,0,79,0,0
primary,Y2:P_phys_fixed,chemsys_r5,102,1,0.01597444089,41,6,4,0.9619331742,63,0,0,79,0,0
primary,Y2:P_phys_fixed,chemsys_r6,100,1,0.01609010459,26,11,9,0.9722055288,63,0,0,75,0,0
primary,Y2:P_phys_fixed,chemsys_r6,101,1,0.01609010459,26,11,9,0.994921875,62,0,0,74,0,0
primary,Y2:P_phys_fixed,chemsys_r6,102,1,0.01609010459,26,11,9,0.9805789263,62,0,0,74,0,0
primary,Y2:P_phys_fixed,chemsys_r7,100,1,0.01641362331,41,5,9,0.9702492848,62,0,0,64,0,0
primary,Y2:P_phys_fixed,chemsys_r7,101,1,0.01641362331,41,5,9,0.9775337148,62,0,0,64,0,0
primary,Y2:P_phys_fixed,chemsys_r7,102,1,0.01641362331,41,5,9,0.976225991,61,0,0,63,0,0
primary,Y2:P_phys_fixed,chemsys_r8,100,1,0.01600640256,41,18,6,0.9577222001,63,0,0,75,0,0
primary,Y2:P_phys_fixed,chemsys_r8,101,1,0.01600640256,41,18,6,0.9908330012,62,0,0,74,0,0
primary,Y2:P_phys_fixed,chemsys_r8,102,1,0.01600640256,41,18,6,0.966281387,62,0,0,74,0,0
primary,Y2:P_phys_fixed,chemsys_r9,100,1,0.0162469537,33,18,8,0.981361246,61,0,0,71,0,0
primary,Y2:P_phys_fixed,chemsys_r9,101,1,0.0162469537,32,17,8,0.9699737055,62,0,0,72,0,0
primary,Y2:P_phys_fixed,chemsys_r9,102,1,0.0162469537,33,18,8,0.9686690939,62,0,0,72,0,0
primary,Y2:P_phys_fixed,random_r0,100,1,0.01602564103,32,5,8,0.9684656824,63,0,0,74,0,0
primary,Y2:P_phys_fixed,random_r0,101,1,0.01602564103,32,5,9,0.9833599362,63,0,0,74,0,0
primary,Y2:P_phys_fixed,random_r0,102,1,0.01602564103,32,5,8,0.9906524342,63,0,0,74,0,0
primary,Y2:P_phys_fixed,random_r1,100,1,0.01615508885,41,17,4,0.9655269509,63,0,0,70,0,0
primary,Y2:P_phys_fixed,random_r1,101,1,0.01615508885,41,17,4,0.9549175382,63,0,0,71,0,0
primary,Y2:P_phys_fixed,random_r1,102,1,0.01615508885,41,17,4,0.9549175382,63,0,0,71,0,0
primary,Y2:P_phys_fixed,random_r2,100,1,0.01590457256,40,7,8,0.9572574257,64,0,0,70,0,0
primary,Y2:P_phys_fixed,random_r2,101,1,0.01590457256,40,7,8,0.9617029703,64,0,0,70,0,0
primary,Y2:P_phys_fixed,random_r2,102,1,0.01590457256,40,7,8,0.9572574257,64,0,0,70,0,0
primary,Y2:P_phys_fixed,random_r3,100,1,0.01616161616,34,6,8,0.9747484909,63,0,0,69,0,0
primary,Y2:P_phys_fixed,random_r3,101,1,0.01616161616,34,5,9,0.9661770624,63,0,0,69,0,0
primary,Y2:P_phys_fixed,random_r3,102,1,0.01616161616,35,6,9,0.9663380282,63,0,0,69,0,0
primary,Y2:P_phys_fixed,random_r4,100,1,0.01607071113,41,17,5,0.9551220488,63,0,0,70,0,0
primary,Y2:P_phys_fixed,random_r4,101,1,0.01607071113,41,18,5,0.9545918367,63,0,0,70,0,0
primary,Y2:P_phys_fixed,random_r4,102,1,0.01607071113,41,18,5,0.9585034014,63,0,0,70,0,0
primary,Y2:P_phys_fixed,random_r5,100,1,0.01610954491,41,14,7,0.9658744485,63,0,0,64,0,0
primary,Y2:P_phys_fixed,random_r5,101,1,0.01610954491,41,14,7,0.9627858002,63,0,0,64,0,0
primary,Y2:P_phys_fixed,random_r5,102,1,0.01610954491,41,14,7,0.9748295227,62,0,0,63,0,0
primary,Y2:P_phys_fixed,random_r6,100,1,0.01620089105,41,18,4,0.9806373538,61,0,0,78,0,0
primary,Y2:P_phys_fixed,random_r6,101,1,0.01620089105,41,18,4,0.9567063332,62,0,0,79,0,0
primary,Y2:P_phys_fixed,random_r6,102,1,0.01620089105,41,18,4,0.9531363453,62,0,0,79,0,0
primary,Y2:P_phys_fixed,random_r7,100,1,0.01619433198,38,5,8,0.9730040323,61,0,0,65,0,0
primary,Y2:P_phys_fixed,random_r7,101,1,0.01619433198,38,5,8,0.9668145161,62,0,0,66,0,0
primary,Y2:P_phys_fixed,random_r7,102,1,0.01619433198,38,5,8,0.9644858871,62,0,0,66,0,0
primary,Y2:P_phys_fixed,random_r8,100,1,0.01611603546,38,13,7,0.976173756,62,0,0,73,0,0
primary,Y2:P_phys_fixed,random_r8,101,1,0.01611603546,38,13,7,0.9673555377,63,0,0,74,0,0
primary,Y2:P_phys_fixed,random_r8,102,1,0.01611603546,38,13,7,0.9581159711,63,0,0,74,0,0
primary,Y2:P_phys_fixed,random_r9,100,1,0.01621402513,36,13,8,0.9622527251,62,0,0,74,0,0
primary,Y2:P_phys_fixed,random_r9,101,1,0.01621402513,36,13,8,0.9631711748,62,0,0,74,0,0
primary,Y2:P_phys_fixed,random_r9,102,1,0.01621402513,36,13,8,0.963362939,62,0,0,74,0,0
primary,Y2:P_phys_matched_Y2,chemsys_r0,100,0,0.01620089105,28,9,19,0.9559197257,62,8,0.1290322581,10,0,0
primary,Y2:P_phys_matched_Y2,chemsys_r0,101,0,0.01620089105,1,1,24,0.9946551029,62,14,0.2258064516,10,1,0.1
primary,Y2:P_phys_matched_Y2,chemsys_r0,102,0,0.01620089105,19,1,15,0.986748689,62,3,0.04838709677,10,0,0
primary,Y2:P_phys_matched_Y2,chemsys_r1,100,0,0.01611603546,18,11,18,0.9781902087,63,4,0.06349206349,12,1,0.08333333333
primary,Y2:P_phys_matched_Y2,chemsys_r1,101,0,0.01611603546,1,1,19,0.9992977528,62,2,0.03225806452,12,1,0.08333333333
primary,Y2:P_phys_matched_Y2,chemsys_r1,102,0,0.01611603546,41,10,8,0.9714486356,63,3,0.04761904762,12,0,0
primary,Y2:P_phys_matched_Y2,chemsys_r2,100,0,0.01612903226,31,17,16,0.956184739,63,3,0.04761904762,7,0,0
primary,Y2:P_phys_matched_Y2,chemsys_r2,101,0,0.01612903226,41,24,11,0.9482831325,63,6,0.09523809524,7,0,0
primary,Y2:P_phys_matched_Y2,chemsys_r2,102,0,0.01612903226,5,5,15,0.9881425703,63,4,0.06349206349,7,0,0
primary,Y2:P_phys_matched_Y2,chemsys_r3,100,0,0.01614856681,3,1,21,0.9974567752,62,8,0.1290322581,4,0,0
primary,Y2:P_phys_matched_Y2,chemsys_r3,101,0,0.01614856681,2,1,25,0.9964817049,63,11,0.1746031746,4,0,0
primary,Y2:P_phys_matched_Y2,chemsys_r3,102,0,0.01614856681,3,1,21,0.9975572979,63,8,0.126984127,4,0,0
primary,Y2:P_phys_matched_Y2,chemsys_r4,100,0,0.01600640256,1,1,23,0.9964228776,62,6,0.09677419355,11,0,0
primary,Y2:P_phys_matched_Y2,chemsys_r4,101,0,0.01600640256,4,1,15,0.9978278198,63,3,0.04761904762,12,0,0
primary,Y2:P_phys_matched_Y2,chemsys_r4,102,0,0.01600640256,19,11,24,0.9729075329,63,9,0.1428571429,12,1,0.08333333333
primary,Y2:P_phys_matched_Y2,chemsys_r5,100,0,0.01597444089,1,1,12,0.9997016706,63,2,0.03174603175,11,1,0.09090909091
primary,Y2:P_phys_matched_Y2,chemsys_r5,101,0,0.01597444089,13,8,14,0.9726233095,63,3,0.04761904762,11,0,0
primary,Y2:P_phys_matched_Y2,chemsys_r5,102,0,0.01597444089,41,15,6,0.9577068417,63,2,0.03174603175,11,0,0
primary,Y2:P_phys_matched_Y2,chemsys_r6,100,0,0.01609010459,12,3,19,0.9876802885,63,4,0.06349206349,9,0,0
primary,Y2:P_phys_matched_Y2,chemsys_r6,101,0,0.01609010459,1,1,21,0.9971254006,62,7,0.1129032258,9,1,0.1111111111
primary,Y2:P_phys_matched_Y2,chemsys_r6,102,0,0.01609010459,5,1,20,0.9943709936,61,8,0.131147541,9,1,0.1111111111
primary,Y2:P_phys_matched_Y2,chemsys_r7,100,0,0.01641362331,19,10,21,0.95317736,62,8,0.1290322581,16,4,0.25
primary,Y2:P_phys_matched_Y2,chemsys_r7,101,0,0.01641362331,16,2,16,0.9900183899,61,2,0.03278688525,16,0,0
primary,Y2:P_phys_matched_Y2,chemsys_r7,102,0,0.01641362331,1,1,26,0.9991622395,61,2,0.03278688525,15,1,0.06666666667
primary,Y2:P_phys_matched_Y2,chemsys_r8,100,0,0.01600640256,4,1,27,0.9949382224,63,8,0.126984127,8,1,0.125
primary,Y2:P_phys_matched_Y2,chemsys_r8,101,0,0.01600640256,1,1,22,0.9972100438,62,6,0.09677419355,8,1,0.125
primary,Y2:P_phys_matched_Y2,chemsys_r8,102,0,0.01600640256,7,6,26,0.9899262654,62,7,0.1129032258,8,1,0.125
primary,Y2:P_phys_matched_Y2,chemsys_r9,100,0,0.0162469537,1,1,16,0.9996460356,61,1,0.01639344262,13,0,0
primary,Y2:P_phys_matched_Y2,chemsys_r9,101,0,0.0162469537,3,2,18,0.998078479,62,1,0.01612903226,13,0,0
primary,Y2:P_phys_matched_Y2,chemsys_r9,102,0,0.0162469537,4,2,26,0.9946096278,62,6,0.09677419355,13,2,0.1538461538
primary,Y2:P_phys_matched_Y2,random_r0,100,0,0.01602564103,4,1,26,0.9947525938,63,13,0.2063492063,14,2,0.1428571429
primary,Y2:P_phys_matched_Y2,random_r0,101,0,0.01602564103,41,6,6,0.9800478851,63,1,0.01587301587,14,0,0
primary,Y2:P_phys_matched_Y2,random_r0,102,0,0.01602564103,1,1,17,0.9992418196,63,3,0.04761904762,14,1,0.07142857143
primary,Y2:P_phys_matched_Y2,random_r1,100,0,0.01615508885,4,3,23,0.9958769107,62,7,0.1129032258,7,1,0.1428571429
primary,Y2:P_phys_matched_Y2,random_r1,101,0,0.01615508885,10,8,18,0.9720635559,63,4,0.06349206349,7,0,0
primary,Y2:P_phys_matched_Y2,random_r1,102,0,0.01615508885,9,6,19,0.9825422365,63,6,0.09523809524,7,0,0
primary,Y2:P_phys_matched_Y2,random_r2,100,0,0.01590457256,14,1,19,0.9931188119,64,6,0.09375,8,0,0
primary,Y2:P_phys_matched_Y2,random_r2,101,0,0.01590457256,22,5,15,0.9827524752,64,1,0.015625,8,0,0
primary,Y2:P_phys_matched_Y2,random_r2,102,0,0.01590457256,33,4,28,0.9818613861,64,17,0.265625,8,1,0.125
primary,Y2:P_phys_matched_Y2,random_r3,100,0,0.01616161616,7,1,19,0.9944869215,63,3,0.04761904762,11,0,0
primary,Y2:P_phys_matched_Y2,random_r3,101,0,0.01616161616,13,7,18,0.9828169014,63,1,0.01587301587,11,0,0
primary,Y2:P_phys_matched_Y2,random_r3,102,0,0.01616161616,30,30,1,0.9562877264,63,0,0,11,0,0
primary,Y2:P_phys_matched_Y2,random_r4,100,0,0.01607071113,5,5,16,0.981092437,63,3,0.04761904762,11,0,0
primary,Y2:P_phys_matched_Y2,random_r4,101,0,0.01607071113,15,6,26,0.9712284914,63,11,0.1746031746,11,1,0.09090909091
primary,Y2:P_phys_matched_Y2,random_r4,102,0,0.01607071113,3,2,18,0.9949379752,63,3,0.04761904762,11,1,0.09090909091
primary,Y2:P_phys_matched_Y2,random_r5,100,0,0.01610954491,11,5,16,0.9863317288,63,2,0.03174603175,9,0,0
primary,Y2:P_phys_matched_Y2,random_r5,101,0,0.01610954491,3,3,16,0.9956377858,63,1,0.01587301587,9,0,0
primary,Y2:P_phys_matched_Y2,random_r5,102,0,0.01610954491,6,1,22,0.9933814681,62,11,0.1774193548,9,1,0.1111111111
primary,Y2:P_phys_matched_Y2,random_r6,100,0,0.01620089105,9,4,16,0.9957946753,62,4,0.06451612903,15,0,0
primary,Y2:P_phys_matched_Y2,random_r6,101,0,0.01620089105,4,3,15,0.9942214603,62,0,0,15,0,0
primary,Y2:P_phys_matched_Y2,random_r6,102,0,0.01620089105,4,1,25,0.9959762001,62,4,0.06451612903,15,0,0
primary,Y2:P_phys_matched_Y2,random_r7,100,0,0.01619433198,8,4,21,0.9912197581,61,12,0.1967213115,9,1,0.1111111111
primary,Y2:P_phys_matched_Y2,random_r7,101,0,0.01619433198,2,1,15,0.998266129,62,2,0.03225806452,9,0,0
primary,Y2:P_phys_matched_Y2,random_r7,102,0,0.01619433198,10,5,17,0.9783366935,62,11,0.1774193548,9,0,0
primary,Y2:P_phys_matched_Y2,random_r8,100,0,0.01611603546,9,1,19,0.9880718299,62,11,0.1774193548,8,1,0.125
primary,Y2:P_phys_matched_Y2,random_r8,101,0,0.01611603546,10,10,12,0.9875100321,63,1,0.01587301587,8,0,0
primary,Y2:P_phys_matched_Y2,random_r8,102,0,0.01611603546,4,3,16,0.9896167737,63,1,0.01587301587,8,0,0
primary,Y2:P_phys_matched_Y2,random_r9,100,0,0.01621402513,3,2,18,0.9980722648,62,4,0.06451612903,12,0,0
primary,Y2:P_phys_matched_Y2,random_r9,101,0,0.01621402513,4,1,15,0.9977492935,62,1,0.01612903226,12,0,0
primary,Y2:P_phys_matched_Y2,random_r9,102,0,0.01621402513,27,2,10,0.9807731126,62,2,0.03225806452,12,0,0
primary,Y2:P_phys_matched_Y2,chemsys_r0,100,0.02,0.01620089105,30,4,22,0.9742033078,62,2,0.03225806452,10,0,0
primary,Y2:P_phys_matched_Y2,chemsys_r0,101,0.02,0.01620089105,1,1,27,0.9950584913,62,11,0.1774193548,10,1,0.1
primary,Y2:P_phys_matched_Y2,chemsys_r0,102,0.02,0.01620089105,11,2,18,0.9949778136,62,3,0.04838709677,10,0,0
primary,Y2:P_phys_matched_Y2,chemsys_r1,100,0.02,0.01611603546,11,9,21,0.9821227929,63,5,0.07936507937,12,1,0.08333333333
primary,Y2:P_phys_matched_Y2,chemsys_r1,101,0.02,0.01611603546,1,1,19,0.9994382022,62,2,0.03225806452,12,0,0
primary,Y2:P_phys_matched_Y2,chemsys_r1,102,0.02,0.01611603546,41,7,15,0.974217496,63,9,0.1428571429,12,0,0
primary,Y2:P_phys_matched_Y2,chemsys_r2,100,0.02,0.01612903226,8,7,21,0.9874196787,63,5,0.07936507937,7,0,0
primary,Y2:P_phys_matched_Y2,chemsys_r2,101,0.02,0.01612903226,19,10,26,0.9752911647,63,8,0.126984127,7,0,0
primary,Y2:P_phys_matched_Y2,chemsys_r2,102,0.02,0.01612903226,4,4,17,0.9911345382,63,4,0.06349206349,7,0,0
primary,Y2:P_phys_matched_Y2,chemsys_r3,100,0.02,0.01614856681,4,1,18,0.9990852433,62,4,0.06451612903,4,0,0
primary,Y2:P_phys_matched_Y2,chemsys_r3,101,0.02,0.01614856681,2,1,21,0.9981101729,63,5,0.07936507937,4,0,0
primary,Y2:P_phys_matched_Y2,chemsys_r3,102,0.02,0.01614856681,3,1,24,0.9977382388,63,9,0.1428571429,4,0,0
primary,Y2:P_phys_matched_Y2,chemsys_r4,100,0.02,0.01600640256,1,1,17,0.9986249502,62,0,0,11,0,0
primary,Y2:P_phys_matched_Y2,chemsys_r4,101,0.02,0.01600640256,2,1,16,0.9987345556,63,2,0.03174603175,12,0,0
primary,Y2:P_phys_matched_Y2,chemsys_r4,102,0.02,0.01600640256,7,4,27,0.9880629733,63,7,0.1111111111,12,0,0
primary,Y2:P_phys_matched_Y2,chemsys_r5,100,0.02,0.01597444089,1,1,13,0.9998011138,63,3,0.04761904762,11,0,0
primary,Y2:P_phys_matched_Y2,chemsys_r5,101,0.02,0.01597444089,1,1,15,0.9998309467,63,2,0.03174603175,11,1,0.09090909091
primary,Y2:P_phys_matched_Y2,chemsys_r5,102,0.02,0.01597444089,41,13,6,0.9617143994,63,2,0.03174603175,11,0,0
primary,Y2:P_phys_matched_Y2,chemsys_r6,100,0.02,0.01609010459,22,5,23,0.9792067308,63,3,0.04761904762,9,0,0
primary,Y2:P_phys_matched_Y2,chemsys_r6,101,0.02,0.01609010459,1,1,24,0.9977864583,62,7,0.1129032258,9,1,0.1111111111
primary,Y2:P_phys_matched_Y2,chemsys_r6,102,0.02,0.01609010459,2,2,23,0.9969851763,61,7,0.1147540984,9,1,0.1111111111
primary,Y2:P_phys_matched_Y2,chemsys_r7,100,0.02,0.01641362331,33,3,13,0.9656518186,62,2,0.03225806452,16,0,0
primary,Y2:P_phys_matched_Y2,chemsys_r7,101,0.02,0.01641362331,22,2,21,0.9875766244,61,1,0.01639344262,16,0,0
primary,Y2:P_phys_matched_Y2,chemsys_r7,102,0.02,0.01641362331,2,1,18,0.9987331426,61,2,0.03278688525,15,1,0.06666666667
primary,Y2:P_phys_matched_Y2,chemsys_r8,100,0.02,0.01600640256,4,1,26,0.9976783579,63,6,0.09523809524,8,0,0
primary,Y2:P_phys_matched_Y2,chemsys_r8,101,0.02,0.01600640256,2,2,25,0.9965723396,62,6,0.09677419355,8,0,0
primary,Y2:P_phys_matched_Y2,chemsys_r8,102,0.02,0.01600640256,7,2,24,0.9944499801,62,7,0.1129032258,8,0,0
primary,Y2:P_phys_matched_Y2,chemsys_r9,100,0.02,0.0162469537,2,1,19,0.9989381068,61,2,0.03278688525,13,0,0
primary,Y2:P_phys_matched_Y2,chemsys_r9,101,0.02,0.0162469537,1,1,20,0.9998179612,62,2,0.03225806452,13,0,0
primary,Y2:P_phys_matched_Y2,chemsys_r9,102,0.02,0.0162469537,3,1,24,0.9968851133,62,4,0.06451612903,13,0,0
primary,Y2:P_phys_matched_Y2,random_r0,100,0.02,0.01602564103,2,2,18,0.9972765363,63,2,0.03174603175,14,1,0.07142857143
primary,Y2:P_phys_matched_Y2,random_r0,101,0.02,0.01602564103,41,2,14,0.9800478851,63,2,0.03174603175,14,0,0
primary,Y2:P_phys_matched_Y2,random_r0,102,0.02,0.01602564103,1,1,17,0.9992418196,63,3,0.04761904762,14,1,0.07142857143
primary,Y2:P_phys_matched_Y2,random_r1,100,0.02,0.01615508885,8,1,24,0.9937952534,62,7,0.1129032258,7,0,0
primary,Y2:P_phys_matched_Y2,random_r1,101,0.02,0.01615508885,5,3,22,0.9905168946,63,5,0.07936507937,7,0,0
primary,Y2:P_phys_matched_Y2,random_r1,102,0.02,0.01615508885,3,3,19,0.9955148833,63,3,0.04761904762,7,0,0
primary,Y2:P_phys_matched_Y2,random_r2,100,0.02,0.01590457256,7,1,21,0.9947029703,64,4,0.0625,8,0,0
primary,Y2:P_phys_matched_Y2,random_r2,101,0.02,0.01590457256,2,2,19,0.9980990099,64,3,0.046875,8,0,0
primary,Y2:P_phys_matched_Y2,random_r2,102,0.02,0.01590457256,6,6,20,0.9873564356,64,4,0.0625,8,0,0
primary,Y2:P_phys_matched_Y2,random_r3,100,0.02,0.01616161616,14,1,23,0.9899195171,63,2,0.03174603175,11,0,0
primary,Y2:P_phys_matched_Y2,random_r3,101,0.02,0.01616161616,7,4,20,0.9904527163,63,5,0.07936507937,11,0,0
primary,Y2:P_phys_matched_Y2,random_r3,102,0.02,0.01616161616,35,9,13,0.9668209256,63,3,0.04761904762,11,0,0
primary,Y2:P_phys_matched_Y2,random_r4,100,0.02,0.01607071113,2,2,17,0.9967887155,63,2,0.03174603175,11,0,0
primary,Y2:P_phys_matched_Y2,random_r4,101,0.02,0.01607071113,16,4,25,0.9841136455,63,15,0.2380952381,11,1,0.09090909091
primary,Y2:P_phys_matched_Y2,random_r4,102,0.02,0.01607071113,4,1,18,0.9961284514,63,1,0.01587301587,11,0,0
primary,Y2:P_phys_matched_Y2,random_r5,100,0.02,0.01610954491,6,2,21,0.9946550341,63,2,0.03174603175,9,0,0
primary,Y2:P_phys_matched_Y2,random_r5,101,0.02,0.01610954491,3,3,17,0.9963096671,63,1,0.01587301587,9,0,0
primary,Y2:P_phys_matched_Y2,random_r5,102,0.02,0.01610954491,5,1,20,0.9974729242,62,4,0.06451612903,9,0,0
primary,Y2:P_phys_matched_Y2,random_r6,100,0.02,0.01620089105,1,1,16,0.9995058491,62,2,0.03225806452,15,1,0.06666666667
primary,Y2:P_phys_matched_Y2,random_r6,101,0.02,0.01620089105,5,2,17,0.9957543364,62,0,0,15,0,0
primary,Y2:P_phys_matched_Y2,random_r6,102,0.02,0.01620089105,2,1,18,0.9985074627,62,2,0.03225806452,15,0,0
primary,Y2:P_phys_matched_Y2,random_r7,100,0.02,0.01619433198,2,1,19,0.9993044355,61,2,0.03278688525,9,0,0
primary,Y2:P_phys_matched_Y2,random_r7,101,0.02,0.01619433198,2,1,17,0.9993044355,62,1,0.01612903226,9,0,0
primary,Y2:P_phys_matched_Y2,random_r7,102,0.02,0.01619433198,4,1,19,0.9968447581,62,2,0.03225806452,9,0,0
primary,Y2:P_phys_matched_Y2,random_r8,100,0.02,0.01611603546,4,1,22,0.996970305,62,4,0.06451612903,8,0,0
primary,Y2:P_phys_matched_Y2,random_r8,101,0.02,0.01611603546,4,4,17,0.9944723114,63,4,0.06349206349,8,0,0
primary,Y2:P_phys_matched_Y2,random_r8,102,0.02,0.01611603546,4,2,17,0.9930076244,63,1,0.01587301587,8,0,0
primary,Y2:P_phys_matched_Y2,random_r9,100,0.02,0.01621402513,2,1,17,0.9996972144,62,2,0.03225806452,12,0,0
primary,Y2:P_phys_matched_Y2,random_r9,101,0.02,0.01621402513,3,1,18,0.9975575293,62,2,0.03225806452,12,0,0
primary,Y2:P_phys_matched_Y2,random_r9,102,0.02,0.01621402513,12,2,19,0.9884941461,62,2,0.03225806452,12,0,0
primary,Y2:P_phys_matched_Y2,chemsys_r0,100,0.05,0.01620089105,4,2,21,0.9914481646,62,3,0.04838709677,10,0,0
primary,Y2:P_phys_matched_Y2,chemsys_r0,101,0.05,0.01620089105,6,1,26,0.996399758,62,8,0.1290322581,10,0,0
primary,Y2:P_phys_matched_Y2,chemsys_r0,102,0.05,0.01620089105,12,2,19,0.9947357806,62,4,0.06451612903,10,0,0
primary,Y2:P_phys_matched_Y2,chemsys_r1,100,0.05,0.01611603546,1,1,24,0.9981340289,63,3,0.04761904762,12,0,0
primary,Y2:P_phys_matched_Y2,chemsys_r1,101,0.05,0.01611603546,1,1,19,0.9993980738,62,1,0.01612903226,12,0,0
primary,Y2:P_phys_matched_Y2,chemsys_r1,102,0.05,0.01611603546,13,7,22,0.985062199,63,3,0.04761904762,12,1,0.08333333333
primary,Y2:P_phys_matched_Y2,chemsys_r2,100,0.05,0.01612903226,15,7,19,0.985502008,63,1,0.01587301587,7,0,0
primary,Y2:P_phys_matched_Y2,chemsys_r2,101,0.05,0.01612903226,21,9,25,0.9796084337,63,7,0.1111111111,7,0,0
primary,Y2:P_phys_matched_Y2,chemsys_r2,102,0.05,0.01612903226,3,3,17,0.9940261044,63,3,0.04761904762,7,0,0
primary,Y2:P_phys_matched_Y2,chemsys_r3,100,0.05,0.01614856681,4,1,19,0.9990852433,62,5,0.08064516129,4,0,0
primary,Y2:P_phys_matched_Y2,chemsys_r3,101,0.05,0.01614856681,2,1,21,0.9987836751,63,4,0.06349206349,4,0,0
primary,Y2:P_phys_matched_Y2,chemsys_r3,102,0.05,0.01614856681,2,1,24,0.9981101729,63,8,0.126984127,4,0,0
primary,Y2:P_phys_matched_Y2,chemsys_r4,100,0.05,0.01600640256,1,1,19,0.9984256676,62,2,0.03225806452,11,0,0
primary,Y2:P_phys_matched_Y2,chemsys_r4,101,0.05,0.01600640256,2,1,18,0.9991430849,63,1,0.01587301587,12,0,0
primary,Y2:P_phys_matched_Y2,chemsys_r4,102,0.05,0.01600640256,4,2,20,0.9951673974,63,2,0.03174603175,12,0,0
primary,Y2:P_phys_matched_Y2,chemsys_r5,100,0.05,0.01597444089,1,1,13,0.9998011138,63,3,0.04761904762,11,0,0
primary,Y2:P_phys_matched_Y2,chemsys_r5,101,0.05,0.01597444089,1,1,14,0.9998309467,63,2,0.03174603175,11,1,0.09090909091
primary,Y2:P_phys_matched_Y2,chemsys_r5,102,0.05,0.01597444089,29,13,14,0.9672931583,63,3,0.04761904762,11,0,0
primary,Y2:P_phys_matched_Y2,chemsys_r6,100,0.05,0.01609010459,7,1,23,0.9944110577,63,2,0.03174603175,9,0,0
primary,Y2:P_phys_matched_Y2,chemsys_r6,101,0.05,0.01609010459,1,1,26,0.9975260417,62,6,0.09677419355,9,0,0
primary,Y2:P_phys_matched_Y2,chemsys_r6,102,0.05,0.01609010459,2,2,23,0.9977263622,61,4,0.06557377049,9,0,0
primary,Y2:P_phys_matched_Y2,chemsys_r7,100,0.05,0.01641362331,3,3,18,0.9931651001,62,3,0.04838709677,16,0,0
primary,Y2:P_phys_matched_Y2,chemsys_r7,101,0.05,0.01641362331,12,2,22,0.9926747037,61,3,0.04918032787,16,0,0
primary,Y2:P_phys_matched_Y2,chemsys_r7,102,0.05,0.01641362331,1,1,20,0.9994789538,61,2,0.03278688525,15,1,0.06666666667
primary,Y2:P_phys_matched_Y2,chemsys_r8,100,0.05,0.01600640256,4,1,26,0.9968911917,63,6,0.09523809524,8,0,0
primary,Y2:P_phys_matched_Y2,chemsys_r8,101,0.05,0.01600640256,2,2,25,0.9968314069,62,6,0.09677419355,8,0,0
primary,Y2:P_phys_matched_Y2,chemsys_r8,102,0.05,0.01600640256,7,1,19,0.9969709047,62,4,0.06451612903,8,0,0
primary,Y2:P_phys_matched_Y2,chemsys_r9,100,0.05,0.0162469537,2,1,18,0.9989381068,61,0,0,13,0,0
primary,Y2:P_phys_matched_Y2,chemsys_r9,101,0.05,0.0162469537,1,1,21,0.9998179612,62,3,0.04838709677,13,0,0
primary,Y2:P_phys_matched_Y2,chemsys_r9,102,0.05,0.0162469537,3,1,24,0.9972795307,62,2,0.03225806452,13,0,0
primary,Y2:P_phys_matched_Y2,random_r0,100,0.05,0.01602564103,2,2,19,0.9972765363,63,2,0.03174603175,14,1,0.07142857143
primary,Y2:P_phys_matched_Y2,random_r0,101,0.05,0.01602564103,41,2,15,0.9800877893,63,4,0.06349206349,14,0,0
primary,Y2:P_phys_matched_Y2,random_r0,102,0.05,0.01602564103,1,1,19,0.9992418196,63,5,0.07936507937,14,1,0.07142857143
primary,Y2:P_phys_matched_Y2,random_r1,100,0.05,0.01615508885,3,2,21,0.9979987932,62,3,0.04838709677,7,0,0
primary,Y2:P_phys_matched_Y2,random_r1,101,0.05,0.01615508885,5,3,21,0.990496782,63,3,0.04761904762,7,0,0
primary,Y2:P_phys_matched_Y2,random_r1,102,0.05,0.01615508885,3,2,21,0.9962791633,63,4,0.06349206349,7,0,0
primary,Y2:P_phys_matched_Y2,random_r2,100,0.05,0.01590457256,8,3,19,0.9938118812,64,3,0.046875,8,0,0
primary,Y2:P_phys_matched_Y2,random_r2,101,0.05,0.01590457256,7,1,21,0.9941683168,64,3,0.046875,8,0,0
primary,Y2:P_phys_matched_Y2,random_r2,102,0.05,0.01590457256,6,5,17,0.9902871287,64,2,0.03125,8,0,0
primary,Y2:P_phys_matched_Y2,random_r3,100,0.05,0.01616161616,11,1,20,0.9920925553,63,2,0.03174603175,11,0,0
primary,Y2:P_phys_matched_Y2,random_r3,101,0.05,0.01616161616,8,4,21,0.9897484909,63,3,0.04761904762,11,0,0
primary,Y2:P_phys_matched_Y2,random_r3,102,0.05,0.01616161616,5,2,19,0.9953420523,63,3,0.04761904762,11,0,0
primary,Y2:P_phys_matched_Y2,random_r4,100,0.05,0.01607071113,2,2,17,0.9966386555,63,2,0.03174603175,11,0,0
primary,Y2:P_phys_matched_Y2,random_r4,101,0.05,0.01607071113,3,3,17,0.9951180472,63,1,0.01587301587,11,0,0
primary,Y2:P_phys_matched_Y2,random_r4,102,0.05,0.01607071113,3,1,19,0.9967186875,63,0,0,11,0,0
primary,Y2:P_phys_matched_Y2,random_r5,100,0.05,0.01610954491,5,1,21,0.9970918572,63,2,0.03174603175,9,0,0
primary,Y2:P_phys_matched_Y2,random_r5,101,0.05,0.01610954491,3,3,18,0.9963096671,63,2,0.03174603175,9,0,0
primary,Y2:P_phys_matched_Y2,random_r5,102,0.05,0.01610954491,5,1,21,0.9974227838,62,4,0.06451612903,9,0,0
primary,Y2:P_phys_matched_Y2,random_r6,100,0.05,0.01620089105,1,1,16,0.9995058491,62,2,0.03225806452,15,1,0.06666666667
primary,Y2:P_phys_matched_Y2,random_r6,101,0.05,0.01620089105,6,3,30,0.9925978217,62,4,0.06451612903,15,1,0.06666666667
primary,Y2:P_phys_matched_Y2,random_r6,102,0.05,0.01620089105,2,1,18,0.9986486486,62,1,0.01612903226,15,0,0
primary,Y2:P_phys_matched_Y2,random_r7,100,0.05,0.01619433198,2,1,20,0.9993044355,61,1,0.01639344262,9,0,0
primary,Y2:P_phys_matched_Y2,random_r7,101,0.05,0.01619433198,2,1,18,0.9993044355,62,1,0.01612903226,9,0,0
primary,Y2:P_phys_matched_Y2,random_r7,102,0.05,0.01619433198,2,1,21,0.9987096774,62,4,0.06451612903,9,0,0
primary,Y2:P_phys_matched_Y2,random_r8,100,0.05,0.01611603546,4,1,24,0.9963282504,62,4,0.06451612903,8,0,0
primary,Y2:P_phys_matched_Y2,random_r8,101,0.05,0.01611603546,3,3,18,0.9966292135,63,2,0.03174603175,8,0,0
primary,Y2:P_phys_matched_Y2,random_r8,102,0.05,0.01611603546,3,1,24,0.9956962279,63,4,0.06349206349,8,0,0
primary,Y2:P_phys_matched_Y2,random_r9,100,0.05,0.01621402513,2,1,17,0.9996972144,62,2,0.03225806452,12,0,0
primary,Y2:P_phys_matched_Y2,random_r9,101,0.05,0.01621402513,1,1,24,0.9969923294,62,6,0.09677419355,12,1,0.08333333333
primary,Y2:P_phys_matched_Y2,random_r9,102,0.05,0.01621402513,13,2,19,0.9882014534,62,2,0.03225806452,12,0,0
primary,Y2:P_phys_matched_Y2,chemsys_r0,100,0.1,0.01620089105,3,2,24,0.9943223074,62,5,0.08064516129,10,0,0
primary,Y2:P_phys_matched_Y2,chemsys_r0,101,0.1,0.01620089105,8,1,24,0.995734167,62,7,0.1129032258,10,0,0
primary,Y2:P_phys_matched_Y2,chemsys_r0,102,0.1,0.01620089105,10,2,21,0.9948870512,62,4,0.06451612903,10,0,0
primary,Y2:P_phys_matched_Y2,chemsys_r1,100,0.1,0.01611603546,1,1,23,0.9984149278,63,3,0.04761904762,12,0,0
primary,Y2:P_phys_matched_Y2,chemsys_r1,101,0.1,0.01611603546,1,1,21,0.9993980738,62,3,0.04838709677,12,0,0
primary,Y2:P_phys_matched_Y2,chemsys_r1,102,0.1,0.01611603546,5,2,22,0.994141252,63,3,0.04761904762,12,1,0.08333333333
primary,Y2:P_phys_matched_Y2,chemsys_r2,100,0.1,0.01612903226,15,6,21,0.9860140562,63,2,0.03174603175,7,0,0
primary,Y2:P_phys_matched_Y2,chemsys_r2,101,0.1,0.01612903226,33,11,18,0.9684638554,63,1,0.01587301587,7,0,0
primary,Y2:P_phys_matched_Y2,chemsys_r2,102,0.1,0.01612903226,2,2,18,0.9974196787,63,4,0.06349206349,7,0,0
primary,Y2:P_phys_matched_Y2,chemsys_r3,100,0.1,0.01614856681,1,1,19,0.9994873341,62,6,0.09677419355,4,0,0
primary,Y2:P_phys_matched_Y2,chemsys_r3,101,0.1,0.01614856681,1,1,22,0.9989043024,63,3,0.04761904762,4,0,0
primary,Y2:P_phys_matched_Y2,chemsys_r3,102,0.1,0.01614856681,2,1,24,0.9991455569,63,7,0.1111111111,4,0,0
primary,Y2:P_phys_matched_Y2,chemsys_r4,100,0.1,0.01600640256,1,1,19,0.9984455959,62,2,0.03225806452,11,0,0
primary,Y2:P_phys_matched_Y2,chemsys_r4,101,0.1,0.01600640256,2,1,19,0.999382224,63,1,0.01587301587,12,0,0
primary,Y2:P_phys_matched_Y2,chemsys_r4,102,0.1,0.01600640256,3,2,21,0.9958748505,63,3,0.04761904762,12,0,0
primary,Y2:P_phys_matched_Y2,chemsys_r5,100,0.1,0.01597444089,1,1,15,0.9998011138,63,4,0.06349206349,11,2,0.1818181818
primary,Y2:P_phys_matched_Y2,chemsys_r5,101,0.1,0.01597444089,1,1,18,0.9998707239,63,4,0.06349206349,11,2,0.1818181818
primary,Y2:P_phys_matched_Y2,chemsys_r5,102,0.1,0.01597444089,7,5,17,0.9915871122,63,4,0.06349206349,11,0,0
primary,Y2:P_phys_matched_Y2,chemsys_r6,100,0.1,0.01609010459,5,4,22,0.9942608173,63,3,0.04761904762,9,0,0
primary,Y2:P_phys_matched_Y2,chemsys_r6,101,0.1,0.01609010459,1,1,25,0.9978565705,62,4,0.06451612903,9,0,0
primary,Y2:P_phys_matched_Y2,chemsys_r6,102,0.1,0.01609010459,2,2,21,0.9986177885,61,2,0.03278688525,9,0,0
primary,Y2:P_phys_matched_Y2,chemsys_r7,100,0.1,0.01641362331,18,3,20,0.9798222313,62,3,0.04838709677,16,0,0
primary,Y2:P_phys_matched_Y2,chemsys_r7,101,0.1,0.01641362331,12,1,23,0.9926747037,61,3,0.04918032787,16,0,0
primary,Y2:P_phys_matched_Y2,chemsys_r7,102,0.1,0.01641362331,1,1,21,0.999448304,61,2,0.03278688525,15,1,0.06666666667
primary,Y2:P_phys_matched_Y2,chemsys_r8,100,0.1,0.01600640256,5,1,25,0.9973595058,63,2,0.03174603175,8,0,0
primary,Y2:P_phys_matched_Y2,chemsys_r8,101,0.1,0.01600640256,2,2,24,0.997528896,62,3,0.04838709677,8,0,0
primary,Y2:P_phys_matched_Y2,chemsys_r8,102,0.1,0.01600640256,1,1,22,0.9992825827,62,2,0.03225806452,8,0,0
primary,Y2:P_phys_matched_Y2,chemsys_r9,100,0.1,0.0162469537,2,1,20,0.9992819579,61,2,0.03278688525,13,0,0
primary,Y2:P_phys_matched_Y2,chemsys_r9,101,0.1,0.0162469537,1,1,21,0.9998179612,62,2,0.03225806452,13,0,0
primary,Y2:P_phys_matched_Y2,chemsys_r9,102,0.1,0.0162469537,3,1,21,0.9981998382,62,1,0.01612903226,13,0,0
primary,Y2:P_phys_matched_Y2,random_r0,100,0.1,0.01602564103,2,2,18,0.9972765363,63,3,0.04761904762,14,1,0.07142857143
primary,Y2:P_phys_matched_Y2,random_r0,101,0.1,0.01602564103,22,2,25,0.9869513168,63,7,0.1111111111,14,0,0
primary,Y2:P_phys_matched_Y2,random_r0,102,0.1,0.01602564103,1,1,19,0.9992418196,63,5,0.07936507937,14,1,0.07142857143
primary,Y2:P_phys_matched_Y2,random_r1,100,0.1,0.01615508885,3,2,22,0.9984412711,62,4,0.06451612903,7,0,0
primary,Y2:P_phys_matched_Y2,random_r1,101,0.1,0.01615508885,4,3,22,0.9912610619,63,4,0.06349206349,7,0,0
primary,Y2:P_phys_matched_Y2,random_r1,102,0.1,0.01615508885,2,2,22,0.997385358,63,5,0.07936507937,7,0,0
primary,Y2:P_phys_matched_Y2,random_r2,100,0.1,0.01590457256,3,3,18,0.9948712871,64,1,0.015625,8,0,0
primary,Y2:P_phys_matched_Y2,random_r2,101,0.1,0.01590457256,7,1,21,0.9949108911,64,3,0.046875,8,0,0
primary,Y2:P_phys_matched_Y2,random_r2,102,0.1,0.01590457256,5,4,17,0.9923267327,64,2,0.03125,8,0,0
primary,Y2:P_phys_matched_Y2,random_r3,100,0.1,0.01616161616,13,1,23,0.9906036217,63,3,0.04761904762,11,0,0
primary,Y2:P_phys_matched_Y2,random_r3,101,0.1,0.01616161616,8,4,21,0.989889336,63,3,0.04761904762,11,0,0
primary,Y2:P_phys_matched_Y2,random_r3,102,0.1,0.01616161616,4,1,19,0.9973641851,63,3,0.04761904762,11,0,0
primary,Y2:P_phys_matched_Y2,random_r4,100,0.1,0.01607071113,2,2,27,0.9978691477,63,2,0.03174603175,11,0,0
primary,Y2:P_phys_matched_Y2,random_r4,101,0.1,0.01607071113,2,2,17,0.9964785914,63,1,0.01587301587,11,0,0
primary,Y2:P_phys_matched_Y2,random_r4,102,0.1,0.01607071113,3,1,19,0.9978591437,63,2,0.03174603175,11,0,0
primary,Y2:P_phys_matched_Y2,random_r5,100,0.1,0.01610954491,5,1,21,0.9970818291,63,1,0.01587301587,9,0,0
primary,Y2:P_phys_matched_Y2,random_r5,101,0.1,0.01610954491,2,2,18,0.9983654232,63,2,0.03174603175,9,0,0
primary,Y2:P_phys_matched_Y2,random_r5,102,0.1,0.01610954491,2,2,18,0.9988166867,62,2,0.03225806452,9,0,0
primary,Y2:P_phys_matched_Y2,random_r6,100,0.1,0.01620089105,1,1,16,0.9995663574,62,1,0.01612903226,15,0,0
primary,Y2:P_phys_matched_Y2,random_r6,101,0.1,0.01620089105,7,4,19,0.9933642598,62,0,0,15,0,0
primary,Y2:P_phys_matched_Y2,random_r6,102,0.1,0.01620089105,2,2,19,0.9969443324,62,3,0.04838709677,15,0,0
primary,Y2:P_phys_matched_Y2,random_r7,100,0.1,0.01619433198,2,1,20,0.9993951613,61,2,0.03278688525,9,0,0
primary,Y2:P_phys_matched_Y2,random_r7,101,0.1,0.01619433198,2,1,21,0.9996471774,62,1,0.01612903226,9,0,0
primary,Y2:P_phys_matched_Y2,random_r7,102,0.1,0.01619433198,5,1,21,0.998125,62,4,0.06451612903,9,0,0
primary,Y2:P_phys_matched_Y2,random_r8,100,0.1,0.01611603546,2,1,21,0.9992576244,62,3,0.04838709677,8,0,0
primary,Y2:P_phys_matched_Y2,random_r8,101,0.1,0.01611603546,3,3,18,0.9965991172,63,2,0.03174603175,8,0,0
primary,Y2:P_phys_matched_Y2,random_r8,102,0.1,0.01611603546,3,1,23,0.9958467095,63,5,0.07936507937,8,0,0
primary,Y2:P_phys_matched_Y2,random_r9,100,0.1,0.01621402513,2,1,19,0.9996972144,62,3,0.04838709677,12,0,0
primary,Y2:P_phys_matched_Y2,random_r9,101,0.1,0.01621402513,1,1,21,0.9980016149,62,3,0.04838709677,12,0,0
primary,Y2:P_phys_matched_Y2,random_r9,102,0.1,0.01621402513,7,2,21,0.9927028664,62,1,0.01612903226,12,0,0
primary,Y2:P_phys_matched_Y2,chemsys_r0,100,0.25,0.01620089105,3,2,22,0.9942920532,62,4,0.06451612903,10,0,0
primary,Y2:P_phys_matched_Y2,chemsys_r0,101,0.25,0.01620089105,4,1,26,0.9981141589,62,6,0.09677419355,10,0,0
primary,Y2:P_phys_matched_Y2,chemsys_r0,102,0.25,0.01620089105,7,2,23,0.9956534893,62,4,0.06451612903,10,0,0
primary,Y2:P_phys_matched_Y2,chemsys_r1,100,0.25,0.01611603546,1,1,24,0.9984951846,63,4,0.06349206349,12,0,0
primary,Y2:P_phys_matched_Y2,chemsys_r1,101,0.25,0.01611603546,1,1,23,0.9995987159,62,4,0.06451612903,12,1,0.08333333333
primary,Y2:P_phys_matched_Y2,chemsys_r1,102,0.25,0.01611603546,2,2,23,0.9978130016,63,4,0.06349206349,12,0,0
primary,Y2:P_phys_matched_Y2,chemsys_r2,100,0.25,0.01612903226,6,5,21,0.9910542169,63,6,0.09523809524,7,0,0
primary,Y2:P_phys_matched_Y2,chemsys_r2,101,0.25,0.01612903226,8,1,26,0.9954317269,63,7,0.1111111111,7,0,0
primary,Y2:P_phys_matched_Y2,chemsys_r2,102,0.25,0.01612903226,3,1,24,0.9988955823,63,7,0.1111111111,7,0,0
primary,Y2:P_phys_matched_Y2,chemsys_r3,100,0.25,0.01614856681,1,1,24,0.9996381182,62,6,0.09677419355,4,0,0
primary,Y2:P_phys_matched_Y2,chemsys_r3,101,0.25,0.01614856681,1,1,22,0.9994873341,63,5,0.07936507937,4,0,0
primary,Y2:P_phys_matched_Y2,chemsys_r3,102,0.25,0.01614856681,2,1,23,0.9992561319,63,7,0.1111111111,4,0,0
primary,Y2:P_phys_matched_Y2,chemsys_r4,100,0.25,0.01600640256,1,1,23,0.9993324033,62,3,0.04838709677,11,0,0
primary,Y2:P_phys_matched_Y2,chemsys_r4,101,0.25,0.01600640256,1,1,23,0.9998206457,63,4,0.06349206349,12,0,0
primary,Y2:P_phys_matched_Y2,chemsys_r4,102,0.25,0.01600640256,1,1,21,0.9997309685,63,5,0.07936507937,12,0,0
primary,Y2:P_phys_matched_Y2,chemsys_r5,100,0.25,0.01597444089,1,1,18,0.9998309467,63,3,0.04761904762,11,0,0
primary,Y2:P_phys_matched_Y2,chemsys_r5,101,0.25,0.01597444089,1,1,17,0.9999105012,63,5,0.07936507937,11,0,0
primary,Y2:P_phys_matched_Y2,chemsys_r5,102,0.25,0.01597444089,4,3,19,0.9960023866,63,4,0.06349206349,11,0,0
primary,Y2:P_phys_matched_Y2,chemsys_r6,100,0.25,0.01609010459,3,1,23,0.9986077724,63,4,0.06349206349,9,0,0
primary,Y2:P_phys_matched_Y2,chemsys_r6,101,0.25,0.01609010459,1,1,21,0.9994791667,62,2,0.03225806452,9,0,0
primary,Y2:P_phys_matched_Y2,chemsys_r6,102,0.25,0.01609010459,2,2,21,0.9990685096,61,4,0.06557377049,9,0,0
primary,Y2:P_phys_matched_Y2,chemsys_r7,100,0.25,0.01641362331,2,2,23,0.9974356355,62,3,0.04838709677,16,0,0
primary,Y2:P_phys_matched_Y2,chemsys_r7,101,0.25,0.01641362331,10,1,24,0.9940232938,61,3,0.04918032787,16,0,0
primary,Y2:P_phys_matched_Y2,chemsys_r7,102,0.25,0.01641362331,1,1,21,0.9996322027,61,2,0.03278688525,15,1,0.06666666667
primary,Y2:P_phys_matched_Y2,chemsys_r8,100,0.25,0.01600640256,5,1,27,0.9981666002,63,3,0.04761904762,8,0,0
primary,Y2:P_phys_matched_Y2,chemsys_r8,101,0.25,0.01600640256,1,1,24,1,62,3,0.04838709677,8,0,0
primary,Y2:P_phys_matched_Y2,chemsys_r8,102,0.25,0.01600640256,1,1,23,0.9997608609,62,2,0.03225806452,8,0,0
primary,Y2:P_phys_matched_Y2,chemsys_r9,100,0.25,0.0162469537,1,1,21,1,61,3,0.04918032787,13,0,0
primary,Y2:P_phys_matched_Y2,chemsys_r9,101,0.25,0.0162469537,1,1,21,0.9999393204,62,3,0.04838709677,13,0,0
primary,Y2:P_phys_matched_Y2,chemsys_r9,102,0.25,0.0162469537,2,1,23,0.9992819579,62,4,0.06451612903,13,0,0
primary,Y2:P_phys_matched_Y2,random_r0,100,0.25,0.01602564103,1,1,21,1,63,5,0.07936507937,14,1,0.07142857143
primary,Y2:P_phys_matched_Y2,random_r0,101,0.25,0.01602564103,10,2,22,0.9955107741,63,2,0.03174603175,14,0,0
primary,Y2:P_phys_matched_Y2,random_r0,102,0.25,0.01602564103,1,1,21,0.9993316042,63,5,0.07936507937,14,0,0
primary,Y2:P_phys_matched_Y2,random_r1,100,0.25,0.01615508885,3,3,21,0.9982703138,62,4,0.06451612903,7,0,0
primary,Y2:P_phys_matched_Y2,random_r1,101,0.25,0.01615508885,2,2,26,0.9982602574,63,7,0.1111111111,7,0,0
primary,Y2:P_phys_matched_Y2,random_r1,102,0.25,0.01615508885,2,2,24,0.9975663717,63,6,0.09523809524,7,0,0
primary,Y2:P_phys_matched_Y2,random_r2,100,0.25,0.01590457256,3,3,20,0.9958811881,64,5,0.078125,8,0,0
primary,Y2:P_phys_matched_Y2,random_r2,101,0.25,0.01590457256,1,1,22,0.9995841584,64,5,0.078125,8,0,0
primary,Y2:P_phys_matched_Y2,random_r2,102,0.25,0.01590457256,4,3,21,0.9895940594,64,5,0.078125,8,0,0
primary,Y2:P_phys_matched_Y2,random_r3,100,0.25,0.01616161616,10,1,25,0.9934507042,63,4,0.06349206349,11,0,0
primary,Y2:P_phys_matched_Y2,random_r3,101,0.25,0.01616161616,8,1,28,0.9943259557,63,5,0.07936507937,11,0,0
primary,Y2:P_phys_matched_Y2,random_r3,102,0.25,0.01616161616,3,1,22,0.9979074447,63,5,0.07936507937,11,0,0
primary,Y2:P_phys_matched_Y2,random_r4,100,0.25,0.01607071113,2,2,28,0.9978691477,63,3,0.04761904762,11,0,0
primary,Y2:P_phys_matched_Y2,random_r4,101,0.25,0.01607071113,3,2,22,0.9959883954,63,2,0.03174603175,11,0,0
primary,Y2:P_phys_matched_Y2,random_r4,102,0.25,0.01607071113,2,1,19,0.9984393758,63,3,0.04761904762,11,0,0
primary,Y2:P_phys_matched_Y2,random_r5,100,0.25,0.01610954491,3,1,21,0.9982450862,63,3,0.04761904762,9,0,0
primary,Y2:P_phys_matched_Y2,random_r5,101,0.25,0.01610954491,2,2,19,0.9983654232,63,3,0.04761904762,9,0,0
primary,Y2:P_phys_matched_Y2,random_r5,102,0.25,0.01610954491,5,1,22,0.9980645808,62,3,0.04838709677,9,0,0
primary,Y2:P_phys_matched_Y2,random_r6,100,0.25,0.01620089105,1,1,19,0.9998083905,62,3,0.04838709677,15,0,0
primary,Y2:P_phys_matched_Y2,random_r6,101,0.25,0.01620089105,9,4,19,0.9918818072,62,1,0.01612903226,15,0,0
primary,Y2:P_phys_matched_Y2,random_r6,102,0.25,0.01620089105,2,2,19,0.9971762808,62,2,0.03225806452,15,0,0
primary,Y2:P_phys_matched_Y2,random_r7,100,0.25,0.01619433198,2,1,22,0.9993951613,61,4,0.06557377049,9,0,0
primary,Y2:P_phys_matched_Y2,random_r7,101,0.25,0.01619433198,1,1,22,1,62,3,0.04838709677,9,0,0
primary,Y2:P_phys_matched_Y2,random_r7,102,0.25,0.01619433198,2,1,22,0.9990020161,62,4,0.06451612903,9,0,0
primary,Y2:P_phys_matched_Y2,random_r8,100,0.25,0.01611603546,2,2,19,0.9992676565,62,3,0.04838709677,8,0,0
primary,Y2:P_phys_matched_Y2,random_r8,101,0.25,0.01611603546,3,3,19,0.9972311396,63,3,0.04761904762,8,0,0
primary,Y2:P_phys_matched_Y2,random_r8,102,0.25,0.01611603546,2,2,18,0.9983146067,63,3,0.04761904762,8,0,0
primary,Y2:P_phys_matched_Y2,random_r9,100,0.25,0.01621402513,2,1,21,0.9996972144,62,4,0.06451612903,12,0,0
primary,Y2:P_phys_matched_Y2,random_r9,101,0.25,0.01621402513,1,1,19,1,62,2,0.03225806452,12,0,0
primary,Y2:P_phys_matched_Y2,random_r9,102,0.25,0.01621402513,9,3,20,0.9932680662,62,2,0.03225806452,12,0,0
primary,Y2:P_phys_matched_Y2,chemsys_r0,100,0.5,0.01620089105,2,1,23,0.9988200887,62,5,0.08064516129,10,0,0
primary,Y2:P_phys_matched_Y2,chemsys_r0,101,0.5,0.01620089105,2,1,26,0.9991327148,62,4,0.06451612903,10,0,0
primary,Y2:P_phys_matched_Y2,chemsys_r0,102,0.5,0.01620089105,6,2,26,0.9957946753,62,6,0.09677419355,10,0,0
primary,Y2:P_phys_matched_Y2,chemsys_r1,100,0.5,0.01611603546,1,1,24,1,63,3,0.04761904762,12,0,0
primary,Y2:P_phys_matched_Y2,chemsys_r1,101,0.5,0.01611603546,1,1,25,1,62,4,0.06451612903,12,0,0
primary,Y2:P_phys_matched_Y2,chemsys_r1,102,0.5,0.01611603546,2,1,25,0.9986757624,63,5,0.07936507937,12,0,0
primary,Y2:P_phys_matched_Y2,chemsys_r2,100,0.5,0.01612903226,2,2,24,0.9977610442,63,5,0.07936507937,7,0,0
primary,Y2:P_phys_matched_Y2,chemsys_r2,101,0.5,0.01612903226,6,1,25,0.9965361446,63,5,0.07936507937,7,0,0
primary,Y2:P_phys_matched_Y2,chemsys_r2,102,0.5,0.01612903226,2,1,27,0.9992168675,63,7,0.1111111111,7,0,0
primary,Y2:P_phys_matched_Y2,chemsys_r3,100,0.5,0.01614856681,2,1,23,0.9995677523,62,7,0.1129032258,4,0,0
primary,Y2:P_phys_matched_Y2,chemsys_r3,101,0.5,0.01614856681,1,1,24,0.9996582228,63,6,0.09523809524,4,0,0
primary,Y2:P_phys_matched_Y2,chemsys_r3,102,0.5,0.01614856681,1,1,25,0.9998693205,63,8,0.126984127,4,0,0
primary,Y2:P_phys_matched_Y2,chemsys_r4,100,0.5,0.01600640256,1,1,23,0.9996213631,62,4,0.06451612903,11,0,0
primary,Y2:P_phys_matched_Y2,chemsys_r4,101,0.5,0.01600640256,1,1,23,0.9998206457,63,4,0.06349206349,12,0,0
primary,Y2:P_phys_matched_Y2,chemsys_r4,102,0.5,0.01600640256,1,1,23,0.9997309685,63,3,0.04761904762,12,0,0
primary,Y2:P_phys_matched_Y2,chemsys_r5,100,0.5,0.01597444089,1,1,22,0.9998309467,63,5,0.07936507937,11,0,0
primary,Y2:P_phys_matched_Y2,chemsys_r5,101,0.5,0.01597444089,1,1,21,0.9999403341,63,6,0.09523809524,11,0,0
primary,Y2:P_phys_matched_Y2,chemsys_r5,102,0.5,0.01597444089,3,3,19,0.9964498807,63,5,0.07936507937,11,0,0
primary,Y2:P_phys_matched_Y2,chemsys_r6,100,0.5,0.01609010459,1,1,24,0.9998597756,63,4,0.06349206349,9,0,0
primary,Y2:P_phys_matched_Y2,chemsys_r6,101,0.5,0.01609010459,1,1,23,1,62,4,0.06451612903,9,0,0
primary,Y2:P_phys_matched_Y2,chemsys_r6,102,0.5,0.01609010459,2,2,23,0.9990685096,61,4,0.06557377049,9,0,0
primary,Y2:P_phys_matched_Y2,chemsys_r7,100,0.5,0.01641362331,2,2,23,0.9974049857,62,3,0.04838709677,16,0,0
primary,Y2:P_phys_matched_Y2,chemsys_r7,101,0.5,0.01641362331,7,1,24,0.995995096,61,3,0.04918032787,16,0,0
primary,Y2:P_phys_matched_Y2,chemsys_r7,102,0.5,0.01641362331,2,1,21,0.9996730691,61,1,0.01639344262,15,0,0
primary,Y2:P_phys_matched_Y2,chemsys_r8,100,0.5,0.01600640256,3,1,25,0.9975189318,63,5,0.07936507937,8,0,0
primary,Y2:P_phys_matched_Y2,chemsys_r8,101,0.5,0.01600640256,1,1,24,1,62,4,0.06451612903,8,0,0
primary,Y2:P_phys_matched_Y2,chemsys_r8,102,0.5,0.01600640256,1,1,25,1,62,4,0.06451612903,8,0,0
primary,Y2:P_phys_matched_Y2,chemsys_r9,100,0.5,0.0162469537,1,1,23,1,61,2,0.03278688525,13,0,0
primary,Y2:P_phys_matched_Y2,chemsys_r9,101,0.5,0.0162469537,1,1,23,0.9999393204,62,5,0.08064516129,13,0,0
primary,Y2:P_phys_matched_Y2,chemsys_r9,102,0.5,0.0162469537,2,1,24,0.9993527508,62,3,0.04838709677,13,0,0
primary,Y2:P_phys_matched_Y2,random_r0,100,0.5,0.01602564103,1,1,21,1,63,3,0.04761904762,14,0,0
primary,Y2:P_phys_matched_Y2,random_r0,101,0.5,0.01602564103,3,1,25,0.9988028731,63,4,0.06349206349,14,0,0
primary,Y2:P_phys_matched_Y2,random_r0,102,0.5,0.01602564103,1,1,22,1,63,5,0.07936507937,14,0,0
primary,Y2:P_phys_matched_Y2,random_r1,100,0.5,0.01615508885,2,2,24,0.998883749,62,5,0.08064516129,7,0,0
primary,Y2:P_phys_matched_Y2,random_r1,101,0.5,0.01615508885,2,2,25,0.9978781175,63,5,0.07936507937,7,0,0
primary,Y2:P_phys_matched_Y2,random_r1,102,0.5,0.01615508885,2,2,25,0.9975663717,63,5,0.07936507937,7,0,0
primary,Y2:P_phys_matched_Y2,random_r2,100,0.5,0.01590457256,2,2,20,0.9977722772,64,4,0.0625,8,0,0
primary,Y2:P_phys_matched_Y2,random_r2,101,0.5,0.01590457256,1,1,23,0.9994455446,64,5,0.078125,8,0,0
primary,Y2:P_phys_matched_Y2,random_r2,102,0.5,0.01590457256,4,3,19,0.9931980198,64,3,0.046875,8,0,0
primary,Y2:P_phys_matched_Y2,random_r3,100,0.5,0.01616161616,4,1,25,0.9975452716,63,6,0.09523809524,11,0,0
primary,Y2:P_phys_matched_Y2,random_r3,101,0.5,0.01616161616,4,1,25,0.9970523139,63,4,0.06349206349,11,0,0
primary,Y2:P_phys_matched_Y2,random_r3,102,0.5,0.01616161616,3,1,22,0.9985513078,63,4,0.06349206349,11,0,0
primary,Y2:P_phys_matched_Y2,random_r4,100,0.5,0.01607071113,2,2,26,0.9979991997,63,0,0,11,0,0
primary,Y2:P_phys_matched_Y2,random_r4,101,0.5,0.01607071113,3,2,23,0.9961384554,63,3,0.04761904762,11,0,0
primary,Y2:P_phys_matched_Y2,random_r4,102,0.5,0.01607071113,2,1,20,0.9989095638,63,1,0.01587301587,11,0,0
primary,Y2:P_phys_matched_Y2,random_r5,100,0.5,0.01610954491,3,3,19,0.9963196951,63,4,0.06349206349,9,0,0
primary,Y2:P_phys_matched_Y2,random_r5,101,0.5,0.01610954491,2,1,24,0.9994584838,63,4,0.06349206349,9,0,0
primary,Y2:P_phys_matched_Y2,random_r5,102,0.5,0.01610954491,2,2,21,0.9990573606,62,4,0.06451612903,9,0,0
primary,Y2:P_phys_matched_Y2,random_r6,100,0.5,0.01620089105,1,1,21,0.9998285599,62,3,0.04838709677,15,0,0
primary,Y2:P_phys_matched_Y2,random_r6,101,0.5,0.01620089105,8,4,21,0.9926079064,62,2,0.03225806452,15,0,0
primary,Y2:P_phys_matched_Y2,random_r6,102,0.5,0.01620089105,1,1,22,0.999929407,62,1,0.01612903226,15,0,0
primary,Y2:P_phys_matched_Y2,random_r7,100,0.5,0.01619433198,2,2,22,0.9989919355,61,5,0.08196721311,9,0,0
primary,Y2:P_phys_matched_Y2,random_r7,101,0.5,0.01619433198,1,1,24,1,62,3,0.04838709677,9,0,0
primary,Y2:P_phys_matched_Y2,random_r7,102,0.5,0.01619433198,1,1,23,0.9996673387,62,4,0.06451612903,9,0,0
primary,Y2:P_phys_matched_Y2,random_r8,100,0.5,0.01611603546,1,1,23,1,62,3,0.04838709677,8,0,0
primary,Y2:P_phys_matched_Y2,random_r8,101,0.5,0.01611603546,2,2,21,0.9986055377,63,3,0.04761904762,8,0,0
primary,Y2:P_phys_matched_Y2,random_r8,102,0.5,0.01611603546,2,2,22,0.9983146067,63,3,0.04761904762,8,0,0
primary,Y2:P_phys_matched_Y2,random_r9,100,0.5,0.01621402513,2,1,21,0.9996972144,62,4,0.06451612903,12,0,0
primary,Y2:P_phys_matched_Y2,random_r9,101,0.5,0.01621402513,1,1,22,1,62,3,0.04838709677,12,0,0
primary,Y2:P_phys_matched_Y2,random_r9,102,0.5,0.01621402513,6,2,23,0.9949737586,62,2,0.03225806452,12,0,0
primary,Y2:P_phys_matched_Y2,chemsys_r0,100,0.75,0.01620089105,2,1,25,0.9990016136,62,3,0.04838709677,10,0,0
primary,Y2:P_phys_matched_Y2,chemsys_r0,101,0.75,0.01620089105,1,1,22,1,62,4,0.06451612903,10,0,0
primary,Y2:P_phys_matched_Y2,chemsys_r0,102,0.75,0.01620089105,5,2,22,0.9938684954,62,3,0.04838709677,10,0,0
primary,Y2:P_phys_matched_Y2,chemsys_r1,100,0.75,0.01611603546,1,1,24,1,63,2,0.03174603175,12,0,0
primary,Y2:P_phys_matched_Y2,chemsys_r1,101,0.75,0.01611603546,1,1,26,1,62,3,0.04838709677,12,0,0
primary,Y2:P_phys_matched_Y2,chemsys_r1,102,0.75,0.01611603546,2,1,26,0.9986556982,63,2,0.03174603175,12,0,0
primary,Y2:P_phys_matched_Y2,chemsys_r2,100,0.75,0.01612903226,2,2,24,0.9977610442,63,3,0.04761904762,7,0,0
primary,Y2:P_phys_matched_Y2,chemsys_r2,101,0.75,0.01612903226,4,1,24,0.9979016064,63,1,0.01587301587,7,0,0
primary,Y2:P_phys_matched_Y2,chemsys_r2,102,0.75,0.01612903226,2,1,26,0.9994678715,63,4,0.06349206349,7,0,0
primary,Y2:P_phys_matched_Y2,chemsys_r3,100,0.75,0.01614856681,2,1,23,0.9995375955,62,6,0.09677419355,4,0,0
primary,Y2:P_phys_matched_Y2,chemsys_r3,101,0.75,0.01614856681,1,1,24,0.9996883796,63,2,0.03174603175,4,0,0
primary,Y2:P_phys_matched_Y2,chemsys_r3,102,0.75,0.01614856681,2,1,25,0.9997285887,63,7,0.1111111111,4,0,0
primary,Y2:P_phys_matched_Y2,chemsys_r4,100,0.75,0.01600640256,1,1,22,0.9996213631,62,1,0.01612903226,11,0,0
primary,Y2:P_phys_matched_Y2,chemsys_r4,101,0.75,0.01600640256,1,1,22,0.9998206457,63,1,0.01587301587,12,0,0
primary,Y2:P_phys_matched_Y2,chemsys_r4,102,0.75,0.01600640256,1,1,23,0.9998405739,63,1,0.01587301587,12,0,0
primary,Y2:P_phys_matched_Y2,chemsys_r5,100,0.75,0.01597444089,1,1,23,0.9999303898,63,2,0.03174603175,11,0,0
primary,Y2:P_phys_matched_Y2,chemsys_r5,101,0.75,0.01597444089,1,1,20,0.9999303898,63,3,0.04761904762,11,0,0
primary,Y2:P_phys_matched_Y2,chemsys_r5,102,0.75,0.01597444089,2,2,21,0.9982100239,63,4,0.06349206349,11,0,0
primary,Y2:P_phys_matched_Y2,chemsys_r6,100,0.75,0.01609010459,1,1,23,0.9997295673,63,1,0.01587301587,9,0,0
primary,Y2:P_phys_matched_Y2,chemsys_r6,101,0.75,0.01609010459,1,1,24,1,62,1,0.01612903226,9,0,0
primary,Y2:P_phys_matched_Y2,chemsys_r6,102,0.75,0.01609010459,1,1,25,0.9999198718,61,1,0.01639344262,9,0,0
primary,Y2:P_phys_matched_Y2,chemsys_r7,100,0.75,0.01641362331,2,2,25,0.9974254189,62,2,0.03225806452,16,0,0
primary,Y2:P_phys_matched_Y2,chemsys_r7,101,0.75,0.01641362331,3,1,24,0.9982938292,61,2,0.03278688525,16,0,0
primary,Y2:P_phys_matched_Y2,chemsys_r7,102,0.75,0.01641362331,1,1,25,0.9998978341,61,2,0.03278688525,15,0,0
primary,Y2:P_phys_matched_Y2,chemsys_r8,100,0.75,0.01600640256,3,1,25,0.9974093264,63,3,0.04761904762,8,0,0
primary,Y2:P_phys_matched_Y2,chemsys_r8,101,0.75,0.01600640256,1,1,25,1,62,3,0.04838709677,8,0,0
primary,Y2:P_phys_matched_Y2,chemsys_r8,102,0.75,0.01600640256,2,1,24,0.9995516142,62,2,0.03225806452,8,0,0
primary,Y2:P_phys_matched_Y2,chemsys_r9,100,0.75,0.0162469537,2,1,24,0.9995550162,61,1,0.01639344262,13,0,0
primary,Y2:P_phys_matched_Y2,chemsys_r9,101,0.75,0.0162469537,2,1,24,0.9996258091,62,1,0.01612903226,13,0,0
primary,Y2:P_phys_matched_Y2,chemsys_r9,102,0.75,0.0162469537,1,1,23,0.9999190939,62,1,0.01612903226,13,0,0
primary,Y2:P_phys_matched_Y2,random_r0,100,0.75,0.01602564103,1,1,21,1,63,1,0.01587301587,14,0,0
primary,Y2:P_phys_matched_Y2,random_r0,101,0.75,0.01602564103,2,1,22,0.9995011971,63,2,0.03174603175,14,0,0
primary,Y2:P_phys_matched_Y2,random_r0,102,0.75,0.01602564103,2,1,22,0.9997406225,63,2,0.03174603175,14,0,0
primary,Y2:P_phys_matched_Y2,random_r1,100,0.75,0.01615508885,1,1,25,1,62,4,0.06451612903,7,0,0
primary,Y2:P_phys_matched_Y2,random_r1,101,0.75,0.01615508885,2,1,25,0.9990848753,63,3,0.04761904762,7,0,0
primary,Y2:P_phys_matched_Y2,random_r1,102,0.75,0.01615508885,1,1,25,1,63,4,0.06349206349,7,0,0
primary,Y2:P_phys_matched_Y2,random_r2,100,0.75,0.01590457256,2,2,21,0.9977128713,64,2,0.03125,8,0,0
primary,Y2:P_phys_matched_Y2,random_r2,101,0.75,0.01590457256,1,1,23,0.9995049505,64,2,0.03125,8,0,0
primary,Y2:P_phys_matched_Y2,random_r2,102,0.75,0.01590457256,3,2,21,0.9977128713,64,3,0.046875,8,0,0
primary,Y2:P_phys_matched_Y2,random_r3,100,0.75,0.01616161616,3,1,25,0.9984104628,63,4,0.06349206349,11,0,0
primary,Y2:P_phys_matched_Y2,random_r3,101,0.75,0.01616161616,3,1,26,0.998501006,63,2,0.03174603175,11,0,0
primary,Y2:P_phys_matched_Y2,random_r3,102,0.75,0.01616161616,1,1,25,1,63,2,0.03174603175,11,0,0
primary,Y2:P_phys_matched_Y2,random_r4,100,0.75,0.01607071113,2,2,23,0.9976990796,63,0,0,11,0,0
primary,Y2:P_phys_matched_Y2,random_r4,101,0.75,0.01607071113,1,1,24,0.9990396158,63,0,0,11,0,0
primary,Y2:P_phys_matched_Y2,random_r4,102,0.75,0.01607071113,1,1,23,0.9994697879,63,0,0,11,0,0
primary,Y2:P_phys_matched_Y2,random_r5,100,0.75,0.01610954491,2,1,22,0.9994584838,63,2,0.03174603175,9,0,0
primary,Y2:P_phys_matched_Y2,random_r5,101,0.75,0.01610954491,1,1,22,0.9999598877,63,2,0.03174603175,9,0,0
primary,Y2:P_phys_matched_Y2,random_r5,102,0.75,0.01610954491,2,2,22,0.9991576414,62,2,0.03225806452,9,0,0
primary,Y2:P_phys_matched_Y2,random_r6,100,0.75,0.01620089105,1,1,22,0.999858814,62,0,0,15,0,0
primary,Y2:P_phys_matched_Y2,random_r6,101,0.75,0.01620089105,4,4,21,0.9955627269,62,1,0.01612903226,15,0,0
primary,Y2:P_phys_matched_Y2,random_r6,102,0.75,0.01620089105,1,1,23,0.999929407,62,1,0.01612903226,15,0,0
primary,Y2:P_phys_matched_Y2,random_r7,100,0.75,0.01619433198,2,2,22,0.9990020161,61,3,0.04918032787,9,0,0
primary,Y2:P_phys_matched_Y2,random_r7,101,0.75,0.01619433198,1,1,25,1,62,3,0.04838709677,9,0,0
primary,Y2:P_phys_matched_Y2,random_r7,102,0.75,0.01619433198,1,1,22,0.9997681452,62,2,0.03225806452,9,0,0
primary,Y2:P_phys_matched_Y2,random_r8,100,0.75,0.01611603546,1,1,24,1,62,2,0.03225806452,8,0,0
primary,Y2:P_phys_matched_Y2,random_r8,101,0.75,0.01611603546,1,1,25,0.9999699037,63,3,0.04761904762,8,0,0
primary,Y2:P_phys_matched_Y2,random_r8,102,0.75,0.01611603546,2,2,24,0.9967295345,63,2,0.03174603175,8,0,0
primary,Y2:P_phys_matched_Y2,random_r9,100,0.75,0.01621402513,2,1,21,0.9996972144,62,2,0.03225806452,12,0,0
primary,Y2:P_phys_matched_Y2,random_r9,101,0.75,0.01621402513,1,1,20,1,62,1,0.01612903226,12,0,0
primary,Y2:P_phys_matched_Y2,random_r9,102,0.75,0.01621402513,5,2,24,0.9962656439,62,2,0.03225806452,12,0,0
primary,Y2:P_phys_matched_Y2,chemsys_r0,100,1,0.01620089105,1,1,33,0.9999798306,62,0,0,10,0,0
primary,Y2:P_phys_matched_Y2,chemsys_r0,101,1,0.01620089105,1,1,33,0.9999798306,62,0,0,10,0,0
primary,Y2:P_phys_matched_Y2,chemsys_r0,102,1,0.01620089105,1,1,33,0.9999798306,62,0,0,10,0,0
primary,Y2:P_phys_matched_Y2,chemsys_r1,100,1,0.01611603546,1,1,33,0.9999799358,63,0,0,12,0,0
primary,Y2:P_phys_matched_Y2,chemsys_r1,101,1,0.01611603546,1,1,33,0.9999799358,62,0,0,12,0,0
primary,Y2:P_phys_matched_Y2,chemsys_r1,102,1,0.01611603546,1,1,33,0.9999799358,63,0,0,12,0,0
primary,Y2:P_phys_matched_Y2,chemsys_r2,100,1,0.01612903226,1,1,30,0.9999899598,63,0,0,7,0,0
primary,Y2:P_phys_matched_Y2,chemsys_r2,101,1,0.01612903226,1,1,30,0.9999899598,63,0,0,7,0,0
primary,Y2:P_phys_matched_Y2,chemsys_r2,102,1,0.01612903226,1,1,30,0.9999899598,63,0,0,7,0,0
primary,Y2:P_phys_matched_Y2,chemsys_r3,100,1,0.01614856681,1,1,30,1,62,0,0,4,0,0
primary,Y2:P_phys_matched_Y2,chemsys_r3,101,1,0.01614856681,1,1,30,1,63,0,0,4,0,0
primary,Y2:P_phys_matched_Y2,chemsys_r3,102,1,0.01614856681,1,1,30,1,63,0,0,4,0,0
primary,Y2:P_phys_matched_Y2,chemsys_r4,100,1,0.01600640256,1,1,29,0.9999900359,62,0,0,11,0,0
primary,Y2:P_phys_matched_Y2,chemsys_r4,101,1,0.01600640256,1,1,29,0.9999900359,63,0,0,12,0,0
primary,Y2:P_phys_matched_Y2,chemsys_r4,102,1,0.01600640256,1,1,29,0.9999900359,63,0,0,12,0,0
primary,Y2:P_phys_matched_Y2,chemsys_r5,100,1,0.01597444089,1,1,20,1,63,0,0,11,0,0
primary,Y2:P_phys_matched_Y2,chemsys_r5,101,1,0.01597444089,1,1,20,1,63,0,0,11,0,0
primary,Y2:P_phys_matched_Y2,chemsys_r5,102,1,0.01597444089,1,1,20,1,63,0,0,11,0,0
primary,Y2:P_phys_matched_Y2,chemsys_r6,100,1,0.01609010459,1,1,31,0.9999799679,63,0,0,9,0,0
primary,Y2:P_phys_matched_Y2,chemsys_r6,101,1,0.01609010459,1,1,31,0.9999799679,62,0,0,9,0,0
primary,Y2:P_phys_matched_Y2,chemsys_r6,102,1,0.01609010459,1,1,31,0.9999799679,61,0,0,9,0,0
primary,Y2:P_phys_matched_Y2,chemsys_r7,100,1,0.01641362331,2,1,31,0.9997139354,62,0,0,16,0,0
primary,Y2:P_phys_matched_Y2,chemsys_r7,101,1,0.01641362331,2,1,31,0.9997139354,61,0,0,16,0,0
primary,Y2:P_phys_matched_Y2,chemsys_r7,102,1,0.01641362331,2,1,31,0.9997139354,61,0,0,15,0,0
primary,Y2:P_phys_matched_Y2,chemsys_r8,100,1,0.01600640256,2,1,33,0.9995516142,63,0,0,8,0,0
primary,Y2:P_phys_matched_Y2,chemsys_r8,101,1,0.01600640256,2,1,32,0.999770825,62,0,0,8,0,0
primary,Y2:P_phys_matched_Y2,chemsys_r8,102,1,0.01600640256,2,1,33,0.9995516142,62,0,0,8,0,0
primary,Y2:P_phys_matched_Y2,chemsys_r9,100,1,0.0162469537,1,1,30,0.9999797735,61,0,0,13,0,0
primary,Y2:P_phys_matched_Y2,chemsys_r9,101,1,0.0162469537,1,1,30,0.9999797735,62,0,0,13,0,0
primary,Y2:P_phys_matched_Y2,chemsys_r9,102,1,0.0162469537,1,1,30,0.9999797735,62,0,0,13,0,0
primary,Y2:P_phys_matched_Y2,random_r0,100,1,0.01602564103,2,1,28,0.9997007183,63,0,0,14,0,0
primary,Y2:P_phys_matched_Y2,random_r0,101,1,0.01602564103,2,1,28,0.9997007183,63,0,0,14,0,0
primary,Y2:P_phys_matched_Y2,random_r0,102,1,0.01602564103,2,1,28,0.9997406225,63,0,0,14,0,0
primary,Y2:P_phys_matched_Y2,random_r1,100,1,0.01615508885,1,1,29,0.9999798874,62,0,0,7,0,0
primary,Y2:P_phys_matched_Y2,random_r1,101,1,0.01615508885,1,1,29,0.9999798874,63,0,0,7,0,0
primary,Y2:P_phys_matched_Y2,random_r1,102,1,0.01615508885,1,1,29,0.9999798874,63,0,0,7,0,0
primary,Y2:P_phys_matched_Y2,random_r2,100,1,0.01590457256,1,1,33,0.999980198,64,0,0,8,0,0
primary,Y2:P_phys_matched_Y2,random_r2,101,1,0.01590457256,1,1,33,0.999980198,64,0,0,8,0,0
primary,Y2:P_phys_matched_Y2,random_r2,102,1,0.01590457256,1,1,33,0.999980198,64,0,0,8,0,0
primary,Y2:P_phys_matched_Y2,random_r3,100,1,0.01616161616,1,1,29,1,63,0,0,11,0,0
primary,Y2:P_phys_matched_Y2,random_r3,101,1,0.01616161616,1,1,29,1,63,0,0,11,0,0
primary,Y2:P_phys_matched_Y2,random_r3,102,1,0.01616161616,1,1,29,1,63,0,0,11,0,0
primary,Y2:P_phys_matched_Y2,random_r4,100,1,0.01607071113,1,1,31,0.999979992,63,0,0,11,0,0
primary,Y2:P_phys_matched_Y2,random_r4,101,1,0.01607071113,1,1,31,0.999979992,63,0,0,11,0,0
primary,Y2:P_phys_matched_Y2,random_r4,102,1,0.01607071113,1,1,31,0.999979992,63,0,0,11,0,0
primary,Y2:P_phys_matched_Y2,random_r5,100,1,0.01610954491,1,1,31,1,63,0,0,9,0,0
primary,Y2:P_phys_matched_Y2,random_r5,101,1,0.01610954491,1,1,31,1,63,0,0,9,0,0
primary,Y2:P_phys_matched_Y2,random_r5,102,1,0.01610954491,1,1,31,1,62,0,0,9,0,0
primary,Y2:P_phys_matched_Y2,random_r6,100,1,0.01620089105,1,1,26,0.9999899153,62,0,0,15,0,0
primary,Y2:P_phys_matched_Y2,random_r6,101,1,0.01620089105,1,1,26,0.9999899153,62,0,0,15,0,0
primary,Y2:P_phys_matched_Y2,random_r6,102,1,0.01620089105,1,1,26,0.9999899153,62,0,0,15,0,0
primary,Y2:P_phys_matched_Y2,random_r7,100,1,0.01619433198,1,1,27,1,61,0,0,9,0,0
primary,Y2:P_phys_matched_Y2,random_r7,101,1,0.01619433198,1,1,27,1,62,0,0,9,0,0
primary,Y2:P_phys_matched_Y2,random_r7,102,1,0.01619433198,1,1,27,1,62,0,0,9,0,0
primary,Y2:P_phys_matched_Y2,random_r8,100,1,0.01611603546,1,1,31,0.9999899679,62,0,0,8,0,0
primary,Y2:P_phys_matched_Y2,random_r8,101,1,0.01611603546,1,1,31,0.9999899679,63,0,0,8,0,0
primary,Y2:P_phys_matched_Y2,random_r8,102,1,0.01611603546,1,1,31,0.9999899679,63,0,0,8,0,0
primary,Y2:P_phys_matched_Y2,random_r9,100,1,0.01621402513,2,1,27,0.9996972144,62,0,0,12,0,0
primary,Y2:P_phys_matched_Y2,random_r9,101,1,0.01621402513,2,1,27,0.9996972144,62,0,0,12,0,0
primary,Y2:P_phys_matched_Y2,random_r9,102,1,0.01621402513,2,1,27,0.9996972144,62,0,0,12,0,0
sens1_no_Pm_Tc,Y1:P_H_fixed,chemsys_r0,100,0,0.01710132535,11,6,21,0.9795125585,59,11,0.186440678,32,5,0.15625
sens1_no_Pm_Tc,Y1:P_H_fixed,chemsys_r0,101,0,0.01710132535,5,2,24,0.9932205194,59,14,0.2372881356,32,9,0.28125
sens1_no_Pm_Tc,Y1:P_H_fixed,chemsys_r0,102,0,0.01710132535,23,2,25,0.9877926777,58,16,0.275862069,31,14,0.4516129032
sens1_no_Pm_Tc,Y1:P_H_fixed,chemsys_r1,100,0,0.01687763713,4,4,21,0.9944747899,60,10,0.1666666667,22,7,0.3181818182
sens1_no_Pm_Tc,Y1:P_H_fixed,chemsys_r1,101,0,0.01687763713,7,1,23,0.9951680672,60,13,0.2166666667,22,8,0.3636363636
sens1_no_Pm_Tc,Y1:P_H_fixed,chemsys_r1,102,0,0.01687763713,13,1,26,0.9910504202,60,18,0.3,22,10,0.4545454545
sens1_no_Pm_Tc,Y1:P_H_fixed,chemsys_r2,100,0,0.01696352841,21,9,19,0.9758129223,60,6,0.1,29,1,0.03448275862
sens1_no_Pm_Tc,Y1:P_H_fixed,chemsys_r2,101,0,0.01696352841,2,1,22,0.9999894426,59,14,0.2372881356,28,8,0.2857142857
sens1_no_Pm_Tc,Y1:P_H_fixed,chemsys_r2,102,0,0.01696352841,27,4,18,0.9859691723,60,16,0.2666666667,29,8,0.275862069
sens1_no_Pm_Tc,Y1:P_H_fixed,chemsys_r3,100,0,0.01695633743,19,2,21,0.9919691853,60,13,0.2166666667,30,7,0.2333333333
sens1_no_Pm_Tc,Y1:P_H_fixed,chemsys_r3,101,0,0.01695633743,1,1,21,0.9994829042,60,12,0.2,30,6,0.2
sens1_no_Pm_Tc,Y1:P_H_fixed,chemsys_r3,102,0,0.01695633743,19,11,21,0.9944174757,60,13,0.2166666667,30,5,0.1666666667
sens1_no_Pm_Tc,Y1:P_H_fixed,chemsys_r4,100,0,0.01678556441,31,4,16,0.9869201839,60,10,0.1666666667,19,3,0.1578947368
sens1_no_Pm_Tc,Y1:P_H_fixed,chemsys_r4,101,0,0.01678556441,10,4,21,0.9881111575,60,13,0.2166666667,19,8,0.4210526316
sens1_no_Pm_Tc,Y1:P_H_fixed,chemsys_r4,102,0,0.01678556441,1,1,21,0.9996030088,60,13,0.2166666667,19,7,0.3684210526
sens1_no_Pm_Tc,Y1:P_H_fixed,chemsys_r5,100,0,0.01677852349,2,1,21,0.9996971596,60,11,0.1833333333,26,6,0.2307692308
sens1_no_Pm_Tc,Y1:P_H_fixed,chemsys_r5,101,0,0.01677852349,41,1,12,0.9780492899,60,2,0.03333333333,26,0,0
sens1_no_Pm_Tc,Y1:P_H_fixed,chemsys_r5,102,0,0.01677852349,1,1,25,0.9999686717,59,13,0.2203389831,26,6,0.2307692308
sens1_no_Pm_Tc,Y1:P_H_fixed,chemsys_r6,100,0,0.01685630004,6,1,20,0.9966323961,60,8,0.1333333333,26,5,0.1923076923
sens1_no_Pm_Tc,Y1:P_H_fixed,chemsys_r6,101,0,0.01685630004,4,3,23,0.9934746118,60,12,0.2,26,5,0.1923076923
sens1_no_Pm_Tc,Y1:P_H_fixed,chemsys_r6,102,0,0.01685630004,27,5,18,0.9825115401,60,11,0.1833333333,26,4,0.1538461538
sens1_no_Pm_Tc,Y1:P_H_fixed,chemsys_r7,100,0,0.01727115717,41,37,2,0.854116509,59,1,0.01694915254,25,0,0
sens1_no_Pm_Tc,Y1:P_H_fixed,chemsys_r7,101,0,0.01727115717,1,1,23,0.9988607051,59,10,0.1694915254,25,2,0.08
sens1_no_Pm_Tc,Y1:P_H_fixed,chemsys_r7,102,0,0.01727115717,2,1,19,0.9989681857,59,8,0.1355932203,25,3,0.12
sens1_no_Pm_Tc,Y1:P_H_fixed,chemsys_r8,100,0,0.01685630004,41,11,15,0.9619177507,60,6,0.1,18,1,0.05555555556
sens1_no_Pm_Tc,Y1:P_H_fixed,chemsys_r8,101,0,0.01685630004,20,4,28,0.9872114981,59,20,0.3389830508,17,7,0.4117647059
sens1_no_Pm_Tc,Y1:P_H_fixed,chemsys_r8,102,0,0.01685630004,5,1,23,0.9937683592,60,17,0.2833333333,18,8,0.4444444444
sens1_no_Pm_Tc,Y1:P_H_fixed,chemsys_r9,100,0,0.01710132535,34,9,11,0.9619306088,59,7,0.1186440678,23,6,0.2608695652
sens1_no_Pm_Tc,Y1:P_H_fixed,chemsys_r9,101,0,0.01710132535,41,13,5,0.9426245211,59,3,0.05084745763,23,2,0.08695652174
sens1_no_Pm_Tc,Y1:P_H_fixed,chemsys_r9,102,0,0.01710132535,1,1,24,0.9998829289,59,13,0.2203389831,23,8,0.347826087
sens1_no_Pm_Tc,Y1:P_H_fixed,random_r0,100,0,0.01674340728,41,8,7,0.9656836182,60,7,0.1166666667,19,5,0.2631578947
sens1_no_Pm_Tc,Y1:P_H_fixed,random_r0,101,0,0.01674340728,16,4,23,0.9787203001,60,8,0.1333333333,19,2,0.1052631579
sens1_no_Pm_Tc,Y1:P_H_fixed,random_r0,102,0,0.01674340728,5,1,23,0.9969987495,59,8,0.1355932203,19,3,0.1578947368
sens1_no_Pm_Tc,Y1:P_H_fixed,random_r1,100,0,0.016985138,6,4,20,0.9905073996,60,12,0.2,23,6,0.2608695652
sens1_no_Pm_Tc,Y1:P_H_fixed,random_r1,101,0,0.016985138,41,17,7,0.962167019,59,3,0.05084745763,22,0,0
sens1_no_Pm_Tc,Y1:P_H_fixed,random_r1,102,0,0.016985138,26,21,17,0.9111627907,60,9,0.15,23,5,0.2173913043
sens1_no_Pm_Tc,Y1:P_H_fixed,random_r2,100,0,0.01683501684,1,1,24,0.9993084661,60,14,0.2333333333,29,9,0.3103448276
sens1_no_Pm_Tc,Y1:P_H_fixed,random_r2,101,0,0.01683501684,18,9,22,0.9811295054,60,16,0.2666666667,29,11,0.3793103448
sens1_no_Pm_Tc,Y1:P_H_fixed,random_r2,102,0,0.01683501684,11,6,19,0.9905595138,60,15,0.25,29,8,0.275862069
sens1_no_Pm_Tc,Y1:P_H_fixed,random_r3,100,0,0.0169707255,12,4,20,0.9933248838,59,11,0.186440678,18,8,0.4444444444
sens1_no_Pm_Tc,Y1:P_H_fixed,random_r3,101,0,0.0169707255,22,5,16,0.976573722,60,8,0.1333333333,18,4,0.2222222222
sens1_no_Pm_Tc,Y1:P_H_fixed,random_r3,102,0,0.0169707255,12,3,26,0.994486692,60,11,0.1833333333,18,5,0.2777777778
sens1_no_Pm_Tc,Y1:P_H_fixed,random_r4,100,0,0.01690617075,8,4,21,0.9864372896,60,12,0.2,27,9,0.3333333333
sens1_no_Pm_Tc,Y1:P_H_fixed,random_r4,101,0,0.01690617075,20,1,17,0.9938973064,59,8,0.1355932203,26,5,0.1923076923
sens1_no_Pm_Tc,Y1:P_H_fixed,random_r4,102,0,0.01690617075,3,3,23,0.9912247475,60,9,0.15,27,5,0.1851851852
sens1_no_Pm_Tc,Y1:P_H_fixed,random_r5,100,0,0.01694915254,38,22,9,0.9259388186,60,7,0.1166666667,15,5,0.3333333333
sens1_no_Pm_Tc,Y1:P_H_fixed,random_r5,101,0,0.01694915254,23,12,21,0.9772995781,60,12,0.2,15,4,0.2666666667
sens1_no_Pm_Tc,Y1:P_H_fixed,random_r5,102,0,0.01694915254,41,20,8,0.941149789,60,7,0.1166666667,15,4,0.2666666667
sens1_no_Pm_Tc,Y1:P_H_fixed,random_r6,100,0,0.01703577513,2,1,20,0.9980491942,59,12,0.2033898305,18,7,0.3888888889
sens1_no_Pm_Tc,Y1:P_H_fixed,random_r6,101,0,0.01703577513,2,1,24,0.9998091603,57,13,0.2280701754,18,6,0.3333333333
sens1_no_Pm_Tc,Y1:P_H_fixed,random_r6,102,0,0.01703577513,13,12,22,0.9756573367,59,15,0.2542372881,18,5,0.2777777778
sens1_no_Pm_Tc,Y1:P_H_fixed,random_r7,100,0,0.01699957501,3,1,24,0.998011003,60,12,0.2,24,5,0.2083333333
sens1_no_Pm_Tc,Y1:P_H_fixed,random_r7,101,0,0.01699957501,21,3,17,0.9835590351,60,5,0.08333333333,24,1,0.04166666667
sens1_no_Pm_Tc,Y1:P_H_fixed,random_r7,102,0,0.01699957501,5,1,24,0.9966991113,60,10,0.1666666667,24,6,0.25
sens1_no_Pm_Tc,Y1:P_H_fixed,random_r8,100,0,0.01689902831,1,1,18,0.9998422381,59,10,0.1694915254,14,4,0.2857142857
sens1_no_Pm_Tc,Y1:P_H_fixed,random_r8,101,0,0.01689902831,8,2,19,0.9945309213,60,9,0.15,15,4,0.2666666667
sens1_no_Pm_Tc,Y1:P_H_fixed,random_r8,102,0,0.01689902831,2,1,19,0.9987379049,59,11,0.186440678,15,5,0.3333333333
sens1_no_Pm_Tc,Y1:P_H_fixed,random_r9,100,0,0.016985138,3,1,25,0.9982452431,60,13,0.2166666667,19,7,0.3684210526
sens1_no_Pm_Tc,Y1:P_H_fixed,random_r9,101,0,0.016985138,10,10,17,0.9933403805,59,9,0.1525423729,18,2,0.1111111111
sens1_no_Pm_Tc,Y1:P_H_fixed,random_r9,102,0,0.016985138,25,4,16,0.9882980973,60,6,0.1,19,1,0.05263157895
sens1_no_Pm_Tc,Y1:P_H_fixed,chemsys_r0,100,0.02,0.01710132535,14,4,26,0.9777139208,59,18,0.3050847458,32,12,0.375
sens1_no_Pm_Tc,Y1:P_H_fixed,chemsys_r0,101,0.02,0.01710132535,14,2,28,0.9898467433,59,12,0.2033898305,32,7,0.21875
sens1_no_Pm_Tc,Y1:P_H_fixed,chemsys_r0,102,0.02,0.01710132535,7,4,22,0.9965197957,58,11,0.1896551724,31,7,0.2258064516
sens1_no_Pm_Tc,Y1:P_H_fixed,chemsys_r1,100,0.02,0.01687763713,3,2,25,0.9982457983,60,13,0.2166666667,22,5,0.2272727273
sens1_no_Pm_Tc,Y1:P_H_fixed,chemsys_r1,101,0.02,0.01687763713,4,2,25,0.9969852941,60,13,0.2166666667,22,4,0.1818181818
sens1_no_Pm_Tc,Y1:P_H_fixed,chemsys_r1,102,0.02,0.01687763713,27,1,27,0.9833298319,60,10,0.1666666667,22,0,0
sens1_no_Pm_Tc,Y1:P_H_fixed,chemsys_r2,100,0.02,0.01696352841,3,3,22,0.9903716216,60,7,0.1166666667,29,1,0.03448275862
sens1_no_Pm_Tc,Y1:P_H_fixed,chemsys_r2,101,0.02,0.01696352841,3,1,23,0.9999683277,59,14,0.2372881356,28,9,0.3214285714
sens1_no_Pm_Tc,Y1:P_H_fixed,chemsys_r2,102,0.02,0.01696352841,41,6,7,0.9721178209,60,3,0.05,29,0,0
sens1_no_Pm_Tc,Y1:P_H_fixed,chemsys_r3,100,0.02,0.01695633743,25,2,23,0.9906289574,60,11,0.1833333333,30,4,0.1333333333
sens1_no_Pm_Tc,Y1:P_H_fixed,chemsys_r3,101,0.02,0.01695633743,1,1,26,0.9994195863,60,14,0.2333333333,30,5,0.1666666667
sens1_no_Pm_Tc,Y1:P_H_fixed,chemsys_r3,102,0.02,0.01695633743,20,6,22,0.9943436049,60,8,0.1333333333,30,2,0.06666666667
sens1_no_Pm_Tc,Y1:P_H_fixed,chemsys_r4,100,0.02,0.01678556441,35,1,13,0.9901796908,60,5,0.08333333333,19,0,0
sens1_no_Pm_Tc,Y1:P_H_fixed,chemsys_r4,101,0.02,0.01678556441,10,1,25,0.9964584204,60,10,0.1666666667,19,5,0.2631578947
sens1_no_Pm_Tc,Y1:P_H_fixed,chemsys_r4,102,0.02,0.01678556441,1,1,22,0.9996865859,60,13,0.2166666667,19,6,0.3157894737
sens1_no_Pm_Tc,Y1:P_H_fixed,chemsys_r5,100,0.02,0.01677852349,3,1,23,0.9987677527,60,12,0.2,26,7,0.2692307692
sens1_no_Pm_Tc,Y1:P_H_fixed,chemsys_r5,101,0.02,0.01677852349,41,1,15,0.9784043442,60,7,0.1166666667,26,1,0.03846153846
sens1_no_Pm_Tc,Y1:P_H_fixed,chemsys_r5,102,0.02,0.01677852349,5,1,27,0.9998955723,59,12,0.2033898305,26,5,0.1923076923
sens1_no_Pm_Tc,Y1:P_H_fixed,chemsys_r6,100,0.02,0.01685630004,3,1,22,0.9986571548,60,11,0.1833333333,26,6,0.2307692308
sens1_no_Pm_Tc,Y1:P_H_fixed,chemsys_r6,101,0.02,0.01685630004,5,4,18,0.9944607637,60,9,0.15,26,3,0.1153846154
sens1_no_Pm_Tc,Y1:P_H_fixed,chemsys_r6,102,0.02,0.01685630004,10,4,21,0.9885543433,60,6,0.1,26,0,0
sens1_no_Pm_Tc,Y1:P_H_fixed,chemsys_r7,100,0.02,0.01727115717,33,19,10,0.9210232158,59,2,0.03389830508,25,1,0.04
sens1_no_Pm_Tc,Y1:P_H_fixed,chemsys_r7,101,0.02,0.01727115717,1,1,24,0.9998065348,59,8,0.1355932203,25,3,0.12
sens1_no_Pm_Tc,Y1:P_H_fixed,chemsys_r7,102,0.02,0.01727115717,1,1,23,1,59,10,0.1694915254,25,4,0.16
sens1_no_Pm_Tc,Y1:P_H_fixed,chemsys_r8,100,0.02,0.01685630004,41,10,13,0.963659253,60,5,0.08333333333,18,0,0
sens1_no_Pm_Tc,Y1:P_H_fixed,chemsys_r8,101,0.02,0.01685630004,10,2,26,0.9915862358,59,12,0.2033898305,17,3,0.1764705882
sens1_no_Pm_Tc,Y1:P_H_fixed,chemsys_r8,102,0.02,0.01685630004,4,1,26,0.9975031473,60,17,0.2833333333,18,6,0.3333333333
sens1_no_Pm_Tc,Y1:P_H_fixed,chemsys_r9,100,0.02,0.01710132535,20,9,22,0.9801511281,59,10,0.1694915254,23,5,0.2173913043
sens1_no_Pm_Tc,Y1:P_H_fixed,chemsys_r9,101,0.02,0.01710132535,21,5,21,0.9791507024,59,9,0.1525423729,23,3,0.1304347826
sens1_no_Pm_Tc,Y1:P_H_fixed,chemsys_r9,102,0.02,0.01710132535,1,1,23,0.9999148574,59,12,0.2033898305,23,7,0.3043478261
sens1_no_Pm_Tc,Y1:P_H_fixed,random_r0,100,0.02,0.01674340728,9,5,15,0.9884952063,60,6,0.1,19,4,0.2105263158
sens1_no_Pm_Tc,Y1:P_H_fixed,random_r0,101,0.02,0.01674340728,4,4,23,0.9858691121,60,9,0.15,19,2,0.1052631579
sens1_no_Pm_Tc,Y1:P_H_fixed,random_r0,102,0.02,0.01674340728,5,1,26,0.9978428512,59,8,0.1355932203,19,2,0.1052631579
sens1_no_Pm_Tc,Y1:P_H_fixed,random_r1,100,0.02,0.016985138,3,3,21,0.9933298097,60,12,0.2,23,5,0.2173913043
sens1_no_Pm_Tc,Y1:P_H_fixed,random_r1,101,0.02,0.016985138,2,2,21,0.998858351,59,9,0.1525423729,22,3,0.1363636364
sens1_no_Pm_Tc,Y1:P_H_fixed,random_r1,102,0.02,0.016985138,31,9,19,0.9628435518,60,5,0.08333333333,23,2,0.08695652174
sens1_no_Pm_Tc,Y1:P_H_fixed,random_r2,100,0.02,0.01683501684,1,1,24,0.9999685666,60,14,0.2333333333,29,9,0.3103448276
sens1_no_Pm_Tc,Y1:P_H_fixed,random_r2,101,0.02,0.01683501684,17,7,24,0.9873428332,60,14,0.2333333333,29,7,0.2413793103
sens1_no_Pm_Tc,Y1:P_H_fixed,random_r2,102,0.02,0.01683501684,10,4,23,0.9926341157,60,15,0.25,29,9,0.3103448276
sens1_no_Pm_Tc,Y1:P_H_fixed,random_r3,100,0.02,0.0169707255,4,2,23,0.9973806506,59,9,0.1525423729,18,5,0.2777777778
sens1_no_Pm_Tc,Y1:P_H_fixed,random_r3,101,0.02,0.0169707255,20,5,18,0.9795838614,60,7,0.1166666667,18,4,0.2222222222
sens1_no_Pm_Tc,Y1:P_H_fixed,random_r3,102,0.02,0.0169707255,38,3,18,0.9856147022,60,10,0.1666666667,18,1,0.05555555556
sens1_no_Pm_Tc,Y1:P_H_fixed,random_r4,100,0.02,0.01690617075,3,1,26,0.9983901515,60,10,0.1666666667,27,6,0.2222222222
sens1_no_Pm_Tc,Y1:P_H_fixed,random_r4,101,0.02,0.01690617075,17,3,18,0.9942760943,59,7,0.1186440678,26,5,0.1923076923
sens1_no_Pm_Tc,Y1:P_H_fixed,random_r4,102,0.02,0.01690617075,2,2,25,0.9945707071,60,10,0.1666666667,27,6,0.2222222222
sens1_no_Pm_Tc,Y1:P_H_fixed,random_r5,100,0.02,0.01694915254,11,4,23,0.9792721519,60,15,0.25,15,6,0.4
sens1_no_Pm_Tc,Y1:P_H_fixed,random_r5,101,0.02,0.01694915254,21,9,21,0.9796097046,60,10,0.1666666667,15,1,0.06666666667
sens1_no_Pm_Tc,Y1:P_H_fixed,random_r5,102,0.02,0.01694915254,37,5,13,0.9789029536,60,6,0.1,15,3,0.2
sens1_no_Pm_Tc,Y1:P_H_fixed,random_r6,100,0.02,0.01703577513,1,1,25,0.9999045802,59,13,0.2203389831,18,6,0.3333333333
sens1_no_Pm_Tc,Y1:P_H_fixed,random_r6,101,0.02,0.01703577513,2,1,24,0.9999045802,57,12,0.2105263158,18,6,0.3333333333
sens1_no_Pm_Tc,Y1:P_H_fixed,random_r6,102,0.02,0.01703577513,41,9,10,0.9609838846,59,1,0.01694915254,18,0,0
sens1_no_Pm_Tc,Y1:P_H_fixed,random_r7,100,0.02,0.01699957501,2,2,22,0.9985928904,60,9,0.15,24,3,0.125
sens1_no_Pm_Tc,Y1:P_H_fixed,random_r7,101,0.02,0.01699957501,13,6,24,0.9860770207,60,8,0.1333333333,24,2,0.08333333333
sens1_no_Pm_Tc,Y1:P_H_fixed,random_r7,102,0.02,0.01699957501,4,2,23,0.9946677952,60,9,0.15,24,3,0.125
sens1_no_Pm_Tc,Y1:P_H_fixed,random_r8,100,0.02,0.01689902831,1,1,22,0.9998422381,59,11,0.186440678,14,5,0.3571428571
sens1_no_Pm_Tc,Y1:P_H_fixed,random_r8,101,0.02,0.01689902831,21,8,24,0.9814682373,60,12,0.2,15,3,0.2
sens1_no_Pm_Tc,Y1:P_H_fixed,random_r8,102,0.02,0.01689902831,1,1,24,0.9998212032,59,13,0.2203389831,15,5,0.3333333333
sens1_no_Pm_Tc,Y1:P_H_fixed,random_r9,100,0.02,0.016985138,3,1,24,0.9984989429,60,13,0.2166666667,19,6,0.3157894737
sens1_no_Pm_Tc,Y1:P_H_fixed,random_r9,101,0.02,0.016985138,6,2,26,0.9971035941,59,14,0.2372881356,18,5,0.2777777778
sens1_no_Pm_Tc,Y1:P_H_fixed,random_r9,102,0.02,0.016985138,5,4,22,0.9942494715,60,13,0.2166666667,19,5,0.2631578947
sens1_no_Pm_Tc,Y1:P_H_fixed,chemsys_r0,100,0.05,0.01710132535,7,5,25,0.9849191145,59,12,0.2033898305,32,7,0.21875
sens1_no_Pm_Tc,Y1:P_H_fixed,chemsys_r0,101,0.05,0.01710132535,22,2,28,0.9858237548,59,15,0.2542372881,32,8,0.25
sens1_no_Pm_Tc,Y1:P_H_fixed,chemsys_r0,102,0.05,0.01710132535,6,4,23,0.9966900809,58,11,0.1896551724,31,5,0.1612903226
sens1_no_Pm_Tc,Y1:P_H_fixed,chemsys_r1,100,0.05,0.01687763713,3,2,22,0.9971323529,60,13,0.2166666667,22,6,0.2727272727
sens1_no_Pm_Tc,Y1:P_H_fixed,chemsys_r1,101,0.05,0.01687763713,39,2,16,0.9846953782,60,4,0.06666666667,22,1,0.04545454545
sens1_no_Pm_Tc,Y1:P_H_fixed,chemsys_r1,102,0.05,0.01687763713,29,1,23,0.9810609244,60,7,0.1166666667,22,1,0.04545454545
sens1_no_Pm_Tc,Y1:P_H_fixed,chemsys_r2,100,0.05,0.01696352841,9,5,23,0.987573902,60,5,0.08333333333,29,1,0.03448275862
sens1_no_Pm_Tc,Y1:P_H_fixed,chemsys_r2,101,0.05,0.01696352841,3,2,24,0.9999788851,59,14,0.2372881356,28,7,0.25
sens1_no_Pm_Tc,Y1:P_H_fixed,chemsys_r2,102,0.05,0.01696352841,41,5,6,0.9734163851,60,1,0.01666666667,29,0,0
sens1_no_Pm_Tc,Y1:P_H_fixed,chemsys_r3,100,0.05,0.01695633743,18,1,27,0.9941325454,60,15,0.25,30,6,0.2
sens1_no_Pm_Tc,Y1:P_H_fixed,chemsys_r3,101,0.05,0.01695633743,1,1,27,0.9994195863,60,15,0.25,30,7,0.2333333333
sens1_no_Pm_Tc,Y1:P_H_fixed,chemsys_r3,102,0.05,0.01695633743,16,5,23,0.99517729,60,10,0.1666666667,30,4,0.1333333333
sens1_no_Pm_Tc,Y1:P_H_fixed,chemsys_r4,100,0.05,0.01678556441,33,1,18,0.9903886335,60,9,0.15,19,0,0
sens1_no_Pm_Tc,Y1:P_H_fixed,chemsys_r4,101,0.05,0.01678556441,32,1,22,0.9882678646,60,3,0.05,19,0,0
sens1_no_Pm_Tc,Y1:P_H_fixed,chemsys_r4,102,0.05,0.01678556441,1,1,24,0.9996865859,60,13,0.2166666667,19,6,0.3157894737
sens1_no_Pm_Tc,Y1:P_H_fixed,chemsys_r5,100,0.05,0.01677852349,3,1,21,0.9985902256,60,9,0.15,26,4,0.1538461538
sens1_no_Pm_Tc,Y1:P_H_fixed,chemsys_r5,101,0.05,0.01677852349,22,1,24,0.9857769424,60,10,0.1666666667,26,4,0.1538461538
sens1_no_Pm_Tc,Y1:P_H_fixed,chemsys_r5,102,0.05,0.01677852349,2,1,26,0.9998015873,59,11,0.186440678,26,4,0.1538461538
sens1_no_Pm_Tc,Y1:P_H_fixed,chemsys_r6,100,0.05,0.01685630004,3,1,22,0.9986047,60,10,0.1666666667,26,6,0.2307692308
sens1_no_Pm_Tc,Y1:P_H_fixed,chemsys_r6,101,0.05,0.01685630004,9,3,23,0.9946915653,60,9,0.15,26,5,0.1923076923
sens1_no_Pm_Tc,Y1:P_H_fixed,chemsys_r6,102,0.05,0.01685630004,39,3,12,0.9816512799,60,1,0.01666666667,26,0,0
sens1_no_Pm_Tc,Y1:P_H_fixed,chemsys_r7,100,0.05,0.01727115717,31,20,13,0.9548903697,59,4,0.06779661017,25,0,0
sens1_no_Pm_Tc,Y1:P_H_fixed,chemsys_r7,101,0.05,0.01727115717,3,2,24,0.9990649183,59,9,0.1525423729,25,4,0.16
sens1_no_Pm_Tc,Y1:P_H_fixed,chemsys_r7,102,0.05,0.01727115717,1,1,26,1,59,12,0.2033898305,25,6,0.24
sens1_no_Pm_Tc,Y1:P_H_fixed,chemsys_r8,100,0.05,0.01685630004,30,12,18,0.9653063366,60,7,0.1166666667,18,0,0
sens1_no_Pm_Tc,Y1:P_H_fixed,chemsys_r8,101,0.05,0.01685630004,13,5,24,0.9934641209,59,13,0.2203389831,17,1,0.05882352941
sens1_no_Pm_Tc,Y1:P_H_fixed,chemsys_r8,102,0.05,0.01685630004,3,1,30,0.9980696601,60,17,0.2833333333,18,6,0.3333333333
sens1_no_Pm_Tc,Y1:P_H_fixed,chemsys_r9,100,0.05,0.01710132535,18,8,24,0.982183908,59,10,0.1694915254,23,4,0.1739130435
sens1_no_Pm_Tc,Y1:P_H_fixed,chemsys_r9,101,0.05,0.01710132535,16,3,10,0.9845785441,59,4,0.06779661017,23,1,0.04347826087
sens1_no_Pm_Tc,Y1:P_H_fixed,chemsys_r9,102,0.05,0.01710132535,1,1,23,0.9999148574,59,12,0.2033898305,23,6,0.2608695652
sens1_no_Pm_Tc,Y1:P_H_fixed,random_r0,100,0.05,0.01674340728,7,3,17,0.99287203,60,8,0.1333333333,19,5,0.2631578947
sens1_no_Pm_Tc,Y1:P_H_fixed,random_r0,101,0.05,0.01674340728,4,4,25,0.9863797416,60,9,0.15,19,3,0.1578947368
sens1_no_Pm_Tc,Y1:P_H_fixed,random_r0,102,0.05,0.01674340728,5,1,27,0.9974364318,59,11,0.186440678,19,5,0.2631578947
sens1_no_Pm_Tc,Y1:P_H_fixed,random_r1,100,0.05,0.016985138,6,4,24,0.9883826638,60,12,0.2,23,5,0.2173913043
sens1_no_Pm_Tc,Y1:P_H_fixed,random_r1,101,0.05,0.016985138,1,1,22,1,59,11,0.186440678,22,5,0.2272727273
sens1_no_Pm_Tc,Y1:P_H_fixed,random_r1,102,0.05,0.016985138,21,5,26,0.9735729387,60,9,0.15,23,1,0.04347826087
sens1_no_Pm_Tc,Y1:P_H_fixed,random_r2,100,0.05,0.01683501684,1,1,25,0.9999685666,60,14,0.2333333333,29,9,0.3103448276
sens1_no_Pm_Tc,Y1:P_H_fixed,random_r2,101,0.05,0.01683501684,10,2,21,0.9900880134,60,11,0.1833333333,29,7,0.2413793103
sens1_no_Pm_Tc,Y1:P_H_fixed,random_r2,102,0.05,0.01683501684,10,1,26,0.9969300084,60,15,0.25,29,9,0.3103448276
sens1_no_Pm_Tc,Y1:P_H_fixed,random_r3,100,0.05,0.0169707255,2,1,26,0.9977186312,59,12,0.2033898305,18,4,0.2222222222
sens1_no_Pm_Tc,Y1:P_H_fixed,random_r3,101,0.05,0.0169707255,39,21,10,0.9641001267,60,7,0.1166666667,18,0,0
sens1_no_Pm_Tc,Y1:P_H_fixed,random_r3,102,0.05,0.0169707255,10,3,26,0.9941803971,60,9,0.15,18,3,0.1666666667
sens1_no_Pm_Tc,Y1:P_H_fixed,random_r4,100,0.05,0.01690617075,3,1,26,0.9983901515,60,9,0.15,27,5,0.1851851852
sens1_no_Pm_Tc,Y1:P_H_fixed,random_r4,101,0.05,0.01690617075,21,10,21,0.991172138,59,5,0.08474576271,26,2,0.07692307692
sens1_no_Pm_Tc,Y1:P_H_fixed,random_r4,102,0.05,0.01690617075,3,3,20,0.9953808923,60,8,0.1333333333,27,4,0.1481481481
sens1_no_Pm_Tc,Y1:P_H_fixed,random_r5,100,0.05,0.01694915254,26,3,19,0.9730274262,60,5,0.08333333333,15,0,0
sens1_no_Pm_Tc,Y1:P_H_fixed,random_r5,101,0.05,0.01694915254,11,3,25,0.9853481013,60,12,0.2,15,4,0.2666666667
sens1_no_Pm_Tc,Y1:P_H_fixed,random_r5,102,0.05,0.01694915254,19,15,20,0.9714767932,60,9,0.15,15,2,0.1333333333
sens1_no_Pm_Tc,Y1:P_H_fixed,random_r6,100,0.05,0.01703577513,1,1,27,0.9999045802,59,12,0.2033898305,18,4,0.2222222222
sens1_no_Pm_Tc,Y1:P_H_fixed,random_r6,101,0.05,0.01703577513,2,1,27,0.9999045802,57,12,0.2105263158,18,5,0.2777777778
sens1_no_Pm_Tc,Y1:P_H_fixed,random_r6,102,0.05,0.01703577513,5,3,24,0.9937871077,59,11,0.186440678,18,4,0.2222222222
sens1_no_Pm_Tc,Y1:P_H_fixed,random_r7,100,0.05,0.01699957501,2,1,25,0.9988044858,60,11,0.1833333333,24,5,0.2083333333
sens1_no_Pm_Tc,Y1:P_H_fixed,random_r7,101,0.05,0.01699957501,12,7,24,0.9856749894,60,11,0.1833333333,24,5,0.2083333333
sens1_no_Pm_Tc,Y1:P_H_fixed,random_r7,102,0.05,0.01699957501,3,3,26,0.9950592467,60,13,0.2166666667,24,6,0.25
sens1_no_Pm_Tc,Y1:P_H_fixed,random_r8,100,0.05,0.01689902831,1,1,23,1,59,13,0.2203389831,14,5,0.3571428571
sens1_no_Pm_Tc,Y1:P_H_fixed,random_r8,101,0.05,0.01689902831,7,2,25,0.9949411022,60,12,0.2,15,5,0.3333333333
sens1_no_Pm_Tc,Y1:P_H_fixed,random_r8,102,0.05,0.01689902831,1,1,21,0.999884308,59,12,0.2033898305,15,5,0.3333333333
sens1_no_Pm_Tc,Y1:P_H_fixed,random_r9,100,0.05,0.016985138,1,1,21,0.9993868922,60,10,0.1666666667,19,5,0.2631578947
sens1_no_Pm_Tc,Y1:P_H_fixed,random_r9,101,0.05,0.016985138,3,2,27,0.9982769556,59,9,0.1525423729,18,2,0.1111111111
sens1_no_Pm_Tc,Y1:P_H_fixed,random_r9,102,0.05,0.016985138,8,3,24,0.9949577167,60,10,0.1666666667,19,3,0.1578947368
sens1_no_Pm_Tc,Y1:P_H_fixed,chemsys_r0,100,0.1,0.01710132535,9,9,21,0.9721583653,59,10,0.1694915254,32,5,0.15625
sens1_no_Pm_Tc,Y1:P_H_fixed,chemsys_r0,101,0.1,0.01710132535,41,3,14,0.9761174968,59,4,0.06779661017,32,0,0
sens1_no_Pm_Tc,Y1:P_H_fixed,chemsys_r0,102,0.1,0.01710132535,3,3,26,0.9983716475,58,12,0.2068965517,31,7,0.2258064516
sens1_no_Pm_Tc,Y1:P_H_fixed,chemsys_r1,100,0.1,0.01687763713,5,3,25,0.9961869748,60,14,0.2333333333,22,5,0.2272727273
sens1_no_Pm_Tc,Y1:P_H_fixed,chemsys_r1,101,0.1,0.01687763713,6,2,25,0.9948004202,60,12,0.2,22,6,0.2727272727
sens1_no_Pm_Tc,Y1:P_H_fixed,chemsys_r1,102,0.1,0.01687763713,26,1,23,0.9819537815,60,2,0.03333333333,22,0,0
sens1_no_Pm_Tc,Y1:P_H_fixed,chemsys_r2,100,0.1,0.01696352841,5,1,19,0.9881228885,60,6,0.1,29,1,0.03448275862
sens1_no_Pm_Tc,Y1:P_H_fixed,chemsys_r2,101,0.1,0.01696352841,2,1,25,0.9999894426,59,14,0.2372881356,28,7,0.25
sens1_no_Pm_Tc,Y1:P_H_fixed,chemsys_r2,102,0.1,0.01696352841,31,5,14,0.9789590372,60,1,0.01666666667,29,0,0
sens1_no_Pm_Tc,Y1:P_H_fixed,chemsys_r3,100,0.1,0.01695633743,25,1,24,0.9913887716,60,8,0.1333333333,30,0,0
sens1_no_Pm_Tc,Y1:P_H_fixed,chemsys_r3,101,0.1,0.01695633743,1,1,26,0.999556775,60,18,0.3,30,9,0.3
sens1_no_Pm_Tc,Y1:P_H_fixed,chemsys_r3,102,0.1,0.01695633743,23,4,23,0.9932144365,60,7,0.1166666667,30,2,0.06666666667
sens1_no_Pm_Tc,Y1:P_H_fixed,chemsys_r4,100,0.1,0.01678556441,20,1,23,0.994755537,60,9,0.15,19,1,0.05263157895
sens1_no_Pm_Tc,Y1:P_H_fixed,chemsys_r4,101,0.1,0.01678556441,1,1,23,0.9999373172,60,12,0.2,19,6,0.3157894737
sens1_no_Pm_Tc,Y1:P_H_fixed,chemsys_r4,102,0.1,0.01678556441,1,1,23,0.9995716674,60,11,0.1833333333,19,5,0.2631578947
sens1_no_Pm_Tc,Y1:P_H_fixed,chemsys_r5,100,0.1,0.01677852349,3,1,25,0.9986842105,60,11,0.1833333333,26,5,0.1923076923
sens1_no_Pm_Tc,Y1:P_H_fixed,chemsys_r5,101,0.1,0.01677852349,18,1,22,0.9879177109,60,6,0.1,26,1,0.03846153846
sens1_no_Pm_Tc,Y1:P_H_fixed,chemsys_r5,102,0.1,0.01677852349,2,1,28,0.999770259,59,12,0.2033898305,26,4,0.1538461538
sens1_no_Pm_Tc,Y1:P_H_fixed,chemsys_r6,100,0.1,0.01685630004,3,1,26,0.9986047,60,12,0.2,26,6,0.2307692308
sens1_no_Pm_Tc,Y1:P_H_fixed,chemsys_r6,101,0.1,0.01685630004,3,3,24,0.9960134285,60,11,0.1833333333,26,4,0.1538461538
sens1_no_Pm_Tc,Y1:P_H_fixed,chemsys_r6,102,0.1,0.01685630004,8,2,28,0.9926668065,60,10,0.1666666667,26,2,0.07692307692
sens1_no_Pm_Tc,Y1:P_H_fixed,chemsys_r7,100,0.1,0.01727115717,28,18,18,0.9562876182,59,1,0.01694915254,25,0,0
sens1_no_Pm_Tc,Y1:P_H_fixed,chemsys_r7,101,0.1,0.01727115717,3,2,27,0.9990756664,59,10,0.1694915254,25,4,0.16
sens1_no_Pm_Tc,Y1:P_H_fixed,chemsys_r7,102,0.1,0.01727115717,1,1,24,0.9990541702,59,9,0.1525423729,25,4,0.16
sens1_no_Pm_Tc,Y1:P_H_fixed,chemsys_r8,100,0.1,0.01685630004,20,5,23,0.9799517415,60,8,0.1333333333,18,0,0
sens1_no_Pm_Tc,Y1:P_H_fixed,chemsys_r8,101,0.1,0.01685630004,16,5,25,0.9917226185,59,9,0.1525423729,17,0,0
sens1_no_Pm_Tc,Y1:P_H_fixed,chemsys_r8,102,0.1,0.01685630004,3,1,31,0.9981535879,60,16,0.2666666667,18,5,0.2777777778
sens1_no_Pm_Tc,Y1:P_H_fixed,chemsys_r9,100,0.1,0.01710132535,15,6,24,0.9861111111,59,8,0.1355932203,23,4,0.1739130435
sens1_no_Pm_Tc,Y1:P_H_fixed,chemsys_r9,101,0.1,0.01710132535,18,4,26,0.9878778203,59,10,0.1694915254,23,4,0.1739130435
sens1_no_Pm_Tc,Y1:P_H_fixed,chemsys_r9,102,0.1,0.01710132535,1,1,24,0.9998722861,59,13,0.2203389831,23,6,0.2608695652
sens1_no_Pm_Tc,Y1:P_H_fixed,random_r0,100,0.1,0.01674340728,4,3,23,0.9951229679,60,10,0.1666666667,19,4,0.2105263158
sens1_no_Pm_Tc,Y1:P_H_fixed,random_r0,101,0.1,0.01674340728,6,2,25,0.9923509796,60,8,0.1333333333,19,1,0.05263157895
sens1_no_Pm_Tc,Y1:P_H_fixed,random_r0,102,0.1,0.01674340728,7,1,32,0.9970925386,59,11,0.186440678,19,4,0.2105263158
sens1_no_Pm_Tc,Y1:P_H_fixed,random_r1,100,0.1,0.016985138,26,2,22,0.9847674419,60,5,0.08333333333,23,2,0.08695652174
sens1_no_Pm_Tc,Y1:P_H_fixed,random_r1,101,0.1,0.016985138,2,1,25,0.9996934461,59,11,0.186440678,22,5,0.2272727273
sens1_no_Pm_Tc,Y1:P_H_fixed,random_r1,102,0.1,0.016985138,18,2,27,0.9851162791,60,9,0.15,23,3,0.1304347826
sens1_no_Pm_Tc,Y1:P_H_fixed,random_r2,100,0.1,0.01683501684,1,1,24,0.999214166,60,13,0.2166666667,29,8,0.275862069
sens1_no_Pm_Tc,Y1:P_H_fixed,random_r2,101,0.1,0.01683501684,16,1,23,0.9861588433,60,12,0.2,29,8,0.275862069
sens1_no_Pm_Tc,Y1:P_H_fixed,random_r2,102,0.1,0.01683501684,12,1,28,0.9971605197,60,12,0.2,29,5,0.1724137931
sens1_no_Pm_Tc,Y1:P_H_fixed,random_r3,100,0.1,0.0169707255,2,1,28,0.9980882974,59,9,0.1525423729,18,3,0.1666666667
sens1_no_Pm_Tc,Y1:P_H_fixed,random_r3,101,0.1,0.0169707255,23,7,20,0.9759294466,60,2,0.03333333333,18,0,0
sens1_no_Pm_Tc,Y1:P_H_fixed,random_r3,102,0.1,0.0169707255,8,3,27,0.9962399662,60,9,0.15,18,3,0.1666666667
sens1_no_Pm_Tc,Y1:P_H_fixed,random_r4,100,0.1,0.01690617075,3,1,25,0.9984848485,60,8,0.1333333333,27,4,0.1481481481
sens1_no_Pm_Tc,Y1:P_H_fixed,random_r4,101,0.1,0.01690617075,41,1,8,0.9819023569,59,2,0.03389830508,26,0,0
sens1_no_Pm_Tc,Y1:P_H_fixed,random_r4,102,0.1,0.01690617075,41,5,8,0.9690656566,60,3,0.05,27,0,0
sens1_no_Pm_Tc,Y1:P_H_fixed,random_r5,100,0.1,0.01694915254,38,2,10,0.97,60,4,0.06666666667,15,2,0.1333333333
sens1_no_Pm_Tc,Y1:P_H_fixed,random_r5,101,0.1,0.01694915254,14,3,24,0.9858544304,60,12,0.2,15,4,0.2666666667
sens1_no_Pm_Tc,Y1:P_H_fixed,random_r5,102,0.1,0.01694915254,23,12,24,0.9755485232,60,7,0.1166666667,15,1,0.06666666667
sens1_no_Pm_Tc,Y1:P_H_fixed,random_r6,100,0.1,0.01703577513,1,1,27,0.9999045802,59,10,0.1694915254,18,3,0.1666666667
sens1_no_Pm_Tc,Y1:P_H_fixed,random_r6,101,0.1,0.01703577513,2,2,29,0.9999045802,57,11,0.1929824561,18,0,0
sens1_no_Pm_Tc,Y1:P_H_fixed,random_r6,102,0.1,0.01703577513,5,3,26,0.9937871077,59,9,0.1525423729,18,1,0.05555555556
sens1_no_Pm_Tc,Y1:P_H_fixed,random_r7,100,0.1,0.01699957501,1,1,27,0.9998518832,60,13,0.2166666667,24,5,0.2083333333
sens1_no_Pm_Tc,Y1:P_H_fixed,random_r7,101,0.1,0.01699957501,9,2,28,0.9878015235,60,4,0.06666666667,24,0,0
sens1_no_Pm_Tc,Y1:P_H_fixed,random_r7,102,0.1,0.01699957501,3,3,25,0.9950592467,60,12,0.2,24,5,0.2083333333
sens1_no_Pm_Tc,Y1:P_H_fixed,random_r8,100,0.1,0.01689902831,1,1,26,1,59,12,0.2033898305,14,4,0.2857142857
sens1_no_Pm_Tc,Y1:P_H_fixed,random_r8,101,0.1,0.01689902831,7,4,24,0.9918700042,60,12,0.2,15,5,0.3333333333
sens1_no_Pm_Tc,Y1:P_H_fixed,random_r8,102,0.1,0.01689902831,1,1,26,0.9999158603,59,14,0.2372881356,15,6,0.4
sens1_no_Pm_Tc,Y1:P_H_fixed,random_r9,100,0.1,0.016985138,1,1,23,0.999217759,60,7,0.1166666667,19,1,0.05263157895
sens1_no_Pm_Tc,Y1:P_H_fixed,random_r9,101,0.1,0.016985138,2,1,29,0.9982980973,59,15,0.2542372881,18,5,0.2777777778
sens1_no_Pm_Tc,Y1:P_H_fixed,random_r9,102,0.1,0.016985138,28,1,22,0.981205074,60,1,0.01666666667,19,0,0
sens1_no_Pm_Tc,Y1:P_H_fixed,chemsys_r0,100,0.25,0.01710132535,10,8,22,0.9814176245,59,7,0.1186440678,32,1,0.03125
sens1_no_Pm_Tc,Y1:P_H_fixed,chemsys_r0,101,0.25,0.01710132535,11,2,25,0.9892613878,59,7,0.1186440678,32,2,0.0625
sens1_no_Pm_Tc,Y1:P_H_fixed,chemsys_r0,102,0.25,0.01710132535,11,3,23,0.9961472967,58,7,0.1206896552,31,1,0.03225806452
sens1_no_Pm_Tc,Y1:P_H_fixed,chemsys_r1,100,0.25,0.01687763713,7,3,28,0.9943907563,60,10,0.1666666667,22,4,0.1818181818
sens1_no_Pm_Tc,Y1:P_H_fixed,chemsys_r1,101,0.25,0.01687763713,6,2,26,0.9947163866,60,10,0.1666666667,22,5,0.2272727273
sens1_no_Pm_Tc,Y1:P_H_fixed,chemsys_r1,102,0.25,0.01687763713,16,1,27,0.9916911765,60,4,0.06666666667,22,2,0.09090909091
sens1_no_Pm_Tc,Y1:P_H_fixed,chemsys_r2,100,0.25,0.01696352841,10,1,24,0.9916807432,60,5,0.08333333333,29,0,0
sens1_no_Pm_Tc,Y1:P_H_fixed,chemsys_r2,101,0.25,0.01696352841,3,1,25,0.9999472128,59,8,0.1355932203,28,1,0.03571428571
sens1_no_Pm_Tc,Y1:P_H_fixed,chemsys_r2,102,0.25,0.01696352841,19,6,18,0.9880278716,60,1,0.01666666667,29,0,0
sens1_no_Pm_Tc,Y1:P_H_fixed,chemsys_r3,100,0.25,0.01695633743,33,3,22,0.9877796539,60,1,0.01666666667,30,0,0
sens1_no_Pm_Tc,Y1:P_H_fixed,chemsys_r3,101,0.25,0.01695633743,1,1,27,0.9990291262,60,15,0.25,30,4,0.1333333333
sens1_no_Pm_Tc,Y1:P_H_fixed,chemsys_r3,102,0.25,0.01695633743,41,4,18,0.988602786,60,0,0,30,0,0
sens1_no_Pm_Tc,Y1:P_H_fixed,chemsys_r4,100,0.25,0.01678556441,10,4,24,0.9894483911,60,9,0.15,19,2,0.1052631579
sens1_no_Pm_Tc,Y1:P_H_fixed,chemsys_r4,101,0.25,0.01678556441,1,1,25,0.9998223987,60,12,0.2,19,4,0.2105263158
sens1_no_Pm_Tc,Y1:P_H_fixed,chemsys_r4,102,0.25,0.01678556441,1,1,27,0.9996134559,60,11,0.1833333333,19,3,0.1578947368
sens1_no_Pm_Tc,Y1:P_H_fixed,chemsys_r5,100,0.25,0.01677852349,6,1,27,0.9984649123,60,7,0.1166666667,26,1,0.03846153846
sens1_no_Pm_Tc,Y1:P_H_fixed,chemsys_r5,101,0.25,0.01677852349,41,3,8,0.9753550543,60,0,0,26,0,0
sens1_no_Pm_Tc,Y1:P_H_fixed,chemsys_r5,102,0.25,0.01677852349,2,1,28,0.9997911445,59,12,0.2033898305,26,4,0.1538461538
sens1_no_Pm_Tc,Y1:P_H_fixed,chemsys_r6,100,0.25,0.01685630004,1,1,28,0.9996013428,60,11,0.1833333333,26,2,0.07692307692
sens1_no_Pm_Tc,Y1:P_H_fixed,chemsys_r6,101,0.25,0.01685630004,3,3,27,0.9959609736,60,9,0.15,26,1,0.03846153846
sens1_no_Pm_Tc,Y1:P_H_fixed,chemsys_r6,102,0.25,0.01685630004,20,1,29,0.9904427193,60,5,0.08333333333,26,0,0
sens1_no_Pm_Tc,Y1:P_H_fixed,chemsys_r7,100,0.25,0.01727115717,15,13,19,0.9748065348,59,3,0.05084745763,25,1,0.04
sens1_no_Pm_Tc,Y1:P_H_fixed,chemsys_r7,101,0.25,0.01727115717,4,2,28,0.9990756664,59,10,0.1694915254,25,2,0.08
sens1_no_Pm_Tc,Y1:P_H_fixed,chemsys_r7,102,0.25,0.01727115717,1,1,25,0.9990541702,59,7,0.1186440678,25,2,0.08
sens1_no_Pm_Tc,Y1:P_H_fixed,chemsys_r8,100,0.25,0.01685630004,21,2,23,0.9881137222,60,6,0.1,18,0,0
sens1_no_Pm_Tc,Y1:P_H_fixed,chemsys_r8,101,0.25,0.01685630004,7,1,29,0.9969261435,59,11,0.186440678,17,1,0.05882352941
sens1_no_Pm_Tc,Y1:P_H_fixed,chemsys_r8,102,0.25,0.01685630004,5,5,28,0.9932123374,60,14,0.2333333333,18,2,0.1111111111
sens1_no_Pm_Tc,Y1:P_H_fixed,chemsys_r9,100,0.25,0.01710132535,27,8,18,0.9775968497,59,2,0.03389830508,23,0,0
sens1_no_Pm_Tc,Y1:P_H_fixed,chemsys_r9,101,0.25,0.01710132535,7,2,27,0.9932311622,59,11,0.186440678,23,4,0.1739130435
sens1_no_Pm_Tc,Y1:P_H_fixed,chemsys_r9,102,0.25,0.01710132535,1,1,25,0.9998829289,59,14,0.2372881356,23,4,0.1739130435
sens1_no_Pm_Tc,Y1:P_H_fixed,random_r0,100,0.25,0.01674340728,3,2,27,0.9973426428,60,13,0.2166666667,19,5,0.2631578947
sens1_no_Pm_Tc,Y1:P_H_fixed,random_r0,101,0.25,0.01674340728,6,1,29,0.997644852,60,7,0.1166666667,19,0,0
sens1_no_Pm_Tc,Y1:P_H_fixed,random_r0,102,0.25,0.01674340728,7,1,31,0.9975302209,59,7,0.1186440678,19,0,0
sens1_no_Pm_Tc,Y1:P_H_fixed,random_r1,100,0.25,0.016985138,7,2,29,0.9910993658,60,12,0.2,23,5,0.2173913043
sens1_no_Pm_Tc,Y1:P_H_fixed,random_r1,101,0.25,0.016985138,2,1,26,0.9988689218,59,13,0.2203389831,22,6,0.2727272727
sens1_no_Pm_Tc,Y1:P_H_fixed,random_r1,102,0.25,0.016985138,25,2,23,0.9799788584,60,0,0,23,0,0
sens1_no_Pm_Tc,Y1:P_H_fixed,random_r2,100,0.25,0.01683501684,1,1,26,0.9994761106,60,13,0.2166666667,29,7,0.2413793103
sens1_no_Pm_Tc,Y1:P_H_fixed,random_r2,101,0.25,0.01683501684,8,1,22,0.9927284158,60,7,0.1166666667,29,2,0.06896551724
sens1_no_Pm_Tc,Y1:P_H_fixed,random_r2,102,0.25,0.01683501684,10,1,27,0.997736798,60,11,0.1833333333,29,6,0.2068965517
sens1_no_Pm_Tc,Y1:P_H_fixed,random_r3,100,0.25,0.0169707255,2,1,30,0.9989860583,59,12,0.2033898305,18,4,0.2222222222
sens1_no_Pm_Tc,Y1:P_H_fixed,random_r3,101,0.25,0.0169707255,10,9,24,0.9863117871,60,6,0.1,18,0,0
sens1_no_Pm_Tc,Y1:P_H_fixed,random_r3,102,0.25,0.0169707255,8,3,27,0.9961343473,60,8,0.1333333333,18,2,0.1111111111
sens1_no_Pm_Tc,Y1:P_H_fixed,random_r4,100,0.25,0.01690617075,4,1,25,0.9979587542,60,7,0.1166666667,27,3,0.1111111111
sens1_no_Pm_Tc,Y1:P_H_fixed,random_r4,101,0.25,0.01690617075,40,2,11,0.9822390572,59,3,0.05084745763,26,0,0
sens1_no_Pm_Tc,Y1:P_H_fixed,random_r4,102,0.25,0.01690617075,36,5,11,0.9712226431,60,1,0.01666666667,27,0,0
sens1_no_Pm_Tc,Y1:P_H_fixed,random_r5,100,0.25,0.01694915254,16,1,24,0.9841561181,60,8,0.1333333333,15,1,0.06666666667
sens1_no_Pm_Tc,Y1:P_H_fixed,random_r5,101,0.25,0.01694915254,13,3,27,0.9848101266,60,11,0.1833333333,15,1,0.06666666667
sens1_no_Pm_Tc,Y1:P_H_fixed,random_r5,102,0.25,0.01694915254,11,9,27,0.9819620253,60,9,0.15,15,2,0.1333333333
sens1_no_Pm_Tc,Y1:P_H_fixed,random_r6,100,0.25,0.01703577513,1,1,25,0.9999045802,59,7,0.1186440678,18,0,0
sens1_no_Pm_Tc,Y1:P_H_fixed,random_r6,101,0.25,0.01703577513,2,2,29,0.9999045802,57,10,0.1754385965,18,0,0
sens1_no_Pm_Tc,Y1:P_H_fixed,random_r6,102,0.25,0.01703577513,5,3,25,0.9937871077,59,6,0.1016949153,18,0,0
sens1_no_Pm_Tc,Y1:P_H_fixed,random_r7,100,0.25,0.01699957501,1,1,25,0.9998942023,60,10,0.1666666667,24,2,0.08333333333
sens1_no_Pm_Tc,Y1:P_H_fixed,random_r7,101,0.25,0.01699957501,16,2,25,0.9884892086,60,6,0.1,24,0,0
sens1_no_Pm_Tc,Y1:P_H_fixed,random_r7,102,0.25,0.01699957501,5,5,25,0.993705036,60,11,0.1833333333,24,3,0.125
sens1_no_Pm_Tc,Y1:P_H_fixed,random_r8,100,0.25,0.01689902831,1,1,29,0.9999894825,59,15,0.2542372881,14,3,0.2142857143
sens1_no_Pm_Tc,Y1:P_H_fixed,random_r8,101,0.25,0.01689902831,3,3,30,0.995393353,60,17,0.2833333333,15,5,0.3333333333
sens1_no_Pm_Tc,Y1:P_H_fixed,random_r8,102,0.25,0.01689902831,1,1,28,0.9999053429,59,12,0.2033898305,15,4,0.2666666667
sens1_no_Pm_Tc,Y1:P_H_fixed,random_r9,100,0.25,0.016985138,1,1,24,0.9991754757,60,8,0.1333333333,19,1,0.05263157895
sens1_no_Pm_Tc,Y1:P_H_fixed,random_r9,101,0.25,0.016985138,2,1,26,0.9982135307,59,9,0.1525423729,18,1,0.05555555556
sens1_no_Pm_Tc,Y1:P_H_fixed,random_r9,102,0.25,0.016985138,6,3,26,0.9944503171,60,11,0.1833333333,19,3,0.1578947368
sens1_no_Pm_Tc,Y1:P_H_fixed,chemsys_r0,100,0.5,0.01710132535,10,9,22,0.9805449127,59,7,0.1186440678,32,0,0
sens1_no_Pm_Tc,Y1:P_H_fixed,chemsys_r0,101,0.5,0.01710132535,12,4,22,0.9877181779,59,6,0.1016949153,32,0,0
sens1_no_Pm_Tc,Y1:P_H_fixed,chemsys_r0,102,0.5,0.01710132535,6,2,24,0.997296722,58,8,0.1379310345,31,1,0.03225806452
sens1_no_Pm_Tc,Y1:P_H_fixed,chemsys_r1,100,0.5,0.01687763713,7,2,23,0.9948739496,60,7,0.1166666667,22,2,0.09090909091
sens1_no_Pm_Tc,Y1:P_H_fixed,chemsys_r1,101,0.5,0.01687763713,8,2,22,0.993802521,60,8,0.1333333333,22,3,0.1363636364
sens1_no_Pm_Tc,Y1:P_H_fixed,chemsys_r1,102,0.5,0.01687763713,31,1,24,0.9829201681,60,1,0.01666666667,22,0,0
sens1_no_Pm_Tc,Y1:P_H_fixed,chemsys_r2,100,0.5,0.01696352841,24,1,24,0.9851456926,60,0,0,29,0,0
sens1_no_Pm_Tc,Y1:P_H_fixed,chemsys_r2,101,0.5,0.01696352841,5,1,25,0.9999366554,59,10,0.1694915254,28,2,0.07142857143
sens1_no_Pm_Tc,Y1:P_H_fixed,chemsys_r2,102,0.5,0.01696352841,8,4,23,0.9943201014,60,7,0.1166666667,29,0,0
sens1_no_Pm_Tc,Y1:P_H_fixed,chemsys_r3,100,0.5,0.01695633743,11,1,24,0.9943647108,60,8,0.1333333333,30,0,0
sens1_no_Pm_Tc,Y1:P_H_fixed,chemsys_r3,101,0.5,0.01695633743,1,1,27,0.9981532292,60,8,0.1333333333,30,0,0
sens1_no_Pm_Tc,Y1:P_H_fixed,chemsys_r3,102,0.5,0.01695633743,25,12,20,0.9919691853,60,1,0.01666666667,30,0,0
sens1_no_Pm_Tc,Y1:P_H_fixed,chemsys_r4,100,0.5,0.01678556441,6,4,22,0.9923526954,60,8,0.1333333333,19,0,0
sens1_no_Pm_Tc,Y1:P_H_fixed,chemsys_r4,101,0.5,0.01678556441,1,1,27,0.9997597158,60,7,0.1166666667,19,0,0
sens1_no_Pm_Tc,Y1:P_H_fixed,chemsys_r4,102,0.5,0.01678556441,1,1,25,0.9995089845,60,6,0.1,19,0,0
sens1_no_Pm_Tc,Y1:P_H_fixed,chemsys_r5,100,0.5,0.01677852349,3,1,26,0.9985902256,60,4,0.06666666667,26,0,0
sens1_no_Pm_Tc,Y1:P_H_fixed,chemsys_r5,101,0.5,0.01677852349,27,3,19,0.9802840434,60,0,0,26,0,0
sens1_no_Pm_Tc,Y1:P_H_fixed,chemsys_r5,102,0.5,0.01677852349,1,1,28,0.9996867168,59,10,0.1694915254,26,0,0
sens1_no_Pm_Tc,Y1:P_H_fixed,chemsys_r6,100,0.5,0.01685630004,1,1,28,0.999548888,60,8,0.1333333333,26,1,0.03846153846
sens1_no_Pm_Tc,Y1:P_H_fixed,chemsys_r6,101,0.5,0.01685630004,4,3,29,0.9949853126,60,7,0.1166666667,26,1,0.03846153846
sens1_no_Pm_Tc,Y1:P_H_fixed,chemsys_r6,102,0.5,0.01685630004,4,1,27,0.9985522451,60,7,0.1166666667,26,1,0.03846153846
sens1_no_Pm_Tc,Y1:P_H_fixed,chemsys_r7,100,0.5,0.01727115717,15,9,21,0.9795571797,59,3,0.05084745763,25,0,0
sens1_no_Pm_Tc,Y1:P_H_fixed,chemsys_r7,101,0.5,0.01727115717,4,2,26,0.9990541702,59,3,0.05084745763,25,0,0
sens1_no_Pm_Tc,Y1:P_H_fixed,chemsys_r7,102,0.5,0.01727115717,1,1,29,0.9997850387,59,6,0.1016949153,25,0,0
sens1_no_Pm_Tc,Y1:P_H_fixed,chemsys_r8,100,0.5,0.01685630004,9,1,27,0.9947335292,60,4,0.06666666667,18,0,0
sens1_no_Pm_Tc,Y1:P_H_fixed,chemsys_r8,101,0.5,0.01685630004,6,1,25,0.9973772556,59,9,0.1525423729,17,0,0
sens1_no_Pm_Tc,Y1:P_H_fixed,chemsys_r8,102,0.5,0.01685630004,4,3,27,0.9946391104,60,9,0.15,18,0,0
sens1_no_Pm_Tc,Y1:P_H_fixed,chemsys_r9,100,0.5,0.01710132535,12,4,24,0.9888888889,59,7,0.1186440678,23,0,0
sens1_no_Pm_Tc,Y1:P_H_fixed,chemsys_r9,101,0.5,0.01710132535,9,3,24,0.9874840358,59,6,0.1016949153,23,0,0
sens1_no_Pm_Tc,Y1:P_H_fixed,chemsys_r9,102,0.5,0.01710132535,1,1,26,0.9998403576,59,11,0.186440678,23,2,0.08695652174
sens1_no_Pm_Tc,Y1:P_H_fixed,random_r0,100,0.5,0.01674340728,3,2,25,0.9974781159,60,9,0.15,19,1,0.05263157895
sens1_no_Pm_Tc,Y1:P_H_fixed,random_r0,101,0.5,0.01674340728,5,4,28,0.9939870779,60,6,0.1,19,0,0
sens1_no_Pm_Tc,Y1:P_H_fixed,random_r0,102,0.5,0.01674340728,5,1,30,0.9982388495,59,5,0.08474576271,19,0,0
sens1_no_Pm_Tc,Y1:P_H_fixed,random_r1,100,0.5,0.016985138,6,2,27,0.9918181818,60,7,0.1166666667,23,0,0
sens1_no_Pm_Tc,Y1:P_H_fixed,random_r1,101,0.5,0.016985138,5,1,29,0.9974630021,59,9,0.1525423729,22,0,0
sens1_no_Pm_Tc,Y1:P_H_fixed,random_r1,102,0.5,0.016985138,29,1,24,0.9827801268,60,0,0,23,0,0
sens1_no_Pm_Tc,Y1:P_H_fixed,random_r2,100,0.5,0.01683501684,1,1,24,0.9998428332,60,9,0.15,29,3,0.1034482759
sens1_no_Pm_Tc,Y1:P_H_fixed,random_r2,101,0.5,0.01683501684,7,1,22,0.9937552389,60,5,0.08333333333,29,0,0
sens1_no_Pm_Tc,Y1:P_H_fixed,random_r2,102,0.5,0.01683501684,6,1,23,0.9987426655,60,6,0.1,29,1,0.03448275862
sens1_no_Pm_Tc,Y1:P_H_fixed,random_r3,100,0.5,0.0169707255,3,1,28,0.9986903253,59,9,0.1525423729,18,0,0
sens1_no_Pm_Tc,Y1:P_H_fixed,random_r3,101,0.5,0.0169707255,6,5,26,0.9923954373,60,6,0.1,18,0,0
sens1_no_Pm_Tc,Y1:P_H_fixed,random_r3,102,0.5,0.0169707255,12,7,25,0.994095902,60,5,0.08333333333,18,0,0
sens1_no_Pm_Tc,Y1:P_H_fixed,random_r4,100,0.5,0.01690617075,3,3,23,0.9968013468,60,4,0.06666666667,27,0,0
sens1_no_Pm_Tc,Y1:P_H_fixed,random_r4,101,0.5,0.01690617075,5,5,21,0.9980744949,59,4,0.06779661017,26,0,0
sens1_no_Pm_Tc,Y1:P_H_fixed,random_r4,102,0.5,0.01690617075,2,2,23,0.9969591751,60,4,0.06666666667,27,0,0
sens1_no_Pm_Tc,Y1:P_H_fixed,random_r5,100,0.5,0.01694915254,16,1,23,0.9838924051,60,2,0.03333333333,15,0,0
sens1_no_Pm_Tc,Y1:P_H_fixed,random_r5,101,0.5,0.01694915254,13,3,22,0.9854746835,60,4,0.06666666667,15,0,0
sens1_no_Pm_Tc,Y1:P_H_fixed,random_r5,102,0.5,0.01694915254,4,4,26,0.9914662447,60,8,0.1333333333,15,0,0
sens1_no_Pm_Tc,Y1:P_H_fixed,random_r6,100,0.5,0.01703577513,1,1,24,1,59,4,0.06779661017,18,0,0
sens1_no_Pm_Tc,Y1:P_H_fixed,random_r6,101,0.5,0.01703577513,2,2,25,0.9999045802,57,8,0.1403508772,18,0,0
sens1_no_Pm_Tc,Y1:P_H_fixed,random_r6,102,0.5,0.01703577513,3,3,24,0.9957167091,59,4,0.06779661017,18,0,0
sens1_no_Pm_Tc,Y1:P_H_fixed,random_r7,100,0.5,0.01699957501,1,1,26,0.9998942023,60,10,0.1666666667,24,2,0.08333333333
sens1_no_Pm_Tc,Y1:P_H_fixed,random_r7,101,0.5,0.01699957501,19,2,23,0.9846699111,60,4,0.06666666667,24,0,0
sens1_no_Pm_Tc,Y1:P_H_fixed,random_r7,102,0.5,0.01699957501,3,3,25,0.9962865002,60,9,0.15,24,1,0.04166666667
sens1_no_Pm_Tc,Y1:P_H_fixed,random_r8,100,0.5,0.01689902831,1,1,26,0.9999789651,59,10,0.1694915254,14,0,0
sens1_no_Pm_Tc,Y1:P_H_fixed,random_r8,101,0.5,0.01689902831,2,2,29,0.997686159,60,13,0.2166666667,15,1,0.06666666667
sens1_no_Pm_Tc,Y1:P_H_fixed,random_r8,102,0.5,0.01689902831,1,1,26,0.9999894825,59,11,0.186440678,15,1,0.06666666667
sens1_no_Pm_Tc,Y1:P_H_fixed,random_r9,100,0.5,0.016985138,1,1,27,0.9994291755,60,6,0.1,19,0,0
sens1_no_Pm_Tc,Y1:P_H_fixed,random_r9,101,0.5,0.016985138,1,1,26,0.9986469345,59,5,0.08474576271,18,0,0
sens1_no_Pm_Tc,Y1:P_H_fixed,random_r9,102,0.5,0.016985138,5,2,28,0.9939852008,60,6,0.1,19,0,0
sens1_no_Pm_Tc,Y1:P_H_fixed,chemsys_r0,100,0.75,0.01710132535,9,5,23,0.9849084717,59,8,0.1355932203,32,0,0
sens1_no_Pm_Tc,Y1:P_H_fixed,chemsys_r0,101,0.75,0.01710132535,8,6,19,0.9913260962,59,2,0.03389830508,32,0,0
sens1_no_Pm_Tc,Y1:P_H_fixed,chemsys_r0,102,0.75,0.01710132535,5,1,23,0.9974563644,58,6,0.1034482759,31,0,0
sens1_no_Pm_Tc,Y1:P_H_fixed,chemsys_r1,100,0.75,0.01687763713,21,4,18,0.9832247899,60,0,0,22,0,0
sens1_no_Pm_Tc,Y1:P_H_fixed,chemsys_r1,101,0.75,0.01687763713,9,1,23,0.9932983193,60,4,0.06666666667,22,0,0
sens1_no_Pm_Tc,Y1:P_H_fixed,chemsys_r1,102,0.75,0.01687763713,17,3,21,0.9881407563,60,1,0.01666666667,22,0,0
sens1_no_Pm_Tc,Y1:P_H_fixed,chemsys_r2,100,0.75,0.01696352841,29,1,19,0.9811444257,60,0,0,29,0,0
sens1_no_Pm_Tc,Y1:P_H_fixed,chemsys_r2,101,0.75,0.01696352841,10,1,25,0.9998627534,59,3,0.05084745763,28,0,0
sens1_no_Pm_Tc,Y1:P_H_fixed,chemsys_r2,102,0.75,0.01696352841,10,5,18,0.9929265203,60,4,0.06666666667,29,0,0
sens1_no_Pm_Tc,Y1:P_H_fixed,chemsys_r3,100,0.75,0.01695633743,18,1,20,0.9909560996,60,0,0,30,0,0
sens1_no_Pm_Tc,Y1:P_H_fixed,chemsys_r3,101,0.75,0.01695633743,1,1,22,0.9970451667,60,0,0,30,0,0
sens1_no_Pm_Tc,Y1:P_H_fixed,chemsys_r3,102,0.75,0.01695633743,39,12,13,0.9888982693,60,0,0,30,0,0
sens1_no_Pm_Tc,Y1:P_H_fixed,chemsys_r4,100,0.75,0.01678556441,4,4,22,0.9942958629,60,4,0.06666666667,19,0,0
sens1_no_Pm_Tc,Y1:P_H_fixed,chemsys_r4,101,0.75,0.01678556441,4,1,23,0.9974717927,60,4,0.06666666667,19,0,0
sens1_no_Pm_Tc,Y1:P_H_fixed,chemsys_r4,102,0.75,0.01678556441,1,1,24,0.9995925616,60,4,0.06666666667,19,0,0
sens1_no_Pm_Tc,Y1:P_H_fixed,chemsys_r5,100,0.75,0.01677852349,3,1,27,0.9984962406,60,2,0.03333333333,26,0,0
sens1_no_Pm_Tc,Y1:P_H_fixed,chemsys_r5,101,0.75,0.01677852349,21,6,19,0.9820175439,60,0,0,26,0,0
sens1_no_Pm_Tc,Y1:P_H_fixed,chemsys_r5,102,0.75,0.01677852349,1,1,28,0.9995822891,59,5,0.08474576271,26,0,0
sens1_no_Pm_Tc,Y1:P_H_fixed,chemsys_r6,100,0.75,0.01685630004,1,1,28,0.9996223248,60,9,0.15,26,0,0
sens1_no_Pm_Tc,Y1:P_H_fixed,chemsys_r6,101,0.75,0.01685630004,4,1,27,0.9963911037,60,5,0.08333333333,26,0,0
sens1_no_Pm_Tc,Y1:P_H_fixed,chemsys_r6,102,0.75,0.01685630004,2,1,26,0.9991712128,60,7,0.1166666667,26,0,0
sens1_no_Pm_Tc,Y1:P_H_fixed,chemsys_r7,100,0.75,0.01727115717,7,7,25,0.9873172829,59,0,0,25,0,0
sens1_no_Pm_Tc,Y1:P_H_fixed,chemsys_r7,101,0.75,0.01727115717,4,2,28,0.999344368,59,3,0.05084745763,25,0,0
sens1_no_Pm_Tc,Y1:P_H_fixed,chemsys_r7,102,0.75,0.01727115717,1,1,25,0.9996990542,59,3,0.05084745763,25,0,0
sens1_no_Pm_Tc,Y1:P_H_fixed,chemsys_r8,100,0.75,0.01685630004,6,1,27,0.9964015946,60,4,0.06666666667,18,0,0
sens1_no_Pm_Tc,Y1:P_H_fixed,chemsys_r8,101,0.75,0.01685630004,4,1,28,0.9979227864,59,5,0.08474576271,17,0,0
sens1_no_Pm_Tc,Y1:P_H_fixed,chemsys_r8,102,0.75,0.01685630004,4,3,25,0.9946391104,60,5,0.08333333333,18,0,0
sens1_no_Pm_Tc,Y1:P_H_fixed,chemsys_r9,100,0.75,0.01710132535,11,3,24,0.9909323116,59,5,0.08474576271,23,0,0
sens1_no_Pm_Tc,Y1:P_H_fixed,chemsys_r9,101,0.75,0.01710132535,8,4,24,0.9934546616,59,7,0.1186440678,23,0,0
sens1_no_Pm_Tc,Y1:P_H_fixed,chemsys_r9,102,0.75,0.01710132535,3,2,26,0.995636441,59,7,0.1186440678,23,0,0
sens1_no_Pm_Tc,Y1:P_H_fixed,random_r0,100,0.75,0.01674340728,2,2,26,0.9977803251,60,5,0.08333333333,19,0,0
sens1_no_Pm_Tc,Y1:P_H_fixed,random_r0,101,0.75,0.01674340728,6,4,28,0.994018341,60,4,0.06666666667,19,0,0
sens1_no_Pm_Tc,Y1:P_H_fixed,random_r0,102,0.75,0.01674340728,3,1,28,0.9991350563,59,4,0.06779661017,19,0,0
sens1_no_Pm_Tc,Y1:P_H_fixed,random_r1,100,0.75,0.016985138,11,1,25,0.9932135307,60,1,0.01666666667,23,0,0
sens1_no_Pm_Tc,Y1:P_H_fixed,random_r1,101,0.75,0.016985138,5,1,27,0.9981183932,59,6,0.1016949153,22,0,0
sens1_no_Pm_Tc,Y1:P_H_fixed,random_r1,102,0.75,0.016985138,28,1,20,0.980782241,60,0,0,23,0,0
sens1_no_Pm_Tc,Y1:P_H_fixed,random_r2,100,0.75,0.01683501684,1,1,20,0.9999371333,60,4,0.06666666667,29,0,0
sens1_no_Pm_Tc,Y1:P_H_fixed,random_r2,101,0.75,0.01683501684,6,2,17,0.9939019279,60,2,0.03333333333,29,0,0
sens1_no_Pm_Tc,Y1:P_H_fixed,random_r2,102,0.75,0.01683501684,6,1,21,0.9987426655,60,2,0.03333333333,29,0,0
sens1_no_Pm_Tc,Y1:P_H_fixed,random_r3,100,0.75,0.0169707255,3,1,29,0.9987325729,59,6,0.1016949153,18,0,0
sens1_no_Pm_Tc,Y1:P_H_fixed,random_r3,101,0.75,0.0169707255,6,4,27,0.9938529785,60,6,0.1,18,0,0
sens1_no_Pm_Tc,Y1:P_H_fixed,random_r3,102,0.75,0.0169707255,14,5,26,0.9935678074,60,5,0.08333333333,18,0,0
sens1_no_Pm_Tc,Y1:P_H_fixed,random_r4,100,0.75,0.01690617075,3,3,21,0.9968013468,60,1,0.01666666667,27,0,0
sens1_no_Pm_Tc,Y1:P_H_fixed,random_r4,101,0.75,0.01690617075,4,4,20,0.9986426768,59,1,0.01694915254,26,0,0
sens1_no_Pm_Tc,Y1:P_H_fixed,random_r4,102,0.75,0.01690617075,2,2,21,0.9969591751,60,1,0.01666666667,27,0,0
sens1_no_Pm_Tc,Y1:P_H_fixed,random_r5,100,0.75,0.01694915254,18,1,20,0.9825843882,60,0,0,15,0,0
sens1_no_Pm_Tc,Y1:P_H_fixed,random_r5,101,0.75,0.01694915254,9,2,19,0.9892721519,60,0,0,15,0,0
sens1_no_Pm_Tc,Y1:P_H_fixed,random_r5,102,0.75,0.01694915254,4,4,22,0.9910232068,60,2,0.03333333333,15,0,0
sens1_no_Pm_Tc,Y1:P_H_fixed,random_r6,100,0.75,0.01703577513,2,2,20,0.9992896522,59,0,0,18,0,0
sens1_no_Pm_Tc,Y1:P_H_fixed,random_r6,101,0.75,0.01703577513,2,2,23,0.9999045802,57,3,0.05263157895,18,0,0
sens1_no_Pm_Tc,Y1:P_H_fixed,random_r6,102,0.75,0.01703577513,3,3,19,0.9957167091,59,0,0,18,0,0
sens1_no_Pm_Tc,Y1:P_H_fixed,random_r7,100,0.75,0.01699957501,1,1,23,0.9998942023,60,4,0.06666666667,24,0,0
sens1_no_Pm_Tc,Y1:P_H_fixed,random_r7,101,0.75,0.01699957501,17,2,21,0.9842467203,60,1,0.01666666667,24,0,0
sens1_no_Pm_Tc,Y1:P_H_fixed,random_r7,102,0.75,0.01699957501,3,3,22,0.9962865002,60,3,0.05,24,0,0
sens1_no_Pm_Tc,Y1:P_H_fixed,random_r8,100,0.75,0.01689902831,1,1,23,0.9999789651,59,4,0.06779661017,14,0,0
sens1_no_Pm_Tc,Y1:P_H_fixed,random_r8,101,0.75,0.01689902831,2,2,25,0.997686159,60,5,0.08333333333,15,0,0
sens1_no_Pm_Tc,Y1:P_H_fixed,random_r8,102,0.75,0.01689902831,1,1,24,0.9999789651,59,8,0.1355932203,15,0,0
sens1_no_Pm_Tc,Y1:P_H_fixed,random_r9,100,0.75,0.016985138,1,1,25,0.9994080338,60,3,0.05,19,0,0
sens1_no_Pm_Tc,Y1:P_H_fixed,random_r9,101,0.75,0.016985138,11,9,21,0.9948731501,59,2,0.03389830508,18,0,0
sens1_no_Pm_Tc,Y1:P_H_fixed,random_r9,102,0.75,0.016985138,5,4,23,0.9925792812,60,3,0.05,19,0,0
sens1_no_Pm_Tc,Y1:P_H_fixed,chemsys_r0,100,1,0.01710132535,13,9,8,0.9800127714,59,0,0,32,0,0
sens1_no_Pm_Tc,Y1:P_H_fixed,chemsys_r0,101,1,0.01710132535,13,9,8,0.9848446147,59,0,0,32,0,0
sens1_no_Pm_Tc,Y1:P_H_fixed,chemsys_r0,102,1,0.01710132535,13,9,8,0.9919114517,58,0,0,31,0,0
sens1_no_Pm_Tc,Y1:P_H_fixed,chemsys_r1,100,1,0.01687763713,41,12,9,0.9631302521,60,0,0,22,0,0
sens1_no_Pm_Tc,Y1:P_H_fixed,chemsys_r1,101,1,0.01687763713,41,12,9,0.9642647059,60,0,0,22,0,0
sens1_no_Pm_Tc,Y1:P_H_fixed,chemsys_r1,102,1,0.01687763713,41,12,9,0.9621218487,60,0,0,22,0,0
sens1_no_Pm_Tc,Y1:P_H_fixed,chemsys_r2,100,1,0.01696352841,41,1,13,0.9790434966,60,0,0,29,0,0
sens1_no_Pm_Tc,Y1:P_H_fixed,chemsys_r2,101,1,0.01696352841,41,1,13,0.9995777027,59,0,0,28,0,0
sens1_no_Pm_Tc,Y1:P_H_fixed,chemsys_r2,102,1,0.01696352841,41,1,13,0.9790434966,60,0,0,29,0,0
sens1_no_Pm_Tc,Y1:P_H_fixed,chemsys_r3,100,1,0.01695633743,28,4,15,0.98159561,60,0,0,30,0,0
sens1_no_Pm_Tc,Y1:P_H_fixed,chemsys_r3,101,1,0.01695633743,28,4,15,0.977648797,60,0,0,30,0,0
sens1_no_Pm_Tc,Y1:P_H_fixed,chemsys_r3,102,1,0.01695633743,27,3,16,0.9915576192,60,0,0,30,0,0
sens1_no_Pm_Tc,Y1:P_H_fixed,chemsys_r4,100,1,0.01678556441,13,1,18,0.9909736732,60,0,0,19,0,0
sens1_no_Pm_Tc,Y1:P_H_fixed,chemsys_r4,101,1,0.01678556441,13,1,18,0.9909736732,60,0,0,19,0,0
sens1_no_Pm_Tc,Y1:P_H_fixed,chemsys_r4,102,1,0.01678556441,13,1,18,0.9909736732,60,0,0,19,0,0
sens1_no_Pm_Tc,Y1:P_H_fixed,chemsys_r5,100,1,0.01677852349,16,7,10,0.9970760234,60,0,0,26,0,0
sens1_no_Pm_Tc,Y1:P_H_fixed,chemsys_r5,101,1,0.01677852349,16,7,11,0.9830827068,60,0,0,26,0,0
sens1_no_Pm_Tc,Y1:P_H_fixed,chemsys_r5,102,1,0.01677852349,16,7,11,0.9995822891,59,0,0,26,0,0
sens1_no_Pm_Tc,Y1:P_H_fixed,chemsys_r6,100,1,0.01685630004,10,2,17,0.9886172891,60,0,0,26,0,0
sens1_no_Pm_Tc,Y1:P_H_fixed,chemsys_r6,101,1,0.01685630004,10,2,17,0.9883235418,60,0,0,26,0,0
sens1_no_Pm_Tc,Y1:P_H_fixed,chemsys_r6,102,1,0.01685630004,10,2,17,0.9884913974,60,0,0,26,0,0
sens1_no_Pm_Tc,Y1:P_H_fixed,chemsys_r7,100,1,0.01727115717,17,1,12,0.9876182287,59,0,0,25,0,0
sens1_no_Pm_Tc,Y1:P_H_fixed,chemsys_r7,101,1,0.01727115717,21,1,11,0.9987102322,59,0,0,25,0,0
sens1_no_Pm_Tc,Y1:P_H_fixed,chemsys_r7,102,1,0.01727115717,17,1,12,0.9985382631,59,0,0,25,0,0
sens1_no_Pm_Tc,Y1:P_H_fixed,chemsys_r8,100,1,0.01685630004,15,2,21,0.9912819975,60,0,0,18,0,0
sens1_no_Pm_Tc,Y1:P_H_fixed,chemsys_r8,101,1,0.01685630004,15,2,20,0.9926143517,59,0,0,17,0,0
sens1_no_Pm_Tc,Y1:P_H_fixed,chemsys_r8,102,1,0.01685630004,15,2,20,0.9920478389,60,0,0,18,0,0
sens1_no_Pm_Tc,Y1:P_H_fixed,chemsys_r9,100,1,0.01710132535,17,1,18,0.9915389527,59,0,0,23,0,0
sens1_no_Pm_Tc,Y1:P_H_fixed,chemsys_r9,101,1,0.01710132535,17,1,18,0.9915389527,59,0,0,23,0,0
sens1_no_Pm_Tc,Y1:P_H_fixed,chemsys_r9,102,1,0.01710132535,17,1,18,0.9915389527,59,0,0,23,0,0
sens1_no_Pm_Tc,Y1:P_H_fixed,random_r0,100,1,0.01674340728,4,4,14,0.9945289704,60,0,0,19,0,0
sens1_no_Pm_Tc,Y1:P_H_fixed,random_r0,101,1,0.01674340728,4,4,14,0.9945289704,60,0,0,19,0,0
sens1_no_Pm_Tc,Y1:P_H_fixed,random_r0,102,1,0.01674340728,4,4,14,0.9978115882,59,0,0,19,0,0
sens1_no_Pm_Tc,Y1:P_H_fixed,random_r1,100,1,0.016985138,41,2,14,0.9777272727,60,0,0,23,0,0
sens1_no_Pm_Tc,Y1:P_H_fixed,random_r1,101,1,0.016985138,41,2,14,0.9785412262,59,0,0,22,0,0
sens1_no_Pm_Tc,Y1:P_H_fixed,random_r1,102,1,0.016985138,41,2,14,0.9777272727,60,0,0,23,0,0
sens1_no_Pm_Tc,Y1:P_H_fixed,random_r2,100,1,0.01683501684,2,2,13,0.9998742666,60,0,0,29,0,0
sens1_no_Pm_Tc,Y1:P_H_fixed,random_r2,101,1,0.01683501684,2,2,13,0.9981349539,60,0,0,29,0,0
sens1_no_Pm_Tc,Y1:P_H_fixed,random_r2,102,1,0.01683501684,2,2,13,0.9981349539,60,0,0,29,0,0
sens1_no_Pm_Tc,Y1:P_H_fixed,random_r3,100,1,0.0169707255,21,4,13,0.9912019434,59,0,0,18,0,0
sens1_no_Pm_Tc,Y1:P_H_fixed,random_r3,101,1,0.0169707255,21,4,13,0.9880650613,60,0,0,18,0,0
sens1_no_Pm_Tc,Y1:P_H_fixed,random_r3,102,1,0.0169707255,20,4,12,0.9911808196,60,0,0,18,0,0
sens1_no_Pm_Tc,Y1:P_H_fixed,random_r4,100,1,0.01690617075,3,3,8,0.9968013468,60,0,0,27,0,0
sens1_no_Pm_Tc,Y1:P_H_fixed,random_r4,101,1,0.01690617075,3,3,8,0.9990951178,59,0,0,26,0,0
sens1_no_Pm_Tc,Y1:P_H_fixed,random_r4,102,1,0.01690617075,3,3,8,0.9960648148,60,0,0,27,0,0
sens1_no_Pm_Tc,Y1:P_H_fixed,random_r5,100,1,0.01694915254,1,1,14,0.9983122363,60,0,0,15,0,0
sens1_no_Pm_Tc,Y1:P_H_fixed,random_r5,101,1,0.01694915254,1,1,14,0.9983122363,60,0,0,15,0,0
sens1_no_Pm_Tc,Y1:P_H_fixed,random_r5,102,1,0.01694915254,1,1,14,0.9983122363,60,0,0,15,0,0
sens1_no_Pm_Tc,Y1:P_H_fixed,random_r6,100,1,0.01703577513,4,3,13,0.9978689567,59,0,0,18,0,0
sens1_no_Pm_Tc,Y1:P_H_fixed,random_r6,101,1,0.01703577513,4,3,12,0.9997137405,57,0,0,18,0,0
sens1_no_Pm_Tc,Y1:P_H_fixed,random_r6,102,1,0.01703577513,4,3,13,0.9947943172,59,0,0,18,0,0
sens1_no_Pm_Tc,Y1:P_H_fixed,random_r7,100,1,0.01699957501,4,4,13,0.9949957681,60,0,0,24,0,0
sens1_no_Pm_Tc,Y1:P_H_fixed,random_r7,101,1,0.01699957501,4,4,13,0.9942657639,60,0,0,24,0,0
sens1_no_Pm_Tc,Y1:P_H_fixed,random_r7,102,1,0.01699957501,4,4,13,0.9939906898,60,0,0,24,0,0
sens1_no_Pm_Tc,Y1:P_H_fixed,random_r8,100,1,0.01689902831,1,1,15,0.9998948254,59,0,0,14,0,0
sens1_no_Pm_Tc,Y1:P_H_fixed,random_r8,101,1,0.01689902831,1,1,15,0.9998948254,60,0,0,15,0,0
sens1_no_Pm_Tc,Y1:P_H_fixed,random_r8,102,1,0.01689902831,1,1,15,0.9998948254,59,0,0,15,0,0
sens1_no_Pm_Tc,Y1:P_H_fixed,random_r9,100,1,0.016985138,17,2,15,0.9908773784,60,0,0,19,0,0
sens1_no_Pm_Tc,Y1:P_H_fixed,random_r9,101,1,0.016985138,17,2,15,0.9922938689,59,0,0,18,0,0
sens1_no_Pm_Tc,Y1:P_H_fixed,random_r9,102,1,0.016985138,17,2,15,0.9908773784,60,0,0,19,0,0
sens1_no_Pm_Tc,Y1:P_phys_fixed,chemsys_r0,100,0,0.01710132535,11,6,21,0.9795125585,59,2,0.03389830508,6,0,0
sens1_no_Pm_Tc,Y1:P_phys_fixed,chemsys_r0,101,0,0.01710132535,5,2,24,0.9932205194,59,2,0.03389830508,6,0,0
sens1_no_Pm_Tc,Y1:P_phys_fixed,chemsys_r0,102,0,0.01710132535,23,2,25,0.9877926777,57,5,0.08771929825,6,0,0
sens1_no_Pm_Tc,Y1:P_phys_fixed,chemsys_r1,100,0,0.01687763713,4,4,21,0.9944747899,60,3,0.05,6,0,0
sens1_no_Pm_Tc,Y1:P_phys_fixed,chemsys_r1,101,0,0.01687763713,7,1,23,0.9951680672,60,4,0.06666666667,6,0,0
sens1_no_Pm_Tc,Y1:P_phys_fixed,chemsys_r1,102,0,0.01687763713,13,1,26,0.9910504202,60,8,0.1333333333,6,0,0
sens1_no_Pm_Tc,Y1:P_phys_fixed,chemsys_r2,100,0,0.01696352841,21,9,19,0.9758129223,60,9,0.15,4,0,0
sens1_no_Pm_Tc,Y1:P_phys_fixed,chemsys_r2,101,0,0.01696352841,2,1,22,0.9999894426,59,2,0.03389830508,4,0,0
sens1_no_Pm_Tc,Y1:P_phys_fixed,chemsys_r2,102,0,0.01696352841,27,4,18,0.9859691723,59,9,0.1525423729,3,0,0
sens1_no_Pm_Tc,Y1:P_phys_fixed,chemsys_r3,100,0,0.01695633743,19,2,21,0.9919691853,59,4,0.06779661017,5,0,0
sens1_no_Pm_Tc,Y1:P_phys_fixed,chemsys_r3,101,0,0.01695633743,1,1,21,0.9994829042,60,6,0.1,5,0,0
sens1_no_Pm_Tc,Y1:P_phys_fixed,chemsys_r3,102,0,0.01695633743,19,11,21,0.9944174757,59,3,0.05084745763,5,0,0
sens1_no_Pm_Tc,Y1:P_phys_fixed,chemsys_r4,100,0,0.01678556441,31,4,16,0.9869201839,60,7,0.1166666667,9,0,0
sens1_no_Pm_Tc,Y1:P_phys_fixed,chemsys_r4,101,0,0.01678556441,10,4,21,0.9881111575,60,8,0.1333333333,9,1,0.1111111111
sens1_no_Pm_Tc,Y1:P_phys_fixed,chemsys_r4,102,0,0.01678556441,1,1,21,0.9996030088,60,3,0.05,9,0,0
sens1_no_Pm_Tc,Y1:P_phys_fixed,chemsys_r5,100,0,0.01677852349,2,1,21,0.9996971596,60,3,0.05,5,0,0
sens1_no_Pm_Tc,Y1:P_phys_fixed,chemsys_r5,101,0,0.01677852349,41,1,12,0.9780492899,60,6,0.1,5,0,0
sens1_no_Pm_Tc,Y1:P_phys_fixed,chemsys_r5,102,0,0.01677852349,1,1,25,0.9999686717,60,3,0.05,5,0,0
sens1_no_Pm_Tc,Y1:P_phys_fixed,chemsys_r6,100,0,0.01685630004,6,1,20,0.9966323961,60,3,0.05,8,0,0
sens1_no_Pm_Tc,Y1:P_phys_fixed,chemsys_r6,101,0,0.01685630004,4,3,23,0.9934746118,60,5,0.08333333333,8,0,0
sens1_no_Pm_Tc,Y1:P_phys_fixed,chemsys_r6,102,0,0.01685630004,27,5,18,0.9825115401,60,6,0.1,8,1,0.125
sens1_no_Pm_Tc,Y1:P_phys_fixed,chemsys_r7,100,0,0.01727115717,41,37,2,0.854116509,59,2,0.03389830508,7,1,0.1428571429
sens1_no_Pm_Tc,Y1:P_phys_fixed,chemsys_r7,101,0,0.01727115717,1,1,23,0.9988607051,59,4,0.06779661017,7,1,0.1428571429
sens1_no_Pm_Tc,Y1:P_phys_fixed,chemsys_r7,102,0,0.01727115717,2,1,19,0.9989681857,59,0,0,7,0,0
sens1_no_Pm_Tc,Y1:P_phys_fixed,chemsys_r8,100,0,0.01685630004,41,11,15,0.9619177507,60,12,0.2,7,0,0
sens1_no_Pm_Tc,Y1:P_phys_fixed,chemsys_r8,101,0,0.01685630004,20,4,28,0.9872114981,60,6,0.1,7,0,0
sens1_no_Pm_Tc,Y1:P_phys_fixed,chemsys_r8,102,0,0.01685630004,5,1,23,0.9937683592,60,3,0.05,7,0,0
sens1_no_Pm_Tc,Y1:P_phys_fixed,chemsys_r9,100,0,0.01710132535,34,9,11,0.9619306088,59,7,0.1186440678,9,2,0.2222222222
sens1_no_Pm_Tc,Y1:P_phys_fixed,chemsys_r9,101,0,0.01710132535,41,13,5,0.9426245211,59,4,0.06779661017,9,1,0.1111111111
sens1_no_Pm_Tc,Y1:P_phys_fixed,chemsys_r9,102,0,0.01710132535,1,1,24,0.9998829289,59,4,0.06779661017,9,0,0
sens1_no_Pm_Tc,Y1:P_phys_fixed,random_r0,100,0,0.01674340728,41,8,7,0.9656836182,60,6,0.1,8,0,0
sens1_no_Pm_Tc,Y1:P_phys_fixed,random_r0,101,0,0.01674340728,16,4,23,0.9787203001,60,3,0.05,8,0,0
sens1_no_Pm_Tc,Y1:P_phys_fixed,random_r0,102,0,0.01674340728,5,1,23,0.9969987495,60,3,0.05,8,0,0
sens1_no_Pm_Tc,Y1:P_phys_fixed,random_r1,100,0,0.016985138,6,4,20,0.9905073996,60,2,0.03333333333,7,0,0
sens1_no_Pm_Tc,Y1:P_phys_fixed,random_r1,101,0,0.016985138,41,17,7,0.962167019,59,7,0.1186440678,7,0,0
sens1_no_Pm_Tc,Y1:P_phys_fixed,random_r1,102,0,0.016985138,26,21,17,0.9111627907,60,2,0.03333333333,7,0,0
sens1_no_Pm_Tc,Y1:P_phys_fixed,random_r2,100,0,0.01683501684,1,1,24,0.9993084661,60,2,0.03333333333,6,0,0
sens1_no_Pm_Tc,Y1:P_phys_fixed,random_r2,101,0,0.01683501684,18,9,22,0.9811295054,60,1,0.01666666667,6,0,0
sens1_no_Pm_Tc,Y1:P_phys_fixed,random_r2,102,0,0.01683501684,11,6,19,0.9905595138,60,4,0.06666666667,6,1,0.1666666667
sens1_no_Pm_Tc,Y1:P_phys_fixed,random_r3,100,0,0.0169707255,12,4,20,0.9933248838,60,4,0.06666666667,7,0,0
sens1_no_Pm_Tc,Y1:P_phys_fixed,random_r3,101,0,0.0169707255,22,5,16,0.976573722,60,4,0.06666666667,7,1,0.1428571429
sens1_no_Pm_Tc,Y1:P_phys_fixed,random_r3,102,0,0.0169707255,12,3,26,0.994486692,59,8,0.1355932203,7,0,0
sens1_no_Pm_Tc,Y1:P_phys_fixed,random_r4,100,0,0.01690617075,8,4,21,0.9864372896,60,6,0.1,6,0,0
sens1_no_Pm_Tc,Y1:P_phys_fixed,random_r4,101,0,0.01690617075,20,1,17,0.9938973064,59,5,0.08474576271,6,0,0
sens1_no_Pm_Tc,Y1:P_phys_fixed,random_r4,102,0,0.01690617075,3,3,23,0.9912247475,60,2,0.03333333333,6,0,0
sens1_no_Pm_Tc,Y1:P_phys_fixed,random_r5,100,0,0.01694915254,38,22,9,0.9259388186,60,5,0.08333333333,8,3,0.375
sens1_no_Pm_Tc,Y1:P_phys_fixed,random_r5,101,0,0.01694915254,23,12,21,0.9772995781,60,8,0.1333333333,8,0,0
sens1_no_Pm_Tc,Y1:P_phys_fixed,random_r5,102,0,0.01694915254,41,20,8,0.941149789,60,4,0.06666666667,8,1,0.125
sens1_no_Pm_Tc,Y1:P_phys_fixed,random_r6,100,0,0.01703577513,2,1,20,0.9980491942,58,3,0.05172413793,9,0,0
sens1_no_Pm_Tc,Y1:P_phys_fixed,random_r6,101,0,0.01703577513,2,1,24,0.9998091603,58,1,0.01724137931,9,0,0
sens1_no_Pm_Tc,Y1:P_phys_fixed,random_r6,102,0,0.01703577513,13,12,22,0.9756573367,59,1,0.01694915254,9,0,0
sens1_no_Pm_Tc,Y1:P_phys_fixed,random_r7,100,0,0.01699957501,3,1,24,0.998011003,60,2,0.03333333333,5,1,0.2
sens1_no_Pm_Tc,Y1:P_phys_fixed,random_r7,101,0,0.01699957501,21,3,17,0.9835590351,60,6,0.1,5,1,0.2
sens1_no_Pm_Tc,Y1:P_phys_fixed,random_r7,102,0,0.01699957501,5,1,24,0.9966991113,60,6,0.1,5,1,0.2
sens1_no_Pm_Tc,Y1:P_phys_fixed,random_r8,100,0,0.01689902831,1,1,18,0.9998422381,60,1,0.01666666667,5,0,0
sens1_no_Pm_Tc,Y1:P_phys_fixed,random_r8,101,0,0.01689902831,8,2,19,0.9945309213,60,2,0.03333333333,5,0,0
sens1_no_Pm_Tc,Y1:P_phys_fixed,random_r8,102,0,0.01689902831,2,1,19,0.9987379049,59,3,0.05084745763,5,0,0
sens1_no_Pm_Tc,Y1:P_phys_fixed,random_r9,100,0,0.016985138,3,1,25,0.9982452431,60,3,0.05,10,0,0
sens1_no_Pm_Tc,Y1:P_phys_fixed,random_r9,101,0,0.016985138,10,10,17,0.9933403805,59,1,0.01694915254,9,0,0
sens1_no_Pm_Tc,Y1:P_phys_fixed,random_r9,102,0,0.016985138,25,4,16,0.9882980973,60,4,0.06666666667,10,0,0
sens1_no_Pm_Tc,Y1:P_phys_fixed,chemsys_r0,100,0.02,0.01710132535,16,3,25,0.9831524053,59,8,0.1355932203,6,0,0
sens1_no_Pm_Tc,Y1:P_phys_fixed,chemsys_r0,101,0.02,0.01710132535,9,1,26,0.9948063006,59,3,0.05084745763,6,0,0
sens1_no_Pm_Tc,Y1:P_phys_fixed,chemsys_r0,102,0.02,0.01710132535,16,2,28,0.9918582375,57,5,0.08771929825,6,0,0
sens1_no_Pm_Tc,Y1:P_phys_fixed,chemsys_r1,100,0.02,0.01687763713,3,2,25,0.9969957983,60,5,0.08333333333,6,0,0
sens1_no_Pm_Tc,Y1:P_phys_fixed,chemsys_r1,101,0.02,0.01687763713,5,1,25,0.9954831933,60,4,0.06666666667,6,0,0
sens1_no_Pm_Tc,Y1:P_phys_fixed,chemsys_r1,102,0.02,0.01687763713,17,1,29,0.9885084034,60,12,0.2,6,0,0
sens1_no_Pm_Tc,Y1:P_phys_fixed,chemsys_r2,100,0.02,0.01696352841,4,2,22,0.9893581081,60,4,0.06666666667,4,0,0
sens1_no_Pm_Tc,Y1:P_phys_fixed,chemsys_r2,101,0.02,0.01696352841,2,1,23,0.9999894426,59,2,0.03389830508,4,0,0
sens1_no_Pm_Tc,Y1:P_phys_fixed,chemsys_r2,102,0.02,0.01696352841,18,3,22,0.9870882601,59,5,0.08474576271,3,0,0
sens1_no_Pm_Tc,Y1:P_phys_fixed,chemsys_r3,100,0.02,0.01695633743,7,2,25,0.9957577037,59,6,0.1016949153,5,0,0
sens1_no_Pm_Tc,Y1:P_phys_fixed,chemsys_r3,101,0.02,0.01695633743,1,1,23,0.9994934572,60,6,0.1,5,0,0
sens1_no_Pm_Tc,Y1:P_phys_fixed,chemsys_r3,102,0.02,0.01695633743,15,5,24,0.9957788096,59,5,0.08474576271,5,0,0
sens1_no_Pm_Tc,Y1:P_phys_fixed,chemsys_r4,100,0.02,0.01678556441,8,2,23,0.9956330965,60,7,0.1166666667,9,0,0
sens1_no_Pm_Tc,Y1:P_phys_fixed,chemsys_r4,101,0.02,0.01678556441,1,1,24,0.9998119515,60,5,0.08333333333,9,0,0
sens1_no_Pm_Tc,Y1:P_phys_fixed,chemsys_r4,102,0.02,0.01678556441,1,1,23,0.9996447973,60,4,0.06666666667,9,0,0
sens1_no_Pm_Tc,Y1:P_phys_fixed,chemsys_r5,100,0.02,0.01677852349,2,1,28,0.999770259,60,5,0.08333333333,5,0,0
sens1_no_Pm_Tc,Y1:P_phys_fixed,chemsys_r5,101,0.02,0.01677852349,29,1,22,0.9833437761,60,10,0.1666666667,5,0,0
sens1_no_Pm_Tc,Y1:P_phys_fixed,chemsys_r5,102,0.02,0.01677852349,1,1,27,0.9999686717,60,3,0.05,5,0,0
sens1_no_Pm_Tc,Y1:P_phys_fixed,chemsys_r6,100,0.02,0.01685630004,6,1,23,0.9972408728,60,5,0.08333333333,8,0,0
sens1_no_Pm_Tc,Y1:P_phys_fixed,chemsys_r6,101,0.02,0.01685630004,5,2,28,0.9950482585,60,5,0.08333333333,8,0,0
sens1_no_Pm_Tc,Y1:P_phys_fixed,chemsys_r6,102,0.02,0.01685630004,4,1,27,0.9963071758,60,7,0.1166666667,8,0,0
sens1_no_Pm_Tc,Y1:P_phys_fixed,chemsys_r7,100,0.02,0.01727115717,4,4,20,0.9891552021,59,0,0,7,0,0
sens1_no_Pm_Tc,Y1:P_phys_fixed,chemsys_r7,101,0.02,0.01727115717,1,1,24,0.9989359415,59,4,0.06779661017,7,1,0.1428571429
sens1_no_Pm_Tc,Y1:P_phys_fixed,chemsys_r7,102,0.02,0.01727115717,2,1,21,0.9989466896,59,1,0.01694915254,7,0,0
sens1_no_Pm_Tc,Y1:P_phys_fixed,chemsys_r8,100,0.02,0.01685630004,36,4,21,0.9746223248,60,8,0.1333333333,7,2,0.2857142857
sens1_no_Pm_Tc,Y1:P_phys_fixed,chemsys_r8,101,0.02,0.01685630004,15,3,26,0.9931389005,60,1,0.01666666667,7,0,0
sens1_no_Pm_Tc,Y1:P_phys_fixed,chemsys_r8,102,0.02,0.01685630004,4,1,24,0.997650021,60,3,0.05,7,0,0
sens1_no_Pm_Tc,Y1:P_phys_fixed,chemsys_r9,100,0.02,0.01710132535,21,11,20,0.9760855683,59,5,0.08474576271,9,0,0
sens1_no_Pm_Tc,Y1:P_phys_fixed,chemsys_r9,101,0.02,0.01710132535,14,9,22,0.9716687952,59,4,0.06779661017,9,0,0
sens1_no_Pm_Tc,Y1:P_phys_fixed,chemsys_r9,102,0.02,0.01710132535,1,1,24,0.9998935717,59,4,0.06779661017,9,0,0
sens1_no_Pm_Tc,Y1:P_phys_fixed,random_r0,100,0.02,0.01674340728,8,5,16,0.989235098,60,2,0.03333333333,8,0,0
sens1_no_Pm_Tc,Y1:P_phys_fixed,random_r0,101,0.02,0.01674340728,5,3,24,0.9863276365,60,3,0.05,8,0,0
sens1_no_Pm_Tc,Y1:P_phys_fixed,random_r0,102,0.02,0.01674340728,6,1,24,0.9971863276,60,4,0.06666666667,8,0,0
sens1_no_Pm_Tc,Y1:P_phys_fixed,random_r1,100,0.02,0.016985138,8,6,22,0.9864270613,60,1,0.01666666667,7,0,0
sens1_no_Pm_Tc,Y1:P_phys_fixed,random_r1,101,0.02,0.016985138,40,8,16,0.9684143763,59,13,0.2203389831,7,2,0.2857142857
sens1_no_Pm_Tc,Y1:P_phys_fixed,random_r1,102,0.02,0.016985138,30,5,19,0.9737420719,60,5,0.08333333333,7,0,0
sens1_no_Pm_Tc,Y1:P_phys_fixed,random_r2,100,0.02,0.01683501684,1,1,21,0.9993713328,60,2,0.03333333333,6,0,0
sens1_no_Pm_Tc,Y1:P_phys_fixed,random_r2,101,0.02,0.01683501684,22,3,21,0.9807837385,60,1,0.01666666667,6,0,0
sens1_no_Pm_Tc,Y1:P_phys_fixed,random_r2,102,0.02,0.01683501684,3,3,23,0.9966785415,60,3,0.05,6,0,0
sens1_no_Pm_Tc,Y1:P_phys_fixed,random_r3,100,0.02,0.0169707255,4,3,23,0.9971060414,60,3,0.05,7,0,0
sens1_no_Pm_Tc,Y1:P_phys_fixed,random_r3,101,0.02,0.0169707255,7,2,24,0.9931242079,60,5,0.08333333333,7,0,0
sens1_no_Pm_Tc,Y1:P_phys_fixed,random_r3,102,0.02,0.0169707255,11,3,27,0.9933671314,59,7,0.1186440678,7,0,0
sens1_no_Pm_Tc,Y1:P_phys_fixed,random_r4,100,0.02,0.01690617075,7,3,28,0.9905934343,60,8,0.1333333333,6,0,0
sens1_no_Pm_Tc,Y1:P_phys_fixed,random_r4,101,0.02,0.01690617075,10,1,22,0.9965277778,59,5,0.08474576271,6,0,0
sens1_no_Pm_Tc,Y1:P_phys_fixed,random_r4,102,0.02,0.01690617075,2,2,22,0.9945707071,60,4,0.06666666667,6,0,0
sens1_no_Pm_Tc,Y1:P_phys_fixed,random_r5,100,0.02,0.01694915254,20,8,25,0.9732278481,60,7,0.1166666667,8,1,0.125
sens1_no_Pm_Tc,Y1:P_phys_fixed,random_r5,101,0.02,0.01694915254,18,9,25,0.9825843882,60,9,0.15,8,1,0.125
sens1_no_Pm_Tc,Y1:P_phys_fixed,random_r5,102,0.02,0.01694915254,17,14,24,0.9653481013,60,3,0.05,8,1,0.125
sens1_no_Pm_Tc,Y1:P_phys_fixed,random_r6,100,0.02,0.01703577513,2,1,25,0.9981870229,58,3,0.05172413793,9,0,0
sens1_no_Pm_Tc,Y1:P_phys_fixed,random_r6,101,0.02,0.01703577513,2,1,25,0.9998091603,58,2,0.03448275862,9,0,0
sens1_no_Pm_Tc,Y1:P_phys_fixed,random_r6,102,0.02,0.01703577513,14,10,20,0.981096268,59,4,0.06779661017,9,0,0
sens1_no_Pm_Tc,Y1:P_phys_fixed,random_r7,100,0.02,0.01699957501,2,1,25,0.9993017351,60,2,0.03333333333,5,1,0.2
sens1_no_Pm_Tc,Y1:P_phys_fixed,random_r7,101,0.02,0.01699957501,12,3,29,0.9931548879,60,3,0.05,5,1,0.2
sens1_no_Pm_Tc,Y1:P_phys_fixed,random_r7,102,0.02,0.01699957501,4,1,30,0.9978311468,60,5,0.08333333333,5,1,0.2
sens1_no_Pm_Tc,Y1:P_phys_fixed,random_r8,100,0.02,0.01689902831,1,1,19,0.9998422381,60,3,0.05,5,0,0
sens1_no_Pm_Tc,Y1:P_phys_fixed,random_r8,101,0.02,0.01689902831,6,3,23,0.9946360959,60,4,0.06666666667,5,0,0
sens1_no_Pm_Tc,Y1:P_phys_fixed,random_r8,102,0.02,0.01689902831,2,1,20,0.9989061843,59,3,0.05084745763,5,0,0
sens1_no_Pm_Tc,Y1:P_phys_fixed,random_r9,100,0.02,0.016985138,3,1,26,0.9989852008,60,3,0.05,10,0,0
sens1_no_Pm_Tc,Y1:P_phys_fixed,random_r9,101,0.02,0.016985138,13,5,22,0.9947357294,59,3,0.05084745763,9,1,0.1111111111
sens1_no_Pm_Tc,Y1:P_phys_fixed,random_r9,102,0.02,0.016985138,6,3,22,0.993192389,60,3,0.05,10,0,0
sens1_no_Pm_Tc,Y1:P_phys_fixed,chemsys_r0,100,0.05,0.01710132535,7,4,26,0.9891762452,59,2,0.03389830508,6,0,0
sens1_no_Pm_Tc,Y1:P_phys_fixed,chemsys_r0,101,0.05,0.01710132535,9,1,28,0.9948488719,59,4,0.06779661017,6,0,0
sens1_no_Pm_Tc,Y1:P_phys_fixed,chemsys_r0,102,0.05,0.01710132535,5,2,27,0.9961685824,57,4,0.0701754386,6,0,0
sens1_no_Pm_Tc,Y1:P_phys_fixed,chemsys_r1,100,0.05,0.01687763713,2,1,23,0.998855042,60,4,0.06666666667,6,0,0
sens1_no_Pm_Tc,Y1:P_phys_fixed,chemsys_r1,101,0.05,0.01687763713,2,1,24,0.9978571429,60,4,0.06666666667,6,0,0
sens1_no_Pm_Tc,Y1:P_phys_fixed,chemsys_r1,102,0.05,0.01687763713,19,1,27,0.9863235294,60,9,0.15,6,0,0
sens1_no_Pm_Tc,Y1:P_phys_fixed,chemsys_r2,100,0.05,0.01696352841,4,2,29,0.9927998311,60,4,0.06666666667,4,0,0
sens1_no_Pm_Tc,Y1:P_phys_fixed,chemsys_r2,101,0.05,0.01696352841,2,1,22,0.9999894426,59,2,0.03389830508,4,0,0
sens1_no_Pm_Tc,Y1:P_phys_fixed,chemsys_r2,102,0.05,0.01696352841,14,2,26,0.9916385135,59,4,0.06779661017,3,0,0
sens1_no_Pm_Tc,Y1:P_phys_fixed,chemsys_r3,100,0.05,0.01695633743,9,1,28,0.9963275644,59,5,0.08474576271,5,0,0
sens1_no_Pm_Tc,Y1:P_phys_fixed,chemsys_r3,101,0.05,0.01695633743,1,1,27,0.9994512453,60,7,0.1166666667,5,0,0
sens1_no_Pm_Tc,Y1:P_phys_fixed,chemsys_r3,102,0.05,0.01695633743,13,9,24,0.9962959054,59,4,0.06779661017,5,0,0
sens1_no_Pm_Tc,Y1:P_phys_fixed,chemsys_r4,100,0.05,0.01678556441,10,5,23,0.9907333891,60,6,0.1,9,0,0
sens1_no_Pm_Tc,Y1:P_phys_fixed,chemsys_r4,101,0.05,0.01678556441,1,1,23,0.9998119515,60,4,0.06666666667,9,0,0
sens1_no_Pm_Tc,Y1:P_phys_fixed,chemsys_r4,102,0.05,0.01678556441,1,1,23,0.9996030088,60,4,0.06666666667,9,0,0
sens1_no_Pm_Tc,Y1:P_phys_fixed,chemsys_r5,100,0.05,0.01677852349,3,1,22,0.9990079365,60,4,0.06666666667,5,0,0
sens1_no_Pm_Tc,Y1:P_phys_fixed,chemsys_r5,101,0.05,0.01677852349,21,1,29,0.9900271512,60,11,0.1833333333,5,0,0
sens1_no_Pm_Tc,Y1:P_phys_fixed,chemsys_r5,102,0.05,0.01677852349,1,1,25,0.9999686717,60,3,0.05,5,0,0
sens1_no_Pm_Tc,Y1:P_phys_fixed,chemsys_r6,100,0.05,0.01685630004,3,1,22,0.9988984473,60,4,0.06666666667,8,0,0
sens1_no_Pm_Tc,Y1:P_phys_fixed,chemsys_r6,101,0.05,0.01685630004,4,1,29,0.9958036089,60,5,0.08333333333,8,0,0
sens1_no_Pm_Tc,Y1:P_phys_fixed,chemsys_r6,102,0.05,0.01685630004,3,1,27,0.9972618548,60,6,0.1,8,0,0
sens1_no_Pm_Tc,Y1:P_phys_fixed,chemsys_r7,100,0.05,0.01727115717,4,4,24,0.9891552021,59,1,0.01694915254,7,0,0
sens1_no_Pm_Tc,Y1:P_phys_fixed,chemsys_r7,101,0.05,0.01727115717,1,1,23,0.9989466896,59,4,0.06779661017,7,1,0.1428571429
sens1_no_Pm_Tc,Y1:P_phys_fixed,chemsys_r7,102,0.05,0.01727115717,2,1,21,0.9989896819,59,1,0.01694915254,7,0,0
sens1_no_Pm_Tc,Y1:P_phys_fixed,chemsys_r8,100,0.05,0.01685630004,21,9,18,0.9795635753,60,3,0.05,7,2,0.2857142857
sens1_no_Pm_Tc,Y1:P_phys_fixed,chemsys_r8,101,0.05,0.01685630004,12,3,28,0.9934326479,60,2,0.03333333333,7,0,0
sens1_no_Pm_Tc,Y1:P_phys_fixed,chemsys_r8,102,0.05,0.01685630004,2,1,27,0.9992761225,60,3,0.05,7,0,0
sens1_no_Pm_Tc,Y1:P_phys_fixed,chemsys_r9,100,0.05,0.01710132535,36,9,15,0.9766177097,59,9,0.1525423729,9,1,0.1111111111
sens1_no_Pm_Tc,Y1:P_phys_fixed,chemsys_r9,101,0.05,0.01710132535,24,3,16,0.9819071946,59,8,0.1355932203,9,0,0
sens1_no_Pm_Tc,Y1:P_phys_fixed,chemsys_r9,102,0.05,0.01710132535,1,1,23,0.9999148574,59,4,0.06779661017,9,0,0
sens1_no_Pm_Tc,Y1:P_phys_fixed,random_r0,100,0.05,0.01674340728,5,3,17,0.9949979158,60,3,0.05,8,0,0
sens1_no_Pm_Tc,Y1:P_phys_fixed,random_r0,101,0.05,0.01674340728,9,2,25,0.9919028762,60,3,0.05,8,0,0
sens1_no_Pm_Tc,Y1:P_phys_fixed,random_r0,102,0.05,0.01674340728,2,1,29,0.9950812839,60,6,0.1,8,0,0
sens1_no_Pm_Tc,Y1:P_phys_fixed,random_r1,100,0.05,0.016985138,5,4,19,0.9909513742,60,2,0.03333333333,7,0,0
sens1_no_Pm_Tc,Y1:P_phys_fixed,random_r1,101,0.05,0.016985138,1,1,20,0.9990697674,59,2,0.03389830508,7,0,0
sens1_no_Pm_Tc,Y1:P_phys_fixed,random_r1,102,0.05,0.016985138,19,3,27,0.987346723,60,5,0.08333333333,7,0,0
sens1_no_Pm_Tc,Y1:P_phys_fixed,random_r2,100,0.05,0.01683501684,1,1,22,0.9993922883,60,4,0.06666666667,6,0,0
sens1_no_Pm_Tc,Y1:P_phys_fixed,random_r2,101,0.05,0.01683501684,14,7,27,0.9890088013,60,4,0.06666666667,6,0,0
sens1_no_Pm_Tc,Y1:P_phys_fixed,random_r2,102,0.05,0.01683501684,1,1,21,0.9996332775,60,4,0.06666666667,6,0,0
sens1_no_Pm_Tc,Y1:P_phys_fixed,random_r3,100,0.05,0.0169707255,3,2,24,0.9974017744,60,3,0.05,7,0,0
sens1_no_Pm_Tc,Y1:P_phys_fixed,random_r3,101,0.05,0.0169707255,6,2,22,0.9948669202,60,5,0.08333333333,7,0,0
sens1_no_Pm_Tc,Y1:P_phys_fixed,random_r3,102,0.05,0.0169707255,10,2,25,0.9949936629,59,6,0.1016949153,7,0,0
sens1_no_Pm_Tc,Y1:P_phys_fixed,random_r4,100,0.05,0.01690617075,5,2,28,0.9933186027,60,7,0.1166666667,6,0,0
sens1_no_Pm_Tc,Y1:P_phys_fixed,random_r4,101,0.05,0.01690617075,7,1,25,0.9964225589,59,5,0.08474576271,6,0,0
sens1_no_Pm_Tc,Y1:P_phys_fixed,random_r4,102,0.05,0.01690617075,2,2,24,0.994760101,60,4,0.06666666667,6,0,0
sens1_no_Pm_Tc,Y1:P_phys_fixed,random_r5,100,0.05,0.01694915254,20,3,25,0.9786919831,60,8,0.1333333333,8,1,0.125
sens1_no_Pm_Tc,Y1:P_phys_fixed,random_r5,101,0.05,0.01694915254,21,6,24,0.984757384,60,7,0.1166666667,8,0,0
sens1_no_Pm_Tc,Y1:P_phys_fixed,random_r5,102,0.05,0.01694915254,9,5,27,0.987742616,60,5,0.08333333333,8,1,0.125
sens1_no_Pm_Tc,Y1:P_phys_fixed,random_r6,100,0.05,0.01703577513,2,1,26,0.9986959288,58,4,0.06896551724,9,0,0
sens1_no_Pm_Tc,Y1:P_phys_fixed,random_r6,101,0.05,0.01703577513,2,1,25,0.9998091603,58,2,0.03448275862,9,0,0
sens1_no_Pm_Tc,Y1:P_phys_fixed,random_r6,102,0.05,0.01703577513,6,6,22,0.9883587786,59,2,0.03389830508,9,0,0
sens1_no_Pm_Tc,Y1:P_phys_fixed,random_r7,100,0.05,0.01699957501,2,1,26,0.9993017351,60,3,0.05,5,1,0.2
sens1_no_Pm_Tc,Y1:P_phys_fixed,random_r7,101,0.05,0.01699957501,12,3,30,0.9919276344,60,5,0.08333333333,5,1,0.2
sens1_no_Pm_Tc,Y1:P_phys_fixed,random_r7,102,0.05,0.01699957501,4,1,30,0.9978311468,60,5,0.08333333333,5,1,0.2
sens1_no_Pm_Tc,Y1:P_phys_fixed,random_r8,100,0.05,0.01689902831,1,1,22,0.9998422381,60,5,0.08333333333,5,0,0
sens1_no_Pm_Tc,Y1:P_phys_fixed,random_r8,101,0.05,0.01689902831,6,3,24,0.9946360959,60,5,0.08333333333,5,0,0
sens1_no_Pm_Tc,Y1:P_phys_fixed,random_r8,102,0.05,0.01689902831,2,1,23,0.9990744636,59,4,0.06779661017,5,0,0
sens1_no_Pm_Tc,Y1:P_phys_fixed,random_r9,100,0.05,0.016985138,3,1,27,0.9989852008,60,3,0.05,10,0,0
sens1_no_Pm_Tc,Y1:P_phys_fixed,random_r9,101,0.05,0.016985138,2,2,25,0.9971775899,59,3,0.05084745763,9,0,0
sens1_no_Pm_Tc,Y1:P_phys_fixed,random_r9,102,0.05,0.016985138,8,1,22,0.9959936575,60,4,0.06666666667,10,0,0
sens1_no_Pm_Tc,Y1:P_phys_fixed,chemsys_r0,100,0.1,0.01710132535,7,4,25,0.9892720307,59,4,0.06779661017,6,0,0
sens1_no_Pm_Tc,Y1:P_phys_fixed,chemsys_r0,101,0.1,0.01710132535,7,1,30,0.9958492976,59,4,0.06779661017,6,0,0
sens1_no_Pm_Tc,Y1:P_phys_fixed,chemsys_r0,102,0.1,0.01710132535,3,3,28,0.9972754364,57,4,0.0701754386,6,0,0
sens1_no_Pm_Tc,Y1:P_phys_fixed,chemsys_r1,100,0.1,0.01687763713,2,1,23,0.9985189076,60,4,0.06666666667,6,0,0
sens1_no_Pm_Tc,Y1:P_phys_fixed,chemsys_r1,101,0.1,0.01687763713,3,1,24,0.9979201681,60,5,0.08333333333,6,0,0
sens1_no_Pm_Tc,Y1:P_phys_fixed,chemsys_r1,102,0.1,0.01687763713,4,1,28,0.9959243697,60,6,0.1,6,0,0
sens1_no_Pm_Tc,Y1:P_phys_fixed,chemsys_r2,100,0.1,0.01696352841,3,2,32,0.9939928209,60,4,0.06666666667,4,0,0
sens1_no_Pm_Tc,Y1:P_phys_fixed,chemsys_r2,101,0.1,0.01696352841,2,1,25,0.9999894426,59,3,0.05084745763,4,0,0
sens1_no_Pm_Tc,Y1:P_phys_fixed,chemsys_r2,102,0.1,0.01696352841,17,2,27,0.9915223818,59,5,0.08474576271,3,0,0
sens1_no_Pm_Tc,Y1:P_phys_fixed,chemsys_r3,100,0.1,0.01695633743,6,1,30,0.9975622626,59,6,0.1016949153,5,0,0
sens1_no_Pm_Tc,Y1:P_phys_fixed,chemsys_r3,101,0.1,0.01695633743,1,1,28,0.9994723512,60,7,0.1166666667,5,0,0
sens1_no_Pm_Tc,Y1:P_phys_fixed,chemsys_r3,102,0.1,0.01695633743,13,11,23,0.9960953989,59,5,0.08474576271,5,0,0
sens1_no_Pm_Tc,Y1:P_phys_fixed,chemsys_r4,100,0.1,0.01678556441,6,5,23,0.9924467196,60,5,0.08333333333,9,0,0
sens1_no_Pm_Tc,Y1:P_phys_fixed,chemsys_r4,101,0.1,0.01678556441,1,1,24,0.9998328458,60,4,0.06666666667,9,0,0
sens1_no_Pm_Tc,Y1:P_phys_fixed,chemsys_r4,102,0.1,0.01678556441,1,1,24,0.9996447973,60,4,0.06666666667,9,0,0
sens1_no_Pm_Tc,Y1:P_phys_fixed,chemsys_r5,100,0.1,0.01677852349,1,1,26,1,60,5,0.08333333333,5,0,0
sens1_no_Pm_Tc,Y1:P_phys_fixed,chemsys_r5,101,0.1,0.01677852349,2,2,26,0.9967000835,60,2,0.03333333333,5,0,0
sens1_no_Pm_Tc,Y1:P_phys_fixed,chemsys_r5,102,0.1,0.01677852349,1,1,27,0.9999686717,60,4,0.06666666667,5,0,0
sens1_no_Pm_Tc,Y1:P_phys_fixed,chemsys_r6,100,0.1,0.01685630004,3,1,23,0.9993600504,60,4,0.06666666667,8,0,0
sens1_no_Pm_Tc,Y1:P_phys_fixed,chemsys_r6,101,0.1,0.01685630004,3,1,27,0.9978493496,60,5,0.08333333333,8,0,0
sens1_no_Pm_Tc,Y1:P_phys_fixed,chemsys_r6,102,0.1,0.01685630004,3,1,25,0.9982480067,60,5,0.08333333333,8,0,0
sens1_no_Pm_Tc,Y1:P_phys_fixed,chemsys_r7,100,0.1,0.01727115717,3,3,25,0.9914337919,59,1,0.01694915254,7,0,0
sens1_no_Pm_Tc,Y1:P_phys_fixed,chemsys_r7,101,0.1,0.01727115717,1,1,24,0.9989466896,59,3,0.05084745763,7,1,0.1428571429
sens1_no_Pm_Tc,Y1:P_phys_fixed,chemsys_r7,102,0.1,0.01727115717,1,1,25,1,59,3,0.05084745763,7,0,0
sens1_no_Pm_Tc,Y1:P_phys_fixed,chemsys_r8,100,0.1,0.01685630004,15,9,19,0.9822282837,60,2,0.03333333333,7,1,0.1428571429
sens1_no_Pm_Tc,Y1:P_phys_fixed,chemsys_r8,101,0.1,0.01685630004,15,2,31,0.9898237516,60,10,0.1666666667,7,0,0
sens1_no_Pm_Tc,Y1:P_phys_fixed,chemsys_r8,102,0.1,0.01685630004,2,1,29,0.9993180864,60,3,0.05,7,0,0
sens1_no_Pm_Tc,Y1:P_phys_fixed,chemsys_r9,100,0.1,0.01710132535,8,8,26,0.9861536824,59,4,0.06779661017,9,0,0
sens1_no_Pm_Tc,Y1:P_phys_fixed,chemsys_r9,101,0.1,0.01710132535,4,4,25,0.9875478927,59,4,0.06779661017,9,0,0
sens1_no_Pm_Tc,Y1:P_phys_fixed,chemsys_r9,102,0.1,0.01710132535,1,1,23,0.9999148574,59,4,0.06779661017,9,0,0
sens1_no_Pm_Tc,Y1:P_phys_fixed,random_r0,100,0.1,0.01674340728,8,2,18,0.992840767,60,5,0.08333333333,8,0,0
sens1_no_Pm_Tc,Y1:P_phys_fixed,random_r0,101,0.1,0.01674340728,4,3,25,0.9885994164,60,4,0.06666666667,8,0,0
sens1_no_Pm_Tc,Y1:P_phys_fixed,random_r0,102,0.1,0.01674340728,2,1,31,0.9963213839,60,5,0.08333333333,8,0,0
sens1_no_Pm_Tc,Y1:P_phys_fixed,random_r1,100,0.1,0.016985138,4,3,21,0.9904545455,60,2,0.03333333333,7,0,0
sens1_no_Pm_Tc,Y1:P_phys_fixed,random_r1,101,0.1,0.016985138,1,1,25,0.9989852008,59,3,0.05084745763,7,0,0
sens1_no_Pm_Tc,Y1:P_phys_fixed,random_r1,102,0.1,0.016985138,19,3,25,0.9795137421,60,6,0.1,7,0,0
sens1_no_Pm_Tc,Y1:P_phys_fixed,random_r2,100,0.1,0.01683501684,1,1,28,0.9998113998,60,3,0.05,6,0,0
sens1_no_Pm_Tc,Y1:P_phys_fixed,random_r2,101,0.1,0.01683501684,13,6,30,0.9904966471,60,4,0.06666666667,6,0,0
sens1_no_Pm_Tc,Y1:P_phys_fixed,random_r2,102,0.1,0.01683501684,1,1,23,0.9996437552,60,5,0.08333333333,6,0,0
sens1_no_Pm_Tc,Y1:P_phys_fixed,random_r3,100,0.1,0.0169707255,3,2,22,0.9985847064,60,3,0.05,7,0,0
sens1_no_Pm_Tc,Y1:P_phys_fixed,random_r3,101,0.1,0.0169707255,3,1,22,0.9973278411,60,3,0.05,7,0,0
sens1_no_Pm_Tc,Y1:P_phys_fixed,random_r3,102,0.1,0.0169707255,6,2,31,0.9942648923,59,5,0.08474576271,7,0,0
sens1_no_Pm_Tc,Y1:P_phys_fixed,random_r4,100,0.1,0.01690617075,2,1,24,0.9979166667,60,4,0.06666666667,6,0,0
sens1_no_Pm_Tc,Y1:P_phys_fixed,random_r4,101,0.1,0.01690617075,6,2,25,0.9976851852,59,5,0.08474576271,6,0,0
sens1_no_Pm_Tc,Y1:P_phys_fixed,random_r4,102,0.1,0.01690617075,2,2,24,0.9945496633,60,4,0.06666666667,6,0,0
sens1_no_Pm_Tc,Y1:P_phys_fixed,random_r5,100,0.1,0.01694915254,5,2,31,0.9919725738,60,7,0.1166666667,8,1,0.125
sens1_no_Pm_Tc,Y1:P_phys_fixed,random_r5,101,0.1,0.01694915254,9,3,28,0.9939451477,60,9,0.15,8,1,0.125
sens1_no_Pm_Tc,Y1:P_phys_fixed,random_r5,102,0.1,0.01694915254,6,4,25,0.9910337553,60,6,0.1,8,1,0.125
sens1_no_Pm_Tc,Y1:P_phys_fixed,random_r6,100,0.1,0.01703577513,2,1,25,0.9985262935,58,4,0.06896551724,9,0,0
sens1_no_Pm_Tc,Y1:P_phys_fixed,random_r6,101,0.1,0.01703577513,2,1,26,0.9998091603,58,2,0.03448275862,9,0,0
sens1_no_Pm_Tc,Y1:P_phys_fixed,random_r6,102,0.1,0.01703577513,6,6,23,0.9884860051,59,3,0.05084745763,9,0,0
sens1_no_Pm_Tc,Y1:P_phys_fixed,random_r7,100,0.1,0.01699957501,2,1,28,0.9993017351,60,4,0.06666666667,5,1,0.2
sens1_no_Pm_Tc,Y1:P_phys_fixed,random_r7,101,0.1,0.01699957501,12,3,32,0.991525603,60,4,0.06666666667,5,0,0
sens1_no_Pm_Tc,Y1:P_phys_fixed,random_r7,102,0.1,0.01699957501,3,1,28,0.9984765129,60,5,0.08333333333,5,1,0.2
sens1_no_Pm_Tc,Y1:P_phys_fixed,random_r8,100,0.1,0.01689902831,1,1,23,0.9998422381,60,5,0.08333333333,5,0,0
sens1_no_Pm_Tc,Y1:P_phys_fixed,random_r8,101,0.1,0.01689902831,5,2,26,0.9967816576,60,5,0.08333333333,5,0,0
sens1_no_Pm_Tc,Y1:P_phys_fixed,random_r8,102,0.1,0.01689902831,2,1,24,0.9991165334,59,4,0.06779661017,5,0,0
sens1_no_Pm_Tc,Y1:P_phys_fixed,random_r9,100,0.1,0.016985138,2,1,26,0.9994820296,60,3,0.05,10,0,0
sens1_no_Pm_Tc,Y1:P_phys_fixed,random_r9,101,0.1,0.016985138,3,1,27,0.9979175476,59,4,0.06779661017,9,0,0
sens1_no_Pm_Tc,Y1:P_phys_fixed,random_r9,102,0.1,0.016985138,11,1,21,0.9958879493,60,4,0.06666666667,10,0,0
sens1_no_Pm_Tc,Y1:P_phys_fixed,chemsys_r0,100,0.25,0.01710132535,6,4,29,0.9896658152,59,4,0.06779661017,6,0,0
sens1_no_Pm_Tc,Y1:P_phys_fixed,chemsys_r0,101,0.25,0.01710132535,1,1,32,0.997541507,59,3,0.05084745763,6,0,0
sens1_no_Pm_Tc,Y1:P_phys_fixed,chemsys_r0,102,0.25,0.01710132535,1,1,28,0.999755215,57,3,0.05263157895,6,0,0
sens1_no_Pm_Tc,Y1:P_phys_fixed,chemsys_r1,100,0.25,0.01687763713,2,1,29,0.9989810924,60,5,0.08333333333,6,0,0
sens1_no_Pm_Tc,Y1:P_phys_fixed,chemsys_r1,101,0.25,0.01687763713,2,1,27,0.9996113445,60,5,0.08333333333,6,0,0
sens1_no_Pm_Tc,Y1:P_phys_fixed,chemsys_r1,102,0.25,0.01687763713,4,1,30,0.9966281513,60,5,0.08333333333,6,0,0
sens1_no_Pm_Tc,Y1:P_phys_fixed,chemsys_r2,100,0.25,0.01696352841,2,1,33,0.9967694257,60,4,0.06666666667,4,0,0
sens1_no_Pm_Tc,Y1:P_phys_fixed,chemsys_r2,101,0.25,0.01696352841,2,1,23,0.9999894426,59,2,0.03389830508,4,0,0
sens1_no_Pm_Tc,Y1:P_phys_fixed,chemsys_r2,102,0.25,0.01696352841,5,4,25,0.9959776182,59,3,0.05084745763,3,0,0
sens1_no_Pm_Tc,Y1:P_phys_fixed,chemsys_r3,100,0.25,0.01695633743,8,1,29,0.9968341072,59,4,0.06779661017,5,0,0
sens1_no_Pm_Tc,Y1:P_phys_fixed,chemsys_r3,101,0.25,0.01695633743,1,1,29,0.9994512453,60,8,0.1333333333,5,0,0
sens1_no_Pm_Tc,Y1:P_phys_fixed,chemsys_r3,102,0.25,0.01695633743,20,10,25,0.9933832841,59,4,0.06779661017,5,0,0
sens1_no_Pm_Tc,Y1:P_phys_fixed,chemsys_r4,100,0.25,0.01678556441,2,2,26,0.9974091099,60,4,0.06666666667,9,0,0
sens1_no_Pm_Tc,Y1:P_phys_fixed,chemsys_r4,101,0.25,0.01678556441,1,1,28,0.9999791057,60,5,0.08333333333,9,0,0
sens1_no_Pm_Tc,Y1:P_phys_fixed,chemsys_r4,102,0.25,0.01678556441,1,1,28,0.9996656916,60,6,0.1,9,0,0
sens1_no_Pm_Tc,Y1:P_phys_fixed,chemsys_r5,100,0.25,0.01677852349,1,1,27,1,60,5,0.08333333333,5,0,0
sens1_no_Pm_Tc,Y1:P_phys_fixed,chemsys_r5,101,0.25,0.01677852349,2,2,29,0.997232665,60,4,0.06666666667,5,0,0
sens1_no_Pm_Tc,Y1:P_phys_fixed,chemsys_r5,102,0.25,0.01677852349,1,1,29,0.9999686717,60,5,0.08333333333,5,0,0
sens1_no_Pm_Tc,Y1:P_phys_fixed,chemsys_r6,100,0.25,0.01685630004,3,1,23,0.9991187579,60,5,0.08333333333,8,0,0
sens1_no_Pm_Tc,Y1:P_phys_fixed,chemsys_r6,101,0.25,0.01685630004,2,1,24,0.9985312631,60,4,0.06666666667,8,0,0
sens1_no_Pm_Tc,Y1:P_phys_fixed,chemsys_r6,102,0.25,0.01685630004,3,1,24,0.9986991188,60,6,0.1,8,0,0
sens1_no_Pm_Tc,Y1:P_phys_fixed,chemsys_r7,100,0.25,0.01727115717,4,3,24,0.9950988822,59,2,0.03389830508,7,0,0
sens1_no_Pm_Tc,Y1:P_phys_fixed,chemsys_r7,101,0.25,0.01727115717,3,1,24,0.9989681857,59,3,0.05084745763,7,1,0.1428571429
sens1_no_Pm_Tc,Y1:P_phys_fixed,chemsys_r7,102,0.25,0.01727115717,1,1,26,1,59,2,0.03389830508,7,0,0
sens1_no_Pm_Tc,Y1:P_phys_fixed,chemsys_r8,100,0.25,0.01685630004,4,3,25,0.9940516156,60,2,0.03333333333,7,0,0
sens1_no_Pm_Tc,Y1:P_phys_fixed,chemsys_r8,101,0.25,0.01685630004,11,2,31,0.9935480487,60,1,0.01666666667,7,0,0
sens1_no_Pm_Tc,Y1:P_phys_fixed,chemsys_r8,102,0.25,0.01685630004,3,1,30,0.9993705413,60,4,0.06666666667,7,0,0
sens1_no_Pm_Tc,Y1:P_phys_fixed,chemsys_r9,100,0.25,0.01710132535,5,5,26,0.9913473819,59,5,0.08474576271,9,0,0
sens1_no_Pm_Tc,Y1:P_phys_fixed,chemsys_r9,101,0.25,0.01710132535,6,3,29,0.989314602,59,6,0.1016949153,9,0,0
sens1_no_Pm_Tc,Y1:P_phys_fixed,chemsys_r9,102,0.25,0.01710132535,1,1,25,0.9996381439,59,6,0.1016949153,9,0,0
sens1_no_Pm_Tc,Y1:P_phys_fixed,random_r0,100,0.25,0.01674340728,3,2,23,0.997655273,60,7,0.1166666667,8,0,0
sens1_no_Pm_Tc,Y1:P_phys_fixed,random_r0,101,0.25,0.01674340728,6,2,27,0.9935077115,60,3,0.05,8,0,0
sens1_no_Pm_Tc,Y1:P_phys_fixed,random_r0,102,0.25,0.01674340728,1,1,31,0.9996665277,60,3,0.05,8,0,0
sens1_no_Pm_Tc,Y1:P_phys_fixed,random_r1,100,0.25,0.016985138,6,3,27,0.9961310782,60,3,0.05,7,0,0
sens1_no_Pm_Tc,Y1:P_phys_fixed,random_r1,101,0.25,0.016985138,1,1,29,0.9999154334,59,5,0.08474576271,7,0,0
sens1_no_Pm_Tc,Y1:P_phys_fixed,random_r1,102,0.25,0.016985138,14,1,30,0.9896088795,60,5,0.08333333333,7,0,0
sens1_no_Pm_Tc,Y1:P_phys_fixed,random_r2,100,0.25,0.01683501684,2,1,27,0.9992351215,60,4,0.06666666667,6,0,0
sens1_no_Pm_Tc,Y1:P_phys_fixed,random_r2,101,0.25,0.01683501684,9,1,30,0.9963327745,60,2,0.03333333333,6,0,0
sens1_no_Pm_Tc,Y1:P_phys_fixed,random_r2,102,0.25,0.01683501684,1,1,27,0.9998218776,60,4,0.06666666667,6,0,0
sens1_no_Pm_Tc,Y1:P_phys_fixed,random_r3,100,0.25,0.0169707255,2,1,24,0.9991022391,60,3,0.05,7,0,0
sens1_no_Pm_Tc,Y1:P_phys_fixed,random_r3,101,0.25,0.0169707255,3,1,30,0.9986692015,60,4,0.06666666667,7,0,0
sens1_no_Pm_Tc,Y1:P_phys_fixed,random_r3,102,0.25,0.0169707255,2,1,29,0.9990071821,59,5,0.08474576271,7,0,0
sens1_no_Pm_Tc,Y1:P_phys_fixed,random_r4,100,0.25,0.01690617075,2,1,25,0.998895202,60,5,0.08333333333,6,0,0
sens1_no_Pm_Tc,Y1:P_phys_fixed,random_r4,101,0.25,0.01690617075,5,2,25,0.9978745791,59,5,0.08474576271,6,0,0
sens1_no_Pm_Tc,Y1:P_phys_fixed,random_r4,102,0.25,0.01690617075,2,2,26,0.9949810606,60,6,0.1,6,0,0
sens1_no_Pm_Tc,Y1:P_phys_fixed,random_r5,100,0.25,0.01694915254,5,1,31,0.9951476793,60,7,0.1166666667,8,0,0
sens1_no_Pm_Tc,Y1:P_phys_fixed,random_r5,101,0.25,0.01694915254,3,3,31,0.9944198312,60,6,0.1,8,1,0.125
sens1_no_Pm_Tc,Y1:P_phys_fixed,random_r5,102,0.25,0.01694915254,8,3,31,0.99157173,60,4,0.06666666667,8,0,0
sens1_no_Pm_Tc,Y1:P_phys_fixed,random_r6,100,0.25,0.01703577513,1,1,27,0.99927905,58,2,0.03448275862,9,0,0
sens1_no_Pm_Tc,Y1:P_phys_fixed,random_r6,101,0.25,0.01703577513,1,1,27,0.9991942324,58,3,0.05172413793,9,0,0
sens1_no_Pm_Tc,Y1:P_phys_fixed,random_r6,102,0.25,0.01703577513,4,4,26,0.9922815946,59,3,0.05084745763,9,0,0
sens1_no_Pm_Tc,Y1:P_phys_fixed,random_r7,100,0.25,0.01699957501,1,1,30,0.9998307237,60,5,0.08333333333,5,1,0.2
sens1_no_Pm_Tc,Y1:P_phys_fixed,random_r7,101,0.25,0.01699957501,6,2,32,0.9952920017,60,4,0.06666666667,5,0,0
sens1_no_Pm_Tc,Y1:P_phys_fixed,random_r7,102,0.25,0.01699957501,2,1,28,0.9985928904,60,6,0.1,5,1,0.2
sens1_no_Pm_Tc,Y1:P_phys_fixed,random_r8,100,0.25,0.01689902831,1,1,26,0.9998422381,60,7,0.1166666667,5,0,0
sens1_no_Pm_Tc,Y1:P_phys_fixed,random_r8,101,0.25,0.01689902831,1,1,27,0.9999579302,60,5,0.08333333333,5,0,0
sens1_no_Pm_Tc,Y1:P_phys_fixed,random_r8,102,0.25,0.01689902831,2,1,26,0.9990534287,59,4,0.06779661017,5,0,0
sens1_no_Pm_Tc,Y1:P_phys_fixed,random_r9,100,0.25,0.016985138,1,1,27,0.9997357294,60,4,0.06666666667,10,0,0
sens1_no_Pm_Tc,Y1:P_phys_fixed,random_r9,101,0.25,0.016985138,3,1,32,0.9973572939,59,4,0.06779661017,9,0,0
sens1_no_Pm_Tc,Y1:P_phys_fixed,random_r9,102,0.25,0.016985138,2,2,25,0.9979915433,60,4,0.06666666667,10,0,0
sens1_no_Pm_Tc,Y1:P_phys_fixed,chemsys_r0,100,0.5,0.01710132535,3,2,31,0.9980097914,59,4,0.06779661017,6,0,0
sens1_no_Pm_Tc,Y1:P_phys_fixed,chemsys_r0,101,0.5,0.01710132535,1,1,32,0.9991485739,59,2,0.03389830508,6,0,0
sens1_no_Pm_Tc,Y1:P_phys_fixed,chemsys_r0,102,0.5,0.01710132535,1,1,31,0.9997871435,57,3,0.05263157895,6,0,0
sens1_no_Pm_Tc,Y1:P_phys_fixed,chemsys_r1,100,0.5,0.01687763713,1,1,34,0.9999789916,60,3,0.05,6,0,0
sens1_no_Pm_Tc,Y1:P_phys_fixed,chemsys_r1,101,0.5,0.01687763713,1,1,32,1,60,4,0.06666666667,6,0,0
sens1_no_Pm_Tc,Y1:P_phys_fixed,chemsys_r1,102,0.5,0.01687763713,3,1,33,0.9986659664,60,5,0.08333333333,6,0,0
sens1_no_Pm_Tc,Y1:P_phys_fixed,chemsys_r2,100,0.5,0.01696352841,2,1,31,0.9992081926,60,7,0.1166666667,4,0,0
sens1_no_Pm_Tc,Y1:P_phys_fixed,chemsys_r2,101,0.5,0.01696352841,2,1,30,0.9999894426,59,3,0.05084745763,4,0,0
sens1_no_Pm_Tc,Y1:P_phys_fixed,chemsys_r2,102,0.5,0.01696352841,3,2,30,0.9984691723,59,3,0.05084745763,3,0,0
sens1_no_Pm_Tc,Y1:P_phys_fixed,chemsys_r3,100,0.5,0.01695633743,4,1,29,0.9979316167,59,4,0.06779661017,5,0,0
sens1_no_Pm_Tc,Y1:P_phys_fixed,chemsys_r3,101,0.5,0.01695633743,1,1,28,0.9998522583,60,5,0.08333333333,5,0,0
sens1_no_Pm_Tc,Y1:P_phys_fixed,chemsys_r3,102,0.5,0.01695633743,2,2,26,0.9994090333,59,4,0.06779661017,5,0,0
sens1_no_Pm_Tc,Y1:P_phys_fixed,chemsys_r4,100,0.5,0.01678556441,2,2,30,0.9973986628,60,2,0.03333333333,9,0,0
sens1_no_Pm_Tc,Y1:P_phys_fixed,chemsys_r4,101,0.5,0.01678556441,1,1,28,0.99992687,60,3,0.05,9,0,0
sens1_no_Pm_Tc,Y1:P_phys_fixed,chemsys_r4,102,0.5,0.01678556441,1,1,28,0.9996761387,60,3,0.05,9,0,0
sens1_no_Pm_Tc,Y1:P_phys_fixed,chemsys_r5,100,0.5,0.01677852349,1,1,29,1,60,5,0.08333333333,5,0,0
sens1_no_Pm_Tc,Y1:P_phys_fixed,chemsys_r5,101,0.5,0.01677852349,2,2,30,0.9975772765,60,3,0.05,5,0,0
sens1_no_Pm_Tc,Y1:P_phys_fixed,chemsys_r5,102,0.5,0.01677852349,1,1,27,0.9999686717,60,2,0.03333333333,5,0,0
sens1_no_Pm_Tc,Y1:P_phys_fixed,chemsys_r6,100,0.5,0.01685630004,1,1,29,0.9996957616,60,4,0.06666666667,8,0,0
sens1_no_Pm_Tc,Y1:P_phys_fixed,chemsys_r6,101,0.5,0.01685630004,2,1,28,0.9986256819,60,4,0.06666666667,8,0,0
sens1_no_Pm_Tc,Y1:P_phys_fixed,chemsys_r6,102,0.5,0.01685630004,2,1,27,0.9989823752,60,4,0.06666666667,8,0,0
sens1_no_Pm_Tc,Y1:P_phys_fixed,chemsys_r7,100,0.5,0.01727115717,4,2,31,0.9966466036,59,3,0.05084745763,7,0,0
sens1_no_Pm_Tc,Y1:P_phys_fixed,chemsys_r7,101,0.5,0.01727115717,1,1,24,0.9999355116,59,2,0.03389830508,7,1,0.1428571429
sens1_no_Pm_Tc,Y1:P_phys_fixed,chemsys_r7,102,0.5,0.01727115717,1,1,29,1,59,3,0.05084745763,7,0,0
sens1_no_Pm_Tc,Y1:P_phys_fixed,chemsys_r8,100,0.5,0.01685630004,2,2,28,0.9972408728,60,2,0.03333333333,7,0,0
sens1_no_Pm_Tc,Y1:P_phys_fixed,chemsys_r8,101,0.5,0.01685630004,7,2,31,0.996716324,60,2,0.03333333333,7,0,0
sens1_no_Pm_Tc,Y1:P_phys_fixed,chemsys_r8,102,0.5,0.01685630004,3,1,31,0.9993705413,60,3,0.05,7,0,0
sens1_no_Pm_Tc,Y1:P_phys_fixed,chemsys_r9,100,0.5,0.01710132535,4,2,29,0.9964665815,59,4,0.06779661017,9,0,0
sens1_no_Pm_Tc,Y1:P_phys_fixed,chemsys_r9,101,0.5,0.01710132535,3,2,30,0.9956683695,59,5,0.08474576271,9,0,0
sens1_no_Pm_Tc,Y1:P_phys_fixed,chemsys_r9,102,0.5,0.01710132535,1,1,28,0.999755215,59,5,0.08474576271,9,0,0
sens1_no_Pm_Tc,Y1:P_phys_fixed,random_r0,100,0.5,0.01674340728,3,2,27,0.9975197999,60,6,0.1,8,0,0
sens1_no_Pm_Tc,Y1:P_phys_fixed,random_r0,101,0.5,0.01674340728,3,2,27,0.9944351813,60,1,0.01666666667,8,0,0
sens1_no_Pm_Tc,Y1:P_phys_fixed,random_r0,102,0.5,0.01674340728,1,1,33,0.9996665277,60,3,0.05,8,0,0
sens1_no_Pm_Tc,Y1:P_phys_fixed,random_r1,100,0.5,0.016985138,2,2,33,0.9968816068,60,4,0.06666666667,7,0,0
sens1_no_Pm_Tc,Y1:P_phys_fixed,random_r1,101,0.5,0.016985138,1,1,30,0.9999154334,59,4,0.06779661017,7,0,0
sens1_no_Pm_Tc,Y1:P_phys_fixed,random_r1,102,0.5,0.016985138,6,1,32,0.9955285412,60,5,0.08333333333,7,0,0
sens1_no_Pm_Tc,Y1:P_phys_fixed,random_r2,100,0.5,0.01683501684,1,1,28,0.9999371333,60,3,0.05,6,0,0
sens1_no_Pm_Tc,Y1:P_phys_fixed,random_r2,101,0.5,0.01683501684,7,1,32,0.9973386421,60,3,0.05,6,0,0
sens1_no_Pm_Tc,Y1:P_phys_fixed,random_r2,102,0.5,0.01683501684,1,1,28,0.9998218776,60,3,0.05,6,0,0
sens1_no_Pm_Tc,Y1:P_phys_fixed,random_r3,100,0.5,0.0169707255,2,1,28,0.9994824673,60,3,0.05,7,0,0
sens1_no_Pm_Tc,Y1:P_phys_fixed,random_r3,101,0.5,0.0169707255,3,1,30,0.9986586396,60,4,0.06666666667,7,0,0
sens1_no_Pm_Tc,Y1:P_phys_fixed,random_r3,102,0.5,0.0169707255,4,2,28,0.9980249261,59,3,0.05084745763,7,0,0
sens1_no_Pm_Tc,Y1:P_phys_fixed,random_r4,100,0.5,0.01690617075,2,1,30,0.9990740741,60,5,0.08333333333,6,0,0
sens1_no_Pm_Tc,Y1:P_phys_fixed,random_r4,101,0.5,0.01690617075,9,5,27,0.9918876263,59,6,0.1016949153,6,0,0
sens1_no_Pm_Tc,Y1:P_phys_fixed,random_r4,102,0.5,0.01690617075,2,2,28,0.9957491582,60,5,0.08333333333,6,0,0
sens1_no_Pm_Tc,Y1:P_phys_fixed,random_r5,100,0.5,0.01694915254,4,2,30,0.996814346,60,6,0.1,8,0,0
sens1_no_Pm_Tc,Y1:P_phys_fixed,random_r5,101,0.5,0.01694915254,8,7,26,0.9818670886,60,4,0.06666666667,8,0,0
sens1_no_Pm_Tc,Y1:P_phys_fixed,random_r5,102,0.5,0.01694915254,6,2,32,0.9957383966,60,4,0.06666666667,8,0,0
sens1_no_Pm_Tc,Y1:P_phys_fixed,random_r6,100,0.5,0.01703577513,1,1,30,0.9993214589,58,2,0.03448275862,9,0,0
sens1_no_Pm_Tc,Y1:P_phys_fixed,random_r6,101,0.5,0.01703577513,1,1,32,0.9991942324,58,2,0.03448275862,9,0,0
sens1_no_Pm_Tc,Y1:P_phys_fixed,random_r6,102,0.5,0.01703577513,7,3,33,0.9935644614,59,2,0.03389830508,9,0,0
sens1_no_Pm_Tc,Y1:P_phys_fixed,random_r7,100,0.5,0.01699957501,1,1,30,1,60,4,0.06666666667,5,0,0
sens1_no_Pm_Tc,Y1:P_phys_fixed,random_r7,101,0.5,0.01699957501,6,2,31,0.9954718578,60,4,0.06666666667,5,0,0
sens1_no_Pm_Tc,Y1:P_phys_fixed,random_r7,102,0.5,0.01699957501,3,2,30,0.9916102412,60,6,0.1,5,0,0
sens1_no_Pm_Tc,Y1:P_phys_fixed,random_r8,100,0.5,0.01689902831,1,1,27,0.999884308,60,4,0.06666666667,5,0,0
sens1_no_Pm_Tc,Y1:P_phys_fixed,random_r8,101,0.5,0.01689902831,1,1,26,0.9999579302,60,4,0.06666666667,5,0,0
sens1_no_Pm_Tc,Y1:P_phys_fixed,random_r8,102,0.5,0.01689902831,1,1,27,0.9993163652,59,4,0.06779661017,5,0,0
sens1_no_Pm_Tc,Y1:P_phys_fixed,random_r9,100,0.5,0.016985138,1,1,27,0.9997357294,60,3,0.05,10,0,0
sens1_no_Pm_Tc,Y1:P_phys_fixed,random_r9,101,0.5,0.016985138,3,1,32,0.9978964059,59,3,0.05084745763,9,0,0
sens1_no_Pm_Tc,Y1:P_phys_fixed,random_r9,102,0.5,0.016985138,2,2,31,0.9981606765,60,3,0.05,10,0,0
sens1_no_Pm_Tc,Y1:P_phys_fixed,chemsys_r0,100,0.75,0.01710132535,2,1,34,0.9992869306,59,3,0.05084745763,6,0,0
sens1_no_Pm_Tc,Y1:P_phys_fixed,chemsys_r0,101,0.75,0.01710132535,1,1,34,0.9991592167,59,2,0.03389830508,6,0,0
sens1_no_Pm_Tc,Y1:P_phys_fixed,chemsys_r0,102,0.75,0.01710132535,1,1,35,0.9997232865,57,4,0.0701754386,6,0,0
sens1_no_Pm_Tc,Y1:P_phys_fixed,chemsys_r1,100,0.75,0.01687763713,1,1,35,0.999789916,60,6,0.1,6,0,0
sens1_no_Pm_Tc,Y1:P_phys_fixed,chemsys_r1,101,0.75,0.01687763713,1,1,33,1,60,5,0.08333333333,6,0,0
sens1_no_Pm_Tc,Y1:P_phys_fixed,chemsys_r1,102,0.75,0.01687763713,1,1,31,0.9991596639,60,3,0.05,6,0,0
sens1_no_Pm_Tc,Y1:P_phys_fixed,chemsys_r2,100,0.75,0.01696352841,2,1,31,0.9994087838,60,3,0.05,4,0,0
sens1_no_Pm_Tc,Y1:P_phys_fixed,chemsys_r2,101,0.75,0.01696352841,2,1,31,0.9999894426,59,4,0.06779661017,4,0,0
sens1_no_Pm_Tc,Y1:P_phys_fixed,chemsys_r2,102,0.75,0.01696352841,2,2,32,0.9986169764,59,4,0.06779661017,3,0,0
sens1_no_Pm_Tc,Y1:P_phys_fixed,chemsys_r3,100,0.75,0.01695633743,2,1,30,0.9990185732,59,3,0.05084745763,5,0,0
sens1_no_Pm_Tc,Y1:P_phys_fixed,chemsys_r3,101,0.75,0.01695633743,1,1,32,0.9999261292,60,6,0.1,5,0,0
sens1_no_Pm_Tc,Y1:P_phys_fixed,chemsys_r3,102,0.75,0.01695633743,8,3,27,0.9946707472,59,4,0.06779661017,5,0,0
sens1_no_Pm_Tc,Y1:P_phys_fixed,chemsys_r4,100,0.75,0.01678556441,1,1,30,0.9993627246,60,2,0.03333333333,9,0,0
sens1_no_Pm_Tc,Y1:P_phys_fixed,chemsys_r4,101,0.75,0.01678556441,1,1,30,0.9999895529,60,1,0.01666666667,9,0,0
sens1_no_Pm_Tc,Y1:P_phys_fixed,chemsys_r4,102,0.75,0.01678556441,1,1,32,1,60,2,0.03333333333,9,0,0
sens1_no_Pm_Tc,Y1:P_phys_fixed,chemsys_r5,100,0.75,0.01677852349,1,1,31,0.9995300752,60,2,0.03333333333,5,0,0
sens1_no_Pm_Tc,Y1:P_phys_fixed,chemsys_r5,101,0.75,0.01677852349,2,2,31,0.9976608187,60,3,0.05,5,0,0
sens1_no_Pm_Tc,Y1:P_phys_fixed,chemsys_r5,102,0.75,0.01677852349,1,1,30,0.9999895572,60,6,0.1,5,0,0
sens1_no_Pm_Tc,Y1:P_phys_fixed,chemsys_r6,100,0.75,0.01685630004,1,1,31,0.9997272346,60,3,0.05,8,0,0
sens1_no_Pm_Tc,Y1:P_phys_fixed,chemsys_r6,101,0.75,0.01685630004,3,1,30,0.9987935376,60,2,0.03333333333,8,0,0
sens1_no_Pm_Tc,Y1:P_phys_fixed,chemsys_r6,102,0.75,0.01685630004,2,1,27,0.9994229962,60,3,0.05,8,0,0
sens1_no_Pm_Tc,Y1:P_phys_fixed,chemsys_r7,100,0.75,0.01727115717,2,1,31,0.9991186586,59,1,0.01694915254,7,0,0
sens1_no_Pm_Tc,Y1:P_phys_fixed,chemsys_r7,101,0.75,0.01727115717,1,1,28,0.9999677558,59,2,0.03389830508,7,0,0
sens1_no_Pm_Tc,Y1:P_phys_fixed,chemsys_r7,102,0.75,0.01727115717,1,1,29,1,59,1,0.01694915254,7,0,0
sens1_no_Pm_Tc,Y1:P_phys_fixed,chemsys_r8,100,0.75,0.01685630004,1,1,33,0.9996223248,60,2,0.03333333333,7,0,0
sens1_no_Pm_Tc,Y1:P_phys_fixed,chemsys_r8,101,0.75,0.01685630004,1,1,33,0.9998845992,60,1,0.01666666667,7,0,0
sens1_no_Pm_Tc,Y1:P_phys_fixed,chemsys_r8,102,0.75,0.01685630004,2,1,32,0.9989089383,60,4,0.06666666667,7,0,0
sens1_no_Pm_Tc,Y1:P_phys_fixed,chemsys_r9,100,0.75,0.01710132535,4,2,29,0.99649851,59,1,0.01694915254,9,0,0
sens1_no_Pm_Tc,Y1:P_phys_fixed,chemsys_r9,101,0.75,0.01710132535,2,1,31,0.9987547893,59,5,0.08474576271,9,0,0
sens1_no_Pm_Tc,Y1:P_phys_fixed,chemsys_r9,102,0.75,0.01710132535,1,1,31,0.9998190719,59,4,0.06779661017,9,0,0
sens1_no_Pm_Tc,Y1:P_phys_fixed,random_r0,100,0.75,0.01674340728,2,2,32,0.9974781159,60,4,0.06666666667,8,0,0
sens1_no_Pm_Tc,Y1:P_phys_fixed,random_r0,101,0.75,0.01674340728,5,3,32,0.99524802,60,1,0.01666666667,8,0,0
sens1_no_Pm_Tc,Y1:P_phys_fixed,random_r0,102,0.75,0.01674340728,1,1,32,0.9996665277,60,3,0.05,8,0,0
sens1_no_Pm_Tc,Y1:P_phys_fixed,random_r1,100,0.75,0.016985138,2,2,34,0.9969133192,60,3,0.05,7,0,0
sens1_no_Pm_Tc,Y1:P_phys_fixed,random_r1,101,0.75,0.016985138,1,1,34,0.9999154334,59,6,0.1016949153,7,0,0
sens1_no_Pm_Tc,Y1:P_phys_fixed,random_r1,102,0.75,0.016985138,3,1,35,0.9988160677,60,4,0.06666666667,7,0,0
sens1_no_Pm_Tc,Y1:P_phys_fixed,random_r2,100,0.75,0.01683501684,1,1,30,0.9999371333,60,3,0.05,6,0,0
sens1_no_Pm_Tc,Y1:P_phys_fixed,random_r2,101,0.75,0.01683501684,4,1,31,0.9977472758,60,1,0.01666666667,6,0,0
sens1_no_Pm_Tc,Y1:P_phys_fixed,random_r2,102,0.75,0.01683501684,1,1,29,0.9999476111,60,3,0.05,6,0,0
sens1_no_Pm_Tc,Y1:P_phys_fixed,random_r3,100,0.75,0.0169707255,1,1,31,0.9998732573,60,1,0.01666666667,7,0,0
sens1_no_Pm_Tc,Y1:P_phys_fixed,random_r3,101,0.75,0.0169707255,3,1,31,0.9989649345,60,2,0.03333333333,7,0,0
sens1_no_Pm_Tc,Y1:P_phys_fixed,random_r3,102,0.75,0.0169707255,3,1,31,0.9989015632,59,3,0.05084745763,7,0,0
sens1_no_Pm_Tc,Y1:P_phys_fixed,random_r4,100,0.75,0.01690617075,2,1,31,0.9991266835,60,4,0.06666666667,6,0,0
sens1_no_Pm_Tc,Y1:P_phys_fixed,random_r4,101,0.75,0.01690617075,1,1,32,0.9998000842,59,3,0.05084745763,6,0,0
sens1_no_Pm_Tc,Y1:P_phys_fixed,random_r4,102,0.75,0.01690617075,2,1,31,0.9993160774,60,3,0.05,6,0,0
sens1_no_Pm_Tc,Y1:P_phys_fixed,random_r5,100,0.75,0.01694915254,3,3,33,0.997257384,60,4,0.06666666667,8,0,0
sens1_no_Pm_Tc,Y1:P_phys_fixed,random_r5,101,0.75,0.01694915254,4,3,32,0.9913185654,60,3,0.05,8,0,0
sens1_no_Pm_Tc,Y1:P_phys_fixed,random_r5,102,0.75,0.01694915254,4,1,34,0.9969303797,60,2,0.03333333333,8,0,0
sens1_no_Pm_Tc,Y1:P_phys_fixed,random_r6,100,0.75,0.01703577513,1,1,34,0.999639525,58,2,0.03448275862,9,0,0
sens1_no_Pm_Tc,Y1:P_phys_fixed,random_r6,101,0.75,0.01703577513,1,1,31,0.99927905,58,3,0.05172413793,9,0,0
sens1_no_Pm_Tc,Y1:P_phys_fixed,random_r6,102,0.75,0.01703577513,3,3,34,0.9962044105,59,3,0.05084745763,9,0,0
sens1_no_Pm_Tc,Y1:P_phys_fixed,random_r7,100,0.75,0.01699957501,1,1,32,0.9997884046,60,5,0.08333333333,5,0,0
sens1_no_Pm_Tc,Y1:P_phys_fixed,random_r7,101,0.75,0.01699957501,3,1,33,0.9986034702,60,4,0.06666666667,5,0,0
sens1_no_Pm_Tc,Y1:P_phys_fixed,random_r7,102,0.75,0.01699957501,3,2,32,0.9931125688,60,4,0.06666666667,5,0,0
sens1_no_Pm_Tc,Y1:P_phys_fixed,random_r8,100,0.75,0.01689902831,1,1,27,0.9998422381,60,3,0.05,5,0,0
sens1_no_Pm_Tc,Y1:P_phys_fixed,random_r8,101,0.75,0.01689902831,1,1,28,0.9999579302,60,3,0.05,5,0,0
sens1_no_Pm_Tc,Y1:P_phys_fixed,random_r8,102,0.75,0.01689902831,1,1,28,0.9993899874,59,3,0.05084745763,5,0,0
sens1_no_Pm_Tc,Y1:P_phys_fixed,random_r9,100,0.75,0.016985138,5,4,28,0.9920930233,60,2,0.03333333333,10,0,0
sens1_no_Pm_Tc,Y1:P_phys_fixed,random_r9,101,0.75,0.016985138,1,1,29,0.9982663848,59,3,0.05084745763,9,0,0
sens1_no_Pm_Tc,Y1:P_phys_fixed,random_r9,102,0.75,0.016985138,2,2,32,0.9965539112,60,3,0.05,10,0,0
sens1_no_Pm_Tc,Y1:P_phys_fixed,chemsys_r0,100,1,0.01710132535,1,1,36,0.9998190719,59,0,0,6,0,0
sens1_no_Pm_Tc,Y1:P_phys_fixed,chemsys_r0,101,1,0.01710132535,1,1,37,0.9998190719,59,0,0,6,0,0
sens1_no_Pm_Tc,Y1:P_phys_fixed,chemsys_r0,102,1,0.01710132535,1,1,36,0.9998190719,57,0,0,6,0,0
sens1_no_Pm_Tc,Y1:P_phys_fixed,chemsys_r1,100,1,0.01687763713,1,1,36,0.999789916,60,0,0,6,0,0
sens1_no_Pm_Tc,Y1:P_phys_fixed,chemsys_r1,101,1,0.01687763713,1,1,36,0.999789916,60,0,0,6,0,0
sens1_no_Pm_Tc,Y1:P_phys_fixed,chemsys_r1,102,1,0.01687763713,1,1,36,0.999789916,60,0,0,6,0,0
sens1_no_Pm_Tc,Y1:P_phys_fixed,chemsys_r2,100,1,0.01696352841,1,1,35,1,60,0,0,4,0,0
sens1_no_Pm_Tc,Y1:P_phys_fixed,chemsys_r2,101,1,0.01696352841,1,1,35,1,59,0,0,4,0,0
sens1_no_Pm_Tc,Y1:P_phys_fixed,chemsys_r2,102,1,0.01696352841,1,1,35,1,59,0,0,3,0,0
sens1_no_Pm_Tc,Y1:P_phys_fixed,chemsys_r3,100,1,0.01695633743,1,1,34,1,59,0,0,5,0,0
sens1_no_Pm_Tc,Y1:P_phys_fixed,chemsys_r3,101,1,0.01695633743,1,1,34,1,60,0,0,5,0,0
sens1_no_Pm_Tc,Y1:P_phys_fixed,chemsys_r3,102,1,0.01695633743,1,1,34,1,59,0,0,5,0,0
sens1_no_Pm_Tc,Y1:P_phys_fixed,chemsys_r4,100,1,0.01678556441,1,1,35,0.9999059758,60,0,0,9,0,0
sens1_no_Pm_Tc,Y1:P_phys_fixed,chemsys_r4,101,1,0.01678556441,1,1,35,0.9999059758,60,0,0,9,0,0
sens1_no_Pm_Tc,Y1:P_phys_fixed,chemsys_r4,102,1,0.01678556441,1,1,35,0.9999059758,60,0,0,9,0,0
sens1_no_Pm_Tc,Y1:P_phys_fixed,chemsys_r5,100,1,0.01677852349,1,1,36,0.9998851295,60,0,0,5,0,0
sens1_no_Pm_Tc,Y1:P_phys_fixed,chemsys_r5,101,1,0.01677852349,1,1,37,0.9998224728,60,0,0,5,0,0
sens1_no_Pm_Tc,Y1:P_phys_fixed,chemsys_r5,102,1,0.01677852349,1,1,36,0.9999686717,60,0,0,5,0,0
sens1_no_Pm_Tc,Y1:P_phys_fixed,chemsys_r6,100,1,0.01685630004,1,1,36,0.9998321444,60,0,0,8,0,0
sens1_no_Pm_Tc,Y1:P_phys_fixed,chemsys_r6,101,1,0.01685630004,1,1,36,0.9998321444,60,0,0,8,0,0
sens1_no_Pm_Tc,Y1:P_phys_fixed,chemsys_r6,102,1,0.01685630004,1,1,36,0.9998321444,60,0,0,8,0,0
sens1_no_Pm_Tc,Y1:P_phys_fixed,chemsys_r7,100,1,0.01727115717,1,1,34,1,59,0,0,7,0,0
sens1_no_Pm_Tc,Y1:P_phys_fixed,chemsys_r7,101,1,0.01727115717,1,1,34,1,59,0,0,7,0,0
sens1_no_Pm_Tc,Y1:P_phys_fixed,chemsys_r7,102,1,0.01727115717,1,1,34,1,59,0,0,7,0,0
sens1_no_Pm_Tc,Y1:P_phys_fixed,chemsys_r8,100,1,0.01685630004,1,1,35,0.9998111624,60,0,0,7,0,0
sens1_no_Pm_Tc,Y1:P_phys_fixed,chemsys_r8,101,1,0.01685630004,1,1,35,0.9998111624,60,0,0,7,0,0
sens1_no_Pm_Tc,Y1:P_phys_fixed,chemsys_r8,102,1,0.01685630004,1,1,35,0.9998111624,60,0,0,7,0,0
sens1_no_Pm_Tc,Y1:P_phys_fixed,chemsys_r9,100,1,0.01710132535,1,1,31,1,59,0,0,9,0,0
sens1_no_Pm_Tc,Y1:P_phys_fixed,chemsys_r9,101,1,0.01710132535,1,1,31,1,59,0,0,9,0,0
sens1_no_Pm_Tc,Y1:P_phys_fixed,chemsys_r9,102,1,0.01710132535,1,1,31,1,59,0,0,9,0,0
sens1_no_Pm_Tc,Y1:P_phys_fixed,random_r0,100,1,0.01674340728,1,1,36,0.9998749479,60,0,0,8,0,0
sens1_no_Pm_Tc,Y1:P_phys_fixed,random_r0,101,1,0.01674340728,1,1,35,0.9998749479,60,0,0,8,0,0
sens1_no_Pm_Tc,Y1:P_phys_fixed,random_r0,102,1,0.01674340728,1,1,35,0.9998749479,60,0,0,8,0,0
sens1_no_Pm_Tc,Y1:P_phys_fixed,random_r1,100,1,0.016985138,1,1,35,0.9999577167,60,0,0,7,0,0
sens1_no_Pm_Tc,Y1:P_phys_fixed,random_r1,101,1,0.016985138,1,1,35,0.9999577167,59,0,0,7,0,0
sens1_no_Pm_Tc,Y1:P_phys_fixed,random_r1,102,1,0.016985138,1,1,35,0.9999577167,60,0,0,7,0,0
sens1_no_Pm_Tc,Y1:P_phys_fixed,random_r2,100,1,0.01683501684,1,1,35,0.9999371333,60,0,0,6,0,0
sens1_no_Pm_Tc,Y1:P_phys_fixed,random_r2,101,1,0.01683501684,1,1,35,0.9998218776,60,0,0,6,0,0
sens1_no_Pm_Tc,Y1:P_phys_fixed,random_r2,102,1,0.01683501684,1,1,35,0.9998218776,60,0,0,6,0,0
sens1_no_Pm_Tc,Y1:P_phys_fixed,random_r3,100,1,0.0169707255,1,1,33,0.9998098859,60,0,0,7,0,0
sens1_no_Pm_Tc,Y1:P_phys_fixed,random_r3,101,1,0.0169707255,1,1,33,0.9998098859,60,0,0,7,0,0
sens1_no_Pm_Tc,Y1:P_phys_fixed,random_r3,102,1,0.0169707255,1,1,33,0.9998098859,59,0,0,7,0,0
sens1_no_Pm_Tc,Y1:P_phys_fixed,random_r4,100,1,0.01690617075,1,1,33,0.9998737374,60,0,0,6,0,0
sens1_no_Pm_Tc,Y1:P_phys_fixed,random_r4,101,1,0.01690617075,1,1,33,0.9998737374,59,0,0,6,0,0
sens1_no_Pm_Tc,Y1:P_phys_fixed,random_r4,102,1,0.01690617075,1,1,33,0.9998737374,60,0,0,6,0,0
sens1_no_Pm_Tc,Y1:P_phys_fixed,random_r5,100,1,0.01694915254,1,1,34,0.9998734177,60,0,0,8,0,0
sens1_no_Pm_Tc,Y1:P_phys_fixed,random_r5,101,1,0.01694915254,1,1,34,0.9998734177,60,0,0,8,0,0
sens1_no_Pm_Tc,Y1:P_phys_fixed,random_r5,102,1,0.01694915254,1,1,34,0.9998734177,60,0,0,8,0,0
sens1_no_Pm_Tc,Y1:P_phys_fixed,random_r6,100,1,0.01703577513,1,1,34,0.9997561493,58,0,0,9,0,0
sens1_no_Pm_Tc,Y1:P_phys_fixed,random_r6,101,1,0.01703577513,1,1,34,0.9997985581,58,0,0,9,0,0
sens1_no_Pm_Tc,Y1:P_phys_fixed,random_r6,102,1,0.01703577513,1,1,34,0.9997561493,59,0,0,9,0,0
sens1_no_Pm_Tc,Y1:P_phys_fixed,random_r7,100,1,0.01699957501,1,1,35,0.9997884046,60,0,0,5,0,0
sens1_no_Pm_Tc,Y1:P_phys_fixed,random_r7,101,1,0.01699957501,1,1,35,0.9997884046,60,0,0,5,0,0
sens1_no_Pm_Tc,Y1:P_phys_fixed,random_r7,102,1,0.01699957501,1,1,35,0.9997884046,60,0,0,5,0,0
sens1_no_Pm_Tc,Y1:P_phys_fixed,random_r8,100,1,0.01689902831,1,1,37,0.9998422381,60,0,0,5,0,0
sens1_no_Pm_Tc,Y1:P_phys_fixed,random_r8,101,1,0.01689902831,1,1,37,0.9998422381,60,0,0,5,0,0
sens1_no_Pm_Tc,Y1:P_phys_fixed,random_r8,102,1,0.01689902831,1,1,37,0.9998422381,59,0,0,5,0,0
sens1_no_Pm_Tc,Y1:P_phys_fixed,random_r9,100,1,0.016985138,1,1,35,0.9999577167,60,0,0,10,0,0
sens1_no_Pm_Tc,Y1:P_phys_fixed,random_r9,101,1,0.016985138,1,1,35,0.9999577167,59,0,0,9,0,0
sens1_no_Pm_Tc,Y1:P_phys_fixed,random_r9,102,1,0.016985138,1,1,35,0.9999577167,60,0,0,10,0,0
sens1_no_Pm_Tc,Y2:P_H_fixed,chemsys_r0,100,0,0.01710132535,21,11,21,0.9585781183,59,13,0.2203389831,61,13,0.2131147541
sens1_no_Pm_Tc,Y2:P_H_fixed,chemsys_r0,101,0,0.01710132535,7,5,17,0.9885696041,59,14,0.2372881356,61,14,0.2295081967
sens1_no_Pm_Tc,Y2:P_H_fixed,chemsys_r0,102,0,0.01710132535,1,1,20,0.9999255002,58,16,0.275862069,60,16,0.2666666667
sens1_no_Pm_Tc,Y2:P_H_fixed,chemsys_r1,100,0,0.01687763713,41,41,0,0.8495798319,60,0,0,51,0,0
sens1_no_Pm_Tc,Y2:P_H_fixed,chemsys_r1,101,0,0.01687763713,7,1,22,0.9924054622,60,11,0.1833333333,51,9,0.1764705882
sens1_no_Pm_Tc,Y2:P_H_fixed,chemsys_r1,102,0,0.01687763713,12,1,22,0.992657563,60,12,0.2,51,10,0.1960784314
sens1_no_Pm_Tc,Y2:P_H_fixed,chemsys_r2,100,0,0.01696352841,1,1,12,0.9994404561,59,6,0.1016949153,63,6,0.09523809524
sens1_no_Pm_Tc,Y2:P_H_fixed,chemsys_r2,101,0,0.01696352841,14,5,23,0.9858847128,60,16,0.2666666667,64,16,0.25
sens1_no_Pm_Tc,Y2:P_H_fixed,chemsys_r2,102,0,0.01696352841,2,1,21,0.9971600507,59,15,0.2542372881,63,15,0.2380952381
sens1_no_Pm_Tc,Y2:P_H_fixed,chemsys_r3,100,0,0.01695633743,1,1,22,0.9997889405,60,11,0.1833333333,54,10,0.1851851852
sens1_no_Pm_Tc,Y2:P_H_fixed,chemsys_r3,101,0,0.01695633743,6,6,15,0.9732798649,60,9,0.15,54,8,0.1481481481
sens1_no_Pm_Tc,Y2:P_H_fixed,chemsys_r3,102,0,0.01695633743,23,6,24,0.9853419164,60,8,0.1333333333,54,5,0.09259259259
sens1_no_Pm_Tc,Y2:P_H_fixed,chemsys_r4,100,0,0.01678556441,32,3,22,0.9836084413,60,7,0.1166666667,46,5,0.1086956522
sens1_no_Pm_Tc,Y2:P_H_fixed,chemsys_r4,101,0,0.01678556441,22,9,20,0.9596113665,60,8,0.1333333333,46,8,0.1739130435
sens1_no_Pm_Tc,Y2:P_H_fixed,chemsys_r4,102,0,0.01678556441,7,2,15,0.9978583368,59,6,0.1016949153,45,5,0.1111111111
sens1_no_Pm_Tc,Y2:P_H_fixed,chemsys_r5,100,0,0.01677852349,10,10,13,0.9761382623,60,4,0.06666666667,57,3,0.05263157895
sens1_no_Pm_Tc,Y2:P_H_fixed,chemsys_r5,101,0,0.01677852349,12,2,24,0.9899749373,60,11,0.1833333333,57,10,0.1754385965
sens1_no_Pm_Tc,Y2:P_H_fixed,chemsys_r5,102,0,0.01677852349,2,1,10,0.9999373434,60,4,0.06666666667,57,3,0.05263157895
sens1_no_Pm_Tc,Y2:P_H_fixed,chemsys_r6,100,0,0.01685630004,15,2,22,0.9935165757,60,14,0.2333333333,52,12,0.2307692308
sens1_no_Pm_Tc,Y2:P_H_fixed,chemsys_r6,101,0,0.01685630004,6,2,17,0.9933277381,60,9,0.15,52,9,0.1730769231
sens1_no_Pm_Tc,Y2:P_H_fixed,chemsys_r6,102,0,0.01685630004,3,2,22,0.9961707931,60,9,0.15,52,9,0.1730769231
sens1_no_Pm_Tc,Y2:P_H_fixed,chemsys_r7,100,0,0.01727115717,3,1,19,0.9990971625,58,11,0.1896551724,48,10,0.2083333333
sens1_no_Pm_Tc,Y2:P_H_fixed,chemsys_r7,101,0,0.01727115717,22,4,20,0.9871238177,59,14,0.2372881356,49,12,0.2448979592
sens1_no_Pm_Tc,Y2:P_H_fixed,chemsys_r7,102,0,0.01727115717,11,1,19,0.9898753224,58,12,0.2068965517,48,11,0.2291666667
sens1_no_Pm_Tc,Y2:P_H_fixed,chemsys_r8,100,0,0.01685630004,2,1,26,0.9961812841,60,15,0.25,39,10,0.2564102564
sens1_no_Pm_Tc,Y2:P_H_fixed,chemsys_r8,101,0,0.01685630004,1,1,19,0.9998741083,59,8,0.1355932203,38,6,0.1578947368
sens1_no_Pm_Tc,Y2:P_H_fixed,chemsys_r8,102,0,0.01685630004,22,8,22,0.9736047,60,18,0.3,39,15,0.3846153846
sens1_no_Pm_Tc,Y2:P_H_fixed,chemsys_r9,100,0,0.01710132535,19,15,17,0.9446785866,59,5,0.08474576271,58,5,0.08620689655
sens1_no_Pm_Tc,Y2:P_H_fixed,chemsys_r9,101,0,0.01710132535,3,3,26,0.9870583227,59,11,0.186440678,58,11,0.1896551724
sens1_no_Pm_Tc,Y2:P_H_fixed,chemsys_r9,102,0,0.01710132535,9,8,15,0.9821626224,59,6,0.1016949153,58,6,0.1034482759
sens1_no_Pm_Tc,Y2:P_H_fixed,random_r0,100,0,0.01674340728,1,1,21,0.997561484,60,11,0.1833333333,34,5,0.1470588235
sens1_no_Pm_Tc,Y2:P_H_fixed,random_r0,101,0,0.01674340728,1,1,15,0.999958316,60,5,0.08333333333,34,2,0.05882352941
sens1_no_Pm_Tc,Y2:P_H_fixed,random_r0,102,0,0.01674340728,8,2,25,0.9935285536,59,9,0.1525423729,33,3,0.09090909091
sens1_no_Pm_Tc,Y2:P_H_fixed,random_r1,100,0,0.016985138,5,2,22,0.9893234672,60,14,0.2333333333,46,13,0.2826086957
sens1_no_Pm_Tc,Y2:P_H_fixed,random_r1,101,0,0.016985138,5,4,19,0.9958668076,59,12,0.2033898305,45,11,0.2444444444
sens1_no_Pm_Tc,Y2:P_H_fixed,random_r1,102,0,0.016985138,9,8,17,0.9675475687,60,10,0.1666666667,46,10,0.2173913043
sens1_no_Pm_Tc,Y2:P_H_fixed,random_r2,100,0,0.01683501684,25,20,11,0.9562133277,60,8,0.1333333333,54,8,0.1481481481
sens1_no_Pm_Tc,Y2:P_H_fixed,random_r2,101,0,0.01683501684,9,2,23,0.9952326069,60,17,0.2833333333,54,15,0.2777777778
sens1_no_Pm_Tc,Y2:P_H_fixed,random_r2,102,0,0.01683501684,1,1,18,1,59,13,0.2203389831,53,12,0.2264150943
sens1_no_Pm_Tc,Y2:P_H_fixed,random_r3,100,0,0.0169707255,21,12,15,0.9567701732,60,6,0.1,36,3,0.08333333333
sens1_no_Pm_Tc,Y2:P_H_fixed,random_r3,101,0,0.0169707255,11,1,24,0.9914554288,60,16,0.2666666667,36,11,0.3055555556
sens1_no_Pm_Tc,Y2:P_H_fixed,random_r3,102,0,0.0169707255,12,3,20,0.9915716096,60,11,0.1833333333,36,6,0.1666666667
sens1_no_Pm_Tc,Y2:P_H_fixed,random_r4,100,0,0.01690617075,2,1,24,0.9966224747,60,13,0.2166666667,44,10,0.2272727273
sens1_no_Pm_Tc,Y2:P_H_fixed,random_r4,101,0,0.01690617075,30,1,24,0.9817655724,59,10,0.1694915254,43,7,0.1627906977
sens1_no_Pm_Tc,Y2:P_H_fixed,random_r4,102,0,0.01690617075,1,1,26,0.9963068182,60,14,0.2333333333,44,12,0.2727272727
sens1_no_Pm_Tc,Y2:P_H_fixed,random_r5,100,0,0.01694915254,20,15,14,0.9721940928,60,6,0.1,37,5,0.1351351351
sens1_no_Pm_Tc,Y2:P_H_fixed,random_r5,101,0,0.01694915254,14,13,12,0.9332383966,60,8,0.1333333333,37,6,0.1621621622
sens1_no_Pm_Tc,Y2:P_H_fixed,random_r5,102,0,0.01694915254,6,6,12,0.9858860759,60,4,0.06666666667,37,3,0.08108108108
sens1_no_Pm_Tc,Y2:P_H_fixed,random_r6,100,0,0.01703577513,2,1,17,0.9981446141,58,8,0.1379310345,47,7,0.1489361702
sens1_no_Pm_Tc,Y2:P_H_fixed,random_r6,101,0,0.01703577513,3,3,14,0.9961407973,59,7,0.1186440678,48,6,0.125
sens1_no_Pm_Tc,Y2:P_H_fixed,random_r6,102,0,0.01703577513,1,1,26,0.9973494487,58,13,0.224137931,47,9,0.1914893617
sens1_no_Pm_Tc,Y2:P_H_fixed,random_r7,100,0,0.01699957501,41,5,4,0.9655416843,60,1,0.01666666667,41,0,0
sens1_no_Pm_Tc,Y2:P_H_fixed,random_r7,101,0,0.01699957501,4,3,19,0.9954824376,60,8,0.1333333333,41,4,0.09756097561
sens1_no_Pm_Tc,Y2:P_H_fixed,random_r7,102,0,0.01699957501,10,3,19,0.9831252645,60,11,0.1833333333,41,7,0.1707317073
sens1_no_Pm_Tc,Y2:P_H_fixed,random_r8,100,0,0.01689902831,32,5,22,0.9804375263,60,6,0.1,49,4,0.08163265306
sens1_no_Pm_Tc,Y2:P_H_fixed,random_r8,101,0,0.01689902831,7,7,12,0.9987799748,60,7,0.1166666667,49,6,0.1224489796
sens1_no_Pm_Tc,Y2:P_H_fixed,random_r8,102,0,0.01689902831,4,4,15,0.9946676483,60,9,0.15,49,8,0.1632653061
sens1_no_Pm_Tc,Y2:P_H_fixed,random_r9,100,0,0.016985138,8,3,20,0.9855919662,60,11,0.1833333333,43,11,0.2558139535
sens1_no_Pm_Tc,Y2:P_H_fixed,random_r9,101,0,0.016985138,41,27,4,0.9737843552,59,3,0.05084745763,42,2,0.04761904762
sens1_no_Pm_Tc,Y2:P_H_fixed,random_r9,102,0,0.016985138,6,1,21,0.9958033827,59,7,0.1186440678,42,5,0.119047619
sens1_no_Pm_Tc,Y2:P_H_fixed,chemsys_r0,100,0.02,0.01710132535,12,4,22,0.9796615581,59,8,0.1355932203,61,9,0.1475409836
sens1_no_Pm_Tc,Y2:P_H_fixed,chemsys_r0,101,0.02,0.01710132535,5,4,24,0.9918688804,59,12,0.2033898305,61,12,0.1967213115
sens1_no_Pm_Tc,Y2:P_H_fixed,chemsys_r0,102,0.02,0.01710132535,1,1,19,0.9997977863,58,14,0.2413793103,60,14,0.2333333333
sens1_no_Pm_Tc,Y2:P_H_fixed,chemsys_r1,100,0.02,0.01687763713,22,17,19,0.9518487395,60,7,0.1166666667,51,5,0.09803921569
sens1_no_Pm_Tc,Y2:P_H_fixed,chemsys_r1,101,0.02,0.01687763713,13,1,22,0.9903676471,60,9,0.15,51,7,0.137254902
sens1_no_Pm_Tc,Y2:P_H_fixed,chemsys_r1,102,0.02,0.01687763713,5,1,20,0.9945483193,60,9,0.15,51,7,0.137254902
sens1_no_Pm_Tc,Y2:P_H_fixed,chemsys_r2,100,0.02,0.01696352841,2,2,16,0.9997782939,59,8,0.1355932203,63,8,0.126984127
sens1_no_Pm_Tc,Y2:P_H_fixed,chemsys_r2,101,0.02,0.01696352841,9,8,22,0.987573902,60,14,0.2333333333,64,14,0.21875
sens1_no_Pm_Tc,Y2:P_H_fixed,chemsys_r2,102,0.02,0.01696352841,4,2,24,0.9968222128,59,12,0.2033898305,63,12,0.1904761905
sens1_no_Pm_Tc,Y2:P_H_fixed,chemsys_r3,100,0.02,0.01695633743,1,1,22,0.9997045167,60,9,0.15,54,8,0.1481481481
sens1_no_Pm_Tc,Y2:P_H_fixed,chemsys_r3,101,0.02,0.01695633743,2,2,18,0.9950084424,60,12,0.2,54,10,0.1851851852
sens1_no_Pm_Tc,Y2:P_H_fixed,chemsys_r3,102,0.02,0.01695633743,15,4,25,0.9900590967,60,9,0.15,54,7,0.1296296296
sens1_no_Pm_Tc,Y2:P_H_fixed,chemsys_r4,100,0.02,0.01678556441,14,1,23,0.9940137902,60,4,0.06666666667,46,2,0.04347826087
sens1_no_Pm_Tc,Y2:P_H_fixed,chemsys_r4,101,0.02,0.01678556441,8,8,23,0.9772565817,60,6,0.1,46,5,0.1086956522
sens1_no_Pm_Tc,Y2:P_H_fixed,chemsys_r4,102,0.02,0.01678556441,6,2,24,0.9979001254,59,6,0.1016949153,45,4,0.08888888889
sens1_no_Pm_Tc,Y2:P_H_fixed,chemsys_r5,100,0.02,0.01677852349,16,16,13,0.9615183793,60,4,0.06666666667,57,3,0.05263157895
sens1_no_Pm_Tc,Y2:P_H_fixed,chemsys_r5,101,0.02,0.01677852349,9,2,19,0.9923558897,60,4,0.06666666667,57,3,0.05263157895
sens1_no_Pm_Tc,Y2:P_H_fixed,chemsys_r5,102,0.02,0.01677852349,2,2,13,0.9999164578,60,6,0.1,57,5,0.08771929825
sens1_no_Pm_Tc,Y2:P_H_fixed,chemsys_r6,100,0.02,0.01685630004,4,1,27,0.9951741502,60,10,0.1666666667,52,9,0.1730769231
sens1_no_Pm_Tc,Y2:P_H_fixed,chemsys_r6,101,0.02,0.01685630004,6,2,15,0.9935480487,60,7,0.1166666667,52,7,0.1346153846
sens1_no_Pm_Tc,Y2:P_H_fixed,chemsys_r6,102,0.02,0.01685630004,2,1,28,0.9941460344,60,10,0.1666666667,52,9,0.1730769231
sens1_no_Pm_Tc,Y2:P_H_fixed,chemsys_r7,100,0.02,0.01727115717,3,2,18,0.9983233018,58,10,0.1724137931,48,9,0.1875
sens1_no_Pm_Tc,Y2:P_H_fixed,chemsys_r7,101,0.02,0.01727115717,14,7,24,0.9864574377,59,10,0.1694915254,49,7,0.1428571429
sens1_no_Pm_Tc,Y2:P_H_fixed,chemsys_r7,102,0.02,0.01727115717,28,1,18,0.9881018917,58,9,0.1551724138,48,7,0.1458333333
sens1_no_Pm_Tc,Y2:P_H_fixed,chemsys_r8,100,0.02,0.01685630004,4,2,25,0.994355854,60,15,0.25,39,10,0.2564102564
sens1_no_Pm_Tc,Y2:P_H_fixed,chemsys_r8,101,0.02,0.01685630004,3,1,18,0.9993915233,59,8,0.1355932203,38,6,0.1578947368
sens1_no_Pm_Tc,Y2:P_H_fixed,chemsys_r8,102,0.02,0.01685630004,19,5,23,0.9864246748,60,8,0.1333333333,39,5,0.1282051282
sens1_no_Pm_Tc,Y2:P_H_fixed,chemsys_r9,100,0.02,0.01710132535,14,10,19,0.9665389527,59,4,0.06779661017,58,4,0.06896551724
sens1_no_Pm_Tc,Y2:P_H_fixed,chemsys_r9,101,0.02,0.01710132535,5,1,23,0.9957109408,59,9,0.1525423729,58,9,0.1551724138
sens1_no_Pm_Tc,Y2:P_H_fixed,chemsys_r9,102,0.02,0.01710132535,5,5,20,0.9862601107,59,4,0.06779661017,58,4,0.06896551724
sens1_no_Pm_Tc,Y2:P_H_fixed,random_r0,100,0.02,0.01674340728,1,1,20,0.9980616924,60,9,0.15,34,5,0.1470588235
sens1_no_Pm_Tc,Y2:P_H_fixed,random_r0,101,0.02,0.01674340728,1,1,19,0.9998957899,60,6,0.1,34,2,0.05882352941
sens1_no_Pm_Tc,Y2:P_H_fixed,random_r0,102,0.02,0.01674340728,6,2,19,0.9955189662,59,3,0.05084745763,33,1,0.0303030303
sens1_no_Pm_Tc,Y2:P_H_fixed,random_r1,100,0.02,0.016985138,4,2,21,0.9904016913,60,13,0.2166666667,46,11,0.2391304348
sens1_no_Pm_Tc,Y2:P_H_fixed,random_r1,101,0.02,0.016985138,2,2,26,0.9961945032,59,14,0.2372881356,45,11,0.2444444444
sens1_no_Pm_Tc,Y2:P_H_fixed,random_r1,102,0.02,0.016985138,12,4,26,0.976205074,60,11,0.1833333333,46,9,0.1956521739
sens1_no_Pm_Tc,Y2:P_H_fixed,random_r2,100,0.02,0.01683501684,12,4,28,0.9902242246,60,14,0.2333333333,54,14,0.2592592593
sens1_no_Pm_Tc,Y2:P_H_fixed,random_r2,101,0.02,0.01683501684,6,2,26,0.9914606035,60,14,0.2333333333,54,13,0.2407407407
sens1_no_Pm_Tc,Y2:P_H_fixed,random_r2,102,0.02,0.01683501684,1,1,19,0.9985645432,59,11,0.186440678,53,11,0.2075471698
sens1_no_Pm_Tc,Y2:P_H_fixed,random_r3,100,0.02,0.0169707255,11,4,17,0.9857203211,60,7,0.1166666667,36,2,0.05555555556
sens1_no_Pm_Tc,Y2:P_H_fixed,random_r3,101,0.02,0.0169707255,11,1,24,0.9929446557,60,14,0.2333333333,36,9,0.25
sens1_no_Pm_Tc,Y2:P_H_fixed,random_r3,102,0.02,0.0169707255,20,3,20,0.9877059569,60,8,0.1333333333,36,2,0.05555555556
sens1_no_Pm_Tc,Y2:P_H_fixed,random_r4,100,0.02,0.01690617075,2,1,30,0.9973063973,60,14,0.2333333333,44,9,0.2045454545
sens1_no_Pm_Tc,Y2:P_H_fixed,random_r4,101,0.02,0.01690617075,13,2,24,0.9884469697,59,8,0.1355932203,43,6,0.1395348837
sens1_no_Pm_Tc,Y2:P_H_fixed,random_r4,102,0.02,0.01690617075,1,1,29,0.9965803872,60,12,0.2,44,7,0.1590909091
sens1_no_Pm_Tc,Y2:P_H_fixed,random_r5,100,0.02,0.01694915254,2,2,16,0.9970147679,60,5,0.08333333333,37,3,0.08108108108
sens1_no_Pm_Tc,Y2:P_H_fixed,random_r5,101,0.02,0.01694915254,12,8,19,0.9776793249,60,6,0.1,37,4,0.1081081081
sens1_no_Pm_Tc,Y2:P_H_fixed,random_r5,102,0.02,0.01694915254,5,3,29,0.9905274262,60,11,0.1833333333,37,7,0.1891891892
sens1_no_Pm_Tc,Y2:P_H_fixed,random_r6,100,0.02,0.01703577513,3,3,20,0.9957697201,58,11,0.1896551724,47,6,0.1276595745
sens1_no_Pm_Tc,Y2:P_H_fixed,random_r6,101,0.02,0.01703577513,4,4,16,0.9953244275,59,6,0.1016949153,48,5,0.1041666667
sens1_no_Pm_Tc,Y2:P_H_fixed,random_r6,102,0.02,0.01703577513,2,1,18,0.9982506361,58,8,0.1379310345,47,7,0.1489361702
sens1_no_Pm_Tc,Y2:P_H_fixed,random_r7,100,0.02,0.01699957501,37,2,15,0.9756347863,60,3,0.05,41,0,0
sens1_no_Pm_Tc,Y2:P_H_fixed,random_r7,101,0.02,0.01699957501,4,3,19,0.9957046128,60,8,0.1333333333,41,6,0.1463414634
sens1_no_Pm_Tc,Y2:P_H_fixed,random_r7,102,0.02,0.01699957501,7,3,19,0.9886267457,60,10,0.1666666667,41,6,0.1463414634
sens1_no_Pm_Tc,Y2:P_H_fixed,random_r8,100,0.02,0.01689902831,7,7,16,0.9912494741,60,8,0.1333333333,49,6,0.1224489796
sens1_no_Pm_Tc,Y2:P_H_fixed,random_r8,101,0.02,0.01689902831,5,5,12,0.9991375684,60,6,0.1,49,4,0.08163265306
sens1_no_Pm_Tc,Y2:P_H_fixed,random_r8,102,0.02,0.01689902831,2,2,16,0.9979701304,60,8,0.1333333333,49,7,0.1428571429
sens1_no_Pm_Tc,Y2:P_H_fixed,random_r9,100,0.02,0.016985138,3,2,21,0.9951057082,60,7,0.1166666667,43,5,0.1162790698
sens1_no_Pm_Tc,Y2:P_H_fixed,random_r9,101,0.02,0.016985138,27,16,19,0.9828858351,59,2,0.03389830508,42,1,0.02380952381
sens1_no_Pm_Tc,Y2:P_H_fixed,random_r9,102,0.02,0.016985138,1,1,21,0.9984460888,59,8,0.1355932203,42,7,0.1666666667
sens1_no_Pm_Tc,Y2:P_H_fixed,chemsys_r0,100,0.05,0.01710132535,24,2,22,0.9770114943,59,9,0.1525423729,61,9,0.1475409836
sens1_no_Pm_Tc,Y2:P_H_fixed,chemsys_r0,101,0.05,0.01710132535,4,3,27,0.9939016603,59,13,0.2203389831,61,13,0.2131147541
sens1_no_Pm_Tc,Y2:P_H_fixed,chemsys_r0,102,0.05,0.01710132535,1,1,22,0.9997020009,58,17,0.2931034483,60,17,0.2833333333
sens1_no_Pm_Tc,Y2:P_H_fixed,chemsys_r1,100,0.05,0.01687763713,25,16,20,0.9439810924,60,7,0.1166666667,51,5,0.09803921569
sens1_no_Pm_Tc,Y2:P_H_fixed,chemsys_r1,101,0.05,0.01687763713,10,1,25,0.9941176471,60,12,0.2,51,9,0.1764705882
sens1_no_Pm_Tc,Y2:P_H_fixed,chemsys_r1,102,0.05,0.01687763713,5,1,20,0.9945483193,60,9,0.15,51,7,0.137254902
sens1_no_Pm_Tc,Y2:P_H_fixed,chemsys_r2,100,0.05,0.01696352841,2,2,16,0.9997782939,59,7,0.1186440678,63,7,0.1111111111
sens1_no_Pm_Tc,Y2:P_H_fixed,chemsys_r2,101,0.05,0.01696352841,21,17,12,0.9736064189,60,3,0.05,64,3,0.046875
sens1_no_Pm_Tc,Y2:P_H_fixed,chemsys_r2,102,0.05,0.01696352841,4,2,24,0.996558277,59,12,0.2033898305,63,12,0.1904761905
sens1_no_Pm_Tc,Y2:P_H_fixed,chemsys_r3,100,0.05,0.01695633743,1,1,21,0.9996834107,60,10,0.1666666667,54,9,0.1666666667
sens1_no_Pm_Tc,Y2:P_H_fixed,chemsys_r3,101,0.05,0.01695633743,2,2,17,0.9967074715,60,11,0.1833333333,54,10,0.1851851852
sens1_no_Pm_Tc,Y2:P_H_fixed,chemsys_r3,102,0.05,0.01695633743,9,3,20,0.9952089489,60,7,0.1166666667,54,6,0.1111111111
sens1_no_Pm_Tc,Y2:P_H_fixed,chemsys_r4,100,0.05,0.01678556441,10,1,23,0.9954137066,60,4,0.06666666667,46,3,0.0652173913
sens1_no_Pm_Tc,Y2:P_H_fixed,chemsys_r4,101,0.05,0.01678556441,5,5,21,0.9839218554,60,4,0.06666666667,46,4,0.08695652174
sens1_no_Pm_Tc,Y2:P_H_fixed,chemsys_r4,102,0.05,0.01678556441,5,1,21,0.9984642708,59,5,0.08474576271,45,4,0.08888888889
sens1_no_Pm_Tc,Y2:P_H_fixed,chemsys_r5,100,0.05,0.01677852349,18,12,16,0.9657894737,60,5,0.08333333333,57,4,0.0701754386
sens1_no_Pm_Tc,Y2:P_H_fixed,chemsys_r5,101,0.05,0.01677852349,7,2,23,0.9936925647,60,7,0.1166666667,57,6,0.1052631579
sens1_no_Pm_Tc,Y2:P_H_fixed,chemsys_r5,102,0.05,0.01677852349,2,1,15,0.9998746867,60,9,0.15,57,8,0.1403508772
sens1_no_Pm_Tc,Y2:P_H_fixed,chemsys_r6,100,0.05,0.01685630004,2,1,27,0.9972093999,60,10,0.1666666667,52,9,0.1730769231
sens1_no_Pm_Tc,Y2:P_H_fixed,chemsys_r6,101,0.05,0.01685630004,10,4,24,0.9878094838,60,8,0.1333333333,52,8,0.1538461538
sens1_no_Pm_Tc,Y2:P_H_fixed,chemsys_r6,102,0.05,0.01685630004,2,1,29,0.9974297104,60,10,0.1666666667,52,10,0.1923076923
sens1_no_Pm_Tc,Y2:P_H_fixed,chemsys_r7,100,0.05,0.01727115717,1,1,25,0.9990971625,58,10,0.1724137931,48,9,0.1875
sens1_no_Pm_Tc,Y2:P_H_fixed,chemsys_r7,101,0.05,0.01727115717,13,9,19,0.9839101462,59,8,0.1355932203,49,7,0.1428571429
sens1_no_Pm_Tc,Y2:P_H_fixed,chemsys_r7,102,0.05,0.01727115717,25,1,24,0.9865434222,58,10,0.1724137931,48,7,0.1458333333
sens1_no_Pm_Tc,Y2:P_H_fixed,chemsys_r8,100,0.05,0.01685630004,4,2,27,0.9942299622,60,15,0.25,39,9,0.2307692308
sens1_no_Pm_Tc,Y2:P_H_fixed,chemsys_r8,101,0.05,0.01685630004,4,1,19,0.9994544692,59,9,0.1525423729,38,6,0.1578947368
sens1_no_Pm_Tc,Y2:P_H_fixed,chemsys_r8,102,0.05,0.01685630004,18,6,20,0.9856168695,60,12,0.2,39,7,0.1794871795
sens1_no_Pm_Tc,Y2:P_H_fixed,chemsys_r9,100,0.05,0.01710132535,12,7,24,0.9752660707,59,5,0.08474576271,58,5,0.08620689655
sens1_no_Pm_Tc,Y2:P_H_fixed,chemsys_r9,101,0.05,0.01710132535,4,1,21,0.9968390805,59,9,0.1525423729,58,9,0.1551724138
sens1_no_Pm_Tc,Y2:P_H_fixed,chemsys_r9,102,0.05,0.01710132535,4,4,24,0.9867177522,59,7,0.1186440678,58,7,0.1206896552
sens1_no_Pm_Tc,Y2:P_H_fixed,random_r0,100,0.05,0.01674340728,1,1,21,0.9990412672,60,7,0.1166666667,34,3,0.08823529412
sens1_no_Pm_Tc,Y2:P_H_fixed,random_r0,101,0.05,0.01674340728,1,1,24,0.9982284285,60,10,0.1666666667,34,4,0.1176470588
sens1_no_Pm_Tc,Y2:P_H_fixed,random_r0,102,0.05,0.01674340728,7,1,22,0.9965089621,59,5,0.08474576271,33,3,0.09090909091
sens1_no_Pm_Tc,Y2:P_H_fixed,random_r1,100,0.05,0.016985138,19,2,32,0.9861099366,60,10,0.1666666667,46,6,0.1304347826
sens1_no_Pm_Tc,Y2:P_H_fixed,random_r1,101,0.05,0.016985138,19,1,32,0.9910782241,59,9,0.1525423729,45,5,0.1111111111
sens1_no_Pm_Tc,Y2:P_H_fixed,random_r1,102,0.05,0.016985138,14,6,24,0.9762367865,60,8,0.1333333333,46,6,0.1304347826
sens1_no_Pm_Tc,Y2:P_H_fixed,random_r2,100,0.05,0.01683501684,8,8,23,0.9820410729,60,13,0.2166666667,54,12,0.2222222222
sens1_no_Pm_Tc,Y2:P_H_fixed,random_r2,101,0.05,0.01683501684,6,2,28,0.9945201174,60,11,0.1833333333,54,11,0.2037037037
sens1_no_Pm_Tc,Y2:P_H_fixed,random_r2,102,0.05,0.01683501684,1,1,19,0.9985645432,59,11,0.186440678,53,11,0.2075471698
sens1_no_Pm_Tc,Y2:P_H_fixed,random_r3,100,0.05,0.0169707255,8,3,18,0.9911491339,60,8,0.1333333333,36,3,0.08333333333
sens1_no_Pm_Tc,Y2:P_H_fixed,random_r3,101,0.05,0.0169707255,14,1,30,0.9897127165,60,15,0.25,36,11,0.3055555556
sens1_no_Pm_Tc,Y2:P_H_fixed,random_r3,102,0.05,0.0169707255,11,3,21,0.9932826362,60,8,0.1333333333,36,3,0.08333333333
sens1_no_Pm_Tc,Y2:P_H_fixed,random_r4,100,0.05,0.01690617075,2,1,31,0.9974431818,60,13,0.2166666667,44,8,0.1818181818
sens1_no_Pm_Tc,Y2:P_H_fixed,random_r4,101,0.05,0.01690617075,13,2,25,0.9887415825,59,7,0.1186440678,43,5,0.1162790698
sens1_no_Pm_Tc,Y2:P_H_fixed,random_r4,102,0.05,0.01690617075,1,1,27,0.9971275253,60,13,0.2166666667,44,9,0.2045454545
sens1_no_Pm_Tc,Y2:P_H_fixed,random_r5,100,0.05,0.01694915254,3,3,21,0.9948523207,60,5,0.08333333333,37,3,0.08108108108
sens1_no_Pm_Tc,Y2:P_H_fixed,random_r5,101,0.05,0.01694915254,13,8,21,0.9814767932,60,5,0.08333333333,37,3,0.08108108108
sens1_no_Pm_Tc,Y2:P_H_fixed,random_r5,102,0.05,0.01694915254,3,1,21,0.9981962025,60,5,0.08333333333,37,3,0.08108108108
sens1_no_Pm_Tc,Y2:P_H_fixed,random_r6,100,0.05,0.01703577513,2,2,18,0.9988337574,58,9,0.1551724138,47,7,0.1489361702
sens1_no_Pm_Tc,Y2:P_H_fixed,random_r6,101,0.05,0.01703577513,4,4,17,0.9953032231,59,7,0.1186440678,48,6,0.125
sens1_no_Pm_Tc,Y2:P_H_fixed,random_r6,102,0.05,0.01703577513,2,1,28,0.9965754877,58,11,0.1896551724,47,6,0.1276595745
sens1_no_Pm_Tc,Y2:P_H_fixed,random_r7,100,0.05,0.01699957501,41,2,9,0.9705776555,60,1,0.01666666667,41,0,0
sens1_no_Pm_Tc,Y2:P_H_fixed,random_r7,101,0.05,0.01699957501,4,3,16,0.9957998307,60,7,0.1166666667,41,4,0.09756097561
sens1_no_Pm_Tc,Y2:P_H_fixed,random_r7,102,0.05,0.01699957501,6,3,30,0.9868176047,60,7,0.1166666667,41,4,0.09756097561
sens1_no_Pm_Tc,Y2:P_H_fixed,random_r8,100,0.05,0.01689902831,6,5,21,0.9920908708,60,6,0.1,49,5,0.1020408163
sens1_no_Pm_Tc,Y2:P_H_fixed,random_r8,101,0.05,0.01689902831,4,4,11,0.9993374001,60,6,0.1,49,4,0.08163265306
sens1_no_Pm_Tc,Y2:P_H_fixed,random_r8,102,0.05,0.01689902831,2,2,16,0.9979280606,60,8,0.1333333333,49,7,0.1428571429
sens1_no_Pm_Tc,Y2:P_H_fixed,random_r9,100,0.05,0.016985138,4,3,13,0.9932980973,60,5,0.08333333333,43,5,0.1162790698
sens1_no_Pm_Tc,Y2:P_H_fixed,random_r9,101,0.05,0.016985138,7,1,18,0.9956976744,59,5,0.08474576271,42,3,0.07142857143
sens1_no_Pm_Tc,Y2:P_H_fixed,random_r9,102,0.05,0.016985138,1,1,23,0.9982452431,59,7,0.1186440678,42,7,0.1666666667
sens1_no_Pm_Tc,Y2:P_H_fixed,chemsys_r0,100,0.1,0.01710132535,6,2,27,0.9935717327,59,13,0.2203389831,61,13,0.2131147541
sens1_no_Pm_Tc,Y2:P_H_fixed,chemsys_r0,101,0.1,0.01710132535,10,6,29,0.984397616,59,9,0.1525423729,61,11,0.1803278689
sens1_no_Pm_Tc,Y2:P_H_fixed,chemsys_r0,102,0.1,0.01710132535,2,1,24,0.9995530013,58,18,0.3103448276,60,18,0.3
sens1_no_Pm_Tc,Y2:P_H_fixed,chemsys_r1,100,0.1,0.01687763713,25,13,21,0.9555777311,60,3,0.05,51,2,0.03921568627
sens1_no_Pm_Tc,Y2:P_H_fixed,chemsys_r1,101,0.1,0.01687763713,16,1,30,0.9909243697,60,9,0.15,51,7,0.137254902
sens1_no_Pm_Tc,Y2:P_H_fixed,chemsys_r1,102,0.1,0.01687763713,5,1,22,0.9945063025,60,11,0.1833333333,51,7,0.137254902
sens1_no_Pm_Tc,Y2:P_H_fixed,chemsys_r2,100,0.1,0.01696352841,2,2,16,0.999609375,59,6,0.1016949153,63,6,0.09523809524
sens1_no_Pm_Tc,Y2:P_H_fixed,chemsys_r2,101,0.1,0.01696352841,21,20,14,0.9722550676,60,4,0.06666666667,64,4,0.0625
sens1_no_Pm_Tc,Y2:P_H_fixed,chemsys_r2,102,0.1,0.01696352841,26,2,26,0.9909311655,59,11,0.186440678,63,12,0.1904761905
sens1_no_Pm_Tc,Y2:P_H_fixed,chemsys_r3,100,0.1,0.01695633743,1,1,18,0.9996306458,60,10,0.1666666667,54,8,0.1481481481
sens1_no_Pm_Tc,Y2:P_H_fixed,chemsys_r3,101,0.1,0.01695633743,18,3,23,0.9909138877,60,6,0.1,54,5,0.09259259259
sens1_no_Pm_Tc,Y2:P_H_fixed,chemsys_r3,102,0.1,0.01695633743,9,3,22,0.9946074293,60,8,0.1333333333,54,6,0.1111111111
sens1_no_Pm_Tc,Y2:P_H_fixed,chemsys_r4,100,0.1,0.01678556441,6,1,23,0.9968031759,60,4,0.06666666667,46,4,0.08695652174
sens1_no_Pm_Tc,Y2:P_H_fixed,chemsys_r4,101,0.1,0.01678556441,6,6,22,0.9761909737,60,3,0.05,46,3,0.0652173913
sens1_no_Pm_Tc,Y2:P_H_fixed,chemsys_r4,102,0.1,0.01678556441,5,1,24,0.9980463853,59,4,0.06779661017,45,3,0.06666666667
sens1_no_Pm_Tc,Y2:P_H_fixed,chemsys_r5,100,0.1,0.01677852349,15,10,13,0.9716687552,60,4,0.06666666667,57,3,0.05263157895
sens1_no_Pm_Tc,Y2:P_H_fixed,chemsys_r5,101,0.1,0.01677852349,11,3,22,0.9916144528,60,8,0.1333333333,57,7,0.1228070175
sens1_no_Pm_Tc,Y2:P_H_fixed,chemsys_r5,102,0.1,0.01677852349,4,1,15,0.9998433584,60,8,0.1333333333,57,7,0.1228070175
sens1_no_Pm_Tc,Y2:P_H_fixed,chemsys_r6,100,0.1,0.01685630004,1,1,28,0.9975660932,60,11,0.1833333333,52,10,0.1923076923
sens1_no_Pm_Tc,Y2:P_H_fixed,chemsys_r6,101,0.1,0.01685630004,11,2,25,0.9903483005,60,5,0.08333333333,52,5,0.09615384615
sens1_no_Pm_Tc,Y2:P_H_fixed,chemsys_r6,102,0.1,0.01685630004,2,1,27,0.9974821653,60,10,0.1666666667,52,10,0.1923076923
sens1_no_Pm_Tc,Y2:P_H_fixed,chemsys_r7,100,0.1,0.01727115717,1,1,26,0.9990971625,58,11,0.1896551724,48,10,0.2083333333
sens1_no_Pm_Tc,Y2:P_H_fixed,chemsys_r7,101,0.1,0.01727115717,41,6,12,0.9752257094,59,1,0.01694915254,49,1,0.02040816327
sens1_no_Pm_Tc,Y2:P_H_fixed,chemsys_r7,102,0.1,0.01727115717,5,1,23,0.9966895959,58,11,0.1896551724,48,10,0.2083333333
sens1_no_Pm_Tc,Y2:P_H_fixed,chemsys_r8,100,0.1,0.01685630004,5,2,27,0.9958036089,60,10,0.1666666667,39,6,0.1538461538
sens1_no_Pm_Tc,Y2:P_H_fixed,chemsys_r8,101,0.1,0.01685630004,6,1,25,0.9994125052,59,10,0.1694915254,38,7,0.1842105263
sens1_no_Pm_Tc,Y2:P_H_fixed,chemsys_r8,102,0.1,0.01685630004,11,1,24,0.9887117079,60,7,0.1166666667,39,5,0.1282051282
sens1_no_Pm_Tc,Y2:P_H_fixed,chemsys_r9,100,0.1,0.01710132535,13,7,27,0.9747339293,59,5,0.08474576271,58,5,0.08620689655
sens1_no_Pm_Tc,Y2:P_H_fixed,chemsys_r9,101,0.1,0.01710132535,3,1,21,0.9972541507,59,6,0.1016949153,58,6,0.1034482759
sens1_no_Pm_Tc,Y2:P_H_fixed,chemsys_r9,102,0.1,0.01710132535,6,3,25,0.9898148148,59,5,0.08474576271,58,5,0.08620689655
sens1_no_Pm_Tc,Y2:P_H_fixed,random_r0,100,0.1,0.01674340728,1,1,24,0.9987599,60,8,0.1333333333,34,3,0.08823529412
sens1_no_Pm_Tc,Y2:P_H_fixed,random_r0,101,0.1,0.01674340728,1,1,23,0.9985097957,60,7,0.1166666667,34,1,0.02941176471
sens1_no_Pm_Tc,Y2:P_H_fixed,random_r0,102,0.1,0.01674340728,3,1,19,0.9979262193,59,6,0.1016949153,33,3,0.09090909091
sens1_no_Pm_Tc,Y2:P_H_fixed,random_r1,100,0.1,0.016985138,17,5,31,0.9838689218,60,10,0.1666666667,46,7,0.152173913
sens1_no_Pm_Tc,Y2:P_H_fixed,random_r1,101,0.1,0.016985138,14,1,28,0.9945137421,59,10,0.1694915254,45,8,0.1777777778
sens1_no_Pm_Tc,Y2:P_H_fixed,random_r1,102,0.1,0.016985138,14,2,23,0.9863002114,60,10,0.1666666667,46,8,0.1739130435
sens1_no_Pm_Tc,Y2:P_H_fixed,random_r2,100,0.1,0.01683501684,8,6,27,0.9884953898,60,11,0.1833333333,54,10,0.1851851852
sens1_no_Pm_Tc,Y2:P_H_fixed,random_r2,101,0.1,0.01683501684,6,3,27,0.9918273261,60,11,0.1833333333,54,10,0.1851851852
sens1_no_Pm_Tc,Y2:P_H_fixed,random_r2,102,0.1,0.01683501684,1,1,20,0.9979149204,59,11,0.186440678,53,10,0.1886792453
sens1_no_Pm_Tc,Y2:P_H_fixed,random_r3,100,0.1,0.0169707255,6,2,18,0.9950675961,60,8,0.1333333333,36,2,0.05555555556
sens1_no_Pm_Tc,Y2:P_H_fixed,random_r3,101,0.1,0.0169707255,9,1,28,0.9914765526,60,10,0.1666666667,36,3,0.08333333333
sens1_no_Pm_Tc,Y2:P_H_fixed,random_r3,102,0.1,0.0169707255,8,3,19,0.9950992818,60,9,0.15,36,3,0.08333333333
sens1_no_Pm_Tc,Y2:P_H_fixed,random_r4,100,0.1,0.01690617075,1,1,28,0.9966540404,60,12,0.2,44,6,0.1363636364
sens1_no_Pm_Tc,Y2:P_H_fixed,random_r4,101,0.1,0.01690617075,18,2,26,0.9907617845,59,5,0.08474576271,43,4,0.09302325581
sens1_no_Pm_Tc,Y2:P_H_fixed,random_r4,102,0.1,0.01690617075,1,1,26,0.9974747475,60,12,0.2,44,8,0.1818181818
sens1_no_Pm_Tc,Y2:P_H_fixed,random_r5,100,0.1,0.01694915254,3,1,18,0.996350211,60,5,0.08333333333,37,4,0.1081081081
sens1_no_Pm_Tc,Y2:P_H_fixed,random_r5,101,0.1,0.01694915254,8,2,24,0.9889873418,60,4,0.06666666667,37,2,0.05405405405
sens1_no_Pm_Tc,Y2:P_H_fixed,random_r5,102,0.1,0.01694915254,3,1,23,0.9977320675,60,5,0.08333333333,37,3,0.08108108108
sens1_no_Pm_Tc,Y2:P_H_fixed,random_r6,100,0.1,0.01703577513,2,2,26,0.9982824427,58,8,0.1379310345,47,5,0.1063829787
sens1_no_Pm_Tc,Y2:P_H_fixed,random_r6,101,0.1,0.01703577513,3,3,18,0.9966603053,59,8,0.1355932203,48,7,0.1458333333
sens1_no_Pm_Tc,Y2:P_H_fixed,random_r6,102,0.1,0.01703577513,1,1,21,0.9992366412,58,6,0.1034482759,47,4,0.08510638298
sens1_no_Pm_Tc,Y2:P_H_fixed,random_r7,100,0.1,0.01699957501,25,2,19,0.9800994499,60,1,0.01666666667,41,0,0
sens1_no_Pm_Tc,Y2:P_H_fixed,random_r7,101,0.1,0.01699957501,6,5,15,0.9929115531,60,6,0.1,41,4,0.09756097561
sens1_no_Pm_Tc,Y2:P_H_fixed,random_r7,102,0.1,0.01699957501,6,3,28,0.9856538299,60,6,0.1,41,3,0.07317073171
sens1_no_Pm_Tc,Y2:P_H_fixed,random_r8,100,0.1,0.01689902831,6,4,22,0.9934896929,60,11,0.1833333333,49,10,0.2040816327
sens1_no_Pm_Tc,Y2:P_H_fixed,random_r8,101,0.1,0.01689902831,5,5,18,0.9989903239,60,11,0.1833333333,49,9,0.1836734694
sens1_no_Pm_Tc,Y2:P_H_fixed,random_r8,102,0.1,0.01689902831,2,2,20,0.9978018511,60,11,0.1833333333,49,9,0.1836734694
sens1_no_Pm_Tc,Y2:P_H_fixed,random_r9,100,0.1,0.016985138,5,2,23,0.9938266385,60,6,0.1,43,6,0.1395348837
sens1_no_Pm_Tc,Y2:P_H_fixed,random_r9,101,0.1,0.016985138,10,3,20,0.9940063425,59,7,0.1186440678,42,5,0.119047619
sens1_no_Pm_Tc,Y2:P_H_fixed,random_r9,102,0.1,0.016985138,1,1,21,0.9986680761,59,7,0.1186440678,42,6,0.1428571429
sens1_no_Pm_Tc,Y2:P_H_fixed,chemsys_r0,100,0.25,0.01710132535,7,4,27,0.9845146871,59,9,0.1525423729,61,10,0.1639344262
sens1_no_Pm_Tc,Y2:P_H_fixed,chemsys_r0,101,0.25,0.01710132535,4,2,27,0.9945721584,59,11,0.186440678,61,12,0.1967213115
sens1_no_Pm_Tc,Y2:P_H_fixed,chemsys_r0,102,0.25,0.01710132535,2,1,25,0.9989463602,58,14,0.2413793103,60,15,0.25
sens1_no_Pm_Tc,Y2:P_H_fixed,chemsys_r1,100,0.25,0.01687763713,3,2,23,0.9950210084,60,9,0.15,51,6,0.1176470588
sens1_no_Pm_Tc,Y2:P_H_fixed,chemsys_r1,101,0.25,0.01687763713,15,1,29,0.9916386555,60,6,0.1,51,4,0.07843137255
sens1_no_Pm_Tc,Y2:P_H_fixed,chemsys_r1,102,0.25,0.01687763713,5,1,20,0.9943592437,60,9,0.15,51,6,0.1176470588
sens1_no_Pm_Tc,Y2:P_H_fixed,chemsys_r2,100,0.25,0.01696352841,2,2,19,0.9995671453,59,7,0.1186440678,63,7,0.1111111111
sens1_no_Pm_Tc,Y2:P_H_fixed,chemsys_r2,101,0.25,0.01696352841,13,13,14,0.9822740709,60,3,0.05,64,3,0.046875
sens1_no_Pm_Tc,Y2:P_H_fixed,chemsys_r2,102,0.25,0.01696352841,12,2,26,0.9951752534,59,7,0.1186440678,63,7,0.1111111111
sens1_no_Pm_Tc,Y2:P_H_fixed,chemsys_r3,100,0.25,0.01695633743,3,3,24,0.9964436471,60,9,0.15,54,7,0.1296296296
sens1_no_Pm_Tc,Y2:P_H_fixed,chemsys_r3,101,0.25,0.01695633743,22,2,22,0.9908505699,60,6,0.1,54,5,0.09259259259
sens1_no_Pm_Tc,Y2:P_H_fixed,chemsys_r3,102,0.25,0.01695633743,14,3,25,0.9935415787,60,8,0.1333333333,54,7,0.1296296296
sens1_no_Pm_Tc,Y2:P_H_fixed,chemsys_r4,100,0.25,0.01678556441,15,2,25,0.9877141663,60,2,0.03333333333,46,2,0.04347826087
sens1_no_Pm_Tc,Y2:P_H_fixed,chemsys_r4,101,0.25,0.01678556441,4,4,23,0.9865231926,60,4,0.06666666667,46,3,0.0652173913
sens1_no_Pm_Tc,Y2:P_H_fixed,chemsys_r4,102,0.25,0.01678556441,5,1,23,0.9981195153,59,3,0.05084745763,45,2,0.04444444444
sens1_no_Pm_Tc,Y2:P_H_fixed,chemsys_r5,100,0.25,0.01677852349,26,17,16,0.95410401,60,4,0.06666666667,57,3,0.05263157895
sens1_no_Pm_Tc,Y2:P_H_fixed,chemsys_r5,101,0.25,0.01677852349,5,2,24,0.9963241437,60,11,0.1833333333,57,10,0.1754385965
sens1_no_Pm_Tc,Y2:P_H_fixed,chemsys_r5,102,0.25,0.01677852349,4,1,18,0.9998224728,60,11,0.1833333333,57,10,0.1754385965
sens1_no_Pm_Tc,Y2:P_H_fixed,chemsys_r6,100,0.25,0.01685630004,1,1,28,0.9982375157,60,11,0.1833333333,52,11,0.2115384615
sens1_no_Pm_Tc,Y2:P_H_fixed,chemsys_r6,101,0.25,0.01685630004,15,2,23,0.9861938733,60,4,0.06666666667,52,4,0.07692307692
sens1_no_Pm_Tc,Y2:P_H_fixed,chemsys_r6,102,0.25,0.01685630004,2,1,26,0.9972933277,60,9,0.15,52,9,0.1730769231
sens1_no_Pm_Tc,Y2:P_H_fixed,chemsys_r7,100,0.25,0.01727115717,1,1,27,0.9984415305,58,10,0.1724137931,48,9,0.1875
sens1_no_Pm_Tc,Y2:P_H_fixed,chemsys_r7,101,0.25,0.01727115717,13,4,24,0.9884028375,59,9,0.1525423729,49,8,0.1632653061
sens1_no_Pm_Tc,Y2:P_H_fixed,chemsys_r7,102,0.25,0.01727115717,6,2,27,0.9939918315,58,9,0.1551724138,48,7,0.1458333333
sens1_no_Pm_Tc,Y2:P_H_fixed,chemsys_r8,100,0.25,0.01685630004,19,2,28,0.992446496,60,9,0.15,39,4,0.1025641026
sens1_no_Pm_Tc,Y2:P_H_fixed,chemsys_r8,101,0.25,0.01685630004,7,1,21,0.9994020143,59,7,0.1186440678,38,4,0.1052631579
sens1_no_Pm_Tc,Y2:P_H_fixed,chemsys_r8,102,0.25,0.01685630004,29,4,21,0.9820079731,60,0,0,39,0,0
sens1_no_Pm_Tc,Y2:P_H_fixed,chemsys_r9,100,0.25,0.01710132535,16,5,27,0.9763090677,59,2,0.03389830508,58,2,0.03448275862
sens1_no_Pm_Tc,Y2:P_H_fixed,chemsys_r9,101,0.25,0.01710132535,5,1,26,0.9961047254,59,7,0.1186440678,58,7,0.1206896552
sens1_no_Pm_Tc,Y2:P_H_fixed,chemsys_r9,102,0.25,0.01710132535,5,1,25,0.9952213708,59,6,0.1016949153,58,6,0.1034482759
sens1_no_Pm_Tc,Y2:P_H_fixed,random_r0,100,0.25,0.01674340728,2,1,24,0.9987286369,60,7,0.1166666667,34,4,0.1176470588
sens1_no_Pm_Tc,Y2:P_H_fixed,random_r0,101,0.25,0.01674340728,2,2,25,0.9974572739,60,8,0.1333333333,34,3,0.08823529412
sens1_no_Pm_Tc,Y2:P_H_fixed,random_r0,102,0.25,0.01674340728,3,1,25,0.9973843268,59,7,0.1186440678,33,4,0.1212121212
sens1_no_Pm_Tc,Y2:P_H_fixed,random_r1,100,0.25,0.016985138,9,4,29,0.9863107822,60,9,0.15,46,6,0.1304347826
sens1_no_Pm_Tc,Y2:P_H_fixed,random_r1,101,0.25,0.016985138,2,2,24,0.997769556,59,8,0.1355932203,45,6,0.1333333333
sens1_no_Pm_Tc,Y2:P_H_fixed,random_r1,102,0.25,0.016985138,10,2,28,0.9894291755,60,9,0.15,46,6,0.1304347826
sens1_no_Pm_Tc,Y2:P_H_fixed,random_r2,100,0.25,0.01683501684,4,4,22,0.9902766136,60,7,0.1166666667,54,7,0.1296296296
sens1_no_Pm_Tc,Y2:P_H_fixed,random_r2,101,0.25,0.01683501684,3,2,25,0.9949601844,60,10,0.1666666667,54,10,0.1851851852
sens1_no_Pm_Tc,Y2:P_H_fixed,random_r2,102,0.25,0.01683501684,1,1,21,0.9970033529,59,8,0.1355932203,53,8,0.1509433962
sens1_no_Pm_Tc,Y2:P_H_fixed,random_r3,100,0.25,0.0169707255,12,2,21,0.9906316012,60,9,0.15,36,3,0.08333333333
sens1_no_Pm_Tc,Y2:P_H_fixed,random_r3,101,0.25,0.0169707255,9,1,30,0.991730038,60,11,0.1833333333,36,2,0.05555555556
sens1_no_Pm_Tc,Y2:P_H_fixed,random_r3,102,0.25,0.0169707255,9,7,19,0.9943493874,60,9,0.15,36,2,0.05555555556
sens1_no_Pm_Tc,Y2:P_H_fixed,random_r4,100,0.25,0.01690617075,1,1,30,0.9977167508,60,9,0.15,44,5,0.1136363636
sens1_no_Pm_Tc,Y2:P_H_fixed,random_r4,101,0.25,0.01690617075,12,2,29,0.9926662458,59,5,0.08474576271,43,2,0.04651162791
sens1_no_Pm_Tc,Y2:P_H_fixed,random_r4,102,0.25,0.01690617075,1,1,30,0.9975378788,60,8,0.1333333333,44,5,0.1136363636
sens1_no_Pm_Tc,Y2:P_H_fixed,random_r5,100,0.25,0.01694915254,2,2,20,0.9968776371,60,7,0.1166666667,37,5,0.1351351351
sens1_no_Pm_Tc,Y2:P_H_fixed,random_r5,101,0.25,0.01694915254,12,3,23,0.9869620253,60,6,0.1,37,4,0.1081081081
sens1_no_Pm_Tc,Y2:P_H_fixed,random_r5,102,0.25,0.01694915254,2,1,20,0.9983860759,60,7,0.1166666667,37,5,0.1351351351
sens1_no_Pm_Tc,Y2:P_H_fixed,random_r6,100,0.25,0.01703577513,2,2,24,0.9976887193,58,5,0.08620689655,47,3,0.06382978723
sens1_no_Pm_Tc,Y2:P_H_fixed,random_r6,101,0.25,0.01703577513,3,3,19,0.9964694656,59,8,0.1355932203,48,6,0.125
sens1_no_Pm_Tc,Y2:P_H_fixed,random_r6,102,0.25,0.01703577513,1,1,20,0.9990033927,58,6,0.1034482759,47,5,0.1063829787
sens1_no_Pm_Tc,Y2:P_H_fixed,random_r7,100,0.25,0.01699957501,14,4,20,0.9879496403,60,7,0.1166666667,41,5,0.1219512195
sens1_no_Pm_Tc,Y2:P_H_fixed,random_r7,101,0.25,0.01699957501,6,5,17,0.9928798138,60,7,0.1166666667,41,5,0.1219512195
sens1_no_Pm_Tc,Y2:P_H_fixed,random_r7,102,0.25,0.01699957501,13,5,27,0.9834003386,60,7,0.1166666667,41,3,0.07317073171
sens1_no_Pm_Tc,Y2:P_H_fixed,random_r8,100,0.25,0.01689902831,11,5,22,0.9878944047,60,8,0.1333333333,49,5,0.1020408163
sens1_no_Pm_Tc,Y2:P_H_fixed,random_r8,101,0.25,0.01689902831,5,3,20,0.9989061843,60,9,0.15,49,7,0.1428571429
sens1_no_Pm_Tc,Y2:P_H_fixed,random_r8,102,0.25,0.01689902831,6,2,22,0.9942574674,60,8,0.1333333333,49,5,0.1020408163
sens1_no_Pm_Tc,Y2:P_H_fixed,random_r9,100,0.25,0.016985138,7,2,26,0.9924735729,60,7,0.1166666667,43,6,0.1395348837
sens1_no_Pm_Tc,Y2:P_H_fixed,random_r9,101,0.25,0.016985138,6,1,28,0.9951585624,59,7,0.1186440678,42,6,0.1428571429
sens1_no_Pm_Tc,Y2:P_H_fixed,random_r9,102,0.25,0.016985138,1,1,25,0.9980549683,59,7,0.1186440678,42,6,0.1428571429
sens1_no_Pm_Tc,Y2:P_H_fixed,chemsys_r0,100,0.5,0.01710132535,8,3,25,0.9850681141,59,5,0.08474576271,61,6,0.09836065574
sens1_no_Pm_Tc,Y2:P_H_fixed,chemsys_r0,101,0.5,0.01710132535,4,2,25,0.9938378033,59,6,0.1016949153,61,7,0.1147540984
sens1_no_Pm_Tc,Y2:P_H_fixed,chemsys_r0,102,0.5,0.01710132535,2,1,24,0.9984780758,58,10,0.1724137931,60,12,0.2
sens1_no_Pm_Tc,Y2:P_H_fixed,chemsys_r1,100,0.5,0.01687763713,10,2,24,0.9915336134,60,10,0.1666666667,51,7,0.137254902
sens1_no_Pm_Tc,Y2:P_H_fixed,chemsys_r1,101,0.5,0.01687763713,8,1,25,0.9955987395,60,9,0.15,51,6,0.1176470588
sens1_no_Pm_Tc,Y2:P_H_fixed,chemsys_r1,102,0.5,0.01687763713,12,1,25,0.9902205882,60,6,0.1,51,4,0.07843137255
sens1_no_Pm_Tc,Y2:P_H_fixed,chemsys_r2,100,0.5,0.01696352841,5,1,16,0.9989442568,59,3,0.05084745763,63,3,0.04761904762
sens1_no_Pm_Tc,Y2:P_H_fixed,chemsys_r2,101,0.5,0.01696352841,41,9,15,0.9769636824,60,0,0,64,0,0
sens1_no_Pm_Tc,Y2:P_H_fixed,chemsys_r2,102,0.5,0.01696352841,19,2,20,0.9947001689,59,4,0.06779661017,63,4,0.06349206349
sens1_no_Pm_Tc,Y2:P_H_fixed,chemsys_r3,100,0.5,0.01695633743,3,3,20,0.9963592233,60,6,0.1,54,4,0.07407407407
sens1_no_Pm_Tc,Y2:P_H_fixed,chemsys_r3,101,0.5,0.01695633743,20,2,21,0.9905128746,60,4,0.06666666667,54,3,0.05555555556
sens1_no_Pm_Tc,Y2:P_H_fixed,chemsys_r3,102,0.5,0.01695633743,22,9,19,0.9889615872,60,3,0.05,54,2,0.03703703704
sens1_no_Pm_Tc,Y2:P_H_fixed,chemsys_r4,100,0.5,0.01678556441,18,2,27,0.9872649394,60,0,0,46,0,0
sens1_no_Pm_Tc,Y2:P_H_fixed,chemsys_r4,101,0.5,0.01678556441,11,2,24,0.9887588801,60,0,0,46,0,0
sens1_no_Pm_Tc,Y2:P_H_fixed,chemsys_r4,102,0.5,0.01678556441,1,1,25,0.9981508567,59,4,0.06779661017,45,3,0.06666666667
sens1_no_Pm_Tc,Y2:P_H_fixed,chemsys_r5,100,0.5,0.01677852349,20,7,22,0.9769736842,60,2,0.03333333333,57,1,0.01754385965
sens1_no_Pm_Tc,Y2:P_H_fixed,chemsys_r5,101,0.5,0.01677852349,8,2,19,0.9954260652,60,6,0.1,57,5,0.08771929825
sens1_no_Pm_Tc,Y2:P_H_fixed,chemsys_r5,102,0.5,0.01677852349,4,1,18,0.999770259,60,7,0.1166666667,57,6,0.1052631579
sens1_no_Pm_Tc,Y2:P_H_fixed,chemsys_r6,100,0.5,0.01685630004,1,1,24,0.9983529165,60,8,0.1333333333,52,8,0.1538461538
sens1_no_Pm_Tc,Y2:P_H_fixed,chemsys_r6,101,0.5,0.01685630004,16,2,21,0.9855224507,60,1,0.01666666667,52,1,0.01923076923
sens1_no_Pm_Tc,Y2:P_H_fixed,chemsys_r6,102,0.5,0.01685630004,1,1,25,0.998583718,60,8,0.1333333333,52,8,0.1538461538
sens1_no_Pm_Tc,Y2:P_H_fixed,chemsys_r7,100,0.5,0.01727115717,1,1,24,0.9982480653,58,7,0.1206896552,48,5,0.1041666667
sens1_no_Pm_Tc,Y2:P_H_fixed,chemsys_r7,101,0.5,0.01727115717,8,5,22,0.9900365434,59,5,0.08474576271,49,4,0.08163265306
sens1_no_Pm_Tc,Y2:P_H_fixed,chemsys_r7,102,0.5,0.01727115717,6,2,25,0.994411006,58,6,0.1034482759,48,5,0.1041666667
sens1_no_Pm_Tc,Y2:P_H_fixed,chemsys_r8,100,0.5,0.01685630004,22,1,21,0.9886172891,60,2,0.03333333333,39,1,0.02564102564
sens1_no_Pm_Tc,Y2:P_H_fixed,chemsys_r8,101,0.5,0.01685630004,7,1,23,0.9994020143,59,7,0.1186440678,38,4,0.1052631579
sens1_no_Pm_Tc,Y2:P_H_fixed,chemsys_r8,102,0.5,0.01685630004,16,3,21,0.9902119178,60,4,0.06666666667,39,2,0.05128205128
sens1_no_Pm_Tc,Y2:P_H_fixed,chemsys_r9,100,0.5,0.01710132535,17,4,23,0.9765644955,59,1,0.01694915254,58,1,0.01724137931
sens1_no_Pm_Tc,Y2:P_H_fixed,chemsys_r9,101,0.5,0.01710132535,7,1,24,0.9954767986,59,4,0.06779661017,58,4,0.06896551724
sens1_no_Pm_Tc,Y2:P_H_fixed,chemsys_r9,102,0.5,0.01710132535,7,1,25,0.995146871,59,4,0.06779661017,58,4,0.06896551724
sens1_no_Pm_Tc,Y2:P_H_fixed,random_r0,100,0.5,0.01674340728,2,1,26,0.997644852,60,7,0.1166666667,34,1,0.02941176471
sens1_no_Pm_Tc,Y2:P_H_fixed,random_r0,101,0.5,0.01674340728,3,3,25,0.9950291788,60,5,0.08333333333,34,0,0
sens1_no_Pm_Tc,Y2:P_H_fixed,random_r0,102,0.5,0.01674340728,1,1,26,0.9972384327,59,4,0.06779661017,33,0,0
sens1_no_Pm_Tc,Y2:P_H_fixed,random_r1,100,0.5,0.016985138,9,4,29,0.9858879493,60,6,0.1,46,3,0.0652173913
sens1_no_Pm_Tc,Y2:P_H_fixed,random_r1,101,0.5,0.016985138,2,2,28,0.9972410148,59,7,0.1186440678,45,5,0.1111111111
sens1_no_Pm_Tc,Y2:P_H_fixed,random_r1,102,0.5,0.016985138,10,1,26,0.9918181818,60,3,0.05,46,1,0.02173913043
sens1_no_Pm_Tc,Y2:P_H_fixed,random_r2,100,0.5,0.01683501684,2,2,24,0.9931056161,60,4,0.06666666667,54,3,0.05555555556
sens1_no_Pm_Tc,Y2:P_H_fixed,random_r2,101,0.5,0.01683501684,5,2,21,0.993503772,60,5,0.08333333333,54,4,0.07407407407
sens1_no_Pm_Tc,Y2:P_H_fixed,random_r2,102,0.5,0.01683501684,1,1,22,0.9950125733,59,6,0.1016949153,53,5,0.09433962264
sens1_no_Pm_Tc,Y2:P_H_fixed,random_r3,100,0.5,0.0169707255,6,2,24,0.9950147866,60,8,0.1333333333,36,1,0.02777777778
sens1_no_Pm_Tc,Y2:P_H_fixed,random_r3,101,0.5,0.0169707255,10,1,25,0.9946979299,60,6,0.1,36,0,0
sens1_no_Pm_Tc,Y2:P_H_fixed,random_r3,102,0.5,0.0169707255,9,7,20,0.9943071398,60,6,0.1,36,0,0
sens1_no_Pm_Tc,Y2:P_H_fixed,random_r4,100,0.5,0.01690617075,1,1,23,0.9976536195,60,4,0.06666666667,44,1,0.02272727273
sens1_no_Pm_Tc,Y2:P_H_fixed,random_r4,101,0.5,0.01690617075,6,2,29,0.9940551347,59,4,0.06779661017,43,0,0
sens1_no_Pm_Tc,Y2:P_H_fixed,random_r4,102,0.5,0.01690617075,1,1,23,0.9975378788,60,4,0.06666666667,44,1,0.02272727273
sens1_no_Pm_Tc,Y2:P_H_fixed,random_r5,100,0.5,0.01694915254,3,3,22,0.9953059072,60,6,0.1,37,3,0.08108108108
sens1_no_Pm_Tc,Y2:P_H_fixed,random_r5,101,0.5,0.01694915254,10,6,23,0.9863607595,60,3,0.05,37,2,0.05405405405
sens1_no_Pm_Tc,Y2:P_H_fixed,random_r5,102,0.5,0.01694915254,2,1,24,0.9973101266,60,3,0.05,37,2,0.05405405405
sens1_no_Pm_Tc,Y2:P_H_fixed,random_r6,100,0.5,0.01703577513,2,2,21,0.9973176421,58,3,0.05172413793,47,1,0.02127659574
sens1_no_Pm_Tc,Y2:P_H_fixed,random_r6,101,0.5,0.01703577513,3,3,20,0.9961407973,59,5,0.08474576271,48,3,0.0625
sens1_no_Pm_Tc,Y2:P_H_fixed,random_r6,102,0.5,0.01703577513,1,1,19,0.9984626802,58,4,0.06896551724,47,1,0.02127659574
sens1_no_Pm_Tc,Y2:P_H_fixed,random_r7,100,0.5,0.01699957501,12,8,22,0.9840351248,60,4,0.06666666667,41,2,0.0487804878
sens1_no_Pm_Tc,Y2:P_H_fixed,random_r7,101,0.5,0.01699957501,6,5,20,0.9928903936,60,6,0.1,41,3,0.07317073171
sens1_no_Pm_Tc,Y2:P_H_fixed,random_r7,102,0.5,0.01699957501,2,2,25,0.9956517139,60,6,0.1,41,2,0.0487804878
sens1_no_Pm_Tc,Y2:P_H_fixed,random_r8,100,0.5,0.01689902831,13,3,23,0.988199411,60,6,0.1,49,3,0.0612244898
sens1_no_Pm_Tc,Y2:P_H_fixed,random_r8,101,0.5,0.01689902831,5,5,19,0.9985065208,60,7,0.1166666667,49,4,0.08163265306
sens1_no_Pm_Tc,Y2:P_H_fixed,random_r8,102,0.5,0.01689902831,6,2,23,0.994478334,60,8,0.1333333333,49,5,0.1020408163
sens1_no_Pm_Tc,Y2:P_H_fixed,random_r9,100,0.5,0.016985138,5,2,28,0.9927378436,60,5,0.08333333333,43,3,0.06976744186
sens1_no_Pm_Tc,Y2:P_H_fixed,random_r9,101,0.5,0.016985138,5,1,26,0.9946300211,59,2,0.03389830508,42,1,0.02380952381
sens1_no_Pm_Tc,Y2:P_H_fixed,random_r9,102,0.5,0.016985138,2,1,25,0.9963424947,59,3,0.05084745763,42,2,0.04761904762
sens1_no_Pm_Tc,Y2:P_H_fixed,chemsys_r0,100,0.75,0.01710132535,8,2,21,0.9869306088,59,0,0,61,0,0
sens1_no_Pm_Tc,Y2:P_H_fixed,chemsys_r0,101,0.75,0.01710132535,6,5,21,0.9874840358,59,0,0,61,0,0
sens1_no_Pm_Tc,Y2:P_H_fixed,chemsys_r0,102,0.75,0.01710132535,2,1,18,0.997360579,58,0,0,60,0,0
sens1_no_Pm_Tc,Y2:P_H_fixed,chemsys_r1,100,0.75,0.01687763713,9,1,17,0.9950210084,60,3,0.05,51,2,0.03921568627
sens1_no_Pm_Tc,Y2:P_H_fixed,chemsys_r1,101,0.75,0.01687763713,9,1,22,0.9948634454,60,3,0.05,51,1,0.01960784314
sens1_no_Pm_Tc,Y2:P_H_fixed,chemsys_r1,102,0.75,0.01687763713,13,6,17,0.9854201681,60,2,0.03333333333,51,0,0
sens1_no_Pm_Tc,Y2:P_H_fixed,chemsys_r2,100,0.75,0.01696352841,5,1,16,0.9988386824,59,1,0.01694915254,63,1,0.01587301587
sens1_no_Pm_Tc,Y2:P_H_fixed,chemsys_r2,101,0.75,0.01696352841,22,7,17,0.9853040541,60,0,0,64,0,0
sens1_no_Pm_Tc,Y2:P_H_fixed,chemsys_r2,102,0.75,0.01696352841,22,2,16,0.993823902,59,1,0.01694915254,63,1,0.01587301587
sens1_no_Pm_Tc,Y2:P_H_fixed,chemsys_r3,100,0.75,0.01695633743,14,2,19,0.9930561418,60,0,0,54,0,0
sens1_no_Pm_Tc,Y2:P_H_fixed,chemsys_r3,101,0.75,0.01695633743,13,1,20,0.9949556775,60,0,0,54,0,0
sens1_no_Pm_Tc,Y2:P_H_fixed,chemsys_r3,102,0.75,0.01695633743,24,6,17,0.9898902491,60,0,0,54,0,0
sens1_no_Pm_Tc,Y2:P_H_fixed,chemsys_r4,100,0.75,0.01678556441,13,1,24,0.9930317593,60,0,0,46,0,0
sens1_no_Pm_Tc,Y2:P_H_fixed,chemsys_r4,101,0.75,0.01678556441,12,8,24,0.9688570832,60,0,0,46,0,0
sens1_no_Pm_Tc,Y2:P_H_fixed,chemsys_r4,102,0.75,0.01678556441,1,1,23,0.9977120769,59,0,0,45,0,0
sens1_no_Pm_Tc,Y2:P_H_fixed,chemsys_r5,100,0.75,0.01677852349,21,11,19,0.9769319131,60,1,0.01666666667,57,0,0
sens1_no_Pm_Tc,Y2:P_H_fixed,chemsys_r5,101,0.75,0.01677852349,10,2,17,0.9946219716,60,2,0.03333333333,57,1,0.01754385965
sens1_no_Pm_Tc,Y2:P_H_fixed,chemsys_r5,102,0.75,0.01677852349,6,1,15,0.9995614035,60,2,0.03333333333,57,1,0.01754385965
sens1_no_Pm_Tc,Y2:P_H_fixed,chemsys_r6,100,0.75,0.01685630004,4,1,20,0.9961707931,60,0,0,52,0,0
sens1_no_Pm_Tc,Y2:P_H_fixed,chemsys_r6,101,0.75,0.01685630004,29,2,13,0.9759127151,60,0,0,52,0,0
sens1_no_Pm_Tc,Y2:P_H_fixed,chemsys_r6,102,0.75,0.01685630004,2,1,22,0.9982480067,60,2,0.03333333333,52,1,0.01923076923
sens1_no_Pm_Tc,Y2:P_H_fixed,chemsys_r7,100,0.75,0.01727115717,1,1,22,0.9977966466,58,2,0.03448275862,48,0,0
sens1_no_Pm_Tc,Y2:P_H_fixed,chemsys_r7,101,0.75,0.01727115717,6,4,22,0.9921646604,59,1,0.01694915254,49,0,0
sens1_no_Pm_Tc,Y2:P_H_fixed,chemsys_r7,102,0.75,0.01727115717,4,2,19,0.9958082545,58,2,0.03448275862,48,0,0
sens1_no_Pm_Tc,Y2:P_H_fixed,chemsys_r8,100,0.75,0.01685630004,15,1,22,0.9893411666,60,1,0.01666666667,39,0,0
sens1_no_Pm_Tc,Y2:P_H_fixed,chemsys_r8,101,0.75,0.01685630004,6,1,23,0.9993810323,59,1,0.01694915254,38,0,0
sens1_no_Pm_Tc,Y2:P_H_fixed,chemsys_r8,102,0.75,0.01685630004,16,3,23,0.9901384809,60,1,0.01666666667,39,0,0
sens1_no_Pm_Tc,Y2:P_H_fixed,chemsys_r9,100,0.75,0.01710132535,19,3,24,0.9817794806,59,0,0,58,0,0
sens1_no_Pm_Tc,Y2:P_H_fixed,chemsys_r9,101,0.75,0.01710132535,8,1,25,0.9945721584,59,0,0,58,0,0
sens1_no_Pm_Tc,Y2:P_H_fixed,chemsys_r9,102,0.75,0.01710132535,10,1,25,0.9933375905,59,0,0,58,0,0
sens1_no_Pm_Tc,Y2:P_H_fixed,random_r0,100,0.75,0.01674340728,2,1,23,0.9980304293,60,4,0.06666666667,34,0,0
sens1_no_Pm_Tc,Y2:P_H_fixed,random_r0,101,0.75,0.01674340728,3,3,22,0.9959670696,60,4,0.06666666667,34,0,0
sens1_no_Pm_Tc,Y2:P_H_fixed,random_r0,102,0.75,0.01674340728,1,1,23,0.9980512714,59,4,0.06779661017,33,0,0
sens1_no_Pm_Tc,Y2:P_H_fixed,random_r1,100,0.75,0.016985138,6,6,24,0.9884778013,60,1,0.01666666667,46,0,0
sens1_no_Pm_Tc,Y2:P_H_fixed,random_r1,101,0.75,0.016985138,1,1,25,0.9978224101,59,2,0.03389830508,45,0,0
sens1_no_Pm_Tc,Y2:P_H_fixed,random_r1,102,0.75,0.016985138,8,1,24,0.9931183932,60,0,0,46,0,0
sens1_no_Pm_Tc,Y2:P_H_fixed,random_r2,100,0.75,0.01683501684,2,2,22,0.9922045264,60,0,0,54,0,0
sens1_no_Pm_Tc,Y2:P_H_fixed,random_r2,101,0.75,0.01683501684,2,1,20,0.9943210394,60,0,0,54,0,0
sens1_no_Pm_Tc,Y2:P_H_fixed,random_r2,102,0.75,0.01683501684,1,1,22,0.9944572506,59,0,0,53,0,0
sens1_no_Pm_Tc,Y2:P_H_fixed,random_r3,100,0.75,0.0169707255,12,4,25,0.9904203633,60,6,0.1,36,0,0
sens1_no_Pm_Tc,Y2:P_H_fixed,random_r3,101,0.75,0.0169707255,9,1,26,0.9946979299,60,6,0.1,36,0,0
sens1_no_Pm_Tc,Y2:P_H_fixed,random_r3,102,0.75,0.0169707255,16,13,20,0.9899662019,60,6,0.1,36,0,0
sens1_no_Pm_Tc,Y2:P_H_fixed,random_r4,100,0.75,0.01690617075,1,1,25,0.9968855219,60,2,0.03333333333,44,0,0
sens1_no_Pm_Tc,Y2:P_H_fixed,random_r4,101,0.75,0.01690617075,5,2,26,0.9946548822,59,3,0.05084745763,43,0,0
sens1_no_Pm_Tc,Y2:P_H_fixed,random_r4,102,0.75,0.01690617075,1,1,24,0.9965698653,60,2,0.03333333333,44,0,0
sens1_no_Pm_Tc,Y2:P_H_fixed,random_r5,100,0.75,0.01694915254,5,4,23,0.9927953586,60,2,0.03333333333,37,0,0
sens1_no_Pm_Tc,Y2:P_H_fixed,random_r5,101,0.75,0.01694915254,8,3,23,0.9916033755,60,2,0.03333333333,37,0,0
sens1_no_Pm_Tc,Y2:P_H_fixed,random_r5,102,0.75,0.01694915254,3,1,25,0.9967299578,60,3,0.05,37,0,0
sens1_no_Pm_Tc,Y2:P_H_fixed,random_r6,100,0.75,0.01703577513,2,2,20,0.9972540288,58,2,0.03448275862,47,0,0
sens1_no_Pm_Tc,Y2:P_H_fixed,random_r6,101,0.75,0.01703577513,3,3,18,0.9957061069,59,2,0.03389830508,48,0,0
sens1_no_Pm_Tc,Y2:P_H_fixed,random_r6,102,0.75,0.01703577513,1,1,19,0.9981870229,58,2,0.03448275862,47,0,0
sens1_no_Pm_Tc,Y2:P_H_fixed,random_r7,100,0.75,0.01699957501,3,3,25,0.9922556073,60,4,0.06666666667,41,0,0
sens1_no_Pm_Tc,Y2:P_H_fixed,random_r7,101,0.75,0.01699957501,30,11,13,0.9638383411,60,0,0,41,0,0
sens1_no_Pm_Tc,Y2:P_H_fixed,random_r7,102,0.75,0.01699957501,32,2,11,0.9657003809,60,0,0,41,0,0
sens1_no_Pm_Tc,Y2:P_H_fixed,random_r8,100,0.75,0.01689902831,7,3,22,0.9921224232,60,2,0.03333333333,49,0,0
sens1_no_Pm_Tc,Y2:P_H_fixed,random_r8,101,0.75,0.01689902831,4,4,18,0.9979070257,60,2,0.03333333333,49,0,0
sens1_no_Pm_Tc,Y2:P_H_fixed,random_r8,102,0.75,0.01689902831,4,2,20,0.9952145562,60,2,0.03333333333,49,0,0
sens1_no_Pm_Tc,Y2:P_H_fixed,random_r9,100,0.75,0.016985138,6,2,24,0.9918604651,60,0,0,43,0,0
sens1_no_Pm_Tc,Y2:P_H_fixed,random_r9,101,0.75,0.016985138,3,1,26,0.9955073996,59,0,0,42,0,0
sens1_no_Pm_Tc,Y2:P_H_fixed,random_r9,102,0.75,0.016985138,3,1,25,0.9955496829,59,0,0,42,0,0
sens1_no_Pm_Tc,Y2:P_H_fixed,chemsys_r0,100,1,0.01710132535,10,10,7,0.9641336739,59,0,0,61,0,0
sens1_no_Pm_Tc,Y2:P_H_fixed,chemsys_r0,101,1,0.01710132535,10,10,7,0.9737441464,59,0,0,61,0,0
sens1_no_Pm_Tc,Y2:P_H_fixed,chemsys_r0,102,1,0.01710132535,10,10,7,0.9970200085,58,0,0,60,0,0
sens1_no_Pm_Tc,Y2:P_H_fixed,chemsys_r1,100,1,0.01687763713,41,4,5,0.9714915966,60,0,0,51,0,0
sens1_no_Pm_Tc,Y2:P_H_fixed,chemsys_r1,101,1,0.01687763713,41,4,5,0.9734978992,60,0,0,51,0,0
sens1_no_Pm_Tc,Y2:P_H_fixed,chemsys_r1,102,1,0.01687763713,41,4,5,0.9714915966,60,0,0,51,0,0
sens1_no_Pm_Tc,Y2:P_H_fixed,chemsys_r2,100,1,0.01696352841,41,10,6,0.9911317568,59,0,0,63,0,0
sens1_no_Pm_Tc,Y2:P_H_fixed,chemsys_r2,101,1,0.01696352841,41,10,6,0.9730679899,60,0,0,64,0,0
sens1_no_Pm_Tc,Y2:P_H_fixed,chemsys_r2,102,1,0.01696352841,41,10,6,0.988597973,59,0,0,63,0,0
sens1_no_Pm_Tc,Y2:P_H_fixed,chemsys_r3,100,1,0.01695633743,41,3,4,0.9764246518,60,0,0,54,0,0
sens1_no_Pm_Tc,Y2:P_H_fixed,chemsys_r3,101,1,0.01695633743,41,3,4,0.9742507387,60,0,0,54,0,0
sens1_no_Pm_Tc,Y2:P_H_fixed,chemsys_r3,102,1,0.01695633743,41,2,4,0.9805192064,60,0,0,54,0,0
sens1_no_Pm_Tc,Y2:P_H_fixed,chemsys_r4,100,1,0.01678556441,10,2,9,0.9887902215,60,0,0,46,0,0
sens1_no_Pm_Tc,Y2:P_H_fixed,chemsys_r4,101,1,0.01678556441,10,2,9,0.9861366486,60,0,0,46,0,0
sens1_no_Pm_Tc,Y2:P_H_fixed,chemsys_r4,102,1,0.01678556441,10,2,9,0.9917049728,59,0,0,45,0,0
sens1_no_Pm_Tc,Y2:P_H_fixed,chemsys_r5,100,1,0.01677852349,41,2,11,0.9837614871,60,0,0,57,0,0
sens1_no_Pm_Tc,Y2:P_H_fixed,chemsys_r5,101,1,0.01677852349,41,2,11,0.9837614871,60,0,0,57,0,0
sens1_no_Pm_Tc,Y2:P_H_fixed,chemsys_r5,102,1,0.01677852349,41,2,11,0.9983291562,60,0,0,57,0,0
sens1_no_Pm_Tc,Y2:P_H_fixed,chemsys_r6,100,1,0.01685630004,41,5,4,0.9743600504,60,0,0,52,0,0
sens1_no_Pm_Tc,Y2:P_H_fixed,chemsys_r6,101,1,0.01685630004,41,5,4,0.9715484683,60,0,0,52,0,0
sens1_no_Pm_Tc,Y2:P_H_fixed,chemsys_r6,102,1,0.01685630004,41,5,4,0.9758078053,60,0,0,52,0,0
sens1_no_Pm_Tc,Y2:P_H_fixed,chemsys_r7,100,1,0.01727115717,20,3,9,0.9848022356,58,0,0,48,0,0
sens1_no_Pm_Tc,Y2:P_H_fixed,chemsys_r7,101,1,0.01727115717,19,3,9,0.9840068788,59,0,0,49,0,0
sens1_no_Pm_Tc,Y2:P_H_fixed,chemsys_r7,102,1,0.01727115717,20,3,9,0.9846087704,58,0,0,48,0,0
sens1_no_Pm_Tc,Y2:P_H_fixed,chemsys_r8,100,1,0.01685630004,41,10,3,0.9779269828,60,0,0,39,0,0
sens1_no_Pm_Tc,Y2:P_H_fixed,chemsys_r8,101,1,0.01685630004,41,10,4,0.9987410827,59,0,0,38,0,0
sens1_no_Pm_Tc,Y2:P_H_fixed,chemsys_r8,102,1,0.01685630004,41,10,4,0.9753776752,60,0,0,39,0,0
sens1_no_Pm_Tc,Y2:P_H_fixed,chemsys_r9,100,1,0.01710132535,41,4,6,0.9731481481,59,0,0,58,0,0
sens1_no_Pm_Tc,Y2:P_H_fixed,chemsys_r9,101,1,0.01710132535,41,4,6,0.9731481481,59,0,0,58,0,0
sens1_no_Pm_Tc,Y2:P_H_fixed,chemsys_r9,102,1,0.01710132535,41,4,6,0.9731481481,59,0,0,58,0,0
sens1_no_Pm_Tc,Y2:P_H_fixed,random_r0,100,1,0.01674340728,2,2,9,0.9951021259,60,0,0,34,0,0
sens1_no_Pm_Tc,Y2:P_H_fixed,random_r0,101,1,0.01674340728,2,2,9,0.9935389746,60,0,0,34,0,0
sens1_no_Pm_Tc,Y2:P_H_fixed,random_r0,102,1,0.01674340728,2,2,9,0.9941225511,59,0,0,33,0,0
sens1_no_Pm_Tc,Y2:P_H_fixed,random_r1,100,1,0.016985138,1,1,8,0.9956659619,60,0,0,46,0,0
sens1_no_Pm_Tc,Y2:P_H_fixed,random_r1,101,1,0.016985138,1,1,8,0.9956659619,59,0,0,45,0,0
sens1_no_Pm_Tc,Y2:P_H_fixed,random_r1,102,1,0.016985138,1,1,8,0.9956659619,60,0,0,46,0,0
sens1_no_Pm_Tc,Y2:P_H_fixed,random_r2,100,1,0.01683501684,17,1,4,0.9912824811,60,0,0,54,0,0
sens1_no_Pm_Tc,Y2:P_H_fixed,random_r2,101,1,0.01683501684,17,1,4,0.9912824811,60,0,0,54,0,0
sens1_no_Pm_Tc,Y2:P_H_fixed,random_r2,102,1,0.01683501684,17,1,4,0.9912824811,59,0,0,53,0,0
sens1_no_Pm_Tc,Y2:P_H_fixed,random_r3,100,1,0.0169707255,41,13,5,0.96456485,60,0,0,36,0,0
sens1_no_Pm_Tc,Y2:P_H_fixed,random_r3,101,1,0.0169707255,41,13,5,0.974904943,60,0,0,36,0,0
sens1_no_Pm_Tc,Y2:P_H_fixed,random_r3,102,1,0.0169707255,41,13,4,0.9765525982,60,0,0,36,0,0
sens1_no_Pm_Tc,Y2:P_H_fixed,random_r4,100,1,0.01690617075,6,6,11,0.9901725589,60,0,0,44,0,0
sens1_no_Pm_Tc,Y2:P_H_fixed,random_r4,101,1,0.01690617075,6,6,11,0.9905408249,59,0,0,43,0,0
sens1_no_Pm_Tc,Y2:P_H_fixed,random_r4,102,1,0.01690617075,6,6,11,0.9880155724,60,0,0,44,0,0
sens1_no_Pm_Tc,Y2:P_H_fixed,random_r5,100,1,0.01694915254,19,12,7,0.9752637131,60,0,0,37,0,0
sens1_no_Pm_Tc,Y2:P_H_fixed,random_r5,101,1,0.01694915254,19,12,7,0.9752637131,60,0,0,37,0,0
sens1_no_Pm_Tc,Y2:P_H_fixed,random_r5,102,1,0.01694915254,19,12,7,0.9752637131,60,0,0,37,0,0
sens1_no_Pm_Tc,Y2:P_H_fixed,random_r6,100,1,0.01703577513,2,2,9,0.9929813401,58,0,0,47,0,0
sens1_no_Pm_Tc,Y2:P_H_fixed,random_r6,101,1,0.01703577513,2,2,10,0.9920801527,59,0,0,48,0,0
sens1_no_Pm_Tc,Y2:P_H_fixed,random_r6,102,1,0.01703577513,2,2,9,0.9930449534,58,0,0,47,0,0
sens1_no_Pm_Tc,Y2:P_H_fixed,random_r7,100,1,0.01699957501,3,1,10,0.9940964875,60,0,0,41,0,0
sens1_no_Pm_Tc,Y2:P_H_fixed,random_r7,101,1,0.01699957501,3,1,10,0.9940964875,60,0,0,41,0,0
sens1_no_Pm_Tc,Y2:P_H_fixed,random_r7,102,1,0.01699957501,3,1,10,0.9940964875,60,0,0,41,0,0
sens1_no_Pm_Tc,Y2:P_H_fixed,random_r8,100,1,0.01689902831,15,12,6,0.9773874632,60,0,0,49,0,0
sens1_no_Pm_Tc,Y2:P_H_fixed,random_r8,101,1,0.01689902831,15,12,6,0.9931005469,60,0,0,49,0,0
sens1_no_Pm_Tc,Y2:P_H_fixed,random_r8,102,1,0.01689902831,15,12,6,0.9750631048,60,0,0,49,0,0
sens1_no_Pm_Tc,Y2:P_H_fixed,random_r9,100,1,0.016985138,12,3,7,0.9880866808,60,0,0,43,0,0
sens1_no_Pm_Tc,Y2:P_H_fixed,random_r9,101,1,0.016985138,12,3,7,0.9893340381,59,0,0,42,0,0
sens1_no_Pm_Tc,Y2:P_H_fixed,random_r9,102,1,0.016985138,12,3,7,0.9888900634,59,0,0,42,0,0
sens1_no_Pm_Tc,Y2:P_H_matched_Y2,chemsys_r0,100,0,0.01710132535,21,11,21,0.9585781183,59,10,0.1694915254,32,9,0.28125
sens1_no_Pm_Tc,Y2:P_H_matched_Y2,chemsys_r0,101,0,0.01710132535,7,5,17,0.9885696041,59,13,0.2203389831,32,12,0.375
sens1_no_Pm_Tc,Y2:P_H_matched_Y2,chemsys_r0,102,0,0.01710132535,1,1,20,0.9999255002,58,14,0.2413793103,31,13,0.4193548387
sens1_no_Pm_Tc,Y2:P_H_matched_Y2,chemsys_r1,100,0,0.01687763713,41,41,0,0.8495798319,60,0,0,17,0,0
sens1_no_Pm_Tc,Y2:P_H_matched_Y2,chemsys_r1,101,0,0.01687763713,7,1,22,0.9924054622,60,14,0.2333333333,17,5,0.2941176471
sens1_no_Pm_Tc,Y2:P_H_matched_Y2,chemsys_r1,102,0,0.01687763713,12,1,22,0.992657563,60,17,0.2833333333,17,5,0.2941176471
sens1_no_Pm_Tc,Y2:P_H_matched_Y2,chemsys_r2,100,0,0.01696352841,1,1,12,0.9994404561,59,6,0.1016949153,31,4,0.1290322581
sens1_no_Pm_Tc,Y2:P_H_matched_Y2,chemsys_r2,101,0,0.01696352841,14,5,23,0.9858847128,60,16,0.2666666667,32,9,0.28125
sens1_no_Pm_Tc,Y2:P_H_matched_Y2,chemsys_r2,102,0,0.01696352841,2,1,21,0.9971600507,59,11,0.186440678,32,6,0.1875
sens1_no_Pm_Tc,Y2:P_H_matched_Y2,chemsys_r3,100,0,0.01695633743,1,1,22,0.9997889405,60,14,0.2333333333,31,6,0.1935483871
sens1_no_Pm_Tc,Y2:P_H_matched_Y2,chemsys_r3,101,0,0.01695633743,6,6,15,0.9732798649,60,9,0.15,31,5,0.1612903226
sens1_no_Pm_Tc,Y2:P_H_matched_Y2,chemsys_r3,102,0,0.01695633743,23,6,24,0.9853419164,60,7,0.1166666667,31,4,0.1290322581
sens1_no_Pm_Tc,Y2:P_H_matched_Y2,chemsys_r4,100,0,0.01678556441,32,3,22,0.9836084413,60,5,0.08333333333,27,2,0.07407407407
sens1_no_Pm_Tc,Y2:P_H_matched_Y2,chemsys_r4,101,0,0.01678556441,22,9,20,0.9596113665,60,8,0.1333333333,27,6,0.2222222222
sens1_no_Pm_Tc,Y2:P_H_matched_Y2,chemsys_r4,102,0,0.01678556441,7,2,15,0.9978583368,59,5,0.08474576271,26,3,0.1153846154
sens1_no_Pm_Tc,Y2:P_H_matched_Y2,chemsys_r5,100,0,0.01677852349,10,10,13,0.9761382623,60,7,0.1166666667,22,0,0
sens1_no_Pm_Tc,Y2:P_H_matched_Y2,chemsys_r5,101,0,0.01677852349,12,2,24,0.9899749373,60,11,0.1833333333,22,3,0.1363636364
sens1_no_Pm_Tc,Y2:P_H_matched_Y2,chemsys_r5,102,0,0.01677852349,2,1,10,0.9999373434,59,6,0.1016949153,22,1,0.04545454545
sens1_no_Pm_Tc,Y2:P_H_matched_Y2,chemsys_r6,100,0,0.01685630004,15,2,22,0.9935165757,60,13,0.2166666667,35,8,0.2285714286
sens1_no_Pm_Tc,Y2:P_H_matched_Y2,chemsys_r6,101,0,0.01685630004,6,2,17,0.9933277381,60,12,0.2,35,7,0.2
sens1_no_Pm_Tc,Y2:P_H_matched_Y2,chemsys_r6,102,0,0.01685630004,3,2,22,0.9961707931,60,12,0.2,35,7,0.2
sens1_no_Pm_Tc,Y2:P_H_matched_Y2,chemsys_r7,100,0,0.01727115717,3,1,19,0.9990971625,58,9,0.1551724138,21,4,0.1904761905
sens1_no_Pm_Tc,Y2:P_H_matched_Y2,chemsys_r7,101,0,0.01727115717,22,4,20,0.9871238177,59,14,0.2372881356,22,6,0.2727272727
sens1_no_Pm_Tc,Y2:P_H_matched_Y2,chemsys_r7,102,0,0.01727115717,11,1,19,0.9898753224,58,10,0.1724137931,21,6,0.2857142857
sens1_no_Pm_Tc,Y2:P_H_matched_Y2,chemsys_r8,100,0,0.01685630004,2,1,26,0.9961812841,60,16,0.2666666667,30,9,0.3
sens1_no_Pm_Tc,Y2:P_H_matched_Y2,chemsys_r8,101,0,0.01685630004,1,1,19,0.9998741083,59,9,0.1525423729,29,6,0.2068965517
sens1_no_Pm_Tc,Y2:P_H_matched_Y2,chemsys_r8,102,0,0.01685630004,22,8,22,0.9736047,60,18,0.3,30,14,0.4666666667
sens1_no_Pm_Tc,Y2:P_H_matched_Y2,chemsys_r9,100,0,0.01710132535,19,15,17,0.9446785866,59,3,0.05084745763,34,2,0.05882352941
sens1_no_Pm_Tc,Y2:P_H_matched_Y2,chemsys_r9,101,0,0.01710132535,3,3,26,0.9870583227,59,17,0.2881355932,34,10,0.2941176471
sens1_no_Pm_Tc,Y2:P_H_matched_Y2,chemsys_r9,102,0,0.01710132535,9,8,15,0.9821626224,59,9,0.1525423729,34,6,0.1764705882
sens1_no_Pm_Tc,Y2:P_H_matched_Y2,random_r0,100,0,0.01674340728,1,1,21,0.997561484,60,11,0.1833333333,14,5,0.3571428571
sens1_no_Pm_Tc,Y2:P_H_matched_Y2,random_r0,101,0,0.01674340728,1,1,15,0.999958316,60,8,0.1333333333,14,2,0.1428571429
sens1_no_Pm_Tc,Y2:P_H_matched_Y2,random_r0,102,0,0.01674340728,8,2,25,0.9935285536,59,12,0.2033898305,14,3,0.2142857143
sens1_no_Pm_Tc,Y2:P_H_matched_Y2,random_r1,100,0,0.016985138,5,2,22,0.9893234672,60,16,0.2666666667,26,11,0.4230769231
sens1_no_Pm_Tc,Y2:P_H_matched_Y2,random_r1,101,0,0.016985138,5,4,19,0.9958668076,59,14,0.2372881356,25,9,0.36
sens1_no_Pm_Tc,Y2:P_H_matched_Y2,random_r1,102,0,0.016985138,9,8,17,0.9675475687,60,14,0.2333333333,26,8,0.3076923077
sens1_no_Pm_Tc,Y2:P_H_matched_Y2,random_r2,100,0,0.01683501684,25,20,11,0.9562133277,60,8,0.1333333333,34,7,0.2058823529
sens1_no_Pm_Tc,Y2:P_H_matched_Y2,random_r2,101,0,0.01683501684,9,2,23,0.9952326069,60,16,0.2666666667,34,12,0.3529411765
sens1_no_Pm_Tc,Y2:P_H_matched_Y2,random_r2,102,0,0.01683501684,1,1,18,1,59,15,0.2542372881,33,11,0.3333333333
sens1_no_Pm_Tc,Y2:P_H_matched_Y2,random_r3,100,0,0.0169707255,21,12,15,0.9567701732,60,6,0.1,21,2,0.09523809524
sens1_no_Pm_Tc,Y2:P_H_matched_Y2,random_r3,101,0,0.0169707255,11,1,24,0.9914554288,60,13,0.2166666667,21,7,0.3333333333
sens1_no_Pm_Tc,Y2:P_H_matched_Y2,random_r3,102,0,0.0169707255,12,3,20,0.9915716096,60,9,0.15,21,3,0.1428571429
sens1_no_Pm_Tc,Y2:P_H_matched_Y2,random_r4,100,0,0.01690617075,2,1,24,0.9966224747,60,13,0.2166666667,22,8,0.3636363636
sens1_no_Pm_Tc,Y2:P_H_matched_Y2,random_r4,101,0,0.01690617075,30,1,24,0.9817655724,59,6,0.1016949153,22,3,0.1363636364
sens1_no_Pm_Tc,Y2:P_H_matched_Y2,random_r4,102,0,0.01690617075,1,1,26,0.9963068182,60,15,0.25,22,9,0.4090909091
sens1_no_Pm_Tc,Y2:P_H_matched_Y2,random_r5,100,0,0.01694915254,20,15,14,0.9721940928,60,6,0.1,19,5,0.2631578947
sens1_no_Pm_Tc,Y2:P_H_matched_Y2,random_r5,101,0,0.01694915254,14,13,12,0.9332383966,60,8,0.1333333333,19,2,0.1052631579
sens1_no_Pm_Tc,Y2:P_H_matched_Y2,random_r5,102,0,0.01694915254,6,6,12,0.9858860759,60,6,0.1,19,3,0.1578947368
sens1_no_Pm_Tc,Y2:P_H_matched_Y2,random_r6,100,0,0.01703577513,2,1,17,0.9981446141,58,9,0.1551724138,28,6,0.2142857143
sens1_no_Pm_Tc,Y2:P_H_matched_Y2,random_r6,101,0,0.01703577513,3,3,14,0.9961407973,59,8,0.1355932203,29,5,0.1724137931
sens1_no_Pm_Tc,Y2:P_H_matched_Y2,random_r6,102,0,0.01703577513,1,1,26,0.9973494487,58,12,0.2068965517,29,8,0.275862069
sens1_no_Pm_Tc,Y2:P_H_matched_Y2,random_r7,100,0,0.01699957501,41,5,4,0.9655416843,60,3,0.05,17,0,0
sens1_no_Pm_Tc,Y2:P_H_matched_Y2,random_r7,101,0,0.01699957501,4,3,19,0.9954824376,60,9,0.15,17,2,0.1176470588
sens1_no_Pm_Tc,Y2:P_H_matched_Y2,random_r7,102,0,0.01699957501,10,3,19,0.9831252645,60,12,0.2,17,5,0.2941176471
sens1_no_Pm_Tc,Y2:P_H_matched_Y2,random_r8,100,0,0.01689902831,32,5,22,0.9804375263,60,8,0.1333333333,15,2,0.1333333333
sens1_no_Pm_Tc,Y2:P_H_matched_Y2,random_r8,101,0,0.01689902831,7,7,12,0.9987799748,60,8,0.1333333333,15,3,0.2
sens1_no_Pm_Tc,Y2:P_H_matched_Y2,random_r8,102,0,0.01689902831,4,4,15,0.9946676483,60,10,0.1666666667,15,5,0.3333333333
sens1_no_Pm_Tc,Y2:P_H_matched_Y2,random_r9,100,0,0.016985138,8,3,20,0.9855919662,60,11,0.1833333333,22,8,0.3636363636
sens1_no_Pm_Tc,Y2:P_H_matched_Y2,random_r9,101,0,0.016985138,41,27,4,0.9737843552,59,4,0.06779661017,21,2,0.09523809524
sens1_no_Pm_Tc,Y2:P_H_matched_Y2,random_r9,102,0,0.016985138,6,1,21,0.9958033827,59,9,0.1525423729,22,4,0.1818181818
sens1_no_Pm_Tc,Y2:P_H_matched_Y2,chemsys_r0,100,0.02,0.01710132535,13,4,28,0.9805449127,59,13,0.2203389831,32,9,0.28125
sens1_no_Pm_Tc,Y2:P_H_matched_Y2,chemsys_r0,101,0.02,0.01710132535,5,5,24,0.990048957,59,14,0.2372881356,32,12,0.375
sens1_no_Pm_Tc,Y2:P_H_matched_Y2,chemsys_r0,102,0.02,0.01710132535,1,1,20,0.9997977863,58,13,0.224137931,31,12,0.3870967742
sens1_no_Pm_Tc,Y2:P_H_matched_Y2,chemsys_r1,100,0.02,0.01687763713,3,2,21,0.9951890756,60,13,0.2166666667,17,3,0.1764705882
sens1_no_Pm_Tc,Y2:P_H_matched_Y2,chemsys_r1,101,0.02,0.01687763713,8,1,22,0.9929936975,60,11,0.1833333333,17,3,0.1764705882
sens1_no_Pm_Tc,Y2:P_H_matched_Y2,chemsys_r1,102,0.02,0.01687763713,3,3,20,0.9926260504,60,11,0.1833333333,17,3,0.1764705882
sens1_no_Pm_Tc,Y2:P_H_matched_Y2,chemsys_r2,100,0.02,0.01696352841,3,1,17,0.9995565878,59,8,0.1355932203,31,6,0.1935483871
sens1_no_Pm_Tc,Y2:P_H_matched_Y2,chemsys_r2,101,0.02,0.01696352841,10,8,23,0.9864970439,60,13,0.2166666667,32,5,0.15625
sens1_no_Pm_Tc,Y2:P_H_matched_Y2,chemsys_r2,102,0.02,0.01696352841,2,1,20,0.9977090372,59,10,0.1694915254,32,5,0.15625
sens1_no_Pm_Tc,Y2:P_H_matched_Y2,chemsys_r3,100,0.02,0.01695633743,1,1,22,0.9997150696,60,12,0.2,31,5,0.1612903226
sens1_no_Pm_Tc,Y2:P_H_matched_Y2,chemsys_r3,101,0.02,0.01695633743,2,2,15,0.993425496,60,9,0.15,31,4,0.1290322581
sens1_no_Pm_Tc,Y2:P_H_matched_Y2,chemsys_r3,102,0.02,0.01695633743,36,4,16,0.979379485,60,1,0.01666666667,31,0,0
sens1_no_Pm_Tc,Y2:P_H_matched_Y2,chemsys_r4,100,0.02,0.01678556441,15,6,15,0.9852904304,60,5,0.08333333333,27,1,0.03703703704
sens1_no_Pm_Tc,Y2:P_H_matched_Y2,chemsys_r4,101,0.02,0.01678556441,6,6,15,0.9755536983,60,6,0.1,27,1,0.03703703704
sens1_no_Pm_Tc,Y2:P_H_matched_Y2,chemsys_r4,102,0.02,0.01678556441,5,1,16,0.998328458,59,4,0.06779661017,26,1,0.03846153846
sens1_no_Pm_Tc,Y2:P_H_matched_Y2,chemsys_r5,100,0.02,0.01677852349,2,2,21,0.9947263993,60,8,0.1333333333,22,1,0.04545454545
sens1_no_Pm_Tc,Y2:P_H_matched_Y2,chemsys_r5,101,0.02,0.01677852349,9,2,21,0.9920843776,60,8,0.1333333333,22,2,0.09090909091
sens1_no_Pm_Tc,Y2:P_H_matched_Y2,chemsys_r5,102,0.02,0.01677852349,2,2,12,0.9998955723,59,6,0.1016949153,22,1,0.04545454545
sens1_no_Pm_Tc,Y2:P_H_matched_Y2,chemsys_r6,100,0.02,0.01685630004,5,2,27,0.9946076374,60,12,0.2,35,7,0.2
sens1_no_Pm_Tc,Y2:P_H_matched_Y2,chemsys_r6,101,0.02,0.01685630004,5,2,17,0.9946600923,60,12,0.2,35,6,0.1714285714
sens1_no_Pm_Tc,Y2:P_H_matched_Y2,chemsys_r6,102,0.02,0.01685630004,2,1,25,0.9953524969,60,12,0.2,35,6,0.1714285714
sens1_no_Pm_Tc,Y2:P_H_matched_Y2,chemsys_r7,100,0.02,0.01727115717,2,1,19,0.9985490112,58,9,0.1551724138,21,4,0.1904761905
sens1_no_Pm_Tc,Y2:P_H_matched_Y2,chemsys_r7,101,0.02,0.01727115717,10,5,19,0.9896603611,59,6,0.1016949153,22,2,0.09090909091
sens1_no_Pm_Tc,Y2:P_H_matched_Y2,chemsys_r7,102,0.02,0.01727115717,15,1,23,0.9913048151,58,14,0.2413793103,21,6,0.2857142857
sens1_no_Pm_Tc,Y2:P_H_matched_Y2,chemsys_r8,100,0.02,0.01685630004,5,3,22,0.9935270667,60,13,0.2166666667,30,8,0.2666666667
sens1_no_Pm_Tc,Y2:P_H_matched_Y2,chemsys_r8,101,0.02,0.01685630004,3,1,19,0.9993915233,59,9,0.1525423729,29,6,0.2068965517
sens1_no_Pm_Tc,Y2:P_H_matched_Y2,chemsys_r8,102,0.02,0.01685630004,15,10,24,0.9766680655,60,11,0.1833333333,30,6,0.2
sens1_no_Pm_Tc,Y2:P_H_matched_Y2,chemsys_r9,100,0.02,0.01710132535,14,10,24,0.9664431673,59,9,0.1525423729,34,4,0.1176470588
sens1_no_Pm_Tc,Y2:P_H_matched_Y2,chemsys_r9,101,0.02,0.01710132535,2,2,27,0.9927309493,59,12,0.2033898305,34,8,0.2352941176
sens1_no_Pm_Tc,Y2:P_H_matched_Y2,chemsys_r9,102,0.02,0.01710132535,5,5,24,0.9870796083,59,10,0.1694915254,34,6,0.1764705882
sens1_no_Pm_Tc,Y2:P_H_matched_Y2,random_r0,100,0.02,0.01674340728,1,1,21,0.9980616924,60,8,0.1333333333,14,6,0.4285714286
sens1_no_Pm_Tc,Y2:P_H_matched_Y2,random_r0,101,0.02,0.01674340728,1,1,21,0.9998541059,60,11,0.1833333333,14,2,0.1428571429
sens1_no_Pm_Tc,Y2:P_H_matched_Y2,random_r0,102,0.02,0.01674340728,5,2,23,0.9941954981,59,12,0.2033898305,14,6,0.4285714286
sens1_no_Pm_Tc,Y2:P_H_matched_Y2,random_r1,100,0.02,0.016985138,4,2,22,0.9906448203,60,16,0.2666666667,26,8,0.3076923077
sens1_no_Pm_Tc,Y2:P_H_matched_Y2,random_r1,101,0.02,0.016985138,26,4,31,0.9860993658,59,12,0.2033898305,25,3,0.12
sens1_no_Pm_Tc,Y2:P_H_matched_Y2,random_r1,102,0.02,0.016985138,10,4,26,0.9779915433,60,14,0.2333333333,26,5,0.1923076923
sens1_no_Pm_Tc,Y2:P_H_matched_Y2,random_r2,100,0.02,0.01683501684,6,4,28,0.9906328583,60,14,0.2333333333,34,8,0.2352941176
sens1_no_Pm_Tc,Y2:P_H_matched_Y2,random_r2,101,0.02,0.01683501684,5,4,25,0.9916387259,60,14,0.2333333333,34,9,0.2647058824
sens1_no_Pm_Tc,Y2:P_H_matched_Y2,random_r2,102,0.02,0.01683501684,1,1,18,0.9984178541,59,13,0.2203389831,33,9,0.2727272727
sens1_no_Pm_Tc,Y2:P_H_matched_Y2,random_r3,100,0.02,0.0169707255,9,3,20,0.9892902408,60,9,0.15,21,3,0.1428571429
sens1_no_Pm_Tc,Y2:P_H_matched_Y2,random_r3,101,0.02,0.0169707255,11,1,25,0.9905682298,60,11,0.1833333333,21,7,0.3333333333
sens1_no_Pm_Tc,Y2:P_H_matched_Y2,random_r3,102,0.02,0.0169707255,13,3,15,0.9916877905,60,7,0.1166666667,21,2,0.09523809524
sens1_no_Pm_Tc,Y2:P_H_matched_Y2,random_r4,100,0.02,0.01690617075,4,1,25,0.9949284512,60,12,0.2,22,6,0.2727272727
sens1_no_Pm_Tc,Y2:P_H_matched_Y2,random_r4,101,0.02,0.01690617075,26,1,26,0.9888257576,59,5,0.08474576271,22,2,0.09090909091
sens1_no_Pm_Tc,Y2:P_H_matched_Y2,random_r4,102,0.02,0.01690617075,1,1,31,0.9976746633,60,18,0.3,22,9,0.4090909091
sens1_no_Pm_Tc,Y2:P_H_matched_Y2,random_r5,100,0.02,0.01694915254,2,2,17,0.9971308017,60,8,0.1333333333,19,3,0.1578947368
sens1_no_Pm_Tc,Y2:P_H_matched_Y2,random_r5,101,0.02,0.01694915254,19,11,18,0.9552531646,60,5,0.08333333333,19,3,0.1578947368
sens1_no_Pm_Tc,Y2:P_H_matched_Y2,random_r5,102,0.02,0.01694915254,2,2,25,0.989778481,60,8,0.1333333333,19,1,0.05263157895
sens1_no_Pm_Tc,Y2:P_H_matched_Y2,random_r6,100,0.02,0.01703577513,2,1,18,0.9989821883,58,8,0.1379310345,28,5,0.1785714286
sens1_no_Pm_Tc,Y2:P_H_matched_Y2,random_r6,101,0.02,0.01703577513,4,4,16,0.9952396098,59,8,0.1355932203,29,5,0.1724137931
sens1_no_Pm_Tc,Y2:P_H_matched_Y2,random_r6,102,0.02,0.01703577513,1,1,22,0.9979219678,58,11,0.1896551724,29,7,0.2413793103
sens1_no_Pm_Tc,Y2:P_H_matched_Y2,random_r7,100,0.02,0.01699957501,33,7,18,0.9683664833,60,2,0.03333333333,17,0,0
sens1_no_Pm_Tc,Y2:P_H_matched_Y2,random_r7,101,0.02,0.01699957501,4,3,20,0.9955670758,60,7,0.1166666667,17,3,0.1764705882
sens1_no_Pm_Tc,Y2:P_H_matched_Y2,random_r7,102,0.02,0.01699957501,7,3,20,0.9876428269,60,7,0.1166666667,17,3,0.1764705882
sens1_no_Pm_Tc,Y2:P_H_matched_Y2,random_r8,100,0.02,0.01689902831,6,6,18,0.9927429533,60,11,0.1833333333,15,3,0.2
sens1_no_Pm_Tc,Y2:P_H_matched_Y2,random_r8,101,0.02,0.01689902831,5,4,16,0.9991375684,60,11,0.1833333333,15,4,0.2666666667
sens1_no_Pm_Tc,Y2:P_H_matched_Y2,random_r8,102,0.02,0.01689902831,2,2,18,0.9979701304,60,12,0.2,15,5,0.3333333333
sens1_no_Pm_Tc,Y2:P_H_matched_Y2,random_r9,100,0.02,0.016985138,7,2,22,0.9925369979,60,10,0.1666666667,22,6,0.2727272727
sens1_no_Pm_Tc,Y2:P_H_matched_Y2,random_r9,101,0.02,0.016985138,4,3,21,0.995961945,59,8,0.1355932203,21,5,0.2380952381
sens1_no_Pm_Tc,Y2:P_H_matched_Y2,random_r9,102,0.02,0.016985138,6,1,24,0.9950845666,59,9,0.1525423729,22,7,0.3181818182
sens1_no_Pm_Tc,Y2:P_H_matched_Y2,chemsys_r0,100,0.05,0.01710132535,10,5,29,0.9855470413,59,14,0.2372881356,32,13,0.40625
sens1_no_Pm_Tc,Y2:P_H_matched_Y2,chemsys_r0,101,0.05,0.01710132535,4,3,30,0.9937207322,59,15,0.2542372881,32,13,0.40625
sens1_no_Pm_Tc,Y2:P_H_matched_Y2,chemsys_r0,102,0.05,0.01710132535,1,1,21,0.9996062154,58,12,0.2068965517,31,11,0.3548387097
sens1_no_Pm_Tc,Y2:P_H_matched_Y2,chemsys_r1,100,0.05,0.01687763713,3,2,24,0.9951365546,60,15,0.25,17,3,0.1764705882
sens1_no_Pm_Tc,Y2:P_H_matched_Y2,chemsys_r1,101,0.05,0.01687763713,8,1,24,0.9944222689,60,10,0.1666666667,17,3,0.1764705882
sens1_no_Pm_Tc,Y2:P_H_matched_Y2,chemsys_r1,102,0.05,0.01687763713,8,8,20,0.9821533613,60,12,0.2,17,3,0.1764705882
sens1_no_Pm_Tc,Y2:P_H_matched_Y2,chemsys_r2,100,0.05,0.01696352841,3,2,17,0.9995565878,59,9,0.1525423729,31,6,0.1935483871
sens1_no_Pm_Tc,Y2:P_H_matched_Y2,chemsys_r2,101,0.05,0.01696352841,9,7,17,0.9896114865,60,7,0.1166666667,32,3,0.09375
sens1_no_Pm_Tc,Y2:P_H_matched_Y2,chemsys_r2,102,0.05,0.01696352841,3,2,24,0.9972128378,59,14,0.2372881356,32,6,0.1875
sens1_no_Pm_Tc,Y2:P_H_matched_Y2,chemsys_r3,100,0.05,0.01695633743,1,1,22,0.9996095399,60,11,0.1833333333,31,5,0.1612903226
sens1_no_Pm_Tc,Y2:P_H_matched_Y2,chemsys_r3,101,0.05,0.01695633743,3,3,21,0.9910932883,60,10,0.1666666667,31,5,0.1612903226
sens1_no_Pm_Tc,Y2:P_H_matched_Y2,chemsys_r3,102,0.05,0.01695633743,12,3,21,0.9925707049,60,10,0.1666666667,31,5,0.1612903226
sens1_no_Pm_Tc,Y2:P_H_matched_Y2,chemsys_r4,100,0.05,0.01678556441,11,1,18,0.9933556206,60,7,0.1166666667,27,2,0.07407407407
sens1_no_Pm_Tc,Y2:P_H_matched_Y2,chemsys_r4,101,0.05,0.01678556441,6,6,19,0.9840785625,60,5,0.08333333333,27,2,0.07407407407
sens1_no_Pm_Tc,Y2:P_H_matched_Y2,chemsys_r4,102,0.05,0.01678556441,5,1,19,0.9979732553,59,4,0.06779661017,26,1,0.03846153846
sens1_no_Pm_Tc,Y2:P_H_matched_Y2,chemsys_r5,100,0.05,0.01677852349,2,2,22,0.9952380952,60,11,0.1833333333,22,2,0.09090909091
sens1_no_Pm_Tc,Y2:P_H_matched_Y2,chemsys_r5,101,0.05,0.01677852349,7,2,21,0.9936403509,60,8,0.1333333333,22,2,0.09090909091
sens1_no_Pm_Tc,Y2:P_H_matched_Y2,chemsys_r5,102,0.05,0.01677852349,2,1,12,0.9998642439,59,6,0.1016949153,22,1,0.04545454545
sens1_no_Pm_Tc,Y2:P_H_matched_Y2,chemsys_r6,100,0.05,0.01685630004,4,2,25,0.9953105329,60,11,0.1833333333,35,6,0.1714285714
sens1_no_Pm_Tc,Y2:P_H_matched_Y2,chemsys_r6,101,0.05,0.01685630004,5,2,16,0.9935795216,60,10,0.1666666667,35,6,0.1714285714
sens1_no_Pm_Tc,Y2:P_H_matched_Y2,chemsys_r6,102,0.05,0.01685630004,2,1,29,0.9957931179,60,9,0.15,35,4,0.1142857143
sens1_no_Pm_Tc,Y2:P_H_matched_Y2,chemsys_r7,100,0.05,0.01727115717,3,2,18,0.9967433362,58,7,0.1206896552,21,3,0.1428571429
sens1_no_Pm_Tc,Y2:P_H_matched_Y2,chemsys_r7,101,0.05,0.01727115717,10,2,19,0.990960877,59,7,0.1186440678,22,2,0.09090909091
sens1_no_Pm_Tc,Y2:P_H_matched_Y2,chemsys_r7,102,0.05,0.01727115717,4,4,22,0.9961306965,58,9,0.1551724138,21,4,0.1904761905
sens1_no_Pm_Tc,Y2:P_H_matched_Y2,chemsys_r8,100,0.05,0.01685630004,6,3,24,0.9934955938,60,10,0.1666666667,30,6,0.2
sens1_no_Pm_Tc,Y2:P_H_matched_Y2,chemsys_r8,101,0.05,0.01685630004,6,1,20,0.9994125052,59,8,0.1355932203,29,6,0.2068965517
sens1_no_Pm_Tc,Y2:P_H_matched_Y2,chemsys_r8,102,0.05,0.01685630004,9,5,21,0.9891838019,60,12,0.2,30,9,0.3
sens1_no_Pm_Tc,Y2:P_H_matched_Y2,chemsys_r9,100,0.05,0.01710132535,11,6,25,0.9792571307,59,9,0.1525423729,34,5,0.1470588235
sens1_no_Pm_Tc,Y2:P_H_matched_Y2,chemsys_r9,101,0.05,0.01710132535,2,2,27,0.9927415922,59,12,0.2033898305,34,7,0.2058823529
sens1_no_Pm_Tc,Y2:P_H_matched_Y2,chemsys_r9,102,0.05,0.01710132535,5,5,26,0.9878458919,59,11,0.186440678,34,5,0.1470588235
sens1_no_Pm_Tc,Y2:P_H_matched_Y2,random_r0,100,0.05,0.01674340728,1,1,23,0.9984785327,60,9,0.15,14,4,0.2857142857
sens1_no_Pm_Tc,Y2:P_H_matched_Y2,random_r0,101,0.05,0.01674340728,1,1,24,0.9981971655,60,10,0.1666666667,14,3,0.2142857143
sens1_no_Pm_Tc,Y2:P_H_matched_Y2,random_r0,102,0.05,0.01674340728,6,1,25,0.996425594,59,12,0.2033898305,14,5,0.3571428571
sens1_no_Pm_Tc,Y2:P_H_matched_Y2,random_r1,100,0.05,0.016985138,20,2,33,0.9854651163,60,16,0.2666666667,26,4,0.1538461538
sens1_no_Pm_Tc,Y2:P_H_matched_Y2,random_r1,101,0.05,0.016985138,19,1,32,0.9925581395,59,13,0.2203389831,25,5,0.2
sens1_no_Pm_Tc,Y2:P_H_matched_Y2,random_r1,102,0.05,0.016985138,16,4,25,0.9779915433,60,13,0.2166666667,26,4,0.1538461538
sens1_no_Pm_Tc,Y2:P_H_matched_Y2,random_r2,100,0.05,0.01683501684,12,6,26,0.9874266555,60,10,0.1666666667,34,6,0.1764705882
sens1_no_Pm_Tc,Y2:P_H_matched_Y2,random_r2,101,0.05,0.01683501684,4,1,25,0.9968252305,60,13,0.2166666667,34,10,0.2941176471
sens1_no_Pm_Tc,Y2:P_H_matched_Y2,random_r2,102,0.05,0.01683501684,1,1,19,0.9981873428,59,12,0.2033898305,33,8,0.2424242424
sens1_no_Pm_Tc,Y2:P_H_matched_Y2,random_r3,100,0.05,0.0169707255,6,2,19,0.9947084918,60,10,0.1666666667,21,2,0.09523809524
sens1_no_Pm_Tc,Y2:P_H_matched_Y2,random_r3,101,0.05,0.0169707255,12,1,31,0.9905682298,60,14,0.2333333333,21,7,0.3333333333
sens1_no_Pm_Tc,Y2:P_H_matched_Y2,random_r3,102,0.05,0.0169707255,9,3,19,0.9933882552,60,9,0.15,21,2,0.09523809524
sens1_no_Pm_Tc,Y2:P_H_matched_Y2,random_r4,100,0.05,0.01690617075,2,1,27,0.9963489057,60,11,0.1833333333,22,3,0.1363636364
sens1_no_Pm_Tc,Y2:P_H_matched_Y2,random_r4,101,0.05,0.01690617075,10,1,24,0.9953493266,59,10,0.1694915254,22,6,0.2727272727
sens1_no_Pm_Tc,Y2:P_H_matched_Y2,random_r4,102,0.05,0.01690617075,1,1,26,0.9975378788,60,14,0.2333333333,22,8,0.3636363636
sens1_no_Pm_Tc,Y2:P_H_matched_Y2,random_r5,100,0.05,0.01694915254,6,3,23,0.9858227848,60,9,0.15,19,3,0.1578947368
sens1_no_Pm_Tc,Y2:P_H_matched_Y2,random_r5,101,0.05,0.01694915254,26,12,18,0.9558649789,60,3,0.05,19,0,0
sens1_no_Pm_Tc,Y2:P_H_matched_Y2,random_r5,102,0.05,0.01694915254,5,2,18,0.9917510549,60,9,0.15,19,5,0.2631578947
sens1_no_Pm_Tc,Y2:P_H_matched_Y2,random_r6,100,0.05,0.01703577513,3,3,27,0.9973282443,58,11,0.1896551724,28,6,0.2142857143
sens1_no_Pm_Tc,Y2:P_H_matched_Y2,random_r6,101,0.05,0.01703577513,3,3,17,0.9962468193,59,8,0.1355932203,29,5,0.1724137931
sens1_no_Pm_Tc,Y2:P_H_matched_Y2,random_r6,102,0.05,0.01703577513,2,1,28,0.9960029686,58,7,0.1206896552,29,2,0.06896551724
sens1_no_Pm_Tc,Y2:P_H_matched_Y2,random_r7,100,0.05,0.01699957501,30,7,17,0.9722386796,60,3,0.05,17,0,0
sens1_no_Pm_Tc,Y2:P_H_matched_Y2,random_r7,101,0.05,0.01699957501,4,3,17,0.9955988151,60,6,0.1,17,2,0.1176470588
sens1_no_Pm_Tc,Y2:P_H_matched_Y2,random_r7,102,0.05,0.01699957501,6,3,20,0.9892192129,60,6,0.1,17,2,0.1176470588
sens1_no_Pm_Tc,Y2:P_H_matched_Y2,random_r8,100,0.05,0.01689902831,3,2,18,0.9973706353,60,11,0.1833333333,15,4,0.2666666667
sens1_no_Pm_Tc,Y2:P_H_matched_Y2,random_r8,101,0.05,0.01689902831,3,2,16,0.9995582667,60,10,0.1666666667,15,3,0.2
sens1_no_Pm_Tc,Y2:P_H_matched_Y2,random_r8,102,0.05,0.01689902831,7,2,21,0.9946886832,60,11,0.1833333333,15,3,0.2
sens1_no_Pm_Tc,Y2:P_H_matched_Y2,random_r9,100,0.05,0.016985138,4,2,23,0.9947357294,60,8,0.1333333333,22,5,0.2272727273
sens1_no_Pm_Tc,Y2:P_H_matched_Y2,random_r9,101,0.05,0.016985138,4,3,24,0.9963953488,59,8,0.1355932203,21,6,0.2857142857
sens1_no_Pm_Tc,Y2:P_H_matched_Y2,random_r9,102,0.05,0.016985138,2,1,24,0.9977061311,59,9,0.1525423729,22,7,0.3181818182
sens1_no_Pm_Tc,Y2:P_H_matched_Y2,chemsys_r0,100,0.1,0.01710132535,18,9,24,0.9749787143,59,6,0.1016949153,32,3,0.09375
sens1_no_Pm_Tc,Y2:P_H_matched_Y2,chemsys_r0,101,0.1,0.01710132535,5,2,31,0.9930928054,59,14,0.2372881356,32,11,0.34375
sens1_no_Pm_Tc,Y2:P_H_matched_Y2,chemsys_r0,102,0.1,0.01710132535,2,1,23,0.998957003,58,14,0.2413793103,31,12,0.3870967742
sens1_no_Pm_Tc,Y2:P_H_matched_Y2,chemsys_r1,100,0.1,0.01687763713,3,3,27,0.9931092437,60,12,0.2,17,2,0.1176470588
sens1_no_Pm_Tc,Y2:P_H_matched_Y2,chemsys_r1,101,0.1,0.01687763713,8,1,27,0.9933193277,60,14,0.2333333333,17,2,0.1176470588
sens1_no_Pm_Tc,Y2:P_H_matched_Y2,chemsys_r1,102,0.1,0.01687763713,8,8,20,0.9820903361,60,12,0.2,17,2,0.1176470588
sens1_no_Pm_Tc,Y2:P_H_matched_Y2,chemsys_r2,100,0.1,0.01696352841,3,2,19,0.9995565878,59,10,0.1694915254,31,7,0.2258064516
sens1_no_Pm_Tc,Y2:P_H_matched_Y2,chemsys_r2,101,0.1,0.01696352841,31,15,10,0.9628272804,60,2,0.03333333333,32,0,0
sens1_no_Pm_Tc,Y2:P_H_matched_Y2,chemsys_r2,102,0.1,0.01696352841,5,2,26,0.997191723,59,13,0.2203389831,32,7,0.21875
sens1_no_Pm_Tc,Y2:P_H_matched_Y2,chemsys_r3,100,0.1,0.01695633743,1,1,20,0.999577881,60,11,0.1833333333,31,5,0.1612903226
sens1_no_Pm_Tc,Y2:P_H_matched_Y2,chemsys_r3,101,0.1,0.01695633743,8,8,19,0.9766779232,60,10,0.1666666667,31,5,0.1612903226
sens1_no_Pm_Tc,Y2:P_H_matched_Y2,chemsys_r3,102,0.1,0.01695633743,13,3,26,0.9924757282,60,8,0.1333333333,31,4,0.1290322581
sens1_no_Pm_Tc,Y2:P_H_matched_Y2,chemsys_r4,100,0.1,0.01678556441,13,1,20,0.9923004597,60,7,0.1166666667,27,2,0.07407407407
sens1_no_Pm_Tc,Y2:P_H_matched_Y2,chemsys_r4,101,0.1,0.01678556441,8,8,20,0.9829711659,60,4,0.06666666667,27,1,0.03703703704
sens1_no_Pm_Tc,Y2:P_H_matched_Y2,chemsys_r4,102,0.1,0.01678556441,5,1,21,0.9979732553,59,6,0.1016949153,26,2,0.07692307692
sens1_no_Pm_Tc,Y2:P_H_matched_Y2,chemsys_r5,100,0.1,0.01677852349,2,2,22,0.995666249,60,8,0.1333333333,22,2,0.09090909091
sens1_no_Pm_Tc,Y2:P_H_matched_Y2,chemsys_r5,101,0.1,0.01677852349,5,3,21,0.9949456976,60,7,0.1166666667,22,1,0.04545454545
sens1_no_Pm_Tc,Y2:P_H_matched_Y2,chemsys_r5,102,0.1,0.01677852349,2,1,16,0.9998538012,59,10,0.1694915254,22,3,0.1363636364
sens1_no_Pm_Tc,Y2:P_H_matched_Y2,chemsys_r6,100,0.1,0.01685630004,3,2,27,0.9954993705,60,13,0.2166666667,35,7,0.2
sens1_no_Pm_Tc,Y2:P_H_matched_Y2,chemsys_r6,101,0.1,0.01685630004,5,1,21,0.9945132186,60,11,0.1833333333,35,5,0.1428571429
sens1_no_Pm_Tc,Y2:P_H_matched_Y2,chemsys_r6,102,0.1,0.01685630004,2,1,30,0.9958980277,60,10,0.1666666667,35,5,0.1428571429
sens1_no_Pm_Tc,Y2:P_H_matched_Y2,chemsys_r7,100,0.1,0.01727115717,2,2,22,0.9972592433,58,11,0.1896551724,21,5,0.2380952381
sens1_no_Pm_Tc,Y2:P_H_matched_Y2,chemsys_r7,101,0.1,0.01727115717,8,2,19,0.9923581255,59,6,0.1016949153,22,2,0.09090909091
sens1_no_Pm_Tc,Y2:P_H_matched_Y2,chemsys_r7,102,0.1,0.01727115717,14,1,21,0.9899828031,58,8,0.1379310345,21,2,0.09523809524
sens1_no_Pm_Tc,Y2:P_H_matched_Y2,chemsys_r8,100,0.1,0.01685630004,11,3,27,0.9870331515,60,8,0.1333333333,30,5,0.1666666667
sens1_no_Pm_Tc,Y2:P_H_matched_Y2,chemsys_r8,101,0.1,0.01685630004,7,1,23,0.9993285774,59,10,0.1694915254,29,6,0.2068965517
sens1_no_Pm_Tc,Y2:P_H_matched_Y2,chemsys_r8,102,0.1,0.01685630004,21,5,31,0.9856273605,60,6,0.1,30,3,0.1
sens1_no_Pm_Tc,Y2:P_H_matched_Y2,chemsys_r9,100,0.1,0.01710132535,12,6,27,0.97801192,59,8,0.1355932203,34,3,0.08823529412
sens1_no_Pm_Tc,Y2:P_H_matched_Y2,chemsys_r9,101,0.1,0.01710132535,2,2,26,0.9915815241,59,11,0.186440678,34,5,0.1470588235
sens1_no_Pm_Tc,Y2:P_H_matched_Y2,chemsys_r9,102,0.1,0.01710132535,4,3,28,0.9908258834,59,10,0.1694915254,34,4,0.1176470588
sens1_no_Pm_Tc,Y2:P_H_matched_Y2,random_r0,100,0.1,0.01674340728,1,1,24,0.9978011672,60,10,0.1666666667,14,4,0.2857142857
sens1_no_Pm_Tc,Y2:P_H_matched_Y2,random_r0,101,0.1,0.01674340728,1,1,25,0.9986661109,60,9,0.15,14,3,0.2142857143
sens1_no_Pm_Tc,Y2:P_H_matched_Y2,random_r0,102,0.1,0.01674340728,7,1,26,0.9966340142,59,9,0.1525423729,14,4,0.2857142857
sens1_no_Pm_Tc,Y2:P_H_matched_Y2,random_r1,100,0.1,0.016985138,8,4,25,0.98794926,60,16,0.2666666667,26,9,0.3461538462
sens1_no_Pm_Tc,Y2:P_H_matched_Y2,random_r1,101,0.1,0.016985138,19,1,33,0.9899471459,59,9,0.1525423729,25,1,0.04
sens1_no_Pm_Tc,Y2:P_H_matched_Y2,random_r1,102,0.1,0.016985138,15,2,31,0.98602537,60,14,0.2333333333,26,5,0.1923076923
sens1_no_Pm_Tc,Y2:P_H_matched_Y2,random_r2,100,0.1,0.01683501684,14,5,28,0.987992456,60,10,0.1666666667,34,4,0.1176470588
sens1_no_Pm_Tc,Y2:P_H_matched_Y2,random_r2,101,0.1,0.01683501684,6,2,24,0.9922988265,60,9,0.15,34,5,0.1470588235
sens1_no_Pm_Tc,Y2:P_H_matched_Y2,random_r2,102,0.1,0.01683501684,1,1,24,0.9972967309,59,14,0.2372881356,33,10,0.303030303
sens1_no_Pm_Tc,Y2:P_H_matched_Y2,random_r3,100,0.1,0.0169707255,6,2,23,0.9948880439,60,12,0.2,21,4,0.1904761905
sens1_no_Pm_Tc,Y2:P_H_matched_Y2,random_r3,101,0.1,0.0169707255,8,1,32,0.9958703,60,8,0.1333333333,21,2,0.09523809524
sens1_no_Pm_Tc,Y2:P_H_matched_Y2,random_r3,102,0.1,0.0169707255,8,3,20,0.9942543304,60,9,0.15,21,2,0.09523809524
sens1_no_Pm_Tc,Y2:P_H_matched_Y2,random_r4,100,0.1,0.01690617075,2,1,27,0.9957070707,60,13,0.2166666667,22,8,0.3636363636
sens1_no_Pm_Tc,Y2:P_H_matched_Y2,random_r4,101,0.1,0.01690617075,20,2,22,0.9892361111,59,4,0.06779661017,22,1,0.04545454545
sens1_no_Pm_Tc,Y2:P_H_matched_Y2,random_r4,102,0.1,0.01690617075,1,1,29,0.996875,60,13,0.2166666667,22,6,0.2727272727
sens1_no_Pm_Tc,Y2:P_H_matched_Y2,random_r5,100,0.1,0.01694915254,8,2,27,0.9892827004,60,8,0.1333333333,19,3,0.1578947368
sens1_no_Pm_Tc,Y2:P_H_matched_Y2,random_r5,101,0.1,0.01694915254,21,9,22,0.9686708861,60,5,0.08333333333,19,1,0.05263157895
sens1_no_Pm_Tc,Y2:P_H_matched_Y2,random_r5,102,0.1,0.01694915254,8,2,28,0.9910021097,60,8,0.1333333333,19,3,0.1578947368
sens1_no_Pm_Tc,Y2:P_H_matched_Y2,random_r6,100,0.1,0.01703577513,3,3,23,0.9979219678,58,6,0.1034482759,28,3,0.1071428571
sens1_no_Pm_Tc,Y2:P_H_matched_Y2,random_r6,101,0.1,0.01703577513,3,3,20,0.9965436811,59,8,0.1355932203,29,5,0.1724137931
sens1_no_Pm_Tc,Y2:P_H_matched_Y2,random_r6,102,0.1,0.01703577513,2,1,23,0.9988337574,58,8,0.1379310345,29,4,0.1379310345
sens1_no_Pm_Tc,Y2:P_H_matched_Y2,random_r7,100,0.1,0.01699957501,10,5,22,0.9834955565,60,7,0.1166666667,17,2,0.1176470588
sens1_no_Pm_Tc,Y2:P_H_matched_Y2,random_r7,101,0.1,0.01699957501,4,3,18,0.995694033,60,6,0.1,17,2,0.1176470588
sens1_no_Pm_Tc,Y2:P_H_matched_Y2,random_r7,102,0.1,0.01699957501,5,3,22,0.9902877698,60,7,0.1166666667,17,2,0.1176470588
sens1_no_Pm_Tc,Y2:P_H_matched_Y2,random_r8,100,0.1,0.01689902831,4,3,26,0.9944362642,60,11,0.1833333333,15,3,0.2
sens1_no_Pm_Tc,Y2:P_H_matched_Y2,random_r8,101,0.1,0.01689902831,3,2,17,0.9995372318,60,10,0.1666666667,15,3,0.2
sens1_no_Pm_Tc,Y2:P_H_matched_Y2,random_r8,102,0.1,0.01689902831,7,2,26,0.9942995372,60,12,0.2,15,3,0.2
sens1_no_Pm_Tc,Y2:P_H_matched_Y2,random_r9,100,0.1,0.016985138,4,2,27,0.994154334,60,9,0.15,22,6,0.2727272727
sens1_no_Pm_Tc,Y2:P_H_matched_Y2,random_r9,101,0.1,0.016985138,10,3,24,0.993615222,59,8,0.1355932203,21,6,0.2857142857
sens1_no_Pm_Tc,Y2:P_H_matched_Y2,random_r9,102,0.1,0.016985138,2,1,22,0.9978541226,59,8,0.1355932203,22,6,0.2727272727
sens1_no_Pm_Tc,Y2:P_H_matched_Y2,chemsys_r0,100,0.25,0.01710132535,12,5,25,0.9834716901,59,7,0.1186440678,32,5,0.15625
sens1_no_Pm_Tc,Y2:P_H_matched_Y2,chemsys_r0,101,0.25,0.01710132535,5,1,29,0.9951787995,59,12,0.2033898305,32,10,0.3125
sens1_no_Pm_Tc,Y2:P_H_matched_Y2,chemsys_r0,102,0.25,0.01710132535,2,1,26,0.998648361,58,14,0.2413793103,31,11,0.3548387097
sens1_no_Pm_Tc,Y2:P_H_matched_Y2,chemsys_r1,100,0.25,0.01687763713,4,1,31,0.9967331933,60,16,0.2666666667,17,2,0.1176470588
sens1_no_Pm_Tc,Y2:P_H_matched_Y2,chemsys_r1,101,0.25,0.01687763713,7,1,27,0.9945798319,60,14,0.2333333333,17,2,0.1176470588
sens1_no_Pm_Tc,Y2:P_H_matched_Y2,chemsys_r1,102,0.25,0.01687763713,10,6,25,0.9868382353,60,15,0.25,17,2,0.1176470588
sens1_no_Pm_Tc,Y2:P_H_matched_Y2,chemsys_r2,100,0.25,0.01696352841,4,2,18,0.9991026182,59,8,0.1355932203,31,5,0.1612903226
sens1_no_Pm_Tc,Y2:P_H_matched_Y2,chemsys_r2,101,0.25,0.01696352841,36,7,20,0.9807010135,60,0,0,32,0,0
sens1_no_Pm_Tc,Y2:P_H_matched_Y2,chemsys_r2,102,0.25,0.01696352841,17,2,28,0.9940456081,59,7,0.1186440678,32,2,0.0625
sens1_no_Pm_Tc,Y2:P_H_matched_Y2,chemsys_r3,100,0.25,0.01695633743,1,1,26,0.9991979738,60,8,0.1333333333,31,3,0.09677419355
sens1_no_Pm_Tc,Y2:P_H_matched_Y2,chemsys_r3,101,0.25,0.01695633743,9,9,26,0.9822498945,60,5,0.08333333333,31,1,0.03225806452
sens1_no_Pm_Tc,Y2:P_H_matched_Y2,chemsys_r3,102,0.25,0.01695633743,15,3,25,0.9906606163,60,6,0.1,31,2,0.06451612903
sens1_no_Pm_Tc,Y2:P_H_matched_Y2,chemsys_r4,100,0.25,0.01678556441,10,3,20,0.9909423318,60,6,0.1,27,1,0.03703703704
sens1_no_Pm_Tc,Y2:P_H_matched_Y2,chemsys_r4,101,0.25,0.01678556441,6,5,24,0.9926347681,60,5,0.08333333333,27,1,0.03703703704
sens1_no_Pm_Tc,Y2:P_H_matched_Y2,chemsys_r4,102,0.25,0.01678556441,5,1,23,0.9980150439,59,7,0.1186440678,26,2,0.07692307692
sens1_no_Pm_Tc,Y2:P_H_matched_Y2,chemsys_r5,100,0.25,0.01677852349,2,2,22,0.9954469507,60,8,0.1333333333,22,2,0.09090909091
sens1_no_Pm_Tc,Y2:P_H_matched_Y2,chemsys_r5,101,0.25,0.01677852349,5,2,21,0.996219716,60,7,0.1166666667,22,3,0.1363636364
sens1_no_Pm_Tc,Y2:P_H_matched_Y2,chemsys_r5,102,0.25,0.01677852349,5,1,19,0.9997180451,59,10,0.1694915254,22,4,0.1818181818
sens1_no_Pm_Tc,Y2:P_H_matched_Y2,chemsys_r6,100,0.25,0.01685630004,2,1,27,0.9968107428,60,11,0.1833333333,35,5,0.1428571429
sens1_no_Pm_Tc,Y2:P_H_matched_Y2,chemsys_r6,101,0.25,0.01685630004,14,1,26,0.9890579102,60,6,0.1,35,2,0.05714285714
sens1_no_Pm_Tc,Y2:P_H_matched_Y2,chemsys_r6,102,0.25,0.01685630004,2,1,29,0.9970835082,60,14,0.2333333333,35,7,0.2
sens1_no_Pm_Tc,Y2:P_H_matched_Y2,chemsys_r7,100,0.25,0.01727115717,1,1,26,0.998183577,58,8,0.1379310345,21,4,0.1904761905
sens1_no_Pm_Tc,Y2:P_H_matched_Y2,chemsys_r7,101,0.25,0.01727115717,5,3,24,0.9936263972,59,9,0.1525423729,22,5,0.2272727273
sens1_no_Pm_Tc,Y2:P_H_matched_Y2,chemsys_r7,102,0.25,0.01727115717,5,2,24,0.9956577816,58,10,0.1724137931,21,4,0.1904761905
sens1_no_Pm_Tc,Y2:P_H_matched_Y2,chemsys_r8,100,0.25,0.01685630004,41,3,10,0.9639215275,60,0,0,30,0,0
sens1_no_Pm_Tc,Y2:P_H_matched_Y2,chemsys_r8,101,0.25,0.01685630004,6,1,20,0.999506924,59,7,0.1186440678,29,4,0.1379310345
sens1_no_Pm_Tc,Y2:P_H_matched_Y2,chemsys_r8,102,0.25,0.01685630004,21,4,26,0.9872114981,60,6,0.1,30,3,0.1
sens1_no_Pm_Tc,Y2:P_H_matched_Y2,chemsys_r9,100,0.25,0.01710132535,11,6,26,0.9794806301,59,5,0.08474576271,34,1,0.02941176471
sens1_no_Pm_Tc,Y2:P_H_matched_Y2,chemsys_r9,101,0.25,0.01710132535,2,1,26,0.9968177948,59,9,0.1525423729,34,4,0.1176470588
sens1_no_Pm_Tc,Y2:P_H_matched_Y2,chemsys_r9,102,0.25,0.01710132535,2,1,27,0.9953703704,59,8,0.1355932203,34,3,0.08823529412
sens1_no_Pm_Tc,Y2:P_H_matched_Y2,random_r0,100,0.25,0.01674340728,1,1,26,0.9986661109,60,9,0.15,14,4,0.2857142857
sens1_no_Pm_Tc,Y2:P_H_matched_Y2,random_r0,101,0.25,0.01674340728,1,1,27,0.9985723218,60,10,0.1666666667,14,4,0.2857142857
sens1_no_Pm_Tc,Y2:P_H_matched_Y2,random_r0,102,0.25,0.01674340728,3,1,28,0.9971238016,59,13,0.2203389831,14,5,0.3571428571
sens1_no_Pm_Tc,Y2:P_H_matched_Y2,random_r1,100,0.25,0.016985138,8,5,28,0.9851479915,60,7,0.1166666667,26,0,0
sens1_no_Pm_Tc,Y2:P_H_matched_Y2,random_r1,101,0.25,0.016985138,3,3,31,0.9963002114,59,15,0.2542372881,25,6,0.24
sens1_no_Pm_Tc,Y2:P_H_matched_Y2,random_r1,102,0.25,0.016985138,10,2,30,0.9873361522,60,9,0.15,26,0,0
sens1_no_Pm_Tc,Y2:P_H_matched_Y2,random_r2,100,0.25,0.01683501684,5,5,25,0.9880972339,60,7,0.1166666667,34,3,0.08823529412
sens1_no_Pm_Tc,Y2:P_H_matched_Y2,random_r2,101,0.25,0.01683501684,5,2,23,0.9922359598,60,6,0.1,34,3,0.08823529412
sens1_no_Pm_Tc,Y2:P_H_matched_Y2,random_r2,102,0.25,0.01683501684,1,1,22,0.9959346186,59,8,0.1355932203,33,3,0.09090909091
sens1_no_Pm_Tc,Y2:P_H_matched_Y2,random_r3,100,0.25,0.0169707255,10,2,22,0.9919095902,60,9,0.15,21,2,0.09523809524
sens1_no_Pm_Tc,Y2:P_H_matched_Y2,random_r3,101,0.25,0.0169707255,8,1,33,0.9967680608,60,6,0.1,21,0,0
sens1_no_Pm_Tc,Y2:P_H_matched_Y2,random_r3,102,0.25,0.0169707255,18,5,25,0.9900295733,60,6,0.1,21,0,0
sens1_no_Pm_Tc,Y2:P_H_matched_Y2,random_r4,100,0.25,0.01690617075,2,1,26,0.9968329125,60,12,0.2,22,5,0.2272727273
sens1_no_Pm_Tc,Y2:P_H_matched_Y2,random_r4,101,0.25,0.01690617075,13,2,25,0.9912247475,59,6,0.1016949153,22,1,0.04545454545
sens1_no_Pm_Tc,Y2:P_H_matched_Y2,random_r4,102,0.25,0.01690617075,1,1,30,0.9968434343,60,11,0.1833333333,22,3,0.1363636364
sens1_no_Pm_Tc,Y2:P_H_matched_Y2,random_r5,100,0.25,0.01694915254,10,2,23,0.9902109705,60,8,0.1333333333,19,3,0.1578947368
sens1_no_Pm_Tc,Y2:P_H_matched_Y2,random_r5,101,0.25,0.01694915254,13,4,26,0.9785021097,60,6,0.1,19,2,0.1052631579
sens1_no_Pm_Tc,Y2:P_H_matched_Y2,random_r5,102,0.25,0.01694915254,6,1,22,0.9959704641,60,8,0.1333333333,19,3,0.1578947368
sens1_no_Pm_Tc,Y2:P_H_matched_Y2,random_r6,100,0.25,0.01703577513,2,2,23,0.9985368957,58,6,0.1034482759,28,3,0.1071428571
sens1_no_Pm_Tc,Y2:P_H_matched_Y2,random_r6,101,0.25,0.01703577513,3,3,23,0.995557676,59,9,0.1525423729,29,5,0.1724137931
sens1_no_Pm_Tc,Y2:P_H_matched_Y2,random_r6,102,0.25,0.01703577513,1,1,24,0.998812553,58,7,0.1206896552,29,4,0.1379310345
sens1_no_Pm_Tc,Y2:P_H_matched_Y2,random_r7,100,0.25,0.01699957501,7,5,19,0.9886373254,60,6,0.1,17,3,0.1764705882
sens1_no_Pm_Tc,Y2:P_H_matched_Y2,random_r7,101,0.25,0.01699957501,4,3,19,0.9956093948,60,7,0.1166666667,17,2,0.1176470588
sens1_no_Pm_Tc,Y2:P_H_matched_Y2,random_r7,102,0.25,0.01699957501,5,3,23,0.9902454507,60,7,0.1166666667,17,2,0.1176470588
sens1_no_Pm_Tc,Y2:P_H_matched_Y2,random_r8,100,0.25,0.01689902831,3,3,21,0.9965502735,60,13,0.2166666667,15,4,0.2666666667
sens1_no_Pm_Tc,Y2:P_H_matched_Y2,random_r8,101,0.25,0.01689902831,3,2,22,0.9990323938,60,13,0.2166666667,15,5,0.3333333333
sens1_no_Pm_Tc,Y2:P_H_matched_Y2,random_r8,102,0.25,0.01689902831,6,2,24,0.9947412705,60,13,0.2166666667,15,4,0.2666666667
sens1_no_Pm_Tc,Y2:P_H_matched_Y2,random_r9,100,0.25,0.016985138,5,2,28,0.9923044397,60,9,0.15,22,5,0.2272727273
sens1_no_Pm_Tc,Y2:P_H_matched_Y2,random_r9,101,0.25,0.016985138,14,3,25,0.9921035941,59,9,0.1525423729,21,6,0.2857142857
sens1_no_Pm_Tc,Y2:P_H_matched_Y2,random_r9,102,0.25,0.016985138,2,1,26,0.9977378436,59,8,0.1355932203,22,5,0.2272727273
sens1_no_Pm_Tc,Y2:P_H_matched_Y2,chemsys_r0,100,0.5,0.01710132535,14,4,21,0.9760855683,59,2,0.03389830508,32,0,0
sens1_no_Pm_Tc,Y2:P_H_matched_Y2,chemsys_r0,101,0.5,0.01710132535,5,1,25,0.9956577267,59,8,0.1355932203,32,6,0.1875
sens1_no_Pm_Tc,Y2:P_H_matched_Y2,chemsys_r0,102,0.5,0.01710132535,2,1,27,0.9975521499,58,8,0.1379310345,31,6,0.1935483871
sens1_no_Pm_Tc,Y2:P_H_matched_Y2,chemsys_r1,100,0.5,0.01687763713,2,2,28,0.9964180672,60,15,0.25,17,2,0.1176470588
sens1_no_Pm_Tc,Y2:P_H_matched_Y2,chemsys_r1,101,0.5,0.01687763713,9,1,28,0.9931512605,60,14,0.2333333333,17,2,0.1176470588
sens1_no_Pm_Tc,Y2:P_H_matched_Y2,chemsys_r1,102,0.5,0.01687763713,12,6,26,0.9858508403,60,13,0.2166666667,17,1,0.05882352941
sens1_no_Pm_Tc,Y2:P_H_matched_Y2,chemsys_r2,100,0.5,0.01696352841,3,1,17,0.9993032095,59,7,0.1186440678,31,3,0.09677419355
sens1_no_Pm_Tc,Y2:P_H_matched_Y2,chemsys_r2,101,0.5,0.01696352841,33,7,21,0.9791068412,60,0,0,32,0,0
sens1_no_Pm_Tc,Y2:P_H_matched_Y2,chemsys_r2,102,0.5,0.01696352841,35,2,22,0.9894742399,59,0,0,32,0,0
sens1_no_Pm_Tc,Y2:P_H_matched_Y2,chemsys_r3,100,0.5,0.01695633743,3,3,27,0.9959371043,60,7,0.1166666667,31,1,0.03225806452
sens1_no_Pm_Tc,Y2:P_H_matched_Y2,chemsys_r3,101,0.5,0.01695633743,17,7,26,0.983790629,60,2,0.03333333333,31,0,0
sens1_no_Pm_Tc,Y2:P_H_matched_Y2,chemsys_r3,102,0.5,0.01695633743,9,4,24,0.9940797805,60,6,0.1,31,1,0.03225806452
sens1_no_Pm_Tc,Y2:P_H_matched_Y2,chemsys_r4,100,0.5,0.01678556441,10,4,22,0.9904722106,60,5,0.08333333333,27,1,0.03703703704
sens1_no_Pm_Tc,Y2:P_H_matched_Y2,chemsys_r4,101,0.5,0.01678556441,4,3,21,0.9956017551,60,3,0.05,27,0,0
sens1_no_Pm_Tc,Y2:P_H_matched_Y2,chemsys_r4,102,0.5,0.01678556441,7,1,28,0.9968554116,59,5,0.08474576271,26,1,0.03846153846
sens1_no_Pm_Tc,Y2:P_H_matched_Y2,chemsys_r5,100,0.5,0.01677852349,17,9,21,0.9766290727,60,5,0.08333333333,22,0,0
sens1_no_Pm_Tc,Y2:P_H_matched_Y2,chemsys_r5,101,0.5,0.01677852349,8,2,21,0.9953216374,60,9,0.15,22,2,0.09090909091
sens1_no_Pm_Tc,Y2:P_H_matched_Y2,chemsys_r5,102,0.5,0.01677852349,5,1,19,0.9996553885,59,9,0.1525423729,22,2,0.09090909091
sens1_no_Pm_Tc,Y2:P_H_matched_Y2,chemsys_r6,100,0.5,0.01685630004,3,1,30,0.9958980277,60,12,0.2,35,4,0.1142857143
sens1_no_Pm_Tc,Y2:P_H_matched_Y2,chemsys_r6,101,0.5,0.01685630004,16,1,20,0.9873268989,60,6,0.1,35,0,0
sens1_no_Pm_Tc,Y2:P_H_matched_Y2,chemsys_r6,102,0.5,0.01685630004,2,1,26,0.9973982375,60,10,0.1666666667,35,2,0.05714285714
sens1_no_Pm_Tc,Y2:P_H_matched_Y2,chemsys_r7,100,0.5,0.01727115717,1,1,24,0.9979578676,58,6,0.1034482759,21,2,0.09523809524
sens1_no_Pm_Tc,Y2:P_H_matched_Y2,chemsys_r7,101,0.5,0.01727115717,8,5,27,0.9896281169,59,6,0.1016949153,22,2,0.09090909091
sens1_no_Pm_Tc,Y2:P_H_matched_Y2,chemsys_r7,102,0.5,0.01727115717,7,2,30,0.993744626,58,7,0.1206896552,21,3,0.1428571429
sens1_no_Pm_Tc,Y2:P_H_matched_Y2,chemsys_r8,100,0.5,0.01685630004,34,2,22,0.9846936634,60,0,0,30,0,0
sens1_no_Pm_Tc,Y2:P_H_matched_Y2,chemsys_r8,101,0.5,0.01685630004,8,1,23,0.9993180864,59,6,0.1016949153,29,2,0.06896551724
sens1_no_Pm_Tc,Y2:P_H_matched_Y2,chemsys_r8,102,0.5,0.01685630004,38,1,21,0.9804553084,60,0,0,30,0,0
sens1_no_Pm_Tc,Y2:P_H_matched_Y2,chemsys_r9,100,0.5,0.01710132535,11,4,23,0.9814921243,59,1,0.01694915254,34,0,0
sens1_no_Pm_Tc,Y2:P_H_matched_Y2,chemsys_r9,101,0.5,0.01710132535,2,1,25,0.9963601533,59,7,0.1186440678,34,2,0.05882352941
sens1_no_Pm_Tc,Y2:P_H_matched_Y2,chemsys_r9,102,0.5,0.01710132535,2,1,26,0.996743295,59,8,0.1355932203,34,3,0.08823529412
sens1_no_Pm_Tc,Y2:P_H_matched_Y2,random_r0,100,0.5,0.01674340728,1,1,27,0.997592747,60,8,0.1333333333,14,2,0.1428571429
sens1_no_Pm_Tc,Y2:P_H_matched_Y2,random_r0,101,0.5,0.01674340728,1,1,27,0.9975406419,60,8,0.1333333333,14,2,0.1428571429
sens1_no_Pm_Tc,Y2:P_H_matched_Y2,random_r0,102,0.5,0.01674340728,1,1,31,0.9972592747,59,11,0.186440678,14,2,0.1428571429
sens1_no_Pm_Tc,Y2:P_H_matched_Y2,random_r1,100,0.5,0.016985138,24,4,20,0.9808562368,60,0,0,26,0,0
sens1_no_Pm_Tc,Y2:P_H_matched_Y2,random_r1,101,0.5,0.016985138,13,1,24,0.98897463,59,4,0.06779661017,25,0,0
sens1_no_Pm_Tc,Y2:P_H_matched_Y2,random_r1,102,0.5,0.016985138,28,1,21,0.981205074,60,0,0,26,0,0
sens1_no_Pm_Tc,Y2:P_H_matched_Y2,random_r2,100,0.5,0.01683501684,4,4,24,0.9887468567,60,3,0.05,34,0,0
sens1_no_Pm_Tc,Y2:P_H_matched_Y2,random_r2,101,0.5,0.01683501684,5,2,24,0.9919006706,60,3,0.05,34,0,0
sens1_no_Pm_Tc,Y2:P_H_matched_Y2,random_r2,102,0.5,0.01683501684,1,1,24,0.9943000838,59,3,0.05084745763,33,0,0
sens1_no_Pm_Tc,Y2:P_H_matched_Y2,random_r3,100,0.5,0.0169707255,6,2,24,0.993895226,60,7,0.1166666667,21,0,0
sens1_no_Pm_Tc,Y2:P_H_matched_Y2,random_r3,101,0.5,0.0169707255,11,1,30,0.9958808619,60,5,0.08333333333,21,0,0
sens1_no_Pm_Tc,Y2:P_H_matched_Y2,random_r3,102,0.5,0.0169707255,6,4,27,0.993409379,60,7,0.1166666667,21,0,0
sens1_no_Pm_Tc,Y2:P_H_matched_Y2,random_r4,100,0.5,0.01690617075,2,1,31,0.9955071549,60,8,0.1333333333,22,0,0
sens1_no_Pm_Tc,Y2:P_H_matched_Y2,random_r4,101,0.5,0.01690617075,7,2,27,0.9954545455,59,7,0.1186440678,22,0,0
sens1_no_Pm_Tc,Y2:P_H_matched_Y2,random_r4,102,0.5,0.01690617075,1,1,27,0.9966961279,60,7,0.1166666667,22,0,0
sens1_no_Pm_Tc,Y2:P_H_matched_Y2,random_r5,100,0.5,0.01694915254,4,1,28,0.9947468354,60,7,0.1166666667,19,2,0.1052631579
sens1_no_Pm_Tc,Y2:P_H_matched_Y2,random_r5,101,0.5,0.01694915254,16,4,25,0.9770886076,60,3,0.05,19,0,0
sens1_no_Pm_Tc,Y2:P_H_matched_Y2,random_r5,102,0.5,0.01694915254,6,1,25,0.995221519,60,6,0.1,19,2,0.1052631579
sens1_no_Pm_Tc,Y2:P_H_matched_Y2,random_r6,100,0.5,0.01703577513,2,2,24,0.9981552163,58,5,0.08620689655,28,2,0.07142857143
sens1_no_Pm_Tc,Y2:P_H_matched_Y2,random_r6,101,0.5,0.01703577513,3,3,26,0.9949957591,59,6,0.1016949153,29,2,0.06896551724
sens1_no_Pm_Tc,Y2:P_H_matched_Y2,random_r6,102,0.5,0.01703577513,1,1,22,0.9985793045,58,4,0.06896551724,29,1,0.03448275862
sens1_no_Pm_Tc,Y2:P_H_matched_Y2,random_r7,100,0.5,0.01699957501,9,9,25,0.9773487093,60,6,0.1,17,1,0.05882352941
sens1_no_Pm_Tc,Y2:P_H_matched_Y2,random_r7,101,0.5,0.01699957501,4,3,24,0.9953554803,60,7,0.1166666667,17,2,0.1176470588
sens1_no_Pm_Tc,Y2:P_H_matched_Y2,random_r7,102,0.5,0.01699957501,4,3,30,0.9885738468,60,3,0.05,17,0,0
sens1_no_Pm_Tc,Y2:P_H_matched_Y2,random_r8,100,0.5,0.01689902831,2,2,24,0.9977071939,60,9,0.15,15,0,0
sens1_no_Pm_Tc,Y2:P_H_matched_Y2,random_r8,101,0.5,0.01689902831,3,3,24,0.9978754733,60,11,0.1833333333,15,2,0.1333333333
sens1_no_Pm_Tc,Y2:P_H_matched_Y2,random_r8,102,0.5,0.01689902831,1,1,23,0.9989061843,60,12,0.2,15,2,0.1333333333
sens1_no_Pm_Tc,Y2:P_H_matched_Y2,random_r9,100,0.5,0.016985138,4,2,24,0.9921564482,60,3,0.05,22,0,0
sens1_no_Pm_Tc,Y2:P_H_matched_Y2,random_r9,101,0.5,0.016985138,9,2,24,0.9919344609,59,3,0.05084745763,21,0,0
sens1_no_Pm_Tc,Y2:P_H_matched_Y2,random_r9,102,0.5,0.016985138,3,1,27,0.9959936575,59,2,0.03389830508,22,1,0.04545454545
sens1_no_Pm_Tc,Y2:P_H_matched_Y2,chemsys_r0,100,0.75,0.01710132535,13,4,26,0.9841209025,59,2,0.03389830508,32,0,0
sens1_no_Pm_Tc,Y2:P_H_matched_Y2,chemsys_r0,101,0.75,0.01710132535,8,1,26,0.9936036611,59,2,0.03389830508,32,0,0
sens1_no_Pm_Tc,Y2:P_H_matched_Y2,chemsys_r0,102,0.75,0.01710132535,3,1,24,0.9972647935,58,1,0.01724137931,31,0,0
sens1_no_Pm_Tc,Y2:P_H_matched_Y2,chemsys_r1,100,0.75,0.01687763713,2,1,28,0.9971953782,60,9,0.15,17,0,0
sens1_no_Pm_Tc,Y2:P_H_matched_Y2,chemsys_r1,101,0.75,0.01687763713,7,1,28,0.9945063025,60,10,0.1666666667,17,0,0
sens1_no_Pm_Tc,Y2:P_H_matched_Y2,chemsys_r1,102,0.75,0.01687763713,4,4,28,0.9914390756,60,11,0.1833333333,17,0,0
sens1_no_Pm_Tc,Y2:P_H_matched_Y2,chemsys_r2,100,0.75,0.01696352841,5,1,18,0.998902027,59,3,0.05084745763,31,0,0
sens1_no_Pm_Tc,Y2:P_H_matched_Y2,chemsys_r2,101,0.75,0.01696352841,33,3,22,0.9838576858,60,0,0,32,0,0
sens1_no_Pm_Tc,Y2:P_H_matched_Y2,chemsys_r2,102,0.75,0.01696352841,41,2,19,0.988597973,59,0,0,32,0,0
sens1_no_Pm_Tc,Y2:P_H_matched_Y2,chemsys_r3,100,0.75,0.01695633743,12,2,24,0.9934571549,60,1,0.01666666667,31,0,0
sens1_no_Pm_Tc,Y2:P_H_matched_Y2,chemsys_r3,101,0.75,0.01695633743,13,2,23,0.9932038835,60,1,0.01666666667,31,0,0
sens1_no_Pm_Tc,Y2:P_H_matched_Y2,chemsys_r3,102,0.75,0.01695633743,15,2,27,0.9930666948,60,2,0.03333333333,31,0,0
sens1_no_Pm_Tc,Y2:P_H_matched_Y2,chemsys_r4,100,0.75,0.01678556441,8,1,24,0.9957166736,60,2,0.03333333333,27,0,0
sens1_no_Pm_Tc,Y2:P_H_matched_Y2,chemsys_r4,101,0.75,0.01678556441,6,2,22,0.9939302131,60,2,0.03333333333,27,0,0
sens1_no_Pm_Tc,Y2:P_H_matched_Y2,chemsys_r4,102,0.75,0.01678556441,6,1,23,0.9973255328,59,3,0.05084745763,26,0,0
sens1_no_Pm_Tc,Y2:P_H_matched_Y2,chemsys_r5,100,0.75,0.01677852349,18,9,22,0.9794172932,60,4,0.06666666667,22,0,0
sens1_no_Pm_Tc,Y2:P_H_matched_Y2,chemsys_r5,101,0.75,0.01677852349,9,2,25,0.9945802005,60,4,0.06666666667,22,0,0
sens1_no_Pm_Tc,Y2:P_H_matched_Y2,chemsys_r5,102,0.75,0.01677852349,6,1,19,0.999540518,59,7,0.1186440678,22,0,0
sens1_no_Pm_Tc,Y2:P_H_matched_Y2,chemsys_r6,100,0.75,0.01685630004,6,2,25,0.9943873269,60,5,0.08333333333,35,0,0
sens1_no_Pm_Tc,Y2:P_H_matched_Y2,chemsys_r6,101,0.75,0.01685630004,22,1,15,0.9824381032,60,1,0.01666666667,35,0,0
sens1_no_Pm_Tc,Y2:P_H_matched_Y2,chemsys_r6,102,0.75,0.01685630004,2,1,25,0.9980067142,60,6,0.1,35,0,0
sens1_no_Pm_Tc,Y2:P_H_matched_Y2,chemsys_r7,100,0.75,0.01727115717,1,1,26,0.997699914,58,3,0.05172413793,21,0,0
sens1_no_Pm_Tc,Y2:P_H_matched_Y2,chemsys_r7,101,0.75,0.01727115717,4,4,25,0.993088994,59,4,0.06779661017,22,0,0
sens1_no_Pm_Tc,Y2:P_H_matched_Y2,chemsys_r7,102,0.75,0.01727115717,7,2,24,0.9938736028,58,4,0.06896551724,21,0,0
sens1_no_Pm_Tc,Y2:P_H_matched_Y2,chemsys_r8,100,0.75,0.01685630004,22,2,28,0.9901384809,60,1,0.01666666667,30,0,0
sens1_no_Pm_Tc,Y2:P_H_matched_Y2,chemsys_r8,101,0.75,0.01685630004,10,1,23,0.9991921947,59,3,0.05084745763,29,0,0
sens1_no_Pm_Tc,Y2:P_H_matched_Y2,chemsys_r8,102,0.75,0.01685630004,33,1,23,0.9812945867,60,0,0,30,0,0
sens1_no_Pm_Tc,Y2:P_H_matched_Y2,chemsys_r9,100,0.75,0.01710132535,6,3,22,0.9864303959,59,0,0,34,0,0
sens1_no_Pm_Tc,Y2:P_H_matched_Y2,chemsys_r9,101,0.75,0.01710132535,2,1,24,0.9960408685,59,3,0.05084745763,34,0,0
sens1_no_Pm_Tc,Y2:P_H_matched_Y2,chemsys_r9,102,0.75,0.01710132535,2,1,26,0.9953384419,59,3,0.05084745763,34,0,0
sens1_no_Pm_Tc,Y2:P_H_matched_Y2,random_r0,100,0.75,0.01674340728,1,1,27,0.9976865361,60,7,0.1166666667,14,0,0
sens1_no_Pm_Tc,Y2:P_H_matched_Y2,random_r0,101,0.75,0.01674340728,1,1,29,0.997603168,60,8,0.1333333333,14,0,0
sens1_no_Pm_Tc,Y2:P_H_matched_Y2,random_r0,102,0.75,0.01674340728,1,1,29,0.9974155898,59,7,0.1186440678,14,0,0
sens1_no_Pm_Tc,Y2:P_H_matched_Y2,random_r1,100,0.75,0.016985138,17,3,23,0.985243129,60,0,0,26,0,0
sens1_no_Pm_Tc,Y2:P_H_matched_Y2,random_r1,101,0.75,0.016985138,1,1,29,0.9978012685,59,6,0.1016949153,25,0,0
sens1_no_Pm_Tc,Y2:P_H_matched_Y2,random_r1,102,0.75,0.016985138,8,1,28,0.992832981,60,6,0.1,26,0,0
sens1_no_Pm_Tc,Y2:P_H_matched_Y2,random_r2,100,0.75,0.01683501684,3,3,22,0.9902661358,60,1,0.01666666667,34,0,0
sens1_no_Pm_Tc,Y2:P_H_matched_Y2,random_r2,101,0.75,0.01683501684,10,2,22,0.9911253143,60,1,0.01666666667,34,0,0
sens1_no_Pm_Tc,Y2:P_H_matched_Y2,random_r2,102,0.75,0.01683501684,1,1,21,0.994142917,59,1,0.01694915254,33,0,0
sens1_no_Pm_Tc,Y2:P_H_matched_Y2,random_r3,100,0.75,0.0169707255,6,1,28,0.9942120828,60,6,0.1,21,0,0
sens1_no_Pm_Tc,Y2:P_H_matched_Y2,random_r3,101,0.75,0.0169707255,5,1,27,0.9948246726,60,6,0.1,21,0,0
sens1_no_Pm_Tc,Y2:P_H_matched_Y2,random_r3,102,0.75,0.0169707255,8,3,25,0.992321504,60,3,0.05,21,0,0
sens1_no_Pm_Tc,Y2:P_H_matched_Y2,random_r4,100,0.75,0.01690617075,1,1,28,0.9965382997,60,4,0.06666666667,22,0,0
sens1_no_Pm_Tc,Y2:P_H_matched_Y2,random_r4,101,0.75,0.01690617075,5,2,28,0.9942550505,59,4,0.06779661017,22,0,0
sens1_no_Pm_Tc,Y2:P_H_matched_Y2,random_r4,102,0.75,0.01690617075,1,1,28,0.9958964646,60,5,0.08333333333,22,0,0
sens1_no_Pm_Tc,Y2:P_H_matched_Y2,random_r5,100,0.75,0.01694915254,5,2,24,0.9940611814,60,3,0.05,19,0,0
sens1_no_Pm_Tc,Y2:P_H_matched_Y2,random_r5,101,0.75,0.01694915254,11,3,25,0.9899472574,60,2,0.03333333333,19,0,0
sens1_no_Pm_Tc,Y2:P_H_matched_Y2,random_r5,102,0.75,0.01694915254,5,1,27,0.9954219409,60,4,0.06666666667,19,0,0
sens1_no_Pm_Tc,Y2:P_H_matched_Y2,random_r6,100,0.75,0.01703577513,2,2,24,0.9974236641,58,3,0.05172413793,28,0,0
sens1_no_Pm_Tc,Y2:P_H_matched_Y2,random_r6,101,0.75,0.01703577513,3,3,21,0.9951865988,59,3,0.05084745763,29,1,0.03448275862
sens1_no_Pm_Tc,Y2:P_H_matched_Y2,random_r6,102,0.75,0.01703577513,1,1,22,0.9984838846,58,3,0.05172413793,29,0,0
sens1_no_Pm_Tc,Y2:P_H_matched_Y2,random_r7,100,0.75,0.01699957501,4,4,24,0.9877803639,60,4,0.06666666667,17,0,0
sens1_no_Pm_Tc,Y2:P_H_matched_Y2,random_r7,101,0.75,0.01699957501,5,4,25,0.9936732967,60,3,0.05,17,0,0
sens1_no_Pm_Tc,Y2:P_H_matched_Y2,random_r7,102,0.75,0.01699957501,9,2,26,0.9878755819,60,4,0.06666666667,17,0,0
sens1_no_Pm_Tc,Y2:P_H_matched_Y2,random_r8,100,0.75,0.01689902831,2,2,26,0.9972023559,60,7,0.1166666667,15,0,0
sens1_no_Pm_Tc,Y2:P_H_matched_Y2,random_r8,101,0.75,0.01689902831,3,3,23,0.9975073622,60,8,0.1333333333,15,0,0
sens1_no_Pm_Tc,Y2:P_H_matched_Y2,random_r8,102,0.75,0.01689902831,1,1,23,0.9986958351,60,7,0.1166666667,15,0,0
sens1_no_Pm_Tc,Y2:P_H_matched_Y2,random_r9,100,0.75,0.016985138,8,2,27,0.9915116279,60,2,0.03333333333,22,0,0
sens1_no_Pm_Tc,Y2:P_H_matched_Y2,random_r9,101,0.75,0.016985138,5,1,29,0.9947145877,59,3,0.05084745763,21,0,0
sens1_no_Pm_Tc,Y2:P_H_matched_Y2,random_r9,102,0.75,0.016985138,3,1,29,0.995422833,59,1,0.01694915254,22,0,0
sens1_no_Pm_Tc,Y2:P_H_matched_Y2,chemsys_r0,100,1,0.01710132535,9,3,17,0.9886760324,59,0,0,32,0,0
sens1_no_Pm_Tc,Y2:P_H_matched_Y2,chemsys_r0,101,1,0.01710132535,9,3,17,0.9886760324,59,0,0,32,0,0
sens1_no_Pm_Tc,Y2:P_H_matched_Y2,chemsys_r0,102,1,0.01710132535,9,3,17,0.9970200085,58,0,0,31,0,0
sens1_no_Pm_Tc,Y2:P_H_matched_Y2,chemsys_r1,100,1,0.01687763713,6,3,20,0.9884243697,60,0,0,17,0,0
sens1_no_Pm_Tc,Y2:P_H_matched_Y2,chemsys_r1,101,1,0.01687763713,6,3,20,0.9904306723,60,0,0,17,0,0
sens1_no_Pm_Tc,Y2:P_H_matched_Y2,chemsys_r1,102,1,0.01687763713,6,3,20,0.9884243697,60,0,0,17,0,0
sens1_no_Pm_Tc,Y2:P_H_matched_Y2,chemsys_r2,100,1,0.01696352841,41,3,13,0.9911317568,59,0,0,31,0,0
sens1_no_Pm_Tc,Y2:P_H_matched_Y2,chemsys_r2,101,1,0.01696352841,41,3,13,0.9788956926,60,0,0,32,0,0
sens1_no_Pm_Tc,Y2:P_H_matched_Y2,chemsys_r2,102,1,0.01696352841,41,3,12,0.988597973,59,0,0,32,0,0
sens1_no_Pm_Tc,Y2:P_H_matched_Y2,chemsys_r3,100,1,0.01695633743,41,6,12,0.9766146053,60,0,0,31,0,0
sens1_no_Pm_Tc,Y2:P_H_matched_Y2,chemsys_r3,101,1,0.01695633743,41,6,12,0.9759181089,60,0,0,31,0,0
sens1_no_Pm_Tc,Y2:P_H_matched_Y2,chemsys_r3,102,1,0.01695633743,41,5,12,0.982017729,60,0,0,31,0,0
sens1_no_Pm_Tc,Y2:P_H_matched_Y2,chemsys_r4,100,1,0.01678556441,10,2,17,0.9898871709,60,0,0,27,0,0
sens1_no_Pm_Tc,Y2:P_H_matched_Y2,chemsys_r4,101,1,0.01678556441,10,2,16,0.9895319682,60,0,0,27,0,0
sens1_no_Pm_Tc,Y2:P_H_matched_Y2,chemsys_r4,102,1,0.01678556441,10,2,16,0.9920497284,59,0,0,26,0,0
sens1_no_Pm_Tc,Y2:P_H_matched_Y2,chemsys_r5,100,1,0.01677852349,41,2,14,0.9843045113,60,0,0,22,0,0
sens1_no_Pm_Tc,Y2:P_H_matched_Y2,chemsys_r5,101,1,0.01677852349,41,2,16,0.9845551378,60,0,0,22,0,0
sens1_no_Pm_Tc,Y2:P_H_matched_Y2,chemsys_r5,102,1,0.01677852349,41,2,15,0.9983291562,59,0,0,22,0,0
sens1_no_Pm_Tc,Y2:P_H_matched_Y2,chemsys_r6,100,1,0.01685630004,33,2,14,0.9818715904,60,0,0,35,0,0
sens1_no_Pm_Tc,Y2:P_H_matched_Y2,chemsys_r6,101,1,0.01685630004,32,2,14,0.9818296265,60,0,0,35,0,0
sens1_no_Pm_Tc,Y2:P_H_matched_Y2,chemsys_r6,102,1,0.01685630004,31,2,13,0.9827108687,60,0,0,35,0,0
sens1_no_Pm_Tc,Y2:P_H_matched_Y2,chemsys_r7,100,1,0.01727115717,8,1,21,0.9916595013,58,0,0,21,0,0
sens1_no_Pm_Tc,Y2:P_H_matched_Y2,chemsys_r7,101,1,0.01727115717,8,1,21,0.9916595013,59,0,0,22,0,0
sens1_no_Pm_Tc,Y2:P_H_matched_Y2,chemsys_r7,102,1,0.01727115717,8,1,21,0.9916595013,58,0,0,21,0,0
sens1_no_Pm_Tc,Y2:P_H_matched_Y2,chemsys_r8,100,1,0.01685630004,41,4,14,0.9846831725,60,0,0,30,0,0
sens1_no_Pm_Tc,Y2:P_H_matched_Y2,chemsys_r8,101,1,0.01685630004,41,4,15,0.9987410827,59,0,0,29,0,0
sens1_no_Pm_Tc,Y2:P_H_matched_Y2,chemsys_r8,102,1,0.01685630004,41,4,15,0.983497692,60,0,0,30,0,0
sens1_no_Pm_Tc,Y2:P_H_matched_Y2,chemsys_r9,100,1,0.01710132535,8,3,14,0.9868135377,59,0,0,34,0,0
sens1_no_Pm_Tc,Y2:P_H_matched_Y2,chemsys_r9,101,1,0.01710132535,8,3,14,0.9868135377,59,0,0,34,0,0
sens1_no_Pm_Tc,Y2:P_H_matched_Y2,chemsys_r9,102,1,0.01710132535,8,3,14,0.9868135377,59,0,0,34,0,0
sens1_no_Pm_Tc,Y2:P_H_matched_Y2,random_r0,100,1,0.01674340728,2,2,14,0.9956857024,60,0,0,14,0,0
sens1_no_Pm_Tc,Y2:P_H_matched_Y2,random_r0,101,1,0.01674340728,2,2,14,0.9944039183,60,0,0,14,0,0
sens1_no_Pm_Tc,Y2:P_H_matched_Y2,random_r0,102,1,0.01674340728,2,2,14,0.9949874948,59,0,0,14,0,0
sens1_no_Pm_Tc,Y2:P_H_matched_Y2,random_r1,100,1,0.016985138,1,1,14,0.9954862579,60,0,0,26,0,0
sens1_no_Pm_Tc,Y2:P_H_matched_Y2,random_r1,101,1,0.016985138,1,1,14,0.9954862579,59,0,0,25,0,0
sens1_no_Pm_Tc,Y2:P_H_matched_Y2,random_r1,102,1,0.016985138,1,1,14,0.9954862579,60,0,0,26,0,0
sens1_no_Pm_Tc,Y2:P_H_matched_Y2,random_r2,100,1,0.01683501684,12,1,13,0.9919111484,60,0,0,34,0,0
sens1_no_Pm_Tc,Y2:P_H_matched_Y2,random_r2,101,1,0.01683501684,12,1,13,0.9919111484,60,0,0,34,0,0
sens1_no_Pm_Tc,Y2:P_H_matched_Y2,random_r2,102,1,0.01683501684,12,1,13,0.9919111484,59,0,0,33,0,0
sens1_no_Pm_Tc,Y2:P_H_matched_Y2,random_r3,100,1,0.0169707255,5,1,15,0.9892374313,60,0,0,21,0,0
sens1_no_Pm_Tc,Y2:P_H_matched_Y2,random_r3,101,1,0.0169707255,5,1,15,0.9896599071,60,0,0,21,0,0
sens1_no_Pm_Tc,Y2:P_H_matched_Y2,random_r3,102,1,0.0169707255,5,1,14,0.9899978876,60,0,0,21,0,0
sens1_no_Pm_Tc,Y2:P_H_matched_Y2,random_r4,100,1,0.01690617075,6,6,18,0.9904145623,60,0,0,22,0,0
sens1_no_Pm_Tc,Y2:P_H_matched_Y2,random_r4,101,1,0.01690617075,6,6,18,0.9907828283,59,0,0,22,0,0
sens1_no_Pm_Tc,Y2:P_H_matched_Y2,random_r4,102,1,0.01690617075,6,6,18,0.9882575758,60,0,0,22,0,0
sens1_no_Pm_Tc,Y2:P_H_matched_Y2,random_r5,100,1,0.01694915254,14,7,15,0.9835548523,60,0,0,19,0,0
sens1_no_Pm_Tc,Y2:P_H_matched_Y2,random_r5,101,1,0.01694915254,14,7,15,0.9835548523,60,0,0,19,0,0
sens1_no_Pm_Tc,Y2:P_H_matched_Y2,random_r5,102,1,0.01694915254,14,7,15,0.9835548523,60,0,0,19,0,0
sens1_no_Pm_Tc,Y2:P_H_matched_Y2,random_r6,100,1,0.01703577513,2,2,16,0.995663698,58,0,0,28,0,0
sens1_no_Pm_Tc,Y2:P_H_matched_Y2,random_r6,101,1,0.01703577513,2,2,16,0.9946458863,59,0,0,29,0,0
sens1_no_Pm_Tc,Y2:P_H_matched_Y2,random_r6,102,1,0.01703577513,2,2,16,0.9957273113,58,0,0,29,0,0
sens1_no_Pm_Tc,Y2:P_H_matched_Y2,random_r7,100,1,0.01699957501,3,1,19,0.9943927211,60,0,0,17,0,0
sens1_no_Pm_Tc,Y2:P_H_matched_Y2,random_r7,101,1,0.01699957501,3,1,19,0.9943927211,60,0,0,17,0,0
sens1_no_Pm_Tc,Y2:P_H_matched_Y2,random_r7,102,1,0.01699957501,3,1,19,0.9943927211,60,0,0,17,0,0
sens1_no_Pm_Tc,Y2:P_H_matched_Y2,random_r8,100,1,0.01689902831,6,6,16,0.9886937316,60,0,0,15,0,0
sens1_no_Pm_Tc,Y2:P_H_matched_Y2,random_r8,101,1,0.01689902831,6,6,16,0.99486748,60,0,0,15,0,0
sens1_no_Pm_Tc,Y2:P_H_matched_Y2,random_r8,102,1,0.01689902831,6,6,16,0.9886201094,60,0,0,15,0,0
sens1_no_Pm_Tc,Y2:P_H_matched_Y2,random_r9,100,1,0.016985138,7,2,18,0.9916807611,60,0,0,22,0,0
sens1_no_Pm_Tc,Y2:P_H_matched_Y2,random_r9,101,1,0.016985138,7,2,18,0.9923044397,59,0,0,21,0,0
sens1_no_Pm_Tc,Y2:P_H_matched_Y2,random_r9,102,1,0.016985138,7,2,18,0.9920824524,59,0,0,22,0,0
sens1_no_Pm_Tc,Y2:P_phys_fixed,chemsys_r0,100,0,0.01710132535,21,11,21,0.9585781183,59,6,0.1016949153,66,8,0.1212121212
sens1_no_Pm_Tc,Y2:P_phys_fixed,chemsys_r0,101,0,0.01710132535,7,5,17,0.9885696041,59,5,0.08474576271,66,5,0.07575757576
sens1_no_Pm_Tc,Y2:P_phys_fixed,chemsys_r0,102,0,0.01710132535,1,1,20,0.9999255002,59,6,0.1016949153,66,6,0.09090909091
sens1_no_Pm_Tc,Y2:P_phys_fixed,chemsys_r1,100,0,0.01687763713,41,41,0,0.8495798319,60,0,0,61,0,0
sens1_no_Pm_Tc,Y2:P_phys_fixed,chemsys_r1,101,0,0.01687763713,7,1,22,0.9924054622,60,4,0.06666666667,61,5,0.08196721311
sens1_no_Pm_Tc,Y2:P_phys_fixed,chemsys_r1,102,0,0.01687763713,12,1,22,0.992657563,60,7,0.1166666667,61,7,0.1147540984
sens1_no_Pm_Tc,Y2:P_phys_fixed,chemsys_r2,100,0,0.01696352841,1,1,12,0.9994404561,59,4,0.06779661017,73,4,0.05479452055
sens1_no_Pm_Tc,Y2:P_phys_fixed,chemsys_r2,101,0,0.01696352841,14,5,23,0.9858847128,60,15,0.25,74,17,0.2297297297
sens1_no_Pm_Tc,Y2:P_phys_fixed,chemsys_r2,102,0,0.01696352841,2,1,21,0.9971600507,59,14,0.2372881356,72,14,0.1944444444
sens1_no_Pm_Tc,Y2:P_phys_fixed,chemsys_r3,100,0,0.01695633743,1,1,22,0.9997889405,60,8,0.1333333333,73,8,0.1095890411
sens1_no_Pm_Tc,Y2:P_phys_fixed,chemsys_r3,101,0,0.01695633743,6,6,15,0.9732798649,60,5,0.08333333333,73,5,0.06849315068
sens1_no_Pm_Tc,Y2:P_phys_fixed,chemsys_r3,102,0,0.01695633743,23,6,24,0.9853419164,60,16,0.2666666667,73,21,0.2876712329
sens1_no_Pm_Tc,Y2:P_phys_fixed,chemsys_r4,100,0,0.01678556441,32,3,22,0.9836084413,60,12,0.2,82,19,0.2317073171
sens1_no_Pm_Tc,Y2:P_phys_fixed,chemsys_r4,101,0,0.01678556441,22,9,20,0.9596113665,60,13,0.2166666667,82,16,0.1951219512
sens1_no_Pm_Tc,Y2:P_phys_fixed,chemsys_r4,102,0,0.01678556441,7,2,15,0.9978583368,60,6,0.1,81,7,0.08641975309
sens1_no_Pm_Tc,Y2:P_phys_fixed,chemsys_r5,100,0,0.01677852349,10,10,13,0.9761382623,60,3,0.05,79,3,0.03797468354
sens1_no_Pm_Tc,Y2:P_phys_fixed,chemsys_r5,101,0,0.01677852349,12,2,24,0.9899749373,60,14,0.2333333333,79,16,0.2025316456
sens1_no_Pm_Tc,Y2:P_phys_fixed,chemsys_r5,102,0,0.01677852349,2,1,10,0.9999373434,59,2,0.03389830508,78,3,0.03846153846
sens1_no_Pm_Tc,Y2:P_phys_fixed,chemsys_r6,100,0,0.01685630004,15,2,22,0.9935165757,60,11,0.1833333333,74,12,0.1621621622
sens1_no_Pm_Tc,Y2:P_phys_fixed,chemsys_r6,101,0,0.01685630004,6,2,17,0.9933277381,60,3,0.05,74,3,0.04054054054
sens1_no_Pm_Tc,Y2:P_phys_fixed,chemsys_r6,102,0,0.01685630004,3,2,22,0.9961707931,60,2,0.03333333333,74,5,0.06756756757
sens1_no_Pm_Tc,Y2:P_phys_fixed,chemsys_r7,100,0,0.01727115717,3,1,19,0.9990971625,58,5,0.08620689655,62,5,0.08064516129
sens1_no_Pm_Tc,Y2:P_phys_fixed,chemsys_r7,101,0,0.01727115717,22,4,20,0.9871238177,59,3,0.05084745763,63,3,0.04761904762
sens1_no_Pm_Tc,Y2:P_phys_fixed,chemsys_r7,102,0,0.01727115717,11,1,19,0.9898753224,59,4,0.06779661017,63,4,0.06349206349
sens1_no_Pm_Tc,Y2:P_phys_fixed,chemsys_r8,100,0,0.01685630004,2,1,26,0.9961812841,60,16,0.2666666667,74,17,0.2297297297
sens1_no_Pm_Tc,Y2:P_phys_fixed,chemsys_r8,101,0,0.01685630004,1,1,19,0.9998741083,60,3,0.05,74,3,0.04054054054
sens1_no_Pm_Tc,Y2:P_phys_fixed,chemsys_r8,102,0,0.01685630004,22,8,22,0.9736047,60,14,0.2333333333,74,15,0.2027027027
sens1_no_Pm_Tc,Y2:P_phys_fixed,chemsys_r9,100,0,0.01710132535,19,15,17,0.9446785866,59,12,0.2033898305,69,12,0.1739130435
sens1_no_Pm_Tc,Y2:P_phys_fixed,chemsys_r9,101,0,0.01710132535,3,3,26,0.9870583227,59,9,0.1525423729,69,11,0.1594202899
sens1_no_Pm_Tc,Y2:P_phys_fixed,chemsys_r9,102,0,0.01710132535,9,8,15,0.9821626224,59,3,0.05084745763,69,3,0.04347826087
sens1_no_Pm_Tc,Y2:P_phys_fixed,random_r0,100,0,0.01674340728,1,1,21,0.997561484,59,10,0.1694915254,73,13,0.1780821918
sens1_no_Pm_Tc,Y2:P_phys_fixed,random_r0,101,0,0.01674340728,1,1,15,0.999958316,60,2,0.03333333333,74,3,0.04054054054
sens1_no_Pm_Tc,Y2:P_phys_fixed,random_r0,102,0,0.01674340728,8,2,25,0.9935285536,59,12,0.2033898305,73,15,0.2054794521
sens1_no_Pm_Tc,Y2:P_phys_fixed,random_r1,100,0,0.016985138,5,2,22,0.9893234672,60,10,0.1666666667,70,10,0.1428571429
sens1_no_Pm_Tc,Y2:P_phys_fixed,random_r1,101,0,0.016985138,5,4,19,0.9958668076,60,7,0.1166666667,70,7,0.1
sens1_no_Pm_Tc,Y2:P_phys_fixed,random_r1,102,0,0.016985138,9,8,17,0.9675475687,60,9,0.15,70,9,0.1285714286
sens1_no_Pm_Tc,Y2:P_phys_fixed,random_r2,100,0,0.01683501684,25,20,11,0.9562133277,60,10,0.1666666667,69,10,0.1449275362
sens1_no_Pm_Tc,Y2:P_phys_fixed,random_r2,101,0,0.01683501684,9,2,23,0.9952326069,60,10,0.1666666667,69,10,0.1449275362
sens1_no_Pm_Tc,Y2:P_phys_fixed,random_r2,102,0,0.01683501684,1,1,18,1,60,4,0.06666666667,69,4,0.05797101449
sens1_no_Pm_Tc,Y2:P_phys_fixed,random_r3,100,0,0.0169707255,21,12,15,0.9567701732,60,4,0.06666666667,67,4,0.05970149254
sens1_no_Pm_Tc,Y2:P_phys_fixed,random_r3,101,0,0.0169707255,11,1,24,0.9914554288,60,15,0.25,67,18,0.2686567164
sens1_no_Pm_Tc,Y2:P_phys_fixed,random_r3,102,0,0.0169707255,12,3,20,0.9915716096,60,7,0.1166666667,67,7,0.1044776119
sens1_no_Pm_Tc,Y2:P_phys_fixed,random_r4,100,0,0.01690617075,2,1,24,0.9966224747,59,13,0.2203389831,67,14,0.2089552239
sens1_no_Pm_Tc,Y2:P_phys_fixed,random_r4,101,0,0.01690617075,30,1,24,0.9817655724,60,15,0.25,68,17,0.25
sens1_no_Pm_Tc,Y2:P_phys_fixed,random_r4,102,0,0.01690617075,1,1,26,0.9963068182,60,15,0.25,68,16,0.2352941176
sens1_no_Pm_Tc,Y2:P_phys_fixed,random_r5,100,0,0.01694915254,20,15,14,0.9721940928,60,6,0.1,61,6,0.09836065574
sens1_no_Pm_Tc,Y2:P_phys_fixed,random_r5,101,0,0.01694915254,14,13,12,0.9332383966,60,3,0.05,61,3,0.04918032787
sens1_no_Pm_Tc,Y2:P_phys_fixed,random_r5,102,0,0.01694915254,6,6,12,0.9858860759,60,2,0.03333333333,61,2,0.03278688525
sens1_no_Pm_Tc,Y2:P_phys_fixed,random_r6,100,0,0.01703577513,2,1,17,0.9981446141,58,6,0.1034482759,75,7,0.09333333333
sens1_no_Pm_Tc,Y2:P_phys_fixed,random_r6,101,0,0.01703577513,3,3,14,0.9961407973,59,5,0.08474576271,76,5,0.06578947368
sens1_no_Pm_Tc,Y2:P_phys_fixed,random_r6,102,0,0.01703577513,1,1,26,0.9973494487,58,14,0.2413793103,75,16,0.2133333333
sens1_no_Pm_Tc,Y2:P_phys_fixed,random_r7,100,0,0.01699957501,41,5,4,0.9655416843,60,0,0,66,0,0
sens1_no_Pm_Tc,Y2:P_phys_fixed,random_r7,101,0,0.01699957501,4,3,19,0.9954824376,60,4,0.06666666667,66,4,0.06060606061
sens1_no_Pm_Tc,Y2:P_phys_fixed,random_r7,102,0,0.01699957501,10,3,19,0.9831252645,60,4,0.06666666667,66,4,0.06060606061
sens1_no_Pm_Tc,Y2:P_phys_fixed,random_r8,100,0,0.01689902831,32,5,22,0.9804375263,60,14,0.2333333333,71,18,0.2535211268
sens1_no_Pm_Tc,Y2:P_phys_fixed,random_r8,101,0,0.01689902831,7,7,12,0.9987799748,59,2,0.03389830508,70,2,0.02857142857
sens1_no_Pm_Tc,Y2:P_phys_fixed,random_r8,102,0,0.01689902831,4,4,15,0.9946676483,60,3,0.05,71,3,0.04225352113
sens1_no_Pm_Tc,Y2:P_phys_fixed,random_r9,100,0,0.016985138,8,3,20,0.9855919662,60,11,0.1833333333,73,12,0.1643835616
sens1_no_Pm_Tc,Y2:P_phys_fixed,random_r9,101,0,0.016985138,41,27,4,0.9737843552,60,0,0,72,0,0
sens1_no_Pm_Tc,Y2:P_phys_fixed,random_r9,102,0,0.016985138,6,1,21,0.9958033827,59,14,0.2372881356,72,14,0.1944444444
sens1_no_Pm_Tc,Y2:P_phys_fixed,chemsys_r0,100,0.02,0.01710132535,28,11,16,0.9670498084,59,7,0.1186440678,66,7,0.1060606061
sens1_no_Pm_Tc,Y2:P_phys_fixed,chemsys_r0,101,0.02,0.01710132535,6,4,20,0.991336739,59,5,0.08474576271,66,5,0.07575757576
sens1_no_Pm_Tc,Y2:P_phys_fixed,chemsys_r0,102,0.02,0.01710132535,1,1,19,0.9999255002,59,5,0.08474576271,66,5,0.07575757576
sens1_no_Pm_Tc,Y2:P_phys_fixed,chemsys_r1,100,0.02,0.01687763713,6,5,23,0.9894537815,60,5,0.08333333333,61,5,0.08196721311
sens1_no_Pm_Tc,Y2:P_phys_fixed,chemsys_r1,101,0.02,0.01687763713,4,1,21,0.9946953782,60,5,0.08333333333,61,5,0.08196721311
sens1_no_Pm_Tc,Y2:P_phys_fixed,chemsys_r1,102,0.02,0.01687763713,5,1,21,0.9948109244,60,4,0.06666666667,61,4,0.06557377049
sens1_no_Pm_Tc,Y2:P_phys_fixed,chemsys_r2,100,0.02,0.01696352841,2,2,17,0.9997677365,59,7,0.1186440678,73,7,0.09589041096
sens1_no_Pm_Tc,Y2:P_phys_fixed,chemsys_r2,101,0.02,0.01696352841,26,3,14,0.9750844595,60,2,0.03333333333,74,2,0.02702702703
sens1_no_Pm_Tc,Y2:P_phys_fixed,chemsys_r2,102,0.02,0.01696352841,4,2,23,0.9967377534,59,13,0.2203389831,72,14,0.1944444444
sens1_no_Pm_Tc,Y2:P_phys_fixed,chemsys_r3,100,0.02,0.01695633743,1,1,26,0.9997783875,60,9,0.15,73,9,0.1232876712
sens1_no_Pm_Tc,Y2:P_phys_fixed,chemsys_r3,101,0.02,0.01695633743,41,5,17,0.9689214859,60,0,0,73,5,0.06849315068
sens1_no_Pm_Tc,Y2:P_phys_fixed,chemsys_r3,102,0.02,0.01695633743,12,2,18,0.994311946,60,3,0.05,73,4,0.05479452055
sens1_no_Pm_Tc,Y2:P_phys_fixed,chemsys_r4,100,0.02,0.01678556441,9,3,19,0.9940242374,60,3,0.05,82,3,0.03658536585
sens1_no_Pm_Tc,Y2:P_phys_fixed,chemsys_r4,101,0.02,0.01678556441,25,3,16,0.9732762223,60,2,0.03333333333,82,3,0.03658536585
sens1_no_Pm_Tc,Y2:P_phys_fixed,chemsys_r4,102,0.02,0.01678556441,3,2,17,0.9990075219,60,3,0.05,81,4,0.04938271605
sens1_no_Pm_Tc,Y2:P_phys_fixed,chemsys_r5,100,0.02,0.01677852349,20,20,9,0.9571741855,60,3,0.05,79,3,0.03797468354
sens1_no_Pm_Tc,Y2:P_phys_fixed,chemsys_r5,101,0.02,0.01677852349,10,2,15,0.9926587302,60,2,0.03333333333,79,3,0.03797468354
sens1_no_Pm_Tc,Y2:P_phys_fixed,chemsys_r5,102,0.02,0.01677852349,2,1,11,0.9999373434,59,3,0.05084745763,78,4,0.05128205128
sens1_no_Pm_Tc,Y2:P_phys_fixed,chemsys_r6,100,0.02,0.01685630004,13,3,22,0.9932228284,60,8,0.1333333333,74,9,0.1216216216
sens1_no_Pm_Tc,Y2:P_phys_fixed,chemsys_r6,101,0.02,0.01685630004,5,3,17,0.9927192614,60,3,0.05,74,3,0.04054054054
sens1_no_Pm_Tc,Y2:P_phys_fixed,chemsys_r6,102,0.02,0.01685630004,6,2,21,0.9971044901,60,2,0.03333333333,74,2,0.02702702703
sens1_no_Pm_Tc,Y2:P_phys_fixed,chemsys_r7,100,0.02,0.01727115717,1,1,20,0.9995700774,58,5,0.08620689655,62,5,0.08064516129
sens1_no_Pm_Tc,Y2:P_phys_fixed,chemsys_r7,101,0.02,0.01727115717,41,4,16,0.9801268272,59,5,0.08474576271,63,5,0.07936507937
sens1_no_Pm_Tc,Y2:P_phys_fixed,chemsys_r7,102,0.02,0.01727115717,5,1,21,0.9956577816,59,3,0.05084745763,63,3,0.04761904762
sens1_no_Pm_Tc,Y2:P_phys_fixed,chemsys_r8,100,0.02,0.01685630004,4,2,26,0.9947650021,60,13,0.2166666667,74,15,0.2027027027
sens1_no_Pm_Tc,Y2:P_phys_fixed,chemsys_r8,101,0.02,0.01685630004,1,1,22,0.9999055812,60,4,0.06666666667,74,5,0.06756756757
sens1_no_Pm_Tc,Y2:P_phys_fixed,chemsys_r8,102,0.02,0.01685630004,9,8,18,0.985396559,60,4,0.06666666667,74,5,0.06756756757
sens1_no_Pm_Tc,Y2:P_phys_fixed,chemsys_r9,100,0.02,0.01710132535,32,10,12,0.9449446573,59,1,0.01694915254,69,2,0.02898550725
sens1_no_Pm_Tc,Y2:P_phys_fixed,chemsys_r9,101,0.02,0.01710132535,3,1,18,0.997296722,59,3,0.05084745763,69,3,0.04347826087
sens1_no_Pm_Tc,Y2:P_phys_fixed,chemsys_r9,102,0.02,0.01710132535,41,6,9,0.9654959557,59,0,0,69,0,0
sens1_no_Pm_Tc,Y2:P_phys_fixed,random_r0,100,0.02,0.01674340728,1,1,19,0.9996977907,59,6,0.1016949153,73,7,0.09589041096
sens1_no_Pm_Tc,Y2:P_phys_fixed,random_r0,101,0.02,0.01674340728,1,1,16,0.9998020008,60,2,0.03333333333,74,3,0.04054054054
sens1_no_Pm_Tc,Y2:P_phys_fixed,random_r0,102,0.02,0.01674340728,5,1,20,0.9967903293,59,6,0.1016949153,73,9,0.1232876712
sens1_no_Pm_Tc,Y2:P_phys_fixed,random_r1,100,0.02,0.016985138,10,2,21,0.9858668076,60,6,0.1,70,7,0.1
sens1_no_Pm_Tc,Y2:P_phys_fixed,random_r1,101,0.02,0.016985138,5,4,19,0.9959090909,60,7,0.1166666667,70,7,0.1
sens1_no_Pm_Tc,Y2:P_phys_fixed,random_r1,102,0.02,0.016985138,14,6,21,0.9780866808,60,5,0.08333333333,70,5,0.07142857143
sens1_no_Pm_Tc,Y2:P_phys_fixed,random_r2,100,0.02,0.01683501684,17,17,13,0.9695829841,60,3,0.05,69,3,0.04347826087
sens1_no_Pm_Tc,Y2:P_phys_fixed,random_r2,101,0.02,0.01683501684,1,1,19,0.998669321,60,3,0.05,69,3,0.04347826087
sens1_no_Pm_Tc,Y2:P_phys_fixed,random_r2,102,0.02,0.01683501684,1,1,19,1,60,4,0.06666666667,69,4,0.05797101449
sens1_no_Pm_Tc,Y2:P_phys_fixed,random_r3,100,0.02,0.0169707255,22,4,17,0.9775031686,60,3,0.05,67,3,0.0447761194
sens1_no_Pm_Tc,Y2:P_phys_fixed,random_r3,101,0.02,0.0169707255,4,1,19,0.9975073933,60,4,0.06666666667,67,4,0.05970149254
sens1_no_Pm_Tc,Y2:P_phys_fixed,random_r3,102,0.02,0.0169707255,13,3,15,0.991730038,60,4,0.06666666667,67,4,0.05970149254
sens1_no_Pm_Tc,Y2:P_phys_fixed,random_r4,100,0.02,0.01690617075,3,1,18,0.9987373737,59,6,0.1016949153,67,6,0.08955223881
sens1_no_Pm_Tc,Y2:P_phys_fixed,random_r4,101,0.02,0.01690617075,8,1,21,0.9956439394,60,5,0.08333333333,68,5,0.07352941176
sens1_no_Pm_Tc,Y2:P_phys_fixed,random_r4,102,0.02,0.01690617075,1,1,17,1,60,4,0.06666666667,68,4,0.05882352941
sens1_no_Pm_Tc,Y2:P_phys_fixed,random_r5,100,0.02,0.01694915254,21,10,14,0.972257384,60,2,0.03333333333,61,2,0.03278688525
sens1_no_Pm_Tc,Y2:P_phys_fixed,random_r5,101,0.02,0.01694915254,24,9,13,0.9652742616,60,1,0.01666666667,61,1,0.01639344262
sens1_no_Pm_Tc,Y2:P_phys_fixed,random_r5,102,0.02,0.01694915254,8,7,18,0.9856751055,60,3,0.05,61,3,0.04918032787
sens1_no_Pm_Tc,Y2:P_phys_fixed,random_r6,100,0.02,0.01703577513,1,1,17,0.9999681934,58,4,0.06896551724,75,5,0.06666666667
sens1_no_Pm_Tc,Y2:P_phys_fixed,random_r6,101,0.02,0.01703577513,4,4,16,0.9955470738,59,5,0.08474576271,76,5,0.06578947368
sens1_no_Pm_Tc,Y2:P_phys_fixed,random_r6,102,0.02,0.01703577513,3,1,18,0.9981870229,58,6,0.1034482759,75,7,0.09333333333
sens1_no_Pm_Tc,Y2:P_phys_fixed,random_r7,100,0.02,0.01699957501,15,2,16,0.9879707998,60,3,0.05,66,3,0.04545454545
sens1_no_Pm_Tc,Y2:P_phys_fixed,random_r7,101,0.02,0.01699957501,3,2,18,0.9974396953,60,3,0.05,66,3,0.04545454545
sens1_no_Pm_Tc,Y2:P_phys_fixed,random_r7,102,0.02,0.01699957501,41,4,13,0.9705353364,60,3,0.05,66,3,0.04545454545
sens1_no_Pm_Tc,Y2:P_phys_fixed,random_r8,100,0.02,0.01689902831,7,4,16,0.9938262516,60,2,0.03333333333,71,2,0.02816901408
sens1_no_Pm_Tc,Y2:P_phys_fixed,random_r8,101,0.02,0.01689902831,5,5,14,0.9991691207,59,1,0.01694915254,70,1,0.01428571429
sens1_no_Pm_Tc,Y2:P_phys_fixed,random_r8,102,0.02,0.01689902831,2,2,15,0.998075305,60,2,0.03333333333,71,2,0.02816901408
sens1_no_Pm_Tc,Y2:P_phys_fixed,random_r9,100,0.02,0.016985138,8,2,18,0.99294926,60,1,0.01666666667,73,2,0.02739726027
sens1_no_Pm_Tc,Y2:P_phys_fixed,random_r9,101,0.02,0.016985138,12,3,19,0.9941331924,60,2,0.03333333333,72,2,0.02777777778
sens1_no_Pm_Tc,Y2:P_phys_fixed,random_r9,102,0.02,0.016985138,7,1,29,0.9934778013,59,18,0.3050847458,72,19,0.2638888889
sens1_no_Pm_Tc,Y2:P_phys_fixed,chemsys_r0,100,0.05,0.01710132535,12,4,17,0.978192848,59,5,0.08474576271,66,5,0.07575757576
sens1_no_Pm_Tc,Y2:P_phys_fixed,chemsys_r0,101,0.05,0.01710132535,6,4,21,0.991336739,59,4,0.06779661017,66,4,0.06060606061
sens1_no_Pm_Tc,Y2:P_phys_fixed,chemsys_r0,102,0.05,0.01710132535,1,1,20,0.9999255002,59,5,0.08474576271,66,5,0.07575757576
sens1_no_Pm_Tc,Y2:P_phys_fixed,chemsys_r1,100,0.05,0.01687763713,4,3,20,0.9938130252,60,5,0.08333333333,61,5,0.08196721311
sens1_no_Pm_Tc,Y2:P_phys_fixed,chemsys_r1,101,0.05,0.01687763713,4,1,19,0.9953571429,60,3,0.05,61,3,0.04918032787
sens1_no_Pm_Tc,Y2:P_phys_fixed,chemsys_r1,102,0.05,0.01687763713,5,1,20,0.995052521,60,3,0.05,61,3,0.04918032787
sens1_no_Pm_Tc,Y2:P_phys_fixed,chemsys_r2,100,0.05,0.01696352841,1,1,17,0.9999788851,59,5,0.08474576271,73,5,0.06849315068
sens1_no_Pm_Tc,Y2:P_phys_fixed,chemsys_r2,101,0.05,0.01696352841,17,3,14,0.9811127534,60,3,0.05,74,3,0.04054054054
sens1_no_Pm_Tc,Y2:P_phys_fixed,chemsys_r2,102,0.05,0.01696352841,9,6,21,0.9951330236,59,12,0.2033898305,72,13,0.1805555556
sens1_no_Pm_Tc,Y2:P_phys_fixed,chemsys_r3,100,0.05,0.01695633743,2,1,20,0.9996517518,60,6,0.1,73,6,0.08219178082
sens1_no_Pm_Tc,Y2:P_phys_fixed,chemsys_r3,101,0.05,0.01695633743,13,5,15,0.9814795272,60,4,0.06666666667,73,4,0.05479452055
sens1_no_Pm_Tc,Y2:P_phys_fixed,chemsys_r3,102,0.05,0.01695633743,14,2,14,0.9914837484,60,4,0.06666666667,73,4,0.05479452055
sens1_no_Pm_Tc,Y2:P_phys_fixed,chemsys_r4,100,0.05,0.01678556441,6,1,16,0.9972837443,60,3,0.05,82,3,0.03658536585
sens1_no_Pm_Tc,Y2:P_phys_fixed,chemsys_r4,101,0.05,0.01678556441,13,5,13,0.9715628918,60,3,0.05,82,4,0.0487804878
sens1_no_Pm_Tc,Y2:P_phys_fixed,chemsys_r4,102,0.05,0.01678556441,2,2,16,0.9995716674,60,4,0.06666666667,81,4,0.04938271605
sens1_no_Pm_Tc,Y2:P_phys_fixed,chemsys_r5,100,0.05,0.01677852349,28,23,12,0.9508040936,60,2,0.03333333333,79,2,0.0253164557
sens1_no_Pm_Tc,Y2:P_phys_fixed,chemsys_r5,101,0.05,0.01677852349,19,2,23,0.9867898914,60,11,0.1833333333,79,16,0.2025316456
sens1_no_Pm_Tc,Y2:P_phys_fixed,chemsys_r5,102,0.05,0.01677852349,1,1,13,0.9999791145,59,5,0.08474576271,78,6,0.07692307692
sens1_no_Pm_Tc,Y2:P_phys_fixed,chemsys_r6,100,0.05,0.01685630004,15,3,24,0.9902014268,60,7,0.1166666667,74,8,0.1081081081
sens1_no_Pm_Tc,Y2:P_phys_fixed,chemsys_r6,101,0.05,0.01685630004,4,2,18,0.9947545111,60,3,0.05,74,3,0.04054054054
sens1_no_Pm_Tc,Y2:P_phys_fixed,chemsys_r6,102,0.05,0.01685630004,2,1,19,0.9990872849,60,2,0.03333333333,74,2,0.02702702703
sens1_no_Pm_Tc,Y2:P_phys_fixed,chemsys_r7,100,0.05,0.01727115717,1,1,20,0.9995700774,58,5,0.08620689655,62,5,0.08064516129
sens1_no_Pm_Tc,Y2:P_phys_fixed,chemsys_r7,101,0.05,0.01727115717,12,10,19,0.9834264832,59,6,0.1016949153,63,6,0.09523809524
sens1_no_Pm_Tc,Y2:P_phys_fixed,chemsys_r7,102,0.05,0.01727115717,6,1,22,0.9946152193,59,4,0.06779661017,63,4,0.06349206349
sens1_no_Pm_Tc,Y2:P_phys_fixed,chemsys_r8,100,0.05,0.01685630004,25,3,29,0.9865925304,60,15,0.25,74,22,0.2972972973
sens1_no_Pm_Tc,Y2:P_phys_fixed,chemsys_r8,101,0.05,0.01685630004,1,1,20,0.9999055812,60,3,0.05,74,4,0.05405405405
sens1_no_Pm_Tc,Y2:P_phys_fixed,chemsys_r8,102,0.05,0.01685630004,8,6,17,0.9897398238,60,3,0.05,74,5,0.06756756757
sens1_no_Pm_Tc,Y2:P_phys_fixed,chemsys_r9,100,0.05,0.01710132535,8,8,18,0.9718710089,59,4,0.06779661017,69,4,0.05797101449
sens1_no_Pm_Tc,Y2:P_phys_fixed,chemsys_r9,101,0.05,0.01710132535,2,1,18,0.9983716475,59,3,0.05084745763,69,3,0.04347826087
sens1_no_Pm_Tc,Y2:P_phys_fixed,chemsys_r9,102,0.05,0.01710132535,24,4,19,0.9741485739,59,2,0.03389830508,69,2,0.02898550725
sens1_no_Pm_Tc,Y2:P_phys_fixed,random_r0,100,0.05,0.01674340728,2,1,19,0.9998436849,59,5,0.08474576271,73,7,0.09589041096
sens1_no_Pm_Tc,Y2:P_phys_fixed,random_r0,101,0.05,0.01674340728,1,1,15,0.999979158,60,2,0.03333333333,74,3,0.04054054054
sens1_no_Pm_Tc,Y2:P_phys_fixed,random_r0,102,0.05,0.01674340728,2,1,17,0.9992705294,59,2,0.03389830508,73,3,0.04109589041
sens1_no_Pm_Tc,Y2:P_phys_fixed,random_r1,100,0.05,0.016985138,9,2,19,0.9868604651,60,5,0.08333333333,70,6,0.08571428571
sens1_no_Pm_Tc,Y2:P_phys_fixed,random_r1,101,0.05,0.016985138,4,3,20,0.9971881607,60,6,0.1,70,6,0.08571428571
sens1_no_Pm_Tc,Y2:P_phys_fixed,random_r1,102,0.05,0.016985138,11,3,24,0.9883086681,60,4,0.06666666667,70,4,0.05714285714
sens1_no_Pm_Tc,Y2:P_phys_fixed,random_r2,100,0.05,0.01683501684,26,12,12,0.9608549874,60,2,0.03333333333,69,2,0.02898550725
sens1_no_Pm_Tc,Y2:P_phys_fixed,random_r2,101,0.05,0.01683501684,1,1,18,0.999214166,60,3,0.05,69,3,0.04347826087
sens1_no_Pm_Tc,Y2:P_phys_fixed,random_r2,102,0.05,0.01683501684,1,1,16,1,60,3,0.05,69,3,0.04347826087
sens1_no_Pm_Tc,Y2:P_phys_fixed,random_r3,100,0.05,0.0169707255,26,4,21,0.9769433883,60,4,0.06666666667,67,4,0.05970149254
sens1_no_Pm_Tc,Y2:P_phys_fixed,random_r3,101,0.05,0.0169707255,3,1,19,0.9981939163,60,4,0.06666666667,67,4,0.05970149254
sens1_no_Pm_Tc,Y2:P_phys_fixed,random_r3,102,0.05,0.0169707255,10,2,17,0.9937896071,60,5,0.08333333333,67,5,0.07462686567
sens1_no_Pm_Tc,Y2:P_phys_fixed,random_r4,100,0.05,0.01690617075,3,1,18,0.9984217172,59,3,0.05084745763,67,4,0.05970149254
sens1_no_Pm_Tc,Y2:P_phys_fixed,random_r4,101,0.05,0.01690617075,41,1,15,0.9808922559,60,3,0.05,68,5,0.07352941176
sens1_no_Pm_Tc,Y2:P_phys_fixed,random_r4,102,0.05,0.01690617075,1,1,18,1,60,4,0.06666666667,68,4,0.05882352941
sens1_no_Pm_Tc,Y2:P_phys_fixed,random_r5,100,0.05,0.01694915254,4,4,16,0.9920147679,60,3,0.05,61,3,0.04918032787
sens1_no_Pm_Tc,Y2:P_phys_fixed,random_r5,101,0.05,0.01694915254,38,8,9,0.9656118143,60,1,0.01666666667,61,1,0.01639344262
sens1_no_Pm_Tc,Y2:P_phys_fixed,random_r5,102,0.05,0.01694915254,8,8,17,0.985443038,60,2,0.03333333333,61,2,0.03278688525
sens1_no_Pm_Tc,Y2:P_phys_fixed,random_r6,100,0.05,0.01703577513,1,1,16,0.9999787956,58,4,0.06896551724,75,5,0.06666666667
sens1_no_Pm_Tc,Y2:P_phys_fixed,random_r6,101,0.05,0.01703577513,4,4,16,0.9955470738,59,4,0.06779661017,76,4,0.05263157895
sens1_no_Pm_Tc,Y2:P_phys_fixed,random_r6,102,0.05,0.01703577513,2,2,14,0.9996183206,58,3,0.05172413793,75,3,0.04
sens1_no_Pm_Tc,Y2:P_phys_fixed,random_r7,100,0.05,0.01699957501,16,1,17,0.9876216674,60,4,0.06666666667,66,4,0.06060606061
sens1_no_Pm_Tc,Y2:P_phys_fixed,random_r7,101,0.05,0.01699957501,3,2,18,0.9974396953,60,3,0.05,66,3,0.04545454545
sens1_no_Pm_Tc,Y2:P_phys_fixed,random_r7,102,0.05,0.01699957501,40,3,12,0.9725137537,60,0,0,66,1,0.01515151515
sens1_no_Pm_Tc,Y2:P_phys_fixed,random_r8,100,0.05,0.01689902831,5,4,15,0.99486748,60,3,0.05,71,3,0.04225352113
sens1_no_Pm_Tc,Y2:P_phys_fixed,random_r8,101,0.05,0.01689902831,3,3,15,0.9995793016,59,2,0.03389830508,70,2,0.02857142857
sens1_no_Pm_Tc,Y2:P_phys_fixed,random_r8,102,0.05,0.01689902831,2,2,14,0.9981384098,60,3,0.05,71,3,0.04225352113
sens1_no_Pm_Tc,Y2:P_phys_fixed,random_r9,100,0.05,0.016985138,12,7,17,0.9814693446,60,4,0.06666666667,73,4,0.05479452055
sens1_no_Pm_Tc,Y2:P_phys_fixed,random_r9,101,0.05,0.016985138,15,10,17,0.9919133192,60,2,0.03333333333,72,2,0.02777777778
sens1_no_Pm_Tc,Y2:P_phys_fixed,random_r9,102,0.05,0.016985138,7,1,17,0.9967230444,59,4,0.06779661017,72,5,0.06944444444
sens1_no_Pm_Tc,Y2:P_phys_fixed,chemsys_r0,100,0.1,0.01710132535,11,4,18,0.9790762026,59,4,0.06779661017,66,4,0.06060606061
sens1_no_Pm_Tc,Y2:P_phys_fixed,chemsys_r0,101,0.1,0.01710132535,4,2,21,0.9952852278,59,4,0.06779661017,66,4,0.06060606061
sens1_no_Pm_Tc,Y2:P_phys_fixed,chemsys_r0,102,0.1,0.01710132535,2,1,19,0.9998510004,59,6,0.1016949153,66,6,0.09090909091
sens1_no_Pm_Tc,Y2:P_phys_fixed,chemsys_r1,100,0.1,0.01687763713,4,3,21,0.9937815126,60,6,0.1,61,6,0.09836065574
sens1_no_Pm_Tc,Y2:P_phys_fixed,chemsys_r1,101,0.1,0.01687763713,5,2,19,0.9947689076,60,4,0.06666666667,61,4,0.06557377049
sens1_no_Pm_Tc,Y2:P_phys_fixed,chemsys_r1,102,0.1,0.01687763713,4,1,21,0.9958298319,60,3,0.05,61,3,0.04918032787
sens1_no_Pm_Tc,Y2:P_phys_fixed,chemsys_r2,100,0.1,0.01696352841,1,1,18,0.9999683277,59,6,0.1016949153,73,6,0.08219178082
sens1_no_Pm_Tc,Y2:P_phys_fixed,chemsys_r2,101,0.1,0.01696352841,16,3,15,0.9834776182,60,3,0.05,74,3,0.04054054054
sens1_no_Pm_Tc,Y2:P_phys_fixed,chemsys_r2,102,0.1,0.01696352841,13,9,21,0.9939400338,59,8,0.1355932203,72,12,0.1666666667
sens1_no_Pm_Tc,Y2:P_phys_fixed,chemsys_r3,100,0.1,0.01695633743,2,1,19,0.9996517518,60,6,0.1,73,6,0.08219178082
sens1_no_Pm_Tc,Y2:P_phys_fixed,chemsys_r3,101,0.1,0.01695633743,1,1,19,0.9999155762,60,6,0.1,73,6,0.08219178082
sens1_no_Pm_Tc,Y2:P_phys_fixed,chemsys_r3,102,0.1,0.01695633743,8,2,18,0.9952722668,60,4,0.06666666667,73,4,0.05479452055
sens1_no_Pm_Tc,Y2:P_phys_fixed,chemsys_r4,100,0.1,0.01678556441,5,1,20,0.9978374425,60,3,0.05,82,3,0.03658536585
sens1_no_Pm_Tc,Y2:P_phys_fixed,chemsys_r4,101,0.1,0.01678556441,17,7,18,0.9613038028,60,2,0.03333333333,82,4,0.0487804878
sens1_no_Pm_Tc,Y2:P_phys_fixed,chemsys_r4,102,0.1,0.01678556441,2,1,17,0.9995716674,60,4,0.06666666667,81,4,0.04938271605
sens1_no_Pm_Tc,Y2:P_phys_fixed,chemsys_r5,100,0.1,0.01677852349,32,17,14,0.9522451963,60,1,0.01666666667,79,1,0.01265822785
sens1_no_Pm_Tc,Y2:P_phys_fixed,chemsys_r5,101,0.1,0.01677852349,5,4,13,0.9937552214,60,3,0.05,79,5,0.06329113924
sens1_no_Pm_Tc,Y2:P_phys_fixed,chemsys_r5,102,0.1,0.01677852349,1,1,13,0.9999582289,59,3,0.05084745763,78,5,0.0641025641
sens1_no_Pm_Tc,Y2:P_phys_fixed,chemsys_r6,100,0.1,0.01685630004,7,3,17,0.993852287,60,4,0.06666666667,74,5,0.06756756757
sens1_no_Pm_Tc,Y2:P_phys_fixed,chemsys_r6,101,0.1,0.01685630004,4,2,18,0.994796475,60,3,0.05,74,3,0.04054054054
sens1_no_Pm_Tc,Y2:P_phys_fixed,chemsys_r6,102,0.1,0.01685630004,1,1,18,0.9998950902,60,3,0.05,74,3,0.04054054054
sens1_no_Pm_Tc,Y2:P_phys_fixed,chemsys_r7,100,0.1,0.01727115717,1,1,22,0.9996238177,58,5,0.08620689655,62,5,0.08064516129
sens1_no_Pm_Tc,Y2:P_phys_fixed,chemsys_r7,101,0.1,0.01727115717,41,11,11,0.9706577816,59,0,0,63,0,0
sens1_no_Pm_Tc,Y2:P_phys_fixed,chemsys_r7,102,0.1,0.01727115717,3,2,22,0.9977858985,59,4,0.06779661017,63,4,0.06349206349
sens1_no_Pm_Tc,Y2:P_phys_fixed,chemsys_r8,100,0.1,0.01685630004,9,3,23,0.991491817,60,5,0.08333333333,74,5,0.06756756757
sens1_no_Pm_Tc,Y2:P_phys_fixed,chemsys_r8,101,0.1,0.01685630004,1,1,21,0.9999370541,60,3,0.05,74,5,0.06756756757
sens1_no_Pm_Tc,Y2:P_phys_fixed,chemsys_r8,102,0.1,0.01685630004,17,7,20,0.9818715904,60,2,0.03333333333,74,3,0.04054054054
sens1_no_Pm_Tc,Y2:P_phys_fixed,chemsys_r9,100,0.1,0.01710132535,7,7,17,0.9761281396,59,3,0.05084745763,69,3,0.04347826087
sens1_no_Pm_Tc,Y2:P_phys_fixed,chemsys_r9,101,0.1,0.01710132535,2,1,19,0.9990634312,59,3,0.05084745763,69,3,0.04347826087
sens1_no_Pm_Tc,Y2:P_phys_fixed,chemsys_r9,102,0.1,0.01710132535,11,4,18,0.9861962537,59,3,0.05084745763,69,3,0.04347826087
sens1_no_Pm_Tc,Y2:P_phys_fixed,random_r0,100,0.1,0.01674340728,2,1,20,0.9998436849,59,5,0.08474576271,73,8,0.1095890411
sens1_no_Pm_Tc,Y2:P_phys_fixed,random_r0,101,0.1,0.01674340728,1,1,15,0.999979158,60,2,0.03333333333,74,3,0.04054054054
sens1_no_Pm_Tc,Y2:P_phys_fixed,random_r0,102,0.1,0.01674340728,1,1,19,1,59,6,0.1016949153,73,7,0.09589041096
sens1_no_Pm_Tc,Y2:P_phys_fixed,random_r1,100,0.1,0.016985138,9,2,19,0.9867124736,60,5,0.08333333333,70,6,0.08571428571
sens1_no_Pm_Tc,Y2:P_phys_fixed,random_r1,101,0.1,0.016985138,2,1,20,0.999640592,60,7,0.1166666667,70,7,0.1
sens1_no_Pm_Tc,Y2:P_phys_fixed,random_r1,102,0.1,0.016985138,11,3,21,0.9826849894,60,4,0.06666666667,70,4,0.05714285714
sens1_no_Pm_Tc,Y2:P_phys_fixed,random_r2,100,0.1,0.01683501684,18,12,13,0.9683885163,60,3,0.05,69,3,0.04347826087
sens1_no_Pm_Tc,Y2:P_phys_fixed,random_r2,101,0.1,0.01683501684,1,1,20,0.9992875105,60,4,0.06666666667,69,4,0.05797101449
sens1_no_Pm_Tc,Y2:P_phys_fixed,random_r2,102,0.1,0.01683501684,1,1,19,1,60,4,0.06666666667,69,4,0.05797101449
sens1_no_Pm_Tc,Y2:P_phys_fixed,random_r3,100,0.1,0.0169707255,21,3,24,0.9816223067,60,3,0.05,67,3,0.0447761194
sens1_no_Pm_Tc,Y2:P_phys_fixed,random_r3,101,0.1,0.0169707255,41,2,10,0.9814850021,60,0,0,67,2,0.02985074627
sens1_no_Pm_Tc,Y2:P_phys_fixed,random_r3,102,0.1,0.0169707255,10,7,17,0.9937896071,60,5,0.08333333333,67,5,0.07462686567
sens1_no_Pm_Tc,Y2:P_phys_fixed,random_r4,100,0.1,0.01690617075,2,1,18,0.9991161616,59,3,0.05084745763,67,3,0.0447761194
sens1_no_Pm_Tc,Y2:P_phys_fixed,random_r4,101,0.1,0.01690617075,41,2,13,0.9806292088,60,0,0,68,3,0.04411764706
sens1_no_Pm_Tc,Y2:P_phys_fixed,random_r4,102,0.1,0.01690617075,1,1,17,1,60,4,0.06666666667,68,4,0.05882352941
sens1_no_Pm_Tc,Y2:P_phys_fixed,random_r5,100,0.1,0.01694915254,3,3,19,0.9937341772,60,3,0.05,61,3,0.04918032787
sens1_no_Pm_Tc,Y2:P_phys_fixed,random_r5,101,0.1,0.01694915254,14,4,16,0.9854535865,60,3,0.05,61,3,0.04918032787
sens1_no_Pm_Tc,Y2:P_phys_fixed,random_r5,102,0.1,0.01694915254,3,3,18,0.9951371308,60,2,0.03333333333,61,2,0.03278688525
sens1_no_Pm_Tc,Y2:P_phys_fixed,random_r6,100,0.1,0.01703577513,1,1,16,0.9999787956,58,3,0.05172413793,75,4,0.05333333333
sens1_no_Pm_Tc,Y2:P_phys_fixed,random_r6,101,0.1,0.01703577513,2,2,16,0.9984838846,59,3,0.05084745763,76,4,0.05263157895
sens1_no_Pm_Tc,Y2:P_phys_fixed,random_r6,102,0.1,0.01703577513,2,1,16,0.9995441052,58,3,0.05172413793,75,4,0.05333333333
sens1_no_Pm_Tc,Y2:P_phys_fixed,random_r7,100,0.1,0.01699957501,18,1,15,0.9864261532,60,2,0.03333333333,66,2,0.0303030303
sens1_no_Pm_Tc,Y2:P_phys_fixed,random_r7,101,0.1,0.01699957501,2,2,18,0.9980427423,60,3,0.05,66,3,0.04545454545
sens1_no_Pm_Tc,Y2:P_phys_fixed,random_r7,102,0.1,0.01699957501,3,2,19,0.9970165044,60,5,0.08333333333,66,5,0.07575757576
sens1_no_Pm_Tc,Y2:P_phys_fixed,random_r8,100,0.1,0.01689902831,14,5,15,0.9859802272,60,2,0.03333333333,71,2,0.02816901408
sens1_no_Pm_Tc,Y2:P_phys_fixed,random_r8,101,0.1,0.01689902831,3,3,15,0.9995793016,59,3,0.05084745763,70,3,0.04285714286
sens1_no_Pm_Tc,Y2:P_phys_fixed,random_r8,102,0.1,0.01689902831,2,2,17,0.9981384098,60,4,0.06666666667,71,4,0.05633802817
sens1_no_Pm_Tc,Y2:P_phys_fixed,random_r9,100,0.1,0.016985138,11,10,18,0.9830443975,60,5,0.08333333333,73,5,0.06849315068
sens1_no_Pm_Tc,Y2:P_phys_fixed,random_r9,101,0.1,0.016985138,26,7,19,0.9845877378,60,1,0.01666666667,72,1,0.01388888889
sens1_no_Pm_Tc,Y2:P_phys_fixed,random_r9,102,0.1,0.016985138,2,1,16,0.9985095137,59,3,0.05084745763,72,3,0.04166666667
sens1_no_Pm_Tc,Y2:P_phys_fixed,chemsys_r0,100,0.25,0.01710132535,14,4,18,0.9736377182,59,4,0.06779661017,66,4,0.06060606061
sens1_no_Pm_Tc,Y2:P_phys_fixed,chemsys_r0,101,0.25,0.01710132535,3,1,24,0.9978395062,59,5,0.08474576271,66,6,0.09090909091
sens1_no_Pm_Tc,Y2:P_phys_fixed,chemsys_r0,102,0.25,0.01710132535,1,1,20,0.9998510004,59,5,0.08474576271,66,5,0.07575757576
sens1_no_Pm_Tc,Y2:P_phys_fixed,chemsys_r1,100,0.25,0.01687763713,1,1,19,0.9994537815,60,3,0.05,61,3,0.04918032787
sens1_no_Pm_Tc,Y2:P_phys_fixed,chemsys_r1,101,0.25,0.01687763713,2,2,19,0.9985294118,60,3,0.05,61,3,0.04918032787
sens1_no_Pm_Tc,Y2:P_phys_fixed,chemsys_r1,102,0.25,0.01687763713,8,8,17,0.9841596639,60,1,0.01666666667,61,1,0.01639344262
sens1_no_Pm_Tc,Y2:P_phys_fixed,chemsys_r2,100,0.25,0.01696352841,1,1,15,1,59,4,0.06779661017,73,4,0.05479452055
sens1_no_Pm_Tc,Y2:P_phys_fixed,chemsys_r2,101,0.25,0.01696352841,10,2,16,0.9897592905,60,3,0.05,74,4,0.05405405405
sens1_no_Pm_Tc,Y2:P_phys_fixed,chemsys_r2,102,0.25,0.01696352841,36,8,13,0.9898015203,59,0,0,72,0,0
sens1_no_Pm_Tc,Y2:P_phys_fixed,chemsys_r3,100,0.25,0.01695633743,1,1,17,0.9997467286,60,3,0.05,73,4,0.05479452055
sens1_no_Pm_Tc,Y2:P_phys_fixed,chemsys_r3,101,0.25,0.01695633743,1,1,18,0.9999366821,60,4,0.06666666667,73,5,0.06849315068
sens1_no_Pm_Tc,Y2:P_phys_fixed,chemsys_r3,102,0.25,0.01695633743,7,5,17,0.9956838328,60,3,0.05,73,3,0.04109589041
sens1_no_Pm_Tc,Y2:P_phys_fixed,chemsys_r4,100,0.25,0.01678556441,25,1,14,0.9790534893,60,0,0,82,0,0
sens1_no_Pm_Tc,Y2:P_phys_fixed,chemsys_r4,101,0.25,0.01678556441,9,7,18,0.9737150021,60,2,0.03333333333,82,3,0.03658536585
sens1_no_Pm_Tc,Y2:P_phys_fixed,chemsys_r4,102,0.25,0.01678556441,2,1,17,0.9993731718,60,2,0.03333333333,81,3,0.03703703704
sens1_no_Pm_Tc,Y2:P_phys_fixed,chemsys_r5,100,0.25,0.01677852349,24,18,13,0.9607664996,60,1,0.01666666667,79,1,0.01265822785
sens1_no_Pm_Tc,Y2:P_phys_fixed,chemsys_r5,101,0.25,0.01677852349,4,4,13,0.9945384294,60,3,0.05,79,5,0.06329113924
sens1_no_Pm_Tc,Y2:P_phys_fixed,chemsys_r5,102,0.25,0.01677852349,1,1,14,0.9999582289,59,3,0.05084745763,78,5,0.0641025641
sens1_no_Pm_Tc,Y2:P_phys_fixed,chemsys_r6,100,0.25,0.01685630004,9,7,16,0.9893936215,60,2,0.03333333333,74,2,0.02702702703
sens1_no_Pm_Tc,Y2:P_phys_fixed,chemsys_r6,101,0.25,0.01685630004,3,3,18,0.9957196811,60,2,0.03333333333,74,2,0.02702702703
sens1_no_Pm_Tc,Y2:P_phys_fixed,chemsys_r6,102,0.25,0.01685630004,1,1,17,0.9999475451,60,3,0.05,74,3,0.04054054054
sens1_no_Pm_Tc,Y2:P_phys_fixed,chemsys_r7,100,0.25,0.01727115717,1,1,18,0.9999892519,58,1,0.01724137931,62,1,0.01612903226
sens1_no_Pm_Tc,Y2:P_phys_fixed,chemsys_r7,101,0.25,0.01727115717,11,11,15,0.9840928633,59,2,0.03389830508,63,2,0.03174603175
sens1_no_Pm_Tc,Y2:P_phys_fixed,chemsys_r7,102,0.25,0.01727115717,2,2,21,0.9988714531,59,7,0.1186440678,63,8,0.126984127
sens1_no_Pm_Tc,Y2:P_phys_fixed,chemsys_r8,100,0.25,0.01685630004,11,2,19,0.9893096937,60,2,0.03333333333,74,3,0.04054054054
sens1_no_Pm_Tc,Y2:P_phys_fixed,chemsys_r8,101,0.25,0.01685630004,1,1,17,0.9999685271,60,2,0.03333333333,74,3,0.04054054054
sens1_no_Pm_Tc,Y2:P_phys_fixed,chemsys_r8,102,0.25,0.01685630004,4,3,20,0.9921737306,60,3,0.05,74,4,0.05405405405
sens1_no_Pm_Tc,Y2:P_phys_fixed,chemsys_r9,100,0.25,0.01710132535,8,8,17,0.9750744998,59,3,0.05084745763,69,3,0.04347826087
sens1_no_Pm_Tc,Y2:P_phys_fixed,chemsys_r9,101,0.25,0.01710132535,1,1,18,0.9998829289,59,3,0.05084745763,69,3,0.04347826087
sens1_no_Pm_Tc,Y2:P_phys_fixed,chemsys_r9,102,0.25,0.01710132535,9,2,17,0.9916985951,59,2,0.03389830508,69,2,0.02898550725
sens1_no_Pm_Tc,Y2:P_phys_fixed,random_r0,100,0.25,0.01674340728,1,1,18,1,59,4,0.06779661017,73,5,0.06849315068
sens1_no_Pm_Tc,Y2:P_phys_fixed,random_r0,101,0.25,0.01674340728,1,1,15,1,60,2,0.03333333333,74,3,0.04054054054
sens1_no_Pm_Tc,Y2:P_phys_fixed,random_r0,102,0.25,0.01674340728,1,1,18,1,59,3,0.05084745763,73,4,0.05479452055
sens1_no_Pm_Tc,Y2:P_phys_fixed,random_r1,100,0.25,0.016985138,2,2,22,0.9950105708,60,3,0.05,70,4,0.05714285714
sens1_no_Pm_Tc,Y2:P_phys_fixed,random_r1,101,0.25,0.016985138,2,1,18,0.999640592,60,3,0.05,70,4,0.05714285714
sens1_no_Pm_Tc,Y2:P_phys_fixed,random_r1,102,0.25,0.016985138,4,1,20,0.9972093023,60,2,0.03333333333,70,3,0.04285714286
sens1_no_Pm_Tc,Y2:P_phys_fixed,random_r2,100,0.25,0.01683501684,6,6,17,0.9879505448,60,4,0.06666666667,69,4,0.05797101449
sens1_no_Pm_Tc,Y2:P_phys_fixed,random_r2,101,0.25,0.01683501684,1,1,19,0.9992665549,60,3,0.05,69,3,0.04347826087
sens1_no_Pm_Tc,Y2:P_phys_fixed,random_r2,102,0.25,0.01683501684,1,1,18,1,60,3,0.05,69,3,0.04347826087
sens1_no_Pm_Tc,Y2:P_phys_fixed,random_r3,100,0.25,0.0169707255,13,2,17,0.9901035065,60,4,0.06666666667,67,4,0.05970149254
sens1_no_Pm_Tc,Y2:P_phys_fixed,random_r3,101,0.25,0.0169707255,41,3,9,0.9844106464,60,0,0,67,0,0
sens1_no_Pm_Tc,Y2:P_phys_fixed,random_r3,102,0.25,0.0169707255,20,8,13,0.9869243768,60,2,0.03333333333,67,2,0.02985074627
sens1_no_Pm_Tc,Y2:P_phys_fixed,random_r4,100,0.25,0.01690617075,4,1,18,0.9973695286,59,2,0.03389830508,67,2,0.02985074627
sens1_no_Pm_Tc,Y2:P_phys_fixed,random_r4,101,0.25,0.01690617075,6,2,17,0.9956018519,60,4,0.06666666667,68,4,0.05882352941
sens1_no_Pm_Tc,Y2:P_phys_fixed,random_r4,102,0.25,0.01690617075,1,1,18,1,60,3,0.05,68,3,0.04411764706
sens1_no_Pm_Tc,Y2:P_phys_fixed,random_r5,100,0.25,0.01694915254,2,1,19,0.9995886076,60,3,0.05,61,3,0.04918032787
sens1_no_Pm_Tc,Y2:P_phys_fixed,random_r5,101,0.25,0.01694915254,16,3,21,0.9838080169,60,1,0.01666666667,61,1,0.01639344262
sens1_no_Pm_Tc,Y2:P_phys_fixed,random_r5,102,0.25,0.01694915254,2,2,18,0.9973945148,60,1,0.01666666667,61,1,0.01639344262
sens1_no_Pm_Tc,Y2:P_phys_fixed,random_r6,100,0.25,0.01703577513,1,1,15,0.9999787956,58,2,0.03448275862,75,3,0.04
sens1_no_Pm_Tc,Y2:P_phys_fixed,random_r6,101,0.25,0.01703577513,2,2,15,0.9985050891,59,2,0.03389830508,76,3,0.03947368421
sens1_no_Pm_Tc,Y2:P_phys_fixed,random_r6,102,0.25,0.01703577513,2,1,16,0.9996183206,58,2,0.03448275862,75,3,0.04
sens1_no_Pm_Tc,Y2:P_phys_fixed,random_r7,100,0.25,0.01699957501,41,3,6,0.9663986458,60,0,0,66,0,0
sens1_no_Pm_Tc,Y2:P_phys_fixed,random_r7,101,0.25,0.01699957501,2,2,17,0.9983072366,60,1,0.01666666667,66,1,0.01515151515
sens1_no_Pm_Tc,Y2:P_phys_fixed,random_r7,102,0.25,0.01699957501,3,2,19,0.997037664,60,2,0.03333333333,66,2,0.0303030303
sens1_no_Pm_Tc,Y2:P_phys_fixed,random_r8,100,0.25,0.01689902831,6,6,14,0.9927534708,60,1,0.01666666667,71,1,0.01408450704
sens1_no_Pm_Tc,Y2:P_phys_fixed,random_r8,101,0.25,0.01689902831,2,2,16,0.9997791334,59,1,0.01694915254,70,1,0.01428571429
sens1_no_Pm_Tc,Y2:P_phys_fixed,random_r8,102,0.25,0.01689902831,4,4,14,0.9946676483,60,2,0.03333333333,71,2,0.02816901408
sens1_no_Pm_Tc,Y2:P_phys_fixed,random_r9,100,0.25,0.016985138,10,9,16,0.9842071882,60,4,0.06666666667,73,4,0.05479452055
sens1_no_Pm_Tc,Y2:P_phys_fixed,random_r9,101,0.25,0.016985138,16,6,17,0.9901479915,60,1,0.01666666667,72,1,0.01388888889
sens1_no_Pm_Tc,Y2:P_phys_fixed,random_r9,102,0.25,0.016985138,2,1,19,0.9993657505,59,3,0.05084745763,72,3,0.04166666667
sens1_no_Pm_Tc,Y2:P_phys_fixed,chemsys_r0,100,0.5,0.01710132535,17,7,16,0.9680502341,59,0,0,66,0,0
sens1_no_Pm_Tc,Y2:P_phys_fixed,chemsys_r0,101,0.5,0.01710132535,3,1,21,0.9978395062,59,1,0.01694915254,66,1,0.01515151515
sens1_no_Pm_Tc,Y2:P_phys_fixed,chemsys_r0,102,0.5,0.01710132535,1,1,20,0.9993933589,59,2,0.03389830508,66,2,0.0303030303
sens1_no_Pm_Tc,Y2:P_phys_fixed,chemsys_r1,100,0.5,0.01687763713,1,1,19,0.9994012605,60,0,0,61,0,0
sens1_no_Pm_Tc,Y2:P_phys_fixed,chemsys_r1,101,0.5,0.01687763713,2,2,17,0.9985294118,60,0,0,61,0,0
sens1_no_Pm_Tc,Y2:P_phys_fixed,chemsys_r1,102,0.5,0.01687763713,5,3,20,0.9912710084,60,0,0,61,0,0
sens1_no_Pm_Tc,Y2:P_phys_fixed,chemsys_r2,100,0.5,0.01696352841,1,1,15,1,59,2,0.03389830508,73,3,0.04109589041
sens1_no_Pm_Tc,Y2:P_phys_fixed,chemsys_r2,101,0.5,0.01696352841,15,3,12,0.9860958615,60,0,0,74,0,0
sens1_no_Pm_Tc,Y2:P_phys_fixed,chemsys_r2,102,0.5,0.01696352841,5,2,13,0.9988597973,59,0,0,72,0,0
sens1_no_Pm_Tc,Y2:P_phys_fixed,chemsys_r3,100,0.5,0.01695633743,2,2,15,0.998248206,60,1,0.01666666667,73,1,0.01369863014
sens1_no_Pm_Tc,Y2:P_phys_fixed,chemsys_r3,101,0.5,0.01695633743,1,1,16,0.9999155762,60,1,0.01666666667,73,1,0.01369863014
sens1_no_Pm_Tc,Y2:P_phys_fixed,chemsys_r3,102,0.5,0.01695633743,2,2,15,0.9990185732,60,1,0.01666666667,73,1,0.01369863014
sens1_no_Pm_Tc,Y2:P_phys_fixed,chemsys_r4,100,0.5,0.01678556441,13,1,17,0.9891663184,60,0,0,82,0,0
sens1_no_Pm_Tc,Y2:P_phys_fixed,chemsys_r4,101,0.5,0.01678556441,6,4,15,0.9912035102,60,0,0,82,0,0
sens1_no_Pm_Tc,Y2:P_phys_fixed,chemsys_r4,102,0.5,0.01678556441,2,2,13,0.9993209361,60,0,0,81,0,0
sens1_no_Pm_Tc,Y2:P_phys_fixed,chemsys_r5,100,0.5,0.01677852349,23,12,10,0.9723579783,60,0,0,79,0,0
sens1_no_Pm_Tc,Y2:P_phys_fixed,chemsys_r5,101,0.5,0.01677852349,4,4,11,0.9945384294,60,0,0,79,1,0.01265822785
sens1_no_Pm_Tc,Y2:P_phys_fixed,chemsys_r5,102,0.5,0.01677852349,1,1,12,0.9999582289,59,1,0.01694915254,78,2,0.02564102564
sens1_no_Pm_Tc,Y2:P_phys_fixed,chemsys_r6,100,0.5,0.01685630004,1,1,17,0.9995593789,60,1,0.01666666667,74,1,0.01351351351
sens1_no_Pm_Tc,Y2:P_phys_fixed,chemsys_r6,101,0.5,0.01685630004,3,3,16,0.9959819555,60,0,0,74,0,0
sens1_no_Pm_Tc,Y2:P_phys_fixed,chemsys_r6,102,0.5,0.01685630004,1,1,17,0.9999475451,60,0,0,74,0,0
sens1_no_Pm_Tc,Y2:P_phys_fixed,chemsys_r7,100,0.5,0.01727115717,1,1,20,0.9999892519,58,0,0,62,0,0
sens1_no_Pm_Tc,Y2:P_phys_fixed,chemsys_r7,101,0.5,0.01727115717,19,8,19,0.9799656062,59,0,0,63,0,0
sens1_no_Pm_Tc,Y2:P_phys_fixed,chemsys_r7,102,0.5,0.01727115717,2,2,19,0.9987854686,59,0,0,63,0,0
sens1_no_Pm_Tc,Y2:P_phys_fixed,chemsys_r8,100,0.5,0.01685630004,9,1,18,0.9935795216,60,0,0,74,0,0
sens1_no_Pm_Tc,Y2:P_phys_fixed,chemsys_r8,101,0.5,0.01685630004,1,1,17,0.9998845992,60,0,0,74,1,0.01351351351
sens1_no_Pm_Tc,Y2:P_phys_fixed,chemsys_r8,102,0.5,0.01685630004,7,3,19,0.9930025178,60,0,0,74,0,0
sens1_no_Pm_Tc,Y2:P_phys_fixed,chemsys_r9,100,0.5,0.01710132535,4,4,17,0.9918688804,59,1,0.01694915254,69,1,0.01449275362
sens1_no_Pm_Tc,Y2:P_phys_fixed,chemsys_r9,101,0.5,0.01710132535,1,1,17,0.9998190719,59,0,0,69,0,0
sens1_no_Pm_Tc,Y2:P_phys_fixed,chemsys_r9,102,0.5,0.01710132535,1,1,15,0.9995530013,59,0,0,69,0,0
sens1_no_Pm_Tc,Y2:P_phys_fixed,random_r0,100,0.5,0.01674340728,1,1,16,1,59,0,0,73,0,0
sens1_no_Pm_Tc,Y2:P_phys_fixed,random_r0,101,0.5,0.01674340728,1,1,14,1,60,0,0,74,0,0
sens1_no_Pm_Tc,Y2:P_phys_fixed,random_r0,102,0.5,0.01674340728,1,1,16,1,59,0,0,73,0,0
sens1_no_Pm_Tc,Y2:P_phys_fixed,random_r1,100,0.5,0.016985138,3,2,18,0.9943340381,60,0,0,70,0,0
sens1_no_Pm_Tc,Y2:P_phys_fixed,random_r1,101,0.5,0.016985138,4,3,17,0.997167019,60,0,0,70,1,0.01428571429
sens1_no_Pm_Tc,Y2:P_phys_fixed,random_r1,102,0.5,0.016985138,4,1,20,0.9969978858,60,0,0,70,1,0.01428571429
sens1_no_Pm_Tc,Y2:P_phys_fixed,random_r2,100,0.5,0.01683501684,6,6,17,0.9879505448,60,0,0,69,0,0
sens1_no_Pm_Tc,Y2:P_phys_fixed,random_r2,101,0.5,0.01683501684,1,1,17,0.9995180218,60,1,0.01666666667,69,1,0.01449275362
sens1_no_Pm_Tc,Y2:P_phys_fixed,random_r2,102,0.5,0.01683501684,1,1,16,0.9995704107,60,1,0.01666666667,69,1,0.01449275362
sens1_no_Pm_Tc,Y2:P_phys_fixed,random_r3,100,0.5,0.0169707255,17,2,16,0.9867237009,60,0,0,67,0,0
sens1_no_Pm_Tc,Y2:P_phys_fixed,random_r3,101,0.5,0.0169707255,1,1,16,0.9996620194,60,1,0.01666666667,67,1,0.01492537313
sens1_no_Pm_Tc,Y2:P_phys_fixed,random_r3,102,0.5,0.0169707255,12,6,13,0.9923954373,60,1,0.01666666667,67,1,0.01492537313
sens1_no_Pm_Tc,Y2:P_phys_fixed,random_r4,100,0.5,0.01690617075,6,6,15,0.9955808081,59,0,0,67,0,0
sens1_no_Pm_Tc,Y2:P_phys_fixed,random_r4,101,0.5,0.01690617075,8,8,12,0.9939078283,60,0,0,68,0,0
sens1_no_Pm_Tc,Y2:P_phys_fixed,random_r4,102,0.5,0.01690617075,1,1,15,1,60,0,0,68,0,0
sens1_no_Pm_Tc,Y2:P_phys_fixed,random_r5,100,0.5,0.01694915254,2,1,17,0.9993565401,60,0,0,61,0,0
sens1_no_Pm_Tc,Y2:P_phys_fixed,random_r5,101,0.5,0.01694915254,10,3,15,0.9886919831,60,0,0,61,0,0
sens1_no_Pm_Tc,Y2:P_phys_fixed,random_r5,102,0.5,0.01694915254,1,1,17,0.9996940928,60,0,0,61,0,0
sens1_no_Pm_Tc,Y2:P_phys_fixed,random_r6,100,0.5,0.01703577513,1,1,14,1,58,0,0,75,1,0.01333333333
sens1_no_Pm_Tc,Y2:P_phys_fixed,random_r6,101,0.5,0.01703577513,2,2,14,0.9985368957,59,0,0,76,1,0.01315789474
sens1_no_Pm_Tc,Y2:P_phys_fixed,random_r6,102,0.5,0.01703577513,1,1,13,0.9997031383,58,0,0,75,0,0
sens1_no_Pm_Tc,Y2:P_phys_fixed,random_r7,100,0.5,0.01699957501,13,3,17,0.9874100719,60,0,0,66,0,0
sens1_no_Pm_Tc,Y2:P_phys_fixed,random_r7,101,0.5,0.01699957501,2,2,18,0.9982331782,60,0,0,66,0,0
sens1_no_Pm_Tc,Y2:P_phys_fixed,random_r7,102,0.5,0.01699957501,3,2,18,0.9970165044,60,0,0,66,0,0
sens1_no_Pm_Tc,Y2:P_phys_fixed,random_r8,100,0.5,0.01689902831,10,6,15,0.9891670172,60,0,0,71,0,0
sens1_no_Pm_Tc,Y2:P_phys_fixed,random_r8,101,0.5,0.01689902831,2,2,16,0.9997791334,59,0,0,70,0,0
sens1_no_Pm_Tc,Y2:P_phys_fixed,random_r8,102,0.5,0.01689902831,4,4,12,0.9946676483,60,0,0,71,0,0
sens1_no_Pm_Tc,Y2:P_phys_fixed,random_r9,100,0.5,0.016985138,2,2,15,0.996807611,60,0,0,73,0,0
sens1_no_Pm_Tc,Y2:P_phys_fixed,random_r9,101,0.5,0.016985138,7,5,15,0.9958773784,60,0,0,72,0,0
sens1_no_Pm_Tc,Y2:P_phys_fixed,random_r9,102,0.5,0.016985138,1,1,16,0.9997674419,59,1,0.01694915254,72,1,0.01388888889
sens1_no_Pm_Tc,Y2:P_phys_fixed,chemsys_r0,100,0.75,0.01710132535,12,5,18,0.9840464027,59,0,0,66,0,0
sens1_no_Pm_Tc,Y2:P_phys_fixed,chemsys_r0,101,0.75,0.01710132535,3,1,19,0.9980417199,59,0,0,66,0,0
sens1_no_Pm_Tc,Y2:P_phys_fixed,chemsys_r0,102,0.75,0.01710132535,3,2,20,0.9996168582,59,0,0,66,0,0
sens1_no_Pm_Tc,Y2:P_phys_fixed,chemsys_r1,100,0.75,0.01687763713,1,1,19,0.9992857143,60,0,0,61,0,0
sens1_no_Pm_Tc,Y2:P_phys_fixed,chemsys_r1,101,0.75,0.01687763713,12,5,20,0.9878676471,60,0,0,61,0,0
sens1_no_Pm_Tc,Y2:P_phys_fixed,chemsys_r1,102,0.75,0.01687763713,4,2,20,0.9961554622,60,0,0,61,0,0
sens1_no_Pm_Tc,Y2:P_phys_fixed,chemsys_r2,100,0.75,0.01696352841,1,1,16,0.9996410473,59,0,0,73,0,0
sens1_no_Pm_Tc,Y2:P_phys_fixed,chemsys_r2,101,0.75,0.01696352841,16,6,16,0.9836570946,60,0,0,74,0,0
sens1_no_Pm_Tc,Y2:P_phys_fixed,chemsys_r2,102,0.75,0.01696352841,4,2,14,0.999144848,59,0,0,72,0,0
sens1_no_Pm_Tc,Y2:P_phys_fixed,chemsys_r3,100,0.75,0.01695633743,2,2,16,0.9980054875,60,0,0,73,0,0
sens1_no_Pm_Tc,Y2:P_phys_fixed,chemsys_r3,101,0.75,0.01695633743,1,1,14,0.9999050232,60,0,0,73,0,0
sens1_no_Pm_Tc,Y2:P_phys_fixed,chemsys_r3,102,0.75,0.01695633743,5,1,14,0.9970240608,60,0,0,73,0,0
sens1_no_Pm_Tc,Y2:P_phys_fixed,chemsys_r4,100,0.75,0.01678556441,11,1,15,0.9911199331,60,0,0,82,0,0
sens1_no_Pm_Tc,Y2:P_phys_fixed,chemsys_r4,101,0.75,0.01678556441,6,6,16,0.9753656498,60,0,0,82,0,0
sens1_no_Pm_Tc,Y2:P_phys_fixed,chemsys_r4,102,0.75,0.01678556441,2,2,14,0.9993209361,60,0,0,81,0,0
sens1_no_Pm_Tc,Y2:P_phys_fixed,chemsys_r5,100,0.75,0.01677852349,27,15,11,0.9654553049,60,0,0,79,0,0
sens1_no_Pm_Tc,Y2:P_phys_fixed,chemsys_r5,101,0.75,0.01677852349,3,3,12,0.996219716,60,0,0,79,0,0
sens1_no_Pm_Tc,Y2:P_phys_fixed,chemsys_r5,102,0.75,0.01677852349,1,1,12,0.9999582289,59,0,0,78,0,0
sens1_no_Pm_Tc,Y2:P_phys_fixed,chemsys_r6,100,0.75,0.01685630004,1,1,18,0.9998216534,60,0,0,74,0,0
sens1_no_Pm_Tc,Y2:P_phys_fixed,chemsys_r6,101,0.75,0.01685630004,2,2,16,0.9979647503,60,0,0,74,0,0
sens1_no_Pm_Tc,Y2:P_phys_fixed,chemsys_r6,102,0.75,0.01685630004,4,1,19,0.9972198909,60,0,0,74,0,0
sens1_no_Pm_Tc,Y2:P_phys_fixed,chemsys_r7,100,0.75,0.01727115717,3,3,17,0.9980868444,58,0,0,62,0,0
sens1_no_Pm_Tc,Y2:P_phys_fixed,chemsys_r7,101,0.75,0.01727115717,10,1,23,0.9923581255,59,0,0,63,0,0
sens1_no_Pm_Tc,Y2:P_phys_fixed,chemsys_r7,102,0.75,0.01727115717,8,1,20,0.994572227,59,0,0,63,0,0
sens1_no_Pm_Tc,Y2:P_phys_fixed,chemsys_r8,100,0.75,0.01685630004,1,1,19,1,60,0,0,74,0,0
sens1_no_Pm_Tc,Y2:P_phys_fixed,chemsys_r8,101,0.75,0.01685630004,1,1,17,0.9998845992,60,0,0,74,0,0
sens1_no_Pm_Tc,Y2:P_phys_fixed,chemsys_r8,102,0.75,0.01685630004,22,13,14,0.9704469157,60,0,0,74,0,0
sens1_no_Pm_Tc,Y2:P_phys_fixed,chemsys_r9,100,0.75,0.01710132535,14,5,17,0.9811196254,59,0,0,69,0,0
sens1_no_Pm_Tc,Y2:P_phys_fixed,chemsys_r9,101,0.75,0.01710132535,1,1,16,0.9999042146,59,0,0,69,0,0
sens1_no_Pm_Tc,Y2:P_phys_fixed,chemsys_r9,102,0.75,0.01710132535,1,1,17,0.9998084291,59,0,0,69,0,0
sens1_no_Pm_Tc,Y2:P_phys_fixed,random_r0,100,0.75,0.01674340728,1,1,16,1,59,0,0,73,0,0
sens1_no_Pm_Tc,Y2:P_phys_fixed,random_r0,101,0.75,0.01674340728,1,1,15,0.9997394748,60,0,0,74,0,0
sens1_no_Pm_Tc,Y2:P_phys_fixed,random_r0,102,0.75,0.01674340728,1,1,16,0.9995102126,59,0,0,73,0,0
sens1_no_Pm_Tc,Y2:P_phys_fixed,random_r1,100,0.75,0.016985138,13,8,16,0.9819767442,60,0,0,70,0,0
sens1_no_Pm_Tc,Y2:P_phys_fixed,random_r1,101,0.75,0.016985138,4,4,16,0.9965433404,60,0,0,70,0,0
sens1_no_Pm_Tc,Y2:P_phys_fixed,random_r1,102,0.75,0.016985138,3,3,18,0.9957293869,60,0,0,70,0,0
sens1_no_Pm_Tc,Y2:P_phys_fixed,random_r2,100,0.75,0.01683501684,21,6,17,0.9732397318,60,0,0,69,0,0
sens1_no_Pm_Tc,Y2:P_phys_fixed,random_r2,101,0.75,0.01683501684,2,1,18,0.9993294216,60,0,0,69,0,0
sens1_no_Pm_Tc,Y2:P_phys_fixed,random_r2,102,0.75,0.01683501684,1,1,17,0.9992770327,60,0,0,69,0,0
sens1_no_Pm_Tc,Y2:P_phys_fixed,random_r3,100,0.75,0.0169707255,24,2,18,0.9812420786,60,0,0,67,0,0
sens1_no_Pm_Tc,Y2:P_phys_fixed,random_r3,101,0.75,0.0169707255,1,1,16,0.9996303338,60,0,0,67,0,0
sens1_no_Pm_Tc,Y2:P_phys_fixed,random_r3,102,0.75,0.0169707255,11,7,14,0.9930819603,60,0,0,67,0,0
sens1_no_Pm_Tc,Y2:P_phys_fixed,random_r4,100,0.75,0.01690617075,2,2,17,0.9991161616,59,0,0,67,0,0
sens1_no_Pm_Tc,Y2:P_phys_fixed,random_r4,101,0.75,0.01690617075,3,3,15,0.9980639731,60,0,0,68,0,0
sens1_no_Pm_Tc,Y2:P_phys_fixed,random_r4,102,0.75,0.01690617075,1,1,16,0.9996422559,60,0,0,68,0,0
sens1_no_Pm_Tc,Y2:P_phys_fixed,random_r5,100,0.75,0.01694915254,4,1,20,0.9987341772,60,0,0,61,0,0
sens1_no_Pm_Tc,Y2:P_phys_fixed,random_r5,101,0.75,0.01694915254,5,2,16,0.9899367089,60,0,0,61,0,0
sens1_no_Pm_Tc,Y2:P_phys_fixed,random_r5,102,0.75,0.01694915254,1,1,16,0.9995780591,60,0,0,61,0,0
sens1_no_Pm_Tc,Y2:P_phys_fixed,random_r6,100,0.75,0.01703577513,2,2,14,0.9995547074,58,0,0,75,0,0
sens1_no_Pm_Tc,Y2:P_phys_fixed,random_r6,101,0.75,0.01703577513,2,2,14,0.9985368957,59,0,0,76,0,0
sens1_no_Pm_Tc,Y2:P_phys_fixed,random_r6,102,0.75,0.01703577513,1,1,16,0.9996819338,58,0,0,75,0,0
sens1_no_Pm_Tc,Y2:P_phys_fixed,random_r7,100,0.75,0.01699957501,23,3,16,0.9792319086,60,0,0,66,0,0
sens1_no_Pm_Tc,Y2:P_phys_fixed,random_r7,101,0.75,0.01699957501,1,1,17,0.9996191282,60,0,0,66,0,0
sens1_no_Pm_Tc,Y2:P_phys_fixed,random_r7,102,0.75,0.01699957501,3,2,18,0.9969953449,60,0,0,66,0,0
sens1_no_Pm_Tc,Y2:P_phys_fixed,random_r8,100,0.75,0.01689902831,13,4,17,0.987946992,60,0,0,71,0,0
sens1_no_Pm_Tc,Y2:P_phys_fixed,random_r8,101,0.75,0.01689902831,4,2,20,0.999358435,59,0,0,70,0,0
sens1_no_Pm_Tc,Y2:P_phys_fixed,random_r8,102,0.75,0.01689902831,20,6,17,0.9790071519,60,0,0,71,0,0
sens1_no_Pm_Tc,Y2:P_phys_fixed,random_r9,100,0.75,0.016985138,6,6,14,0.9910993658,60,0,0,73,0,0
sens1_no_Pm_Tc,Y2:P_phys_fixed,random_r9,101,0.75,0.016985138,19,5,16,0.9882029598,60,0,0,72,0,0
sens1_no_Pm_Tc,Y2:P_phys_fixed,random_r9,102,0.75,0.016985138,1,1,16,0.9998837209,59,0,0,72,0,0
sens1_no_Pm_Tc,Y2:P_phys_fixed,chemsys_r0,100,1,0.01710132535,35,14,7,0.9580672627,59,0,0,66,0,0
sens1_no_Pm_Tc,Y2:P_phys_fixed,chemsys_r0,101,1,0.01710132535,35,14,7,0.9595253299,59,0,0,66,0,0
sens1_no_Pm_Tc,Y2:P_phys_fixed,chemsys_r0,102,1,0.01710132535,35,14,7,0.9972115794,59,0,0,66,0,0
sens1_no_Pm_Tc,Y2:P_phys_fixed,chemsys_r1,100,1,0.01687763713,34,8,7,0.9614810924,60,0,0,61,0,0
sens1_no_Pm_Tc,Y2:P_phys_fixed,chemsys_r1,101,1,0.01687763713,34,8,7,0.9657563025,60,0,0,61,0,0
sens1_no_Pm_Tc,Y2:P_phys_fixed,chemsys_r1,102,1,0.01687763713,34,8,7,0.9615966387,60,0,0,61,0,0
sens1_no_Pm_Tc,Y2:P_phys_fixed,chemsys_r2,100,1,0.01696352841,37,15,5,0.9912162162,59,0,0,73,0,0
sens1_no_Pm_Tc,Y2:P_phys_fixed,chemsys_r2,101,1,0.01696352841,36,14,6,0.9618771115,60,0,0,74,0,0
sens1_no_Pm_Tc,Y2:P_phys_fixed,chemsys_r2,102,1,0.01696352841,37,15,5,0.9889358108,59,0,0,72,0,0
sens1_no_Pm_Tc,Y2:P_phys_fixed,chemsys_r3,100,1,0.01695633743,32,9,5,0.9676867877,60,0,0,73,0,0
sens1_no_Pm_Tc,Y2:P_phys_fixed,chemsys_r3,101,1,0.01695633743,32,9,5,0.9673385395,60,0,0,73,0,0
sens1_no_Pm_Tc,Y2:P_phys_fixed,chemsys_r3,102,1,0.01695633743,32,9,5,0.9787990713,60,0,0,73,0,0
sens1_no_Pm_Tc,Y2:P_phys_fixed,chemsys_r4,100,1,0.01678556441,32,12,9,0.9673944839,60,0,0,82,0,0
sens1_no_Pm_Tc,Y2:P_phys_fixed,chemsys_r4,101,1,0.01678556441,32,12,9,0.9616485583,60,0,0,82,0,0
sens1_no_Pm_Tc,Y2:P_phys_fixed,chemsys_r4,102,1,0.01678556441,32,12,9,0.9858127873,60,0,0,81,0,0
sens1_no_Pm_Tc,Y2:P_phys_fixed,chemsys_r5,100,1,0.01677852349,41,7,3,0.9588972431,60,0,0,79,0,0
sens1_no_Pm_Tc,Y2:P_phys_fixed,chemsys_r5,101,1,0.01677852349,41,7,3,0.9605994152,60,0,0,79,0,0
sens1_no_Pm_Tc,Y2:P_phys_fixed,chemsys_r5,102,1,0.01677852349,41,6,3,0.9983291562,59,0,0,78,0,0
sens1_no_Pm_Tc,Y2:P_phys_fixed,chemsys_r6,100,1,0.01685630004,22,8,9,0.9768464121,60,0,0,74,0,0
sens1_no_Pm_Tc,Y2:P_phys_fixed,chemsys_r6,101,1,0.01685630004,22,8,9,0.9761435166,60,0,0,74,0,0
sens1_no_Pm_Tc,Y2:P_phys_fixed,chemsys_r6,102,1,0.01685630004,22,8,9,0.9799517415,60,0,0,74,0,0
sens1_no_Pm_Tc,Y2:P_phys_fixed,chemsys_r7,100,1,0.01727115717,40,4,7,0.9706362855,58,0,0,62,0,0
sens1_no_Pm_Tc,Y2:P_phys_fixed,chemsys_r7,101,1,0.01727115717,39,4,7,0.968422184,59,0,0,63,0,0
sens1_no_Pm_Tc,Y2:P_phys_fixed,chemsys_r7,102,1,0.01727115717,39,4,7,0.9706792777,59,0,0,63,0,0
sens1_no_Pm_Tc,Y2:P_phys_fixed,chemsys_r8,100,1,0.01685630004,38,16,5,0.9618443139,60,0,0,74,0,0
sens1_no_Pm_Tc,Y2:P_phys_fixed,chemsys_r8,101,1,0.01685630004,38,16,5,0.9987410827,60,0,0,74,0,0
sens1_no_Pm_Tc,Y2:P_phys_fixed,chemsys_r8,102,1,0.01685630004,38,16,5,0.9529794377,60,0,0,74,0,0
sens1_no_Pm_Tc,Y2:P_phys_fixed,chemsys_r9,100,1,0.01710132535,25,8,6,0.9696253725,59,0,0,69,0,0
sens1_no_Pm_Tc,Y2:P_phys_fixed,chemsys_r9,101,1,0.01710132535,25,8,6,0.9696253725,59,0,0,69,0,0
sens1_no_Pm_Tc,Y2:P_phys_fixed,chemsys_r9,102,1,0.01710132535,25,8,6,0.9696253725,59,0,0,69,0,0
sens1_no_Pm_Tc,Y2:P_phys_fixed,random_r0,100,1,0.01674340728,28,4,8,0.9943726553,59,0,0,73,0,0
sens1_no_Pm_Tc,Y2:P_phys_fixed,random_r0,101,1,0.01674340728,29,4,8,0.971467278,60,0,0,74,0,0
sens1_no_Pm_Tc,Y2:P_phys_fixed,random_r0,102,1,0.01674340728,29,4,8,0.9781158816,59,0,0,73,0,0
sens1_no_Pm_Tc,Y2:P_phys_fixed,random_r1,100,1,0.016985138,41,16,4,0.954397463,60,0,0,70,0,0
sens1_no_Pm_Tc,Y2:P_phys_fixed,random_r1,101,1,0.016985138,41,16,4,0.9606236786,60,0,0,70,0,0
sens1_no_Pm_Tc,Y2:P_phys_fixed,random_r1,102,1,0.016985138,41,16,4,0.954397463,60,0,0,70,0,0
sens1_no_Pm_Tc,Y2:P_phys_fixed,random_r2,100,1,0.01683501684,36,6,9,0.9612531433,60,0,0,69,0,0
sens1_no_Pm_Tc,Y2:P_phys_fixed,random_r2,101,1,0.01683501684,37,6,8,0.9622590109,60,0,0,69,0,0
sens1_no_Pm_Tc,Y2:P_phys_fixed,random_r2,102,1,0.01683501684,37,6,8,0.9859911987,60,0,0,69,0,0
sens1_no_Pm_Tc,Y2:P_phys_fixed,random_r3,100,1,0.0169707255,31,6,9,0.9654837347,60,0,0,67,0,0
sens1_no_Pm_Tc,Y2:P_phys_fixed,random_r3,101,1,0.0169707255,31,6,9,0.9761089987,60,0,0,67,0,0
sens1_no_Pm_Tc,Y2:P_phys_fixed,random_r3,102,1,0.0169707255,31,6,9,0.9782002535,60,0,0,67,0,0
sens1_no_Pm_Tc,Y2:P_phys_fixed,random_r4,100,1,0.01690617075,38,5,5,0.9682133838,59,0,0,67,0,0
sens1_no_Pm_Tc,Y2:P_phys_fixed,random_r4,101,1,0.01690617075,38,5,5,0.9702020202,60,0,0,68,0,0
sens1_no_Pm_Tc,Y2:P_phys_fixed,random_r4,102,1,0.01690617075,38,5,5,0.9563026094,60,0,0,68,0,0
sens1_no_Pm_Tc,Y2:P_phys_fixed,random_r5,100,1,0.01694915254,35,4,9,0.9614451477,60,0,0,61,0,0
sens1_no_Pm_Tc,Y2:P_phys_fixed,random_r5,101,1,0.01694915254,35,4,9,0.9614451477,60,0,0,61,0,0
sens1_no_Pm_Tc,Y2:P_phys_fixed,random_r5,102,1,0.01694915254,35,4,9,0.9614451477,60,0,0,61,0,0
sens1_no_Pm_Tc,Y2:P_phys_fixed,random_r6,100,1,0.01703577513,36,15,4,0.9835665818,58,0,0,75,0,0
sens1_no_Pm_Tc,Y2:P_phys_fixed,random_r6,101,1,0.01703577513,35,14,5,0.9632103478,59,0,0,76,0,0
sens1_no_Pm_Tc,Y2:P_phys_fixed,random_r6,102,1,0.01703577513,36,15,4,0.985793045,58,0,0,75,0,0
sens1_no_Pm_Tc,Y2:P_phys_fixed,random_r7,100,1,0.01699957501,32,5,6,0.964769361,60,0,0,66,0,0
sens1_no_Pm_Tc,Y2:P_phys_fixed,random_r7,101,1,0.01699957501,32,5,6,0.9689166314,60,0,0,66,0,0
sens1_no_Pm_Tc,Y2:P_phys_fixed,random_r7,102,1,0.01699957501,32,5,6,0.964769361,60,0,0,66,0,0
sens1_no_Pm_Tc,Y2:P_phys_fixed,random_r8,100,1,0.01689902831,33,12,7,0.9652397981,60,0,0,71,0,0
sens1_no_Pm_Tc,Y2:P_phys_fixed,random_r8,101,1,0.01689902831,33,12,7,0.9928165755,59,0,0,70,0,0
sens1_no_Pm_Tc,Y2:P_phys_fixed,random_r8,102,1,0.01689902831,33,12,7,0.9624316365,60,0,0,71,0,0
sens1_no_Pm_Tc,Y2:P_phys_fixed,random_r9,100,1,0.016985138,33,12,5,0.9581606765,60,0,0,73,0,0
sens1_no_Pm_Tc,Y2:P_phys_fixed,random_r9,101,1,0.016985138,33,12,5,0.9789640592,60,0,0,72,0,0
sens1_no_Pm_Tc,Y2:P_phys_fixed,random_r9,102,1,0.016985138,33,12,5,0.9727484144,59,0,0,72,0,0
sens1_no_Pm_Tc,Y2:P_phys_matched_Y2,chemsys_r0,100,0,0.01710132535,21,11,21,0.9585781183,59,4,0.06779661017,9,0,0
sens1_no_Pm_Tc,Y2:P_phys_matched_Y2,chemsys_r0,101,0,0.01710132535,7,5,17,0.9885696041,59,3,0.05084745763,9,0,0
sens1_no_Pm_Tc,Y2:P_phys_matched_Y2,chemsys_r0,102,0,0.01710132535,1,1,20,0.9999255002,59,2,0.03389830508,9,0,0
sens1_no_Pm_Tc,Y2:P_phys_matched_Y2,chemsys_r1,100,0,0.01687763713,41,41,0,0.8495798319,60,0,0,10,0,0
sens1_no_Pm_Tc,Y2:P_phys_matched_Y2,chemsys_r1,101,0,0.01687763713,7,1,22,0.9924054622,60,3,0.05,10,0,0
sens1_no_Pm_Tc,Y2:P_phys_matched_Y2,chemsys_r1,102,0,0.01687763713,12,1,22,0.992657563,60,6,0.1,10,0,0
sens1_no_Pm_Tc,Y2:P_phys_matched_Y2,chemsys_r2,100,0,0.01696352841,1,1,12,0.9994404561,60,3,0.05,7,0,0
sens1_no_Pm_Tc,Y2:P_phys_matched_Y2,chemsys_r2,101,0,0.01696352841,14,5,23,0.9858847128,60,10,0.1666666667,7,1,0.1428571429
sens1_no_Pm_Tc,Y2:P_phys_matched_Y2,chemsys_r2,102,0,0.01696352841,2,1,21,0.9971600507,58,9,0.1551724138,7,0,0
sens1_no_Pm_Tc,Y2:P_phys_matched_Y2,chemsys_r3,100,0,0.01695633743,1,1,22,0.9997889405,60,4,0.06666666667,4,0,0
sens1_no_Pm_Tc,Y2:P_phys_matched_Y2,chemsys_r3,101,0,0.01695633743,6,6,15,0.9732798649,60,3,0.05,4,0,0
sens1_no_Pm_Tc,Y2:P_phys_matched_Y2,chemsys_r3,102,0,0.01695633743,23,6,24,0.9853419164,60,13,0.2166666667,4,0,0
sens1_no_Pm_Tc,Y2:P_phys_matched_Y2,chemsys_r4,100,0,0.01678556441,32,3,22,0.9836084413,60,10,0.1666666667,13,2,0.1538461538
sens1_no_Pm_Tc,Y2:P_phys_matched_Y2,chemsys_r4,101,0,0.01678556441,22,9,20,0.9596113665,60,7,0.1166666667,13,1,0.07692307692
sens1_no_Pm_Tc,Y2:P_phys_matched_Y2,chemsys_r4,102,0,0.01678556441,7,2,15,0.9978583368,59,1,0.01694915254,13,0,0
sens1_no_Pm_Tc,Y2:P_phys_matched_Y2,chemsys_r5,100,0,0.01677852349,10,10,13,0.9761382623,60,1,0.01666666667,10,0,0
sens1_no_Pm_Tc,Y2:P_phys_matched_Y2,chemsys_r5,101,0,0.01677852349,12,2,24,0.9899749373,60,5,0.08333333333,10,1,0.1
sens1_no_Pm_Tc,Y2:P_phys_matched_Y2,chemsys_r5,102,0,0.01677852349,2,1,10,0.9999373434,59,2,0.03389830508,10,1,0.1
sens1_no_Pm_Tc,Y2:P_phys_matched_Y2,chemsys_r6,100,0,0.01685630004,15,2,22,0.9935165757,60,5,0.08333333333,9,0,0
sens1_no_Pm_Tc,Y2:P_phys_matched_Y2,chemsys_r6,101,0,0.01685630004,6,2,17,0.9933277381,60,3,0.05,9,0,0
sens1_no_Pm_Tc,Y2:P_phys_matched_Y2,chemsys_r6,102,0,0.01685630004,3,2,22,0.9961707931,59,3,0.05084745763,9,0,0
sens1_no_Pm_Tc,Y2:P_phys_matched_Y2,chemsys_r7,100,0,0.01727115717,3,1,19,0.9990971625,58,3,0.05172413793,15,0,0
sens1_no_Pm_Tc,Y2:P_phys_matched_Y2,chemsys_r7,101,0,0.01727115717,22,4,20,0.9871238177,59,7,0.1186440678,15,0,0
sens1_no_Pm_Tc,Y2:P_phys_matched_Y2,chemsys_r7,102,0,0.01727115717,11,1,19,0.9898753224,58,2,0.03448275862,15,0,0
sens1_no_Pm_Tc,Y2:P_phys_matched_Y2,chemsys_r8,100,0,0.01685630004,2,1,26,0.9961812841,60,6,0.1,8,1,0.125
sens1_no_Pm_Tc,Y2:P_phys_matched_Y2,chemsys_r8,101,0,0.01685630004,1,1,19,0.9998741083,60,1,0.01666666667,8,0,0
sens1_no_Pm_Tc,Y2:P_phys_matched_Y2,chemsys_r8,102,0,0.01685630004,22,8,22,0.9736047,60,8,0.1333333333,8,0,0
sens1_no_Pm_Tc,Y2:P_phys_matched_Y2,chemsys_r9,100,0,0.01710132535,19,15,17,0.9446785866,59,6,0.1016949153,12,2,0.1666666667
sens1_no_Pm_Tc,Y2:P_phys_matched_Y2,chemsys_r9,101,0,0.01710132535,3,3,26,0.9870583227,59,6,0.1016949153,12,1,0.08333333333
sens1_no_Pm_Tc,Y2:P_phys_matched_Y2,chemsys_r9,102,0,0.01710132535,9,8,15,0.9821626224,59,0,0,12,0,0
sens1_no_Pm_Tc,Y2:P_phys_matched_Y2,random_r0,100,0,0.01674340728,1,1,21,0.997561484,60,7,0.1166666667,13,2,0.1538461538
sens1_no_Pm_Tc,Y2:P_phys_matched_Y2,random_r0,101,0,0.01674340728,1,1,15,0.999958316,60,2,0.03333333333,13,1,0.07692307692
sens1_no_Pm_Tc,Y2:P_phys_matched_Y2,random_r0,102,0,0.01674340728,8,2,25,0.9935285536,59,9,0.1525423729,13,2,0.1538461538
sens1_no_Pm_Tc,Y2:P_phys_matched_Y2,random_r1,100,0,0.016985138,5,2,22,0.9893234672,60,5,0.08333333333,8,0,0
sens1_no_Pm_Tc,Y2:P_phys_matched_Y2,random_r1,101,0,0.016985138,5,4,19,0.9958668076,59,3,0.05084745763,8,0,0
sens1_no_Pm_Tc,Y2:P_phys_matched_Y2,random_r1,102,0,0.016985138,9,8,17,0.9675475687,60,5,0.08333333333,8,0,0
sens1_no_Pm_Tc,Y2:P_phys_matched_Y2,random_r2,100,0,0.01683501684,25,20,11,0.9562133277,60,6,0.1,9,0,0
sens1_no_Pm_Tc,Y2:P_phys_matched_Y2,random_r2,101,0,0.01683501684,9,2,23,0.9952326069,60,7,0.1166666667,9,0,0
sens1_no_Pm_Tc,Y2:P_phys_matched_Y2,random_r2,102,0,0.01683501684,1,1,18,1,60,2,0.03333333333,9,0,0
sens1_no_Pm_Tc,Y2:P_phys_matched_Y2,random_r3,100,0,0.0169707255,21,12,15,0.9567701732,60,1,0.01666666667,10,0,0
sens1_no_Pm_Tc,Y2:P_phys_matched_Y2,random_r3,101,0,0.0169707255,11,1,24,0.9914554288,59,13,0.2203389831,10,1,0.1
sens1_no_Pm_Tc,Y2:P_phys_matched_Y2,random_r3,102,0,0.0169707255,12,3,20,0.9915716096,60,4,0.06666666667,10,1,0.1
sens1_no_Pm_Tc,Y2:P_phys_matched_Y2,random_r4,100,0,0.01690617075,2,1,24,0.9966224747,59,6,0.1016949153,9,2,0.2222222222
sens1_no_Pm_Tc,Y2:P_phys_matched_Y2,random_r4,101,0,0.01690617075,30,1,24,0.9817655724,59,14,0.2372881356,10,1,0.1
sens1_no_Pm_Tc,Y2:P_phys_matched_Y2,random_r4,102,0,0.01690617075,1,1,26,0.9963068182,60,7,0.1166666667,10,0,0
sens1_no_Pm_Tc,Y2:P_phys_matched_Y2,random_r5,100,0,0.01694915254,20,15,14,0.9721940928,60,5,0.08333333333,9,0,0
sens1_no_Pm_Tc,Y2:P_phys_matched_Y2,random_r5,101,0,0.01694915254,14,13,12,0.9332383966,60,8,0.1333333333,9,0,0
sens1_no_Pm_Tc,Y2:P_phys_matched_Y2,random_r5,102,0,0.01694915254,6,6,12,0.9858860759,60,1,0.01666666667,9,0,0
sens1_no_Pm_Tc,Y2:P_phys_matched_Y2,random_r6,100,0,0.01703577513,2,1,17,0.9981446141,58,2,0.03448275862,11,0,0
sens1_no_Pm_Tc,Y2:P_phys_matched_Y2,random_r6,101,0,0.01703577513,3,3,14,0.9961407973,59,1,0.01694915254,11,0,0
sens1_no_Pm_Tc,Y2:P_phys_matched_Y2,random_r6,102,0,0.01703577513,1,1,26,0.9973494487,59,6,0.1016949153,11,0,0
sens1_no_Pm_Tc,Y2:P_phys_matched_Y2,random_r7,100,0,0.01699957501,41,5,4,0.9655416843,60,1,0.01666666667,8,0,0
sens1_no_Pm_Tc,Y2:P_phys_matched_Y2,random_r7,101,0,0.01699957501,4,3,19,0.9954824376,60,2,0.03333333333,8,0,0
sens1_no_Pm_Tc,Y2:P_phys_matched_Y2,random_r7,102,0,0.01699957501,10,3,19,0.9831252645,60,4,0.06666666667,8,0,0
sens1_no_Pm_Tc,Y2:P_phys_matched_Y2,random_r8,100,0,0.01689902831,32,5,22,0.9804375263,60,14,0.2333333333,7,1,0.1428571429
sens1_no_Pm_Tc,Y2:P_phys_matched_Y2,random_r8,101,0,0.01689902831,7,7,12,0.9987799748,60,1,0.01666666667,7,0,0
sens1_no_Pm_Tc,Y2:P_phys_matched_Y2,random_r8,102,0,0.01689902831,4,4,15,0.9946676483,60,1,0.01666666667,7,0,0
sens1_no_Pm_Tc,Y2:P_phys_matched_Y2,random_r9,100,0,0.016985138,8,3,20,0.9855919662,60,7,0.1166666667,12,2,0.1666666667
sens1_no_Pm_Tc,Y2:P_phys_matched_Y2,random_r9,101,0,0.016985138,41,27,4,0.9737843552,59,2,0.03389830508,12,0,0
sens1_no_Pm_Tc,Y2:P_phys_matched_Y2,random_r9,102,0,0.016985138,6,1,21,0.9958033827,59,7,0.1186440678,12,1,0.08333333333
sens1_no_Pm_Tc,Y2:P_phys_matched_Y2,chemsys_r0,100,0.02,0.01710132535,6,3,24,0.9891975309,59,5,0.08474576271,9,0,0
sens1_no_Pm_Tc,Y2:P_phys_matched_Y2,chemsys_r0,101,0.02,0.01710132535,7,5,19,0.9885696041,59,3,0.05084745763,9,0,0
sens1_no_Pm_Tc,Y2:P_phys_matched_Y2,chemsys_r0,102,0.02,0.01710132535,1,1,20,0.9999255002,59,2,0.03389830508,9,0,0
sens1_no_Pm_Tc,Y2:P_phys_matched_Y2,chemsys_r1,100,0.02,0.01687763713,21,8,24,0.9784558824,60,8,0.1333333333,10,0,0
sens1_no_Pm_Tc,Y2:P_phys_matched_Y2,chemsys_r1,101,0.02,0.01687763713,5,1,23,0.994894958,60,4,0.06666666667,10,0,0
sens1_no_Pm_Tc,Y2:P_phys_matched_Y2,chemsys_r1,102,0.02,0.01687763713,6,2,20,0.9918277311,60,3,0.05,10,0,0
sens1_no_Pm_Tc,Y2:P_phys_matched_Y2,chemsys_r2,100,0.02,0.01696352841,1,1,19,0.9995777027,60,4,0.06666666667,7,0,0
sens1_no_Pm_Tc,Y2:P_phys_matched_Y2,chemsys_r2,101,0.02,0.01696352841,16,3,23,0.991796875,60,7,0.1166666667,7,0,0
sens1_no_Pm_Tc,Y2:P_phys_matched_Y2,chemsys_r2,102,0.02,0.01696352841,2,1,22,0.9973923142,58,10,0.1724137931,7,1,0.1428571429
sens1_no_Pm_Tc,Y2:P_phys_matched_Y2,chemsys_r3,100,0.02,0.01695633743,1,1,22,0.9998628113,60,4,0.06666666667,4,0,0
sens1_no_Pm_Tc,Y2:P_phys_matched_Y2,chemsys_r3,101,0.02,0.01695633743,1,1,17,0.9993879274,60,4,0.06666666667,4,0,0
sens1_no_Pm_Tc,Y2:P_phys_matched_Y2,chemsys_r3,102,0.02,0.01695633743,9,2,21,0.9944807936,60,2,0.03333333333,4,0,0
sens1_no_Pm_Tc,Y2:P_phys_matched_Y2,chemsys_r4,100,0.02,0.01678556441,9,3,19,0.9939928959,60,1,0.01666666667,13,0,0
sens1_no_Pm_Tc,Y2:P_phys_matched_Y2,chemsys_r4,101,0.02,0.01678556441,4,3,18,0.9867425825,60,2,0.03333333333,13,0,0
sens1_no_Pm_Tc,Y2:P_phys_matched_Y2,chemsys_r4,102,0.02,0.01678556441,3,1,15,0.9988194735,59,0,0,13,0,0
sens1_no_Pm_Tc,Y2:P_phys_matched_Y2,chemsys_r5,100,0.02,0.01677852349,7,7,14,0.9833646617,60,1,0.01666666667,10,0,0
sens1_no_Pm_Tc,Y2:P_phys_matched_Y2,chemsys_r5,101,0.02,0.01677852349,12,2,18,0.9919590643,60,1,0.01666666667,10,0,0
sens1_no_Pm_Tc,Y2:P_phys_matched_Y2,chemsys_r5,102,0.02,0.01677852349,2,1,12,0.9999373434,59,2,0.03389830508,10,0,0
sens1_no_Pm_Tc,Y2:P_phys_matched_Y2,chemsys_r6,100,0.02,0.01685630004,3,2,25,0.9949538397,60,9,0.15,9,0,0
sens1_no_Pm_Tc,Y2:P_phys_matched_Y2,chemsys_r6,101,0.02,0.01685630004,5,2,18,0.9945656735,60,2,0.03333333333,9,0,0
sens1_no_Pm_Tc,Y2:P_phys_matched_Y2,chemsys_r6,102,0.02,0.01685630004,3,2,23,0.996223248,59,2,0.03389830508,9,0,0
sens1_no_Pm_Tc,Y2:P_phys_matched_Y2,chemsys_r7,100,0.02,0.01727115717,1,1,18,0.9995700774,58,1,0.01724137931,15,0,0
sens1_no_Pm_Tc,Y2:P_phys_matched_Y2,chemsys_r7,101,0.02,0.01727115717,16,11,16,0.9778589854,59,2,0.03389830508,15,0,0
sens1_no_Pm_Tc,Y2:P_phys_matched_Y2,chemsys_r7,102,0.02,0.01727115717,9,1,19,0.9916595013,58,1,0.01724137931,15,0,0
sens1_no_Pm_Tc,Y2:P_phys_matched_Y2,chemsys_r8,100,0.02,0.01685630004,2,1,28,0.9965904322,60,6,0.1,8,1,0.125
sens1_no_Pm_Tc,Y2:P_phys_matched_Y2,chemsys_r8,101,0.02,0.01685630004,1,1,21,0.9999055812,60,1,0.01666666667,8,0,0
sens1_no_Pm_Tc,Y2:P_phys_matched_Y2,chemsys_r8,102,0.02,0.01685630004,6,6,21,0.9888166177,60,3,0.05,8,0,0
sens1_no_Pm_Tc,Y2:P_phys_matched_Y2,chemsys_r9,100,0.02,0.01710132535,15,15,15,0.9531077054,59,1,0.01694915254,12,0,0
sens1_no_Pm_Tc,Y2:P_phys_matched_Y2,chemsys_r9,101,0.02,0.01710132535,4,1,20,0.9970200085,59,2,0.03389830508,12,0,0
sens1_no_Pm_Tc,Y2:P_phys_matched_Y2,chemsys_r9,102,0.02,0.01710132535,4,1,20,0.9960195828,59,3,0.05084745763,12,0,0
sens1_no_Pm_Tc,Y2:P_phys_matched_Y2,random_r0,100,0.02,0.01674340728,1,1,22,0.9980616924,60,8,0.1333333333,13,2,0.1538461538
sens1_no_Pm_Tc,Y2:P_phys_matched_Y2,random_r0,101,0.02,0.01674340728,1,1,15,0.999958316,60,2,0.03333333333,13,1,0.07692307692
sens1_no_Pm_Tc,Y2:P_phys_matched_Y2,random_r0,102,0.02,0.01674340728,2,1,18,0.9974051688,59,4,0.06779661017,13,1,0.07692307692
sens1_no_Pm_Tc,Y2:P_phys_matched_Y2,random_r1,100,0.02,0.016985138,3,3,25,0.9963002114,60,3,0.05,8,0,0
sens1_no_Pm_Tc,Y2:P_phys_matched_Y2,random_r1,101,0.02,0.016985138,4,3,19,0.9971353066,59,1,0.01694915254,8,0,0
sens1_no_Pm_Tc,Y2:P_phys_matched_Y2,random_r1,102,0.02,0.016985138,7,3,33,0.9861733615,60,9,0.15,8,0,0
sens1_no_Pm_Tc,Y2:P_phys_matched_Y2,random_r2,100,0.02,0.01683501684,11,7,20,0.9816638726,60,4,0.06666666667,9,0,0
sens1_no_Pm_Tc,Y2:P_phys_matched_Y2,random_r2,101,0.02,0.01683501684,1,1,20,0.9993503772,60,3,0.05,9,0,0
sens1_no_Pm_Tc,Y2:P_phys_matched_Y2,random_r2,102,0.02,0.01683501684,1,1,19,1,60,3,0.05,9,0,0
sens1_no_Pm_Tc,Y2:P_phys_matched_Y2,random_r3,100,0.02,0.0169707255,5,3,18,0.9925749894,60,3,0.05,10,1,0.1
sens1_no_Pm_Tc,Y2:P_phys_matched_Y2,random_r3,101,0.02,0.0169707255,5,1,22,0.9967152514,59,4,0.06779661017,10,1,0.1
sens1_no_Pm_Tc,Y2:P_phys_matched_Y2,random_r3,102,0.02,0.0169707255,9,3,18,0.9941803971,60,1,0.01666666667,10,0,0
sens1_no_Pm_Tc,Y2:P_phys_matched_Y2,random_r4,100,0.02,0.01690617075,2,1,20,0.9967908249,59,2,0.03389830508,9,0,0
sens1_no_Pm_Tc,Y2:P_phys_matched_Y2,random_r4,101,0.02,0.01690617075,8,1,19,0.993108165,59,3,0.05084745763,10,0,0
sens1_no_Pm_Tc,Y2:P_phys_matched_Y2,random_r4,102,0.02,0.01690617075,1,1,21,1,60,2,0.03333333333,10,0,0
sens1_no_Pm_Tc,Y2:P_phys_matched_Y2,random_r5,100,0.02,0.01694915254,6,5,22,0.9860548523,60,3,0.05,9,0,0
sens1_no_Pm_Tc,Y2:P_phys_matched_Y2,random_r5,101,0.02,0.01694915254,19,9,18,0.9655907173,60,9,0.15,9,1,0.1111111111
sens1_no_Pm_Tc,Y2:P_phys_matched_Y2,random_r5,102,0.02,0.01694915254,8,6,15,0.9864135021,60,1,0.01666666667,9,0,0
sens1_no_Pm_Tc,Y2:P_phys_matched_Y2,random_r6,100,0.02,0.01703577513,2,1,18,0.9990245971,58,2,0.03448275862,11,0,0
sens1_no_Pm_Tc,Y2:P_phys_matched_Y2,random_r6,101,0.02,0.01703577513,3,3,17,0.9965860899,59,1,0.01694915254,11,0,0
sens1_no_Pm_Tc,Y2:P_phys_matched_Y2,random_r6,102,0.02,0.01703577513,1,1,24,0.9977735369,59,3,0.05084745763,11,0,0
sens1_no_Pm_Tc,Y2:P_phys_matched_Y2,random_r7,100,0.02,0.01699957501,24,5,18,0.9759098603,60,1,0.01666666667,8,0,0
sens1_no_Pm_Tc,Y2:P_phys_matched_Y2,random_r7,101,0.02,0.01699957501,4,3,22,0.9955035971,60,3,0.05,8,0,0
sens1_no_Pm_Tc,Y2:P_phys_matched_Y2,random_r7,102,0.02,0.01699957501,23,2,19,0.9820778671,60,10,0.1666666667,8,0,0
sens1_no_Pm_Tc,Y2:P_phys_matched_Y2,random_r8,100,0.02,0.01689902831,24,4,24,0.98398191,60,13,0.2166666667,7,0,0
sens1_no_Pm_Tc,Y2:P_phys_matched_Y2,random_r8,101,0.02,0.01689902831,4,4,15,0.9993689525,60,1,0.01666666667,7,0,0
sens1_no_Pm_Tc,Y2:P_phys_matched_Y2,random_r8,102,0.02,0.01689902831,2,2,17,0.9981173748,60,1,0.01666666667,7,0,0
sens1_no_Pm_Tc,Y2:P_phys_matched_Y2,random_r9,100,0.02,0.016985138,10,2,19,0.9914587738,60,1,0.01666666667,12,0,0
sens1_no_Pm_Tc,Y2:P_phys_matched_Y2,random_r9,101,0.02,0.016985138,4,2,19,0.9965327696,59,2,0.03389830508,12,0,0
sens1_no_Pm_Tc,Y2:P_phys_matched_Y2,random_r9,102,0.02,0.016985138,3,1,18,0.9975369979,59,2,0.03389830508,12,0,0
sens1_no_Pm_Tc,Y2:P_phys_matched_Y2,chemsys_r0,100,0.05,0.01710132535,10,3,24,0.987164751,59,3,0.05084745763,9,0,0
sens1_no_Pm_Tc,Y2:P_phys_matched_Y2,chemsys_r0,101,0.05,0.01710132535,6,4,20,0.9908790975,59,3,0.05084745763,9,0,0
sens1_no_Pm_Tc,Y2:P_phys_matched_Y2,chemsys_r0,102,0.05,0.01710132535,1,1,20,0.9999255002,59,2,0.03389830508,9,0,0
sens1_no_Pm_Tc,Y2:P_phys_matched_Y2,chemsys_r1,100,0.05,0.01687763713,4,3,17,0.9956302521,60,2,0.03333333333,10,0,0
sens1_no_Pm_Tc,Y2:P_phys_matched_Y2,chemsys_r1,101,0.05,0.01687763713,4,1,25,0.996092437,60,5,0.08333333333,10,0,0
sens1_no_Pm_Tc,Y2:P_phys_matched_Y2,chemsys_r1,102,0.05,0.01687763713,4,2,21,0.9937605042,60,4,0.06666666667,10,0,0
sens1_no_Pm_Tc,Y2:P_phys_matched_Y2,chemsys_r2,100,0.05,0.01696352841,1,1,18,0.9997149493,60,3,0.05,7,0,0
sens1_no_Pm_Tc,Y2:P_phys_matched_Y2,chemsys_r2,101,0.05,0.01696352841,10,3,20,0.9933699324,60,3,0.05,7,0,0
sens1_no_Pm_Tc,Y2:P_phys_matched_Y2,chemsys_r2,102,0.05,0.01696352841,2,1,24,0.9970228041,58,10,0.1724137931,7,1,0.1428571429
sens1_no_Pm_Tc,Y2:P_phys_matched_Y2,chemsys_r3,100,0.05,0.01695633743,1,1,25,0.9998628113,60,7,0.1166666667,4,0,0
sens1_no_Pm_Tc,Y2:P_phys_matched_Y2,chemsys_r3,101,0.05,0.01695633743,1,1,20,0.9993879274,60,5,0.08333333333,4,0,0
sens1_no_Pm_Tc,Y2:P_phys_matched_Y2,chemsys_r3,102,0.05,0.01695633743,9,2,20,0.9946390882,60,2,0.03333333333,4,0,0
sens1_no_Pm_Tc,Y2:P_phys_matched_Y2,chemsys_r4,100,0.05,0.01678556441,3,3,17,0.9969703301,60,0,0,13,0,0
sens1_no_Pm_Tc,Y2:P_phys_matched_Y2,chemsys_r4,101,0.05,0.01678556441,4,3,18,0.9872231509,60,3,0.05,13,0,0
sens1_no_Pm_Tc,Y2:P_phys_matched_Y2,chemsys_r4,102,0.05,0.01678556441,3,1,16,0.9988194735,59,0,0,13,0,0
sens1_no_Pm_Tc,Y2:P_phys_matched_Y2,chemsys_r5,100,0.05,0.01677852349,2,2,14,0.9967836257,60,2,0.03333333333,10,0,0
sens1_no_Pm_Tc,Y2:P_phys_matched_Y2,chemsys_r5,101,0.05,0.01677852349,14,1,24,0.9906223893,60,8,0.1333333333,10,0,0
sens1_no_Pm_Tc,Y2:P_phys_matched_Y2,chemsys_r5,102,0.05,0.01677852349,2,1,13,0.9999373434,59,3,0.05084745763,10,0,0
sens1_no_Pm_Tc,Y2:P_phys_matched_Y2,chemsys_r6,100,0.05,0.01685630004,5,1,21,0.9954993705,60,4,0.06666666667,9,0,0
sens1_no_Pm_Tc,Y2:P_phys_matched_Y2,chemsys_r6,101,0.05,0.01685630004,5,2,17,0.9945551825,60,1,0.01666666667,9,0,0
sens1_no_Pm_Tc,Y2:P_phys_matched_Y2,chemsys_r6,102,0.05,0.01685630004,2,1,22,0.9990872849,59,2,0.03389830508,9,0,0
sens1_no_Pm_Tc,Y2:P_phys_matched_Y2,chemsys_r7,100,0.05,0.01727115717,1,1,19,0.9996130696,58,1,0.01724137931,15,0,0
sens1_no_Pm_Tc,Y2:P_phys_matched_Y2,chemsys_r7,101,0.05,0.01727115717,10,10,16,0.9858233018,59,2,0.03389830508,15,0,0
sens1_no_Pm_Tc,Y2:P_phys_matched_Y2,chemsys_r7,102,0.05,0.01727115717,6,1,21,0.9942927773,58,4,0.06896551724,15,0,0
sens1_no_Pm_Tc,Y2:P_phys_matched_Y2,chemsys_r8,100,0.05,0.01685630004,2,1,29,0.9964540495,60,5,0.08333333333,8,1,0.125
sens1_no_Pm_Tc,Y2:P_phys_matched_Y2,chemsys_r8,101,0.05,0.01685630004,1,1,22,0.9999055812,60,2,0.03333333333,8,0,0
sens1_no_Pm_Tc,Y2:P_phys_matched_Y2,chemsys_r8,102,0.05,0.01685630004,5,5,23,0.9907469576,60,2,0.03333333333,8,0,0
sens1_no_Pm_Tc,Y2:P_phys_matched_Y2,chemsys_r9,100,0.05,0.01710132535,7,7,19,0.9760642827,59,0,0,12,0,0
sens1_no_Pm_Tc,Y2:P_phys_matched_Y2,chemsys_r9,101,0.05,0.01710132535,4,1,20,0.9971690081,59,2,0.03389830508,12,0,0
sens1_no_Pm_Tc,Y2:P_phys_matched_Y2,chemsys_r9,102,0.05,0.01710132535,7,1,22,0.9961366539,59,3,0.05084745763,12,0,0
sens1_no_Pm_Tc,Y2:P_phys_matched_Y2,random_r0,100,0.05,0.01674340728,1,1,22,0.9982284285,60,8,0.1333333333,13,1,0.07692307692
sens1_no_Pm_Tc,Y2:P_phys_matched_Y2,random_r0,101,0.05,0.01674340728,1,1,17,0.9996040017,60,2,0.03333333333,13,1,0.07692307692
sens1_no_Pm_Tc,Y2:P_phys_matched_Y2,random_r0,102,0.05,0.01674340728,3,1,19,0.9979991663,59,2,0.03389830508,13,0,0
sens1_no_Pm_Tc,Y2:P_phys_matched_Y2,random_r1,100,0.05,0.016985138,2,2,25,0.9980443975,60,3,0.05,8,0,0
sens1_no_Pm_Tc,Y2:P_phys_matched_Y2,random_r1,101,0.05,0.016985138,9,7,21,0.9917336152,59,2,0.03389830508,8,1,0.125
sens1_no_Pm_Tc,Y2:P_phys_matched_Y2,random_r1,102,0.05,0.016985138,7,2,24,0.9940803383,60,2,0.03333333333,8,0,0
sens1_no_Pm_Tc,Y2:P_phys_matched_Y2,random_r2,100,0.05,0.01683501684,3,3,19,0.9951802179,60,2,0.03333333333,9,0,0
sens1_no_Pm_Tc,Y2:P_phys_matched_Y2,random_r2,101,0.05,0.01683501684,1,1,20,0.999360855,60,3,0.05,9,0,0
sens1_no_Pm_Tc,Y2:P_phys_matched_Y2,random_r2,102,0.05,0.01683501684,1,1,19,1,60,3,0.05,9,0,0
sens1_no_Pm_Tc,Y2:P_phys_matched_Y2,random_r3,100,0.05,0.0169707255,5,2,18,0.9955111956,60,2,0.03333333333,10,1,0.1
sens1_no_Pm_Tc,Y2:P_phys_matched_Y2,random_r3,101,0.05,0.0169707255,8,1,26,0.992817913,59,6,0.1016949153,10,1,0.1
sens1_no_Pm_Tc,Y2:P_phys_matched_Y2,random_r3,102,0.05,0.0169707255,6,2,19,0.9957752429,60,2,0.03333333333,10,0,0
sens1_no_Pm_Tc,Y2:P_phys_matched_Y2,random_r4,100,0.05,0.01690617075,2,1,19,0.9970012626,59,2,0.03389830508,9,0,0
sens1_no_Pm_Tc,Y2:P_phys_matched_Y2,random_r4,101,0.05,0.01690617075,6,1,20,0.9952441077,59,2,0.03389830508,10,0,0
sens1_no_Pm_Tc,Y2:P_phys_matched_Y2,random_r4,102,0.05,0.01690617075,1,1,21,1,60,2,0.03333333333,10,0,0
sens1_no_Pm_Tc,Y2:P_phys_matched_Y2,random_r5,100,0.05,0.01694915254,12,8,22,0.982964135,60,6,0.1,9,0,0
sens1_no_Pm_Tc,Y2:P_phys_matched_Y2,random_r5,101,0.05,0.01694915254,16,11,14,0.9783755274,60,1,0.01666666667,9,0,0
sens1_no_Pm_Tc,Y2:P_phys_matched_Y2,random_r5,102,0.05,0.01694915254,4,3,17,0.9932700422,60,3,0.05,9,0,0
sens1_no_Pm_Tc,Y2:P_phys_matched_Y2,random_r6,100,0.05,0.01703577513,2,1,19,0.9990245971,58,2,0.03448275862,11,0,0
sens1_no_Pm_Tc,Y2:P_phys_matched_Y2,random_r6,101,0.05,0.01703577513,3,3,19,0.9970207803,59,1,0.01694915254,11,0,0
sens1_no_Pm_Tc,Y2:P_phys_matched_Y2,random_r6,102,0.05,0.01703577513,2,1,28,0.9973070399,59,5,0.08474576271,11,0,0
sens1_no_Pm_Tc,Y2:P_phys_matched_Y2,random_r7,100,0.05,0.01699957501,11,5,18,0.9836436733,60,1,0.01666666667,8,0,0
sens1_no_Pm_Tc,Y2:P_phys_matched_Y2,random_r7,101,0.05,0.01699957501,4,3,23,0.9955353364,60,3,0.05,8,0,0
sens1_no_Pm_Tc,Y2:P_phys_matched_Y2,random_r7,102,0.05,0.01699957501,8,6,18,0.9878650021,60,1,0.01666666667,8,0,0
sens1_no_Pm_Tc,Y2:P_phys_matched_Y2,random_r8,100,0.05,0.01689902831,6,3,18,0.9932057215,60,2,0.03333333333,7,0,0
sens1_no_Pm_Tc,Y2:P_phys_matched_Y2,random_r8,101,0.05,0.01689902831,3,3,16,0.9995687842,60,2,0.03333333333,7,0,0
sens1_no_Pm_Tc,Y2:P_phys_matched_Y2,random_r8,102,0.05,0.01689902831,2,2,18,0.9981173748,60,2,0.03333333333,7,0,0
sens1_no_Pm_Tc,Y2:P_phys_matched_Y2,random_r9,100,0.05,0.016985138,3,1,18,0.9969027484,60,2,0.03333333333,12,0,0
sens1_no_Pm_Tc,Y2:P_phys_matched_Y2,random_r9,101,0.05,0.016985138,5,1,18,0.9971353066,59,1,0.01694915254,12,0,0
sens1_no_Pm_Tc,Y2:P_phys_matched_Y2,random_r9,102,0.05,0.016985138,3,1,18,0.9977061311,59,2,0.03389830508,12,0,0
sens1_no_Pm_Tc,Y2:P_phys_matched_Y2,chemsys_r0,100,0.1,0.01710132535,7,6,21,0.9895487441,59,3,0.05084745763,9,0,0
sens1_no_Pm_Tc,Y2:P_phys_matched_Y2,chemsys_r0,101,0.1,0.01710132535,5,4,20,0.9916879523,59,4,0.06779661017,9,0,0
sens1_no_Pm_Tc,Y2:P_phys_matched_Y2,chemsys_r0,102,0.1,0.01710132535,1,1,21,0.9999255002,59,3,0.05084745763,9,0,0
sens1_no_Pm_Tc,Y2:P_phys_matched_Y2,chemsys_r1,100,0.1,0.01687763713,4,3,21,0.9955987395,60,4,0.06666666667,10,0,0
sens1_no_Pm_Tc,Y2:P_phys_matched_Y2,chemsys_r1,101,0.1,0.01687763713,3,1,21,0.996197479,60,2,0.03333333333,10,0,0
sens1_no_Pm_Tc,Y2:P_phys_matched_Y2,chemsys_r1,102,0.1,0.01687763713,3,3,19,0.9926890756,60,1,0.01666666667,10,0,0
sens1_no_Pm_Tc,Y2:P_phys_matched_Y2,chemsys_r2,100,0.1,0.01696352841,1,1,20,0.9998521959,60,4,0.06666666667,7,0,0
sens1_no_Pm_Tc,Y2:P_phys_matched_Y2,chemsys_r2,101,0.1,0.01696352841,10,2,23,0.99140625,60,4,0.06666666667,7,0,0
sens1_no_Pm_Tc,Y2:P_phys_matched_Y2,chemsys_r2,102,0.1,0.01696352841,1,1,25,0.9977090372,58,8,0.1379310345,7,0,0
sens1_no_Pm_Tc,Y2:P_phys_matched_Y2,chemsys_r3,100,0.1,0.01695633743,1,1,25,0.9998628113,60,7,0.1166666667,4,0,0
sens1_no_Pm_Tc,Y2:P_phys_matched_Y2,chemsys_r3,101,0.1,0.01695633743,1,1,22,0.9997467286,60,4,0.06666666667,4,0,0
sens1_no_Pm_Tc,Y2:P_phys_matched_Y2,chemsys_r3,102,0.1,0.01695633743,7,2,24,0.9966230477,60,5,0.08333333333,4,0,0
sens1_no_Pm_Tc,Y2:P_phys_matched_Y2,chemsys_r4,100,0.1,0.01678556441,3,3,16,0.9969703301,60,0,0,13,0,0
sens1_no_Pm_Tc,Y2:P_phys_matched_Y2,chemsys_r4,101,0.1,0.01678556441,5,4,19,0.9822607606,60,2,0.03333333333,13,0,0
sens1_no_Pm_Tc,Y2:P_phys_matched_Y2,chemsys_r4,102,0.1,0.01678556441,2,1,17,0.9995612202,59,1,0.01694915254,13,0,0
sens1_no_Pm_Tc,Y2:P_phys_matched_Y2,chemsys_r5,100,0.1,0.01677852349,2,2,15,0.9972848789,60,3,0.05,10,1,0.1
sens1_no_Pm_Tc,Y2:P_phys_matched_Y2,chemsys_r5,101,0.1,0.01677852349,14,2,27,0.99036132,60,7,0.1166666667,10,0,0
sens1_no_Pm_Tc,Y2:P_phys_matched_Y2,chemsys_r5,102,0.1,0.01677852349,2,1,15,0.9999373434,59,4,0.06779661017,10,1,0.1
sens1_no_Pm_Tc,Y2:P_phys_matched_Y2,chemsys_r6,100,0.1,0.01685630004,5,1,26,0.9943033991,60,4,0.06666666667,9,0,0
sens1_no_Pm_Tc,Y2:P_phys_matched_Y2,chemsys_r6,101,0.1,0.01685630004,4,1,18,0.9964540495,60,2,0.03333333333,9,0,0
sens1_no_Pm_Tc,Y2:P_phys_matched_Y2,chemsys_r6,102,0.1,0.01685630004,2,1,22,0.9990872849,59,2,0.03389830508,9,0,0
sens1_no_Pm_Tc,Y2:P_phys_matched_Y2,chemsys_r7,100,0.1,0.01727115717,1,1,20,0.9996238177,58,1,0.01724137931,15,0,0
sens1_no_Pm_Tc,Y2:P_phys_matched_Y2,chemsys_r7,101,0.1,0.01727115717,9,3,17,0.9888005159,59,2,0.03389830508,15,0,0
sens1_no_Pm_Tc,Y2:P_phys_matched_Y2,chemsys_r7,102,0.1,0.01727115717,4,1,21,0.9967003439,58,1,0.01724137931,15,0,0
sens1_no_Pm_Tc,Y2:P_phys_matched_Y2,chemsys_r8,100,0.1,0.01685630004,6,1,24,0.996233739,60,4,0.06666666667,8,0,0
sens1_no_Pm_Tc,Y2:P_phys_matched_Y2,chemsys_r8,101,0.1,0.01685630004,1,1,22,0.9999055812,60,2,0.03333333333,8,0,0
sens1_no_Pm_Tc,Y2:P_phys_matched_Y2,chemsys_r8,102,0.1,0.01685630004,3,3,23,0.9945132186,60,5,0.08333333333,8,0,0
sens1_no_Pm_Tc,Y2:P_phys_matched_Y2,chemsys_r9,100,0.1,0.01710132535,6,6,19,0.9801298425,59,3,0.05084745763,12,0,0
sens1_no_Pm_Tc,Y2:P_phys_matched_Y2,chemsys_r9,101,0.1,0.01710132535,4,1,22,0.9971264368,59,5,0.08474576271,12,0,0
sens1_no_Pm_Tc,Y2:P_phys_matched_Y2,chemsys_r9,102,0.1,0.01710132535,5,1,24,0.9938484461,59,8,0.1355932203,12,1,0.08333333333
sens1_no_Pm_Tc,Y2:P_phys_matched_Y2,random_r0,100,0.1,0.01674340728,1,1,24,0.9981971655,60,7,0.1166666667,13,0,0
sens1_no_Pm_Tc,Y2:P_phys_matched_Y2,random_r0,101,0.1,0.01674340728,1,1,15,0.9995831596,60,2,0.03333333333,13,1,0.07692307692
sens1_no_Pm_Tc,Y2:P_phys_matched_Y2,random_r0,102,0.1,0.01674340728,3,1,17,0.9985619008,59,1,0.01694915254,13,1,0.07692307692
sens1_no_Pm_Tc,Y2:P_phys_matched_Y2,random_r1,100,0.1,0.016985138,2,2,27,0.9980443975,60,2,0.03333333333,8,0,0
sens1_no_Pm_Tc,Y2:P_phys_matched_Y2,random_r1,101,0.1,0.016985138,5,5,20,0.9952642706,59,1,0.01694915254,8,0,0
sens1_no_Pm_Tc,Y2:P_phys_matched_Y2,random_r1,102,0.1,0.016985138,7,2,26,0.9940803383,60,3,0.05,8,0,0
sens1_no_Pm_Tc,Y2:P_phys_matched_Y2,random_r2,100,0.1,0.01683501684,2,2,20,0.997590109,60,2,0.03333333333,9,0,0
sens1_no_Pm_Tc,Y2:P_phys_matched_Y2,random_r2,101,0.1,0.01683501684,1,1,20,0.9988160101,60,2,0.03333333333,9,0,0
sens1_no_Pm_Tc,Y2:P_phys_matched_Y2,random_r2,102,0.1,0.01683501684,1,1,19,1,60,2,0.03333333333,9,0,0
sens1_no_Pm_Tc,Y2:P_phys_matched_Y2,random_r3,100,0.1,0.0169707255,5,2,21,0.9955111956,60,3,0.05,10,0,0
sens1_no_Pm_Tc,Y2:P_phys_matched_Y2,random_r3,101,0.1,0.0169707255,6,2,25,0.9945500634,59,4,0.06779661017,10,0,0
sens1_no_Pm_Tc,Y2:P_phys_matched_Y2,random_r3,102,0.1,0.0169707255,7,2,20,0.9962294043,60,1,0.01666666667,10,1,0.1
sens1_no_Pm_Tc,Y2:P_phys_matched_Y2,random_r4,100,0.1,0.01690617075,1,1,21,0.9996106902,59,0,0,9,0,0
sens1_no_Pm_Tc,Y2:P_phys_matched_Y2,random_r4,101,0.1,0.01690617075,5,1,18,0.9967487374,59,1,0.01694915254,10,0,0
sens1_no_Pm_Tc,Y2:P_phys_matched_Y2,random_r4,102,0.1,0.01690617075,1,1,21,1,60,2,0.03333333333,10,0,0
sens1_no_Pm_Tc,Y2:P_phys_matched_Y2,random_r5,100,0.1,0.01694915254,2,2,19,0.9954535865,60,2,0.03333333333,9,0,0
sens1_no_Pm_Tc,Y2:P_phys_matched_Y2,random_r5,101,0.1,0.01694915254,9,2,19,0.9924156118,60,2,0.03333333333,9,0,0
sens1_no_Pm_Tc,Y2:P_phys_matched_Y2,random_r5,102,0.1,0.01694915254,4,4,17,0.9930063291,60,2,0.03333333333,9,0,0
sens1_no_Pm_Tc,Y2:P_phys_matched_Y2,random_r6,100,0.1,0.01703577513,2,1,18,0.9991518236,58,2,0.03448275862,11,0,0
sens1_no_Pm_Tc,Y2:P_phys_matched_Y2,random_r6,101,0.1,0.01703577513,3,3,18,0.9969995759,59,1,0.01694915254,11,0,0
sens1_no_Pm_Tc,Y2:P_phys_matched_Y2,random_r6,102,0.1,0.01703577513,2,1,21,0.9987383376,59,1,0.01694915254,11,0,0
sens1_no_Pm_Tc,Y2:P_phys_matched_Y2,random_r7,100,0.1,0.01699957501,35,3,14,0.9744181126,60,2,0.03333333333,8,0,0
sens1_no_Pm_Tc,Y2:P_phys_matched_Y2,random_r7,101,0.1,0.01699957501,4,3,22,0.9955459162,60,1,0.01666666667,8,0,0
sens1_no_Pm_Tc,Y2:P_phys_matched_Y2,random_r7,102,0.1,0.01699957501,3,2,21,0.9971646212,60,2,0.03333333333,8,0,0
sens1_no_Pm_Tc,Y2:P_phys_matched_Y2,random_r8,100,0.1,0.01689902831,6,4,18,0.994362642,60,2,0.03333333333,7,0,0
sens1_no_Pm_Tc,Y2:P_phys_matched_Y2,random_r8,101,0.1,0.01689902831,3,3,17,0.9995687842,60,2,0.03333333333,7,0,0
sens1_no_Pm_Tc,Y2:P_phys_matched_Y2,random_r8,102,0.1,0.01689902831,2,2,18,0.9981384098,60,2,0.03333333333,7,0,0
sens1_no_Pm_Tc,Y2:P_phys_matched_Y2,random_r9,100,0.1,0.016985138,10,1,21,0.9968498943,60,2,0.03333333333,12,0,0
sens1_no_Pm_Tc,Y2:P_phys_matched_Y2,random_r9,101,0.1,0.016985138,4,1,20,0.9977906977,59,1,0.01694915254,12,0,0
sens1_no_Pm_Tc,Y2:P_phys_matched_Y2,random_r9,102,0.1,0.016985138,3,1,21,0.9974947146,59,4,0.06779661017,12,0,0
sens1_no_Pm_Tc,Y2:P_phys_matched_Y2,chemsys_r0,100,0.25,0.01710132535,6,6,22,0.9913154534,59,3,0.05084745763,9,0,0
sens1_no_Pm_Tc,Y2:P_phys_matched_Y2,chemsys_r0,101,0.25,0.01710132535,2,1,24,0.9984461473,59,5,0.08474576271,9,0,0
sens1_no_Pm_Tc,Y2:P_phys_matched_Y2,chemsys_r0,102,0.25,0.01710132535,2,1,23,0.9999255002,59,6,0.1016949153,9,0,0
sens1_no_Pm_Tc,Y2:P_phys_matched_Y2,chemsys_r1,100,0.25,0.01687763713,2,2,22,0.9983508403,60,2,0.03333333333,10,0,0
sens1_no_Pm_Tc,Y2:P_phys_matched_Y2,chemsys_r1,101,0.25,0.01687763713,2,1,25,0.9983403361,60,4,0.06666666667,10,0,0
sens1_no_Pm_Tc,Y2:P_phys_matched_Y2,chemsys_r1,102,0.25,0.01687763713,3,3,24,0.9938655462,60,4,0.06666666667,10,0,0
sens1_no_Pm_Tc,Y2:P_phys_matched_Y2,chemsys_r2,100,0.25,0.01696352841,1,1,23,0.9998521959,60,6,0.1,7,0,0
sens1_no_Pm_Tc,Y2:P_phys_matched_Y2,chemsys_r2,101,0.25,0.01696352841,12,1,22,0.9897804054,60,4,0.06666666667,7,0,0
sens1_no_Pm_Tc,Y2:P_phys_matched_Y2,chemsys_r2,102,0.25,0.01696352841,1,1,25,0.9979307432,58,6,0.1034482759,7,0,0
sens1_no_Pm_Tc,Y2:P_phys_matched_Y2,chemsys_r3,100,0.25,0.01695633743,1,1,26,0.9997678345,60,6,0.1,4,0,0
sens1_no_Pm_Tc,Y2:P_phys_matched_Y2,chemsys_r3,101,0.25,0.01695633743,1,1,23,0.9997467286,60,6,0.1,4,0,0
sens1_no_Pm_Tc,Y2:P_phys_matched_Y2,chemsys_r3,102,0.25,0.01695633743,8,3,25,0.995631068,60,6,0.1,4,0,0
sens1_no_Pm_Tc,Y2:P_phys_matched_Y2,chemsys_r4,100,0.25,0.01678556441,1,1,19,0.9998746344,60,2,0.03333333333,13,0,0
sens1_no_Pm_Tc,Y2:P_phys_matched_Y2,chemsys_r4,101,0.25,0.01678556441,10,8,21,0.9781027998,60,2,0.03333333333,13,0,0
sens1_no_Pm_Tc,Y2:P_phys_matched_Y2,chemsys_r4,102,0.25,0.01678556441,2,1,21,0.9997283744,59,3,0.05084745763,13,0,0
sens1_no_Pm_Tc,Y2:P_phys_matched_Y2,chemsys_r5,100,0.25,0.01677852349,2,2,17,0.9972848789,60,5,0.08333333333,10,0,0
sens1_no_Pm_Tc,Y2:P_phys_matched_Y2,chemsys_r5,101,0.25,0.01677852349,12,2,18,0.9931808688,60,3,0.05,10,0,0
sens1_no_Pm_Tc,Y2:P_phys_matched_Y2,chemsys_r5,102,0.25,0.01677852349,2,1,19,0.9999373434,59,7,0.1186440678,10,1,0.1
sens1_no_Pm_Tc,Y2:P_phys_matched_Y2,chemsys_r6,100,0.25,0.01685630004,3,1,23,0.9969366345,60,3,0.05,9,0,0
sens1_no_Pm_Tc,Y2:P_phys_matched_Y2,chemsys_r6,101,0.25,0.01685630004,4,1,19,0.9964015946,60,2,0.03333333333,9,0,0
sens1_no_Pm_Tc,Y2:P_phys_matched_Y2,chemsys_r6,102,0.25,0.01685630004,2,1,20,0.9991607218,59,3,0.05084745763,9,0,0
sens1_no_Pm_Tc,Y2:P_phys_matched_Y2,chemsys_r7,100,0.25,0.01727115717,1,1,24,0.9996023216,58,2,0.03448275862,15,0,0
sens1_no_Pm_Tc,Y2:P_phys_matched_Y2,chemsys_r7,101,0.25,0.01727115717,10,2,21,0.9903374893,59,2,0.03389830508,15,0,0
sens1_no_Pm_Tc,Y2:P_phys_matched_Y2,chemsys_r7,102,0.25,0.01727115717,1,1,24,0.9998172829,58,2,0.03448275862,15,0,0
sens1_no_Pm_Tc,Y2:P_phys_matched_Y2,chemsys_r8,100,0.25,0.01685630004,5,1,23,0.9970100713,60,3,0.05,8,0,0
sens1_no_Pm_Tc,Y2:P_phys_matched_Y2,chemsys_r8,101,0.25,0.01685630004,1,1,24,0.9999685271,60,4,0.06666666667,8,0,0
sens1_no_Pm_Tc,Y2:P_phys_matched_Y2,chemsys_r8,102,0.25,0.01685630004,3,3,23,0.9960029375,60,4,0.06666666667,8,0,0
sens1_no_Pm_Tc,Y2:P_phys_matched_Y2,chemsys_r9,100,0.25,0.01710132535,7,7,22,0.9761281396,59,5,0.08474576271,12,0,0
sens1_no_Pm_Tc,Y2:P_phys_matched_Y2,chemsys_r9,101,0.25,0.01710132535,4,1,23,0.9979459344,59,4,0.06779661017,12,0,0
sens1_no_Pm_Tc,Y2:P_phys_matched_Y2,chemsys_r9,102,0.25,0.01710132535,4,2,20,0.9966581524,59,3,0.05084745763,12,0,0
sens1_no_Pm_Tc,Y2:P_phys_matched_Y2,random_r0,100,0.25,0.01674340728,5,1,23,0.9983951647,60,4,0.06666666667,13,1,0.07692307692
sens1_no_Pm_Tc,Y2:P_phys_matched_Y2,random_r0,101,0.25,0.01674340728,1,1,19,0.9997186328,60,3,0.05,13,1,0.07692307692
sens1_no_Pm_Tc,Y2:P_phys_matched_Y2,random_r0,102,0.25,0.01674340728,2,1,22,0.9990412672,59,5,0.08474576271,13,0,0
sens1_no_Pm_Tc,Y2:P_phys_matched_Y2,random_r1,100,0.25,0.016985138,2,2,28,0.9981712474,60,3,0.05,8,0,0
sens1_no_Pm_Tc,Y2:P_phys_matched_Y2,random_r1,101,0.25,0.016985138,2,1,24,0.9994291755,59,5,0.08474576271,8,1,0.125
sens1_no_Pm_Tc,Y2:P_phys_matched_Y2,random_r1,102,0.25,0.016985138,7,2,24,0.9935412262,60,3,0.05,8,0,0
sens1_no_Pm_Tc,Y2:P_phys_matched_Y2,random_r2,100,0.25,0.01683501684,2,2,23,0.997590109,60,6,0.1,9,0,0
sens1_no_Pm_Tc,Y2:P_phys_matched_Y2,random_r2,101,0.25,0.01683501684,1,1,21,0.9995284996,60,3,0.05,9,0,0
sens1_no_Pm_Tc,Y2:P_phys_matched_Y2,random_r2,102,0.25,0.01683501684,1,1,20,1,60,4,0.06666666667,9,0,0
sens1_no_Pm_Tc,Y2:P_phys_matched_Y2,random_r3,100,0.25,0.0169707255,5,2,23,0.9956907478,60,3,0.05,10,0,0
sens1_no_Pm_Tc,Y2:P_phys_matched_Y2,random_r3,101,0.25,0.0169707255,6,2,27,0.9954583861,59,4,0.06779661017,10,0,0
sens1_no_Pm_Tc,Y2:P_phys_matched_Y2,random_r3,102,0.25,0.0169707255,6,2,22,0.9964406422,60,3,0.05,10,0,0
sens1_no_Pm_Tc,Y2:P_phys_matched_Y2,random_r4,100,0.25,0.01690617075,1,1,23,0.9996422559,59,3,0.05084745763,9,0,0
sens1_no_Pm_Tc,Y2:P_phys_matched_Y2,random_r4,101,0.25,0.01690617075,3,1,20,0.9980955387,59,3,0.05084745763,10,0,0
sens1_no_Pm_Tc,Y2:P_phys_matched_Y2,random_r4,102,0.25,0.01690617075,1,1,24,1,60,4,0.06666666667,10,0,0
sens1_no_Pm_Tc,Y2:P_phys_matched_Y2,random_r5,100,0.25,0.01694915254,3,2,21,0.997278481,60,3,0.05,9,0,0
sens1_no_Pm_Tc,Y2:P_phys_matched_Y2,random_r5,101,0.25,0.01694915254,8,2,20,0.9929219409,60,3,0.05,9,0,0
sens1_no_Pm_Tc,Y2:P_phys_matched_Y2,random_r5,102,0.25,0.01694915254,3,2,26,0.9968776371,60,3,0.05,9,0,0
sens1_no_Pm_Tc,Y2:P_phys_matched_Y2,random_r6,100,0.25,0.01703577513,2,1,22,0.9994062765,58,3,0.05172413793,11,0,0
sens1_no_Pm_Tc,Y2:P_phys_matched_Y2,random_r6,101,0.25,0.01703577513,2,2,21,0.9984944869,59,2,0.03389830508,11,0,0
sens1_no_Pm_Tc,Y2:P_phys_matched_Y2,random_r6,102,0.25,0.01703577513,2,1,22,0.9994274809,59,2,0.03389830508,11,0,0
sens1_no_Pm_Tc,Y2:P_phys_matched_Y2,random_r7,100,0.25,0.01699957501,12,7,19,0.9840139653,60,1,0.01666666667,8,0,0
sens1_no_Pm_Tc,Y2:P_phys_matched_Y2,random_r7,101,0.25,0.01699957501,2,2,21,0.9983495556,60,3,0.05,8,0,0
sens1_no_Pm_Tc,Y2:P_phys_matched_Y2,random_r7,102,0.25,0.01699957501,2,2,20,0.9975666526,60,3,0.05,8,0,0
sens1_no_Pm_Tc,Y2:P_phys_matched_Y2,random_r8,100,0.25,0.01689902831,5,2,20,0.9947202356,60,2,0.03333333333,7,0,0
sens1_no_Pm_Tc,Y2:P_phys_matched_Y2,random_r8,101,0.25,0.01689902831,3,3,19,0.9995687842,60,2,0.03333333333,7,0,0
sens1_no_Pm_Tc,Y2:P_phys_matched_Y2,random_r8,102,0.25,0.01689902831,1,1,20,0.9998737905,60,2,0.03333333333,7,0,0
sens1_no_Pm_Tc,Y2:P_phys_matched_Y2,random_r9,100,0.25,0.016985138,9,1,20,0.9974630021,60,3,0.05,12,0,0
sens1_no_Pm_Tc,Y2:P_phys_matched_Y2,random_r9,101,0.25,0.016985138,3,1,24,0.9986257928,59,3,0.05084745763,12,0,0
sens1_no_Pm_Tc,Y2:P_phys_matched_Y2,random_r9,102,0.25,0.016985138,1,1,25,0.9984778013,59,4,0.06779661017,12,0,0
sens1_no_Pm_Tc,Y2:P_phys_matched_Y2,chemsys_r0,100,0.5,0.01710132535,4,4,24,0.9940506599,59,4,0.06779661017,9,0,0
sens1_no_Pm_Tc,Y2:P_phys_matched_Y2,chemsys_r0,101,0.5,0.01710132535,1,1,25,0.9994891443,59,6,0.1016949153,9,0,0
sens1_no_Pm_Tc,Y2:P_phys_matched_Y2,chemsys_r0,102,0.5,0.01710132535,2,1,23,0.9999255002,59,5,0.08474576271,9,0,0
sens1_no_Pm_Tc,Y2:P_phys_matched_Y2,chemsys_r1,100,0.5,0.01687763713,2,2,26,0.9983508403,60,3,0.05,10,0,0
sens1_no_Pm_Tc,Y2:P_phys_matched_Y2,chemsys_r1,101,0.5,0.01687763713,1,1,24,0.9996953782,60,4,0.06666666667,10,0,0
sens1_no_Pm_Tc,Y2:P_phys_matched_Y2,chemsys_r1,102,0.5,0.01687763713,2,2,26,0.9965231092,60,4,0.06666666667,10,0,0
sens1_no_Pm_Tc,Y2:P_phys_matched_Y2,chemsys_r2,100,0.5,0.01696352841,1,1,25,0.9998521959,60,6,0.1,7,0,0
sens1_no_Pm_Tc,Y2:P_phys_matched_Y2,chemsys_r2,101,0.5,0.01696352841,7,1,22,0.9945523649,60,6,0.1,7,0,0
sens1_no_Pm_Tc,Y2:P_phys_matched_Y2,chemsys_r2,102,0.5,0.01696352841,2,1,25,0.9981630068,58,3,0.05172413793,7,0,0
sens1_no_Pm_Tc,Y2:P_phys_matched_Y2,chemsys_r3,100,0.5,0.01695633743,2,1,24,0.9996517518,60,6,0.1,4,0,0
sens1_no_Pm_Tc,Y2:P_phys_matched_Y2,chemsys_r3,101,0.5,0.01695633743,1,1,26,0.9998733643,60,8,0.1333333333,4,0,0
sens1_no_Pm_Tc,Y2:P_phys_matched_Y2,chemsys_r3,102,0.5,0.01695633743,2,2,24,0.9992823976,60,6,0.1,4,0,0
sens1_no_Pm_Tc,Y2:P_phys_matched_Y2,chemsys_r4,100,0.5,0.01678556441,1,1,22,0.9999686586,60,3,0.05,13,0,0
sens1_no_Pm_Tc,Y2:P_phys_matched_Y2,chemsys_r4,101,0.5,0.01678556441,4,3,23,0.9955390723,60,4,0.06666666667,13,0,0
sens1_no_Pm_Tc,Y2:P_phys_matched_Y2,chemsys_r4,102,0.5,0.01678556441,2,1,22,0.9997388216,59,2,0.03389830508,13,0,0
sens1_no_Pm_Tc,Y2:P_phys_matched_Y2,chemsys_r5,100,0.5,0.01677852349,1,1,19,0.9991645781,60,5,0.08333333333,10,0,0
sens1_no_Pm_Tc,Y2:P_phys_matched_Y2,chemsys_r5,101,0.5,0.01677852349,3,3,20,0.9966896408,60,6,0.1,10,0,0
sens1_no_Pm_Tc,Y2:P_phys_matched_Y2,chemsys_r5,102,0.5,0.01677852349,1,1,20,0.9999791145,59,4,0.06779661017,10,0,0
sens1_no_Pm_Tc,Y2:P_phys_matched_Y2,chemsys_r6,100,0.5,0.01685630004,2,1,23,0.9982060428,60,4,0.06666666667,9,0,0
sens1_no_Pm_Tc,Y2:P_phys_matched_Y2,chemsys_r6,101,0.5,0.01685630004,2,1,23,0.9988984473,60,4,0.06666666667,9,0,0
sens1_no_Pm_Tc,Y2:P_phys_matched_Y2,chemsys_r6,102,0.5,0.01685630004,1,1,24,0.9997377256,59,4,0.06779661017,9,0,0
sens1_no_Pm_Tc,Y2:P_phys_matched_Y2,chemsys_r7,100,0.5,0.01727115717,1,1,25,0.9995700774,58,2,0.03448275862,15,0,0
sens1_no_Pm_Tc,Y2:P_phys_matched_Y2,chemsys_r7,101,0.5,0.01727115717,5,1,22,0.9971947549,59,2,0.03389830508,15,0,0
sens1_no_Pm_Tc,Y2:P_phys_matched_Y2,chemsys_r7,102,0.5,0.01727115717,1,1,24,0.9999570077,58,2,0.03448275862,15,0,0
sens1_no_Pm_Tc,Y2:P_phys_matched_Y2,chemsys_r8,100,0.5,0.01685630004,2,2,25,0.9987830466,60,4,0.06666666667,8,0,0
sens1_no_Pm_Tc,Y2:P_phys_matched_Y2,chemsys_r8,101,0.5,0.01685630004,1,1,23,1,60,3,0.05,8,0,0
sens1_no_Pm_Tc,Y2:P_phys_matched_Y2,chemsys_r8,102,0.5,0.01685630004,2,2,25,0.9980696601,60,6,0.1,8,0,0
sens1_no_Pm_Tc,Y2:P_phys_matched_Y2,chemsys_r9,100,0.5,0.01710132535,5,4,22,0.991155811,59,4,0.06779661017,12,0,0
sens1_no_Pm_Tc,Y2:P_phys_matched_Y2,chemsys_r9,101,0.5,0.01710132535,3,2,23,0.9979778629,59,5,0.08474576271,12,0,0
sens1_no_Pm_Tc,Y2:P_phys_matched_Y2,chemsys_r9,102,0.5,0.01710132535,3,2,24,0.9969242231,59,4,0.06779661017,12,0,0
sens1_no_Pm_Tc,Y2:P_phys_matched_Y2,random_r0,100,0.5,0.01674340728,2,1,25,0.9998436849,60,3,0.05,13,0,0
sens1_no_Pm_Tc,Y2:P_phys_matched_Y2,random_r0,101,0.5,0.01674340728,1,1,21,0.999979158,60,4,0.06666666667,13,0,0
sens1_no_Pm_Tc,Y2:P_phys_matched_Y2,random_r0,102,0.5,0.01674340728,1,1,21,1,59,2,0.03389830508,13,0,0
sens1_no_Pm_Tc,Y2:P_phys_matched_Y2,random_r1,100,0.5,0.016985138,1,1,29,0.9999154334,60,2,0.03333333333,8,0,0
sens1_no_Pm_Tc,Y2:P_phys_matched_Y2,random_r1,101,0.5,0.016985138,2,1,25,0.9994186047,59,4,0.06779661017,8,0,0
sens1_no_Pm_Tc,Y2:P_phys_matched_Y2,random_r1,102,0.5,0.016985138,5,2,25,0.9945031712,60,3,0.05,8,0,0
sens1_no_Pm_Tc,Y2:P_phys_matched_Y2,random_r2,100,0.5,0.01683501684,2,1,23,0.9994865884,60,4,0.06666666667,9,0,0
sens1_no_Pm_Tc,Y2:P_phys_matched_Y2,random_r2,101,0.5,0.01683501684,1,1,23,0.9998637888,60,4,0.06666666667,9,0,0
sens1_no_Pm_Tc,Y2:P_phys_matched_Y2,random_r2,102,0.5,0.01683501684,1,1,21,1,60,4,0.06666666667,9,0,0
sens1_no_Pm_Tc,Y2:P_phys_matched_Y2,random_r3,100,0.5,0.0169707255,5,2,23,0.9958703,60,3,0.05,10,0,0
sens1_no_Pm_Tc,Y2:P_phys_matched_Y2,random_r3,101,0.5,0.0169707255,5,2,24,0.996947613,59,4,0.06779661017,10,0,0
sens1_no_Pm_Tc,Y2:P_phys_matched_Y2,random_r3,102,0.5,0.0169707255,6,6,18,0.9964723278,60,1,0.01666666667,10,0,0
sens1_no_Pm_Tc,Y2:P_phys_matched_Y2,random_r4,100,0.5,0.01690617075,2,1,25,0.9992319024,59,4,0.06779661017,9,0,0
sens1_no_Pm_Tc,Y2:P_phys_matched_Y2,random_r4,101,0.5,0.01690617075,3,2,21,0.9982218013,59,3,0.05084745763,10,0,0
sens1_no_Pm_Tc,Y2:P_phys_matched_Y2,random_r4,102,0.5,0.01690617075,1,1,24,1,60,4,0.06666666667,10,0,0
sens1_no_Pm_Tc,Y2:P_phys_matched_Y2,random_r5,100,0.5,0.01694915254,2,1,21,0.9996624473,60,4,0.06666666667,9,0,0
sens1_no_Pm_Tc,Y2:P_phys_matched_Y2,random_r5,101,0.5,0.01694915254,5,1,22,0.9970464135,60,3,0.05,9,0,0
sens1_no_Pm_Tc,Y2:P_phys_matched_Y2,random_r5,102,0.5,0.01694915254,3,2,21,0.997278481,60,4,0.06666666667,9,0,0
sens1_no_Pm_Tc,Y2:P_phys_matched_Y2,random_r6,100,0.5,0.01703577513,1,1,22,0.9997349449,58,3,0.05172413793,11,0,0
sens1_no_Pm_Tc,Y2:P_phys_matched_Y2,random_r6,101,0.5,0.01703577513,1,1,20,0.9999575912,59,2,0.03389830508,11,0,0
sens1_no_Pm_Tc,Y2:P_phys_matched_Y2,random_r6,102,0.5,0.01703577513,2,1,20,0.9997031383,59,2,0.03389830508,11,0,0
sens1_no_Pm_Tc,Y2:P_phys_matched_Y2,random_r7,100,0.5,0.01699957501,7,5,21,0.9876322471,60,3,0.05,8,0,0
sens1_no_Pm_Tc,Y2:P_phys_matched_Y2,random_r7,101,0.5,0.01699957501,1,1,24,0.9996614473,60,4,0.06666666667,8,0,0
sens1_no_Pm_Tc,Y2:P_phys_matched_Y2,random_r7,102,0.5,0.01699957501,2,1,24,0.9990901397,60,3,0.05,8,0,0
sens1_no_Pm_Tc,Y2:P_phys_matched_Y2,random_r8,100,0.5,0.01689902831,5,2,22,0.9947307531,60,1,0.01666666667,7,0,0
sens1_no_Pm_Tc,Y2:P_phys_matched_Y2,random_r8,101,0.5,0.01689902831,2,2,21,0.9997686159,60,2,0.03333333333,7,0,0
sens1_no_Pm_Tc,Y2:P_phys_matched_Y2,random_r8,102,0.5,0.01689902831,1,1,21,0.9999158603,60,2,0.03333333333,7,0,0
sens1_no_Pm_Tc,Y2:P_phys_matched_Y2,random_r9,100,0.5,0.016985138,4,1,23,0.9991754757,60,3,0.05,12,0,0
sens1_no_Pm_Tc,Y2:P_phys_matched_Y2,random_r9,101,0.5,0.016985138,3,1,21,0.9987420719,59,2,0.03389830508,12,0,0
sens1_no_Pm_Tc,Y2:P_phys_matched_Y2,random_r9,102,0.5,0.016985138,4,1,22,0.998435518,59,3,0.05084745763,12,0,0
sens1_no_Pm_Tc,Y2:P_phys_matched_Y2,chemsys_r0,100,0.75,0.01710132535,3,3,23,0.9941783738,59,3,0.05084745763,9,0,0
sens1_no_Pm_Tc,Y2:P_phys_matched_Y2,chemsys_r0,101,0.75,0.01710132535,1,1,25,0.9997126437,59,4,0.06779661017,9,0,0
sens1_no_Pm_Tc,Y2:P_phys_matched_Y2,chemsys_r0,102,0.75,0.01710132535,2,1,24,0.9999255002,59,4,0.06779661017,9,0,0
sens1_no_Pm_Tc,Y2:P_phys_matched_Y2,chemsys_r1,100,0.75,0.01687763713,2,1,26,0.9991281513,60,2,0.03333333333,10,0,0
sens1_no_Pm_Tc,Y2:P_phys_matched_Y2,chemsys_r1,101,0.75,0.01687763713,1,1,24,0.9996638655,60,3,0.05,10,0,0
sens1_no_Pm_Tc,Y2:P_phys_matched_Y2,chemsys_r1,102,0.75,0.01687763713,2,2,24,0.997447479,60,2,0.03333333333,10,0,0
sens1_no_Pm_Tc,Y2:P_phys_matched_Y2,chemsys_r2,100,0.75,0.01696352841,1,1,24,0.9998521959,60,4,0.06666666667,7,0,0
sens1_no_Pm_Tc,Y2:P_phys_matched_Y2,chemsys_r2,101,0.75,0.01696352841,7,1,24,0.9945840372,60,3,0.05,7,0,0
sens1_no_Pm_Tc,Y2:P_phys_matched_Y2,chemsys_r2,102,0.75,0.01696352841,2,1,24,0.9994298986,58,4,0.06896551724,7,0,0
sens1_no_Pm_Tc,Y2:P_phys_matched_Y2,chemsys_r3,100,0.75,0.01695633743,2,1,26,0.9996623048,60,4,0.06666666667,4,0,0
sens1_no_Pm_Tc,Y2:P_phys_matched_Y2,chemsys_r3,101,0.75,0.01695633743,1,1,27,0.9998733643,60,5,0.08333333333,4,0,0
sens1_no_Pm_Tc,Y2:P_phys_matched_Y2,chemsys_r3,102,0.75,0.01695633743,1,1,24,0.9999261292,60,5,0.08333333333,4,0,0
sens1_no_Pm_Tc,Y2:P_phys_matched_Y2,chemsys_r4,100,0.75,0.01678556441,1,1,23,0.9999477643,60,1,0.01666666667,13,0,0
sens1_no_Pm_Tc,Y2:P_phys_matched_Y2,chemsys_r4,101,0.75,0.01678556441,2,2,22,0.998098621,60,2,0.03333333333,13,0,0
sens1_no_Pm_Tc,Y2:P_phys_matched_Y2,chemsys_r4,102,0.75,0.01678556441,2,1,22,0.9996656916,59,1,0.01694915254,13,0,0
sens1_no_Pm_Tc,Y2:P_phys_matched_Y2,chemsys_r5,100,0.75,0.01677852349,5,2,21,0.9957706767,60,2,0.03333333333,10,0,0
sens1_no_Pm_Tc,Y2:P_phys_matched_Y2,chemsys_r5,101,0.75,0.01677852349,3,3,21,0.9966896408,60,2,0.03333333333,10,0,0
sens1_no_Pm_Tc,Y2:P_phys_matched_Y2,chemsys_r5,102,0.75,0.01677852349,1,1,21,0.9999791145,59,4,0.06779661017,10,0,0
sens1_no_Pm_Tc,Y2:P_phys_matched_Y2,chemsys_r6,100,0.75,0.01685630004,2,2,23,0.9980591691,60,2,0.03333333333,9,0,0
sens1_no_Pm_Tc,Y2:P_phys_matched_Y2,chemsys_r6,101,0.75,0.01685630004,2,1,24,0.9985522451,60,2,0.03333333333,9,0,0
sens1_no_Pm_Tc,Y2:P_phys_matched_Y2,chemsys_r6,102,0.75,0.01685630004,1,1,23,0.9997587075,59,2,0.03389830508,9,0,0
sens1_no_Pm_Tc,Y2:P_phys_matched_Y2,chemsys_r7,100,0.75,0.01727115717,1,1,26,0.9996130696,58,1,0.01724137931,15,0,0
sens1_no_Pm_Tc,Y2:P_phys_matched_Y2,chemsys_r7,101,0.75,0.01727115717,2,1,26,0.9986349957,59,2,0.03389830508,15,0,0
sens1_no_Pm_Tc,Y2:P_phys_matched_Y2,chemsys_r7,102,0.75,0.01727115717,1,1,26,0.9999570077,58,2,0.03448275862,15,0,0
sens1_no_Pm_Tc,Y2:P_phys_matched_Y2,chemsys_r8,100,0.75,0.01685630004,2,2,26,0.9987830466,60,2,0.03333333333,8,0,0
sens1_no_Pm_Tc,Y2:P_phys_matched_Y2,chemsys_r8,101,0.75,0.01685630004,1,1,24,1,60,2,0.03333333333,8,0,0
sens1_no_Pm_Tc,Y2:P_phys_matched_Y2,chemsys_r8,102,0.75,0.01685630004,2,2,24,0.9980696601,60,2,0.03333333333,8,0,0
sens1_no_Pm_Tc,Y2:P_phys_matched_Y2,chemsys_r9,100,0.75,0.01710132535,2,2,23,0.9976692209,59,2,0.03389830508,12,0,0
sens1_no_Pm_Tc,Y2:P_phys_matched_Y2,chemsys_r9,101,0.75,0.01710132535,3,2,22,0.9979991486,59,2,0.03389830508,12,0,0
sens1_no_Pm_Tc,Y2:P_phys_matched_Y2,chemsys_r9,102,0.75,0.01710132535,1,1,23,0.9998297148,59,2,0.03389830508,12,0,0
sens1_no_Pm_Tc,Y2:P_phys_matched_Y2,random_r0,100,0.75,0.01674340728,1,1,22,1,60,1,0.01666666667,13,0,0
sens1_no_Pm_Tc,Y2:P_phys_matched_Y2,random_r0,101,0.75,0.01674340728,2,1,21,0.9996873697,60,1,0.01666666667,13,0,0
sens1_no_Pm_Tc,Y2:P_phys_matched_Y2,random_r0,102,0.75,0.01674340728,1,1,22,1,59,1,0.01694915254,13,0,0
sens1_no_Pm_Tc,Y2:P_phys_matched_Y2,random_r1,100,0.75,0.016985138,1,1,26,0.9999154334,60,0,0,8,0,0
sens1_no_Pm_Tc,Y2:P_phys_matched_Y2,random_r1,101,0.75,0.016985138,2,1,26,0.9994397463,59,3,0.05084745763,8,0,0
sens1_no_Pm_Tc,Y2:P_phys_matched_Y2,random_r1,102,0.75,0.016985138,4,1,24,0.996564482,60,1,0.01666666667,8,0,0
sens1_no_Pm_Tc,Y2:P_phys_matched_Y2,random_r2,100,0.75,0.01683501684,1,1,21,1,60,1,0.01666666667,9,0,0
sens1_no_Pm_Tc,Y2:P_phys_matched_Y2,random_r2,101,0.75,0.01683501684,1,1,22,0.9994237217,60,1,0.01666666667,9,0,0
sens1_no_Pm_Tc,Y2:P_phys_matched_Y2,random_r2,102,0.75,0.01683501684,1,1,22,0.9999895222,60,1,0.01666666667,9,0,0
sens1_no_Pm_Tc,Y2:P_phys_matched_Y2,random_r3,100,0.75,0.0169707255,6,1,26,0.9959864808,60,1,0.01666666667,10,0,0
sens1_no_Pm_Tc,Y2:P_phys_matched_Y2,random_r3,101,0.75,0.0169707255,2,1,24,0.9994719054,59,1,0.01694915254,10,0,0
sens1_no_Pm_Tc,Y2:P_phys_matched_Y2,random_r3,102,0.75,0.0169707255,4,4,22,0.9978453739,60,1,0.01666666667,10,0,0
sens1_no_Pm_Tc,Y2:P_phys_matched_Y2,random_r4,100,0.75,0.01690617075,1,1,23,0.9998947811,59,0,0,9,0,0
sens1_no_Pm_Tc,Y2:P_phys_matched_Y2,random_r4,101,0.75,0.01690617075,2,1,23,0.9989162458,59,2,0.03389830508,10,0,0
sens1_no_Pm_Tc,Y2:P_phys_matched_Y2,random_r4,102,0.75,0.01690617075,1,1,21,1,60,0,0,10,0,0
sens1_no_Pm_Tc,Y2:P_phys_matched_Y2,random_r5,100,0.75,0.01694915254,2,1,22,0.9996729958,60,3,0.05,9,0,0
sens1_no_Pm_Tc,Y2:P_phys_matched_Y2,random_r5,101,0.75,0.01694915254,4,1,23,0.9977848101,60,3,0.05,9,0,0
sens1_no_Pm_Tc,Y2:P_phys_matched_Y2,random_r5,102,0.75,0.01694915254,1,1,21,0.9999578059,60,3,0.05,9,0,0
sens1_no_Pm_Tc,Y2:P_phys_matched_Y2,random_r6,100,0.75,0.01703577513,1,1,22,0.9999787956,58,2,0.03448275862,11,0,0
sens1_no_Pm_Tc,Y2:P_phys_matched_Y2,random_r6,101,0.75,0.01703577513,1,1,23,0.9999787956,59,1,0.01694915254,11,0,0
sens1_no_Pm_Tc,Y2:P_phys_matched_Y2,random_r6,102,0.75,0.01703577513,1,1,21,0.9999257846,59,1,0.01694915254,11,0,0
sens1_no_Pm_Tc,Y2:P_phys_matched_Y2,random_r7,100,0.75,0.01699957501,5,4,22,0.9912082099,60,1,0.01666666667,8,0,0
sens1_no_Pm_Tc,Y2:P_phys_matched_Y2,random_r7,101,0.75,0.01699957501,1,1,24,0.9996614473,60,2,0.03333333333,8,0,0
sens1_no_Pm_Tc,Y2:P_phys_matched_Y2,random_r7,102,0.75,0.01699957501,2,1,23,0.9992170969,60,3,0.05,8,0,0
sens1_no_Pm_Tc,Y2:P_phys_matched_Y2,random_r8,100,0.75,0.01689902831,2,1,22,0.9990744636,60,0,0,7,0,0
sens1_no_Pm_Tc,Y2:P_phys_matched_Y2,random_r8,101,0.75,0.01689902831,1,1,22,0.9999684476,60,1,0.01666666667,7,0,0
sens1_no_Pm_Tc,Y2:P_phys_matched_Y2,random_r8,102,0.75,0.01689902831,1,1,22,0.9999474127,60,0,0,7,0,0
sens1_no_Pm_Tc,Y2:P_phys_matched_Y2,random_r9,100,0.75,0.016985138,1,1,22,0.9998414376,60,2,0.03333333333,12,0,0
sens1_no_Pm_Tc,Y2:P_phys_matched_Y2,random_r9,101,0.75,0.016985138,5,4,24,0.997167019,59,2,0.03389830508,12,0,0
sens1_no_Pm_Tc,Y2:P_phys_matched_Y2,random_r9,102,0.75,0.016985138,2,1,23,0.9994291755,59,2,0.03389830508,12,0,0
sens1_no_Pm_Tc,Y2:P_phys_matched_Y2,chemsys_r0,100,1,0.01710132535,1,1,30,0.9999787143,59,0,0,9,0,0
sens1_no_Pm_Tc,Y2:P_phys_matched_Y2,chemsys_r0,101,1,0.01710132535,1,1,30,0.9999787143,59,0,0,9,0,0
sens1_no_Pm_Tc,Y2:P_phys_matched_Y2,chemsys_r0,102,1,0.01710132535,1,1,29,0.9999787143,59,0,0,9,0,0
sens1_no_Pm_Tc,Y2:P_phys_matched_Y2,chemsys_r1,100,1,0.01687763713,1,1,33,0.9999789916,60,0,0,10,0,0
sens1_no_Pm_Tc,Y2:P_phys_matched_Y2,chemsys_r1,101,1,0.01687763713,1,1,33,0.9999789916,60,0,0,10,0,0
sens1_no_Pm_Tc,Y2:P_phys_matched_Y2,chemsys_r1,102,1,0.01687763713,1,1,33,0.9999789916,60,0,0,10,0,0
sens1_no_Pm_Tc,Y2:P_phys_matched_Y2,chemsys_r2,100,1,0.01696352841,1,1,27,0.9999894426,60,0,0,7,0,0
sens1_no_Pm_Tc,Y2:P_phys_matched_Y2,chemsys_r2,101,1,0.01696352841,1,1,27,0.9999894426,60,0,0,7,0,0
sens1_no_Pm_Tc,Y2:P_phys_matched_Y2,chemsys_r2,102,1,0.01696352841,1,1,27,0.9999894426,58,0,0,7,0,0
sens1_no_Pm_Tc,Y2:P_phys_matched_Y2,chemsys_r3,100,1,0.01695633743,1,1,28,1,60,0,0,4,0,0
sens1_no_Pm_Tc,Y2:P_phys_matched_Y2,chemsys_r3,101,1,0.01695633743,1,1,28,1,60,0,0,4,0,0
sens1_no_Pm_Tc,Y2:P_phys_matched_Y2,chemsys_r3,102,1,0.01695633743,1,1,28,1,60,0,0,4,0,0
sens1_no_Pm_Tc,Y2:P_phys_matched_Y2,chemsys_r4,100,1,0.01678556441,1,1,29,0.9999895529,60,0,0,13,0,0
sens1_no_Pm_Tc,Y2:P_phys_matched_Y2,chemsys_r4,101,1,0.01678556441,1,1,29,0.9999895529,60,0,0,13,0,0
sens1_no_Pm_Tc,Y2:P_phys_matched_Y2,chemsys_r4,102,1,0.01678556441,1,1,29,0.9999895529,59,0,0,13,0,0
sens1_no_Pm_Tc,Y2:P_phys_matched_Y2,chemsys_r5,100,1,0.01677852349,1,1,20,1,60,0,0,10,0,0
sens1_no_Pm_Tc,Y2:P_phys_matched_Y2,chemsys_r5,101,1,0.01677852349,1,1,20,1,60,0,0,10,0,0
sens1_no_Pm_Tc,Y2:P_phys_matched_Y2,chemsys_r5,102,1,0.01677852349,1,1,19,1,59,0,0,10,0,0
sens1_no_Pm_Tc,Y2:P_phys_matched_Y2,chemsys_r6,100,1,0.01685630004,1,1,32,0.999979018,60,0,0,9,0,0
sens1_no_Pm_Tc,Y2:P_phys_matched_Y2,chemsys_r6,101,1,0.01685630004,1,1,33,0.999979018,60,0,0,9,0,0
sens1_no_Pm_Tc,Y2:P_phys_matched_Y2,chemsys_r6,102,1,0.01685630004,1,1,32,0.999979018,59,0,0,9,0,0
sens1_no_Pm_Tc,Y2:P_phys_matched_Y2,chemsys_r7,100,1,0.01727115717,2,1,29,0.9997098022,58,0,0,15,0,0
sens1_no_Pm_Tc,Y2:P_phys_matched_Y2,chemsys_r7,101,1,0.01727115717,2,1,29,0.9997098022,59,0,0,15,0,0
sens1_no_Pm_Tc,Y2:P_phys_matched_Y2,chemsys_r7,102,1,0.01727115717,2,1,29,0.9997098022,58,0,0,15,0,0
sens1_no_Pm_Tc,Y2:P_phys_matched_Y2,chemsys_r8,100,1,0.01685630004,2,1,31,0.999538397,60,0,0,8,0,0
sens1_no_Pm_Tc,Y2:P_phys_matched_Y2,chemsys_r8,101,1,0.01685630004,2,1,30,0.9999685271,60,0,0,8,0,0
sens1_no_Pm_Tc,Y2:P_phys_matched_Y2,chemsys_r8,102,1,0.01685630004,2,1,31,0.999538397,60,0,0,8,0,0
sens1_no_Pm_Tc,Y2:P_phys_matched_Y2,chemsys_r9,100,1,0.01710132535,1,1,29,0.9999787143,59,0,0,12,0,0
sens1_no_Pm_Tc,Y2:P_phys_matched_Y2,chemsys_r9,101,1,0.01710132535,1,1,29,0.9999787143,59,0,0,12,0,0
sens1_no_Pm_Tc,Y2:P_phys_matched_Y2,chemsys_r9,102,1,0.01710132535,1,1,29,0.9999787143,59,0,0,12,0,0
sens1_no_Pm_Tc,Y2:P_phys_matched_Y2,random_r0,100,1,0.01674340728,2,1,27,0.9998436849,60,0,0,13,0,0
sens1_no_Pm_Tc,Y2:P_phys_matched_Y2,random_r0,101,1,0.01674340728,2,1,27,0.9996873697,60,0,0,13,0,0
sens1_no_Pm_Tc,Y2:P_phys_matched_Y2,random_r0,102,1,0.01674340728,2,1,27,0.9996873697,59,0,0,13,0,0
sens1_no_Pm_Tc,Y2:P_phys_matched_Y2,random_r1,100,1,0.016985138,1,1,29,0.9999788584,60,0,0,8,0,0
sens1_no_Pm_Tc,Y2:P_phys_matched_Y2,random_r1,101,1,0.016985138,1,1,29,0.9999788584,59,0,0,8,0,0
sens1_no_Pm_Tc,Y2:P_phys_matched_Y2,random_r1,102,1,0.016985138,1,1,29,0.9999788584,60,0,0,8,0,0
sens1_no_Pm_Tc,Y2:P_phys_matched_Y2,random_r2,100,1,0.01683501684,1,1,32,0.9999790444,60,0,0,9,0,0
sens1_no_Pm_Tc,Y2:P_phys_matched_Y2,random_r2,101,1,0.01683501684,1,1,32,0.9999790444,60,0,0,9,0,0
sens1_no_Pm_Tc,Y2:P_phys_matched_Y2,random_r2,102,1,0.01683501684,1,1,31,0.9999895222,60,0,0,9,0,0
sens1_no_Pm_Tc,Y2:P_phys_matched_Y2,random_r3,100,1,0.0169707255,1,1,30,1,60,0,0,10,0,0
sens1_no_Pm_Tc,Y2:P_phys_matched_Y2,random_r3,101,1,0.0169707255,1,1,30,1,59,0,0,10,0,0
sens1_no_Pm_Tc,Y2:P_phys_matched_Y2,random_r3,102,1,0.0169707255,1,1,30,1,60,0,0,10,0,0
sens1_no_Pm_Tc,Y2:P_phys_matched_Y2,random_r4,100,1,0.01690617075,1,1,30,0.9999789562,59,0,0,9,0,0
sens1_no_Pm_Tc,Y2:P_phys_matched_Y2,random_r4,101,1,0.01690617075,1,1,30,0.9999789562,59,0,0,10,0,0
sens1_no_Pm_Tc,Y2:P_phys_matched_Y2,random_r4,102,1,0.01690617075,1,1,30,0.9999789562,60,0,0,10,0,0
sens1_no_Pm_Tc,Y2:P_phys_matched_Y2,random_r5,100,1,0.01694915254,1,1,30,1,60,0,0,9,0,0
sens1_no_Pm_Tc,Y2:P_phys_matched_Y2,random_r5,101,1,0.01694915254,1,1,30,1,60,0,0,9,0,0
sens1_no_Pm_Tc,Y2:P_phys_matched_Y2,random_r5,102,1,0.01694915254,1,1,30,1,60,0,0,9,0,0
sens1_no_Pm_Tc,Y2:P_phys_matched_Y2,random_r6,100,1,0.01703577513,1,1,26,0.9999893978,58,0,0,11,0,0
sens1_no_Pm_Tc,Y2:P_phys_matched_Y2,random_r6,101,1,0.01703577513,1,1,26,0.9999893978,59,0,0,11,0,0
sens1_no_Pm_Tc,Y2:P_phys_matched_Y2,random_r6,102,1,0.01703577513,1,1,26,0.9999893978,59,0,0,11,0,0
sens1_no_Pm_Tc,Y2:P_phys_matched_Y2,random_r7,100,1,0.01699957501,1,1,25,1,60,0,0,8,0,0
sens1_no_Pm_Tc,Y2:P_phys_matched_Y2,random_r7,101,1,0.01699957501,1,1,25,1,60,0,0,8,0,0
sens1_no_Pm_Tc,Y2:P_phys_matched_Y2,random_r7,102,1,0.01699957501,1,1,25,1,60,0,0,8,0,0
sens1_no_Pm_Tc,Y2:P_phys_matched_Y2,random_r8,100,1,0.01689902831,1,1,30,0.9999894825,60,0,0,7,0,0
sens1_no_Pm_Tc,Y2:P_phys_matched_Y2,random_r8,101,1,0.01689902831,1,1,30,0.9999894825,60,0,0,7,0,0
sens1_no_Pm_Tc,Y2:P_phys_matched_Y2,random_r8,102,1,0.01689902831,1,1,30,0.9999894825,60,0,0,7,0,0
sens1_no_Pm_Tc,Y2:P_phys_matched_Y2,random_r9,100,1,0.016985138,2,1,24,0.9996934461,60,0,0,12,0,0
sens1_no_Pm_Tc,Y2:P_phys_matched_Y2,random_r9,101,1,0.016985138,2,1,24,0.9996934461,59,0,0,12,0,0
sens1_no_Pm_Tc,Y2:P_phys_matched_Y2,random_r9,102,1,0.016985138,2,1,24,0.9996934461,59,0,0,12,0,0
unscreened,Y1:P_H_fixed,chemsys_r0,100,0,0.0121691512,23,1,24,0.9897634213,83,15,0.1807228916,30,5,0.1666666667
unscreened,Y1:P_H_fixed,chemsys_r0,101,0,0.0121691512,23,2,23,0.9849636033,83,12,0.1445783133,30,5,0.1666666667
unscreened,Y1:P_H_fixed,chemsys_r0,102,0,0.0121691512,35,6,14,0.9760691538,83,7,0.0843373494,30,4,0.1333333333
unscreened,Y1:P_H_fixed,chemsys_r1,100,0,0.0121691512,22,1,22,0.9876554443,83,14,0.1686746988,31,7,0.2258064516
unscreened,Y1:P_H_fixed,chemsys_r1,101,0,0.0121691512,9,1,25,0.9956930543,83,18,0.2168674699,31,9,0.2903225806
unscreened,Y1:P_H_fixed,chemsys_r1,102,0,0.0121691512,15,3,25,0.9928040643,82,15,0.1829268293,31,8,0.2580645161
unscreened,Y1:P_H_fixed,chemsys_r2,100,0,0.0121691512,30,8,21,0.9765696087,83,13,0.156626506,34,4,0.1176470588
unscreened,Y1:P_H_fixed,chemsys_r2,101,0,0.0121691512,2,1,26,0.9997270246,82,17,0.2073170732,34,6,0.1764705882
unscreened,Y1:P_H_fixed,chemsys_r2,102,0,0.0121691512,21,1,26,0.9876478617,83,15,0.1807228916,34,3,0.08823529412
unscreened,Y1:P_H_fixed,chemsys_r3,100,0,0.0121691512,24,2,26,0.9897710039,83,18,0.2168674699,42,8,0.1904761905
unscreened,Y1:P_H_fixed,chemsys_r3,101,0,0.0121691512,41,8,8,0.9536548377,83,2,0.02409638554,42,0,0
unscreened,Y1:P_H_fixed,chemsys_r3,102,0,0.0121691512,8,6,24,0.9806718229,83,17,0.2048192771,42,11,0.2619047619
unscreened,Y1:P_H_fixed,chemsys_r4,100,0,0.0121691512,2,2,21,0.997588717,83,10,0.1204819277,17,4,0.2352941176
unscreened,Y1:P_H_fixed,chemsys_r4,101,0,0.0121691512,38,29,5,0.904018805,83,2,0.02409638554,17,0,0
unscreened,Y1:P_H_fixed,chemsys_r4,102,0,0.0121691512,25,1,13,0.9847057931,83,8,0.09638554217,17,2,0.1176470588
unscreened,Y1:P_H_fixed,chemsys_r5,100,0,0.0121691512,41,10,15,0.9844404004,83,10,0.1204819277,32,5,0.15625
unscreened,Y1:P_H_fixed,chemsys_r5,101,0,0.0121691512,41,15,11,0.9435319988,83,7,0.0843373494,32,2,0.0625
unscreened,Y1:P_H_fixed,chemsys_r5,102,0,0.0121691512,1,1,18,0.9993403094,83,10,0.1204819277,32,5,0.15625
unscreened,Y1:P_H_fixed,chemsys_r6,100,0,0.01217285453,41,1,15,0.9811665655,83,5,0.06024096386,15,0,0
unscreened,Y1:P_H_fixed,chemsys_r6,101,0,0.01217285453,4,1,21,0.9984678398,82,7,0.08536585366,15,2,0.1333333333
unscreened,Y1:P_H_fixed,chemsys_r6,102,0,0.01217285453,17,3,17,0.9886832524,83,6,0.07228915663,15,2,0.1333333333
unscreened,Y1:P_H_fixed,chemsys_r7,100,0,0.0121691512,4,3,19,0.9945177434,83,7,0.0843373494,30,2,0.06666666667
unscreened,Y1:P_H_fixed,chemsys_r7,101,0,0.0121691512,1,1,20,0.9997876858,83,8,0.09638554217,30,3,0.1
unscreened,Y1:P_H_fixed,chemsys_r7,102,0,0.0121691512,5,5,21,0.9862678192,83,11,0.1325301205,30,5,0.1666666667
unscreened,Y1:P_H_fixed,chemsys_r8,100,0,0.0121691512,7,4,19,0.9904913558,83,10,0.1204819277,23,5,0.2173913043
unscreened,Y1:P_H_fixed,chemsys_r8,101,0,0.0121691512,9,1,28,0.9961783439,83,19,0.2289156627,23,9,0.3913043478
unscreened,Y1:P_H_fixed,chemsys_r8,102,0,0.0121691512,10,3,15,0.9842053382,83,9,0.1084337349,23,3,0.1304347826
unscreened,Y1:P_H_fixed,chemsys_r9,100,0,0.0121691512,2,2,26,0.9956703063,83,15,0.1807228916,27,5,0.1851851852
unscreened,Y1:P_H_fixed,chemsys_r9,101,0,0.0121691512,2,1,22,0.9985213831,83,12,0.1445783133,27,4,0.1481481481
unscreened,Y1:P_H_fixed,chemsys_r9,102,0,0.0121691512,34,12,15,0.9622838944,83,9,0.1084337349,27,4,0.1481481481
unscreened,Y1:P_H_fixed,random_r0,100,0,0.0121691512,4,1,24,0.9922732787,83,13,0.156626506,29,4,0.1379310345
unscreened,Y1:P_H_fixed,random_r0,101,0,0.0121691512,16,11,17,0.9930391265,82,4,0.0487804878,29,1,0.03448275862
unscreened,Y1:P_H_fixed,random_r0,102,0,0.0121691512,1,1,26,0.9991659084,83,12,0.1445783133,29,3,0.1034482759
unscreened,Y1:P_H_fixed,random_r1,100,0,0.0121691512,10,7,24,0.984144677,83,12,0.1445783133,28,9,0.3214285714
unscreened,Y1:P_H_fixed,random_r1,101,0,0.0121691512,1,1,23,0.999977252,81,11,0.1358024691,28,4,0.1428571429
unscreened,Y1:P_H_fixed,random_r1,102,0,0.0121691512,28,6,20,0.982233849,83,10,0.1204819277,28,5,0.1785714286
unscreened,Y1:P_H_fixed,random_r2,100,0,0.0121691512,1,1,27,0.9995526236,82,17,0.2073170732,29,4,0.1379310345
unscreened,Y1:P_H_fixed,random_r2,101,0,0.0121691512,25,9,24,0.9276615105,83,14,0.1686746988,29,6,0.2068965517
unscreened,Y1:P_H_fixed,random_r2,102,0,0.0121691512,41,3,15,0.974499545,83,8,0.09638554217,29,4,0.1379310345
unscreened,Y1:P_H_fixed,random_r3,100,0,0.0121691512,19,3,23,0.9841143464,83,12,0.1445783133,22,5,0.2272727273
unscreened,Y1:P_H_fixed,random_r3,101,0,0.0121691512,18,1,32,0.991985138,83,16,0.1927710843,22,7,0.3181818182
unscreened,Y1:P_H_fixed,random_r3,102,0,0.0121691512,5,5,21,0.9845844707,83,13,0.156626506,22,8,0.3636363636
unscreened,Y1:P_H_fixed,random_r4,100,0,0.0121691512,41,39,1,0.9231877464,83,1,0.01204819277,30,1,0.03333333333
unscreened,Y1:P_H_fixed,random_r4,101,0,0.0121691512,41,7,6,0.96344404,83,5,0.06024096386,30,2,0.06666666667
unscreened,Y1:P_H_fixed,random_r4,102,0,0.0121691512,41,12,6,0.9651880497,83,5,0.06024096386,30,1,0.03333333333
unscreened,Y1:P_H_fixed,random_r5,100,0,0.0121691512,17,2,24,0.9938049742,83,17,0.2048192771,22,5,0.2272727273
unscreened,Y1:P_H_fixed,random_r5,101,0,0.0121691512,6,3,21,0.9933272672,83,14,0.1686746988,22,4,0.1818181818
unscreened,Y1:P_H_fixed,random_r5,102,0,0.0121691512,8,6,20,0.979648165,83,6,0.07228915663,22,2,0.09090909091
unscreened,Y1:P_H_fixed,random_r6,100,0,0.0121691512,17,10,22,0.9648695784,83,14,0.1686746988,24,4,0.1666666667
unscreened,Y1:P_H_fixed,random_r6,101,0,0.0121691512,4,2,22,0.9952987564,83,16,0.1927710843,24,7,0.2916666667
unscreened,Y1:P_H_fixed,random_r6,102,0,0.0121691512,3,2,16,0.9931604489,82,9,0.1097560976,24,3,0.125
unscreened,Y1:P_H_fixed,random_r7,100,0,0.0121691512,19,1,25,0.9925386715,82,12,0.1463414634,28,5,0.1785714286
unscreened,Y1:P_H_fixed,random_r7,101,0,0.0121691512,41,1,10,0.9750075827,82,4,0.0487804878,27,1,0.03703703704
unscreened,Y1:P_H_fixed,random_r7,102,0,0.0121691512,3,1,23,0.9981346679,82,13,0.1585365854,27,6,0.2222222222
unscreened,Y1:P_H_fixed,random_r8,100,0,0.0121691512,22,2,21,0.9871701547,80,9,0.1125,18,2,0.1111111111
unscreened,Y1:P_H_fixed,random_r8,101,0,0.0121691512,2,1,21,0.9994464665,82,13,0.1585365854,19,4,0.2105263158
unscreened,Y1:P_H_fixed,random_r8,102,0,0.0121691512,6,3,24,0.9940627843,83,14,0.1686746988,19,5,0.2631578947
unscreened,Y1:P_H_fixed,random_r9,100,0,0.0121691512,8,3,21,0.9953063391,83,8,0.09638554217,25,3,0.12
unscreened,Y1:P_H_fixed,random_r9,101,0,0.0121691512,41,6,7,0.9609190173,83,3,0.03614457831,25,0,0
unscreened,Y1:P_H_fixed,random_r9,102,0,0.0121691512,3,3,21,0.9962920837,83,11,0.1325301205,25,6,0.24
unscreened,Y1:P_H_fixed,chemsys_r0,100,0.02,0.0121691512,31,1,13,0.979799818,83,7,0.0843373494,30,0,0
unscreened,Y1:P_H_fixed,chemsys_r0,101,0.02,0.0121691512,7,2,26,0.9943660904,83,11,0.1325301205,30,3,0.1
unscreened,Y1:P_H_fixed,chemsys_r0,102,0.02,0.0121691512,24,1,27,0.9841067637,83,16,0.1927710843,30,9,0.3
unscreened,Y1:P_H_fixed,chemsys_r1,100,0.02,0.0121691512,3,1,27,0.9967546254,83,13,0.156626506,31,6,0.1935483871
unscreened,Y1:P_H_fixed,chemsys_r1,101,0.02,0.0121691512,2,1,25,0.9989232636,83,13,0.156626506,31,6,0.1935483871
unscreened,Y1:P_H_fixed,chemsys_r1,102,0.02,0.0121691512,18,5,29,0.9889520776,82,15,0.1829268293,31,5,0.1612903226
unscreened,Y1:P_H_fixed,chemsys_r2,100,0.02,0.0121691512,19,2,18,0.984273582,83,10,0.1204819277,34,3,0.08823529412
unscreened,Y1:P_H_fixed,chemsys_r2,101,0.02,0.0121691512,2,1,28,0.9998862602,82,17,0.2073170732,34,6,0.1764705882
unscreened,Y1:P_H_fixed,chemsys_r2,102,0.02,0.0121691512,15,1,28,0.9909918107,83,11,0.1325301205,34,4,0.1176470588
unscreened,Y1:P_H_fixed,chemsys_r3,100,0.02,0.0121691512,31,1,24,0.9903017895,83,14,0.1686746988,42,3,0.07142857143
unscreened,Y1:P_H_fixed,chemsys_r3,101,0.02,0.0121691512,41,5,7,0.9706096451,83,1,0.01204819277,42,0,0
unscreened,Y1:P_H_fixed,chemsys_r3,102,0.02,0.0121691512,5,5,26,0.9862754019,83,18,0.2168674699,42,9,0.2142857143
unscreened,Y1:P_H_fixed,chemsys_r4,100,0.02,0.0121691512,2,1,20,0.9994388838,83,8,0.09638554217,17,4,0.2352941176
unscreened,Y1:P_H_fixed,chemsys_r4,101,0.02,0.0121691512,41,10,13,0.9582954201,83,4,0.04819277108,17,1,0.05882352941
unscreened,Y1:P_H_fixed,chemsys_r4,102,0.02,0.0121691512,28,1,15,0.984470731,83,9,0.1084337349,17,0,0
unscreened,Y1:P_H_fixed,chemsys_r5,100,0.02,0.0121691512,34,4,20,0.9863284804,83,12,0.1445783133,32,3,0.09375
unscreened,Y1:P_H_fixed,chemsys_r5,101,0.02,0.0121691512,20,9,24,0.9663254474,83,8,0.09638554217,32,3,0.09375
unscreened,Y1:P_H_fixed,chemsys_r5,102,0.02,0.0121691512,1,1,22,0.9992493176,83,15,0.1807228916,32,6,0.1875
unscreened,Y1:P_H_fixed,chemsys_r6,100,0.02,0.01217285453,34,1,16,0.9826987257,83,0,0,15,0,0
unscreened,Y1:P_H_fixed,chemsys_r6,101,0.02,0.01217285453,3,1,22,0.9993628641,82,8,0.09756097561,15,1,0.06666666667
unscreened,Y1:P_H_fixed,chemsys_r6,102,0.02,0.01217285453,19,2,21,0.9888121966,83,6,0.07228915663,15,1,0.06666666667
unscreened,Y1:P_H_fixed,chemsys_r7,100,0.02,0.0121691512,2,2,25,0.9977176221,83,9,0.1084337349,30,4,0.1333333333
unscreened,Y1:P_H_fixed,chemsys_r7,101,0.02,0.0121691512,1,1,21,0.9999696694,83,9,0.1084337349,30,4,0.1333333333
unscreened,Y1:P_H_fixed,chemsys_r7,102,0.02,0.0121691512,22,11,14,0.9701395208,83,5,0.06024096386,30,1,0.03333333333
unscreened,Y1:P_H_fixed,chemsys_r8,100,0.02,0.0121691512,10,1,24,0.9919244768,83,12,0.1445783133,23,4,0.1739130435
unscreened,Y1:P_H_fixed,chemsys_r8,101,0.02,0.0121691512,2,1,34,0.9967242948,83,20,0.2409638554,23,8,0.347826087
unscreened,Y1:P_H_fixed,chemsys_r8,102,0.02,0.0121691512,8,2,30,0.9908174098,83,12,0.1445783133,23,1,0.04347826087
unscreened,Y1:P_H_fixed,chemsys_r9,100,0.02,0.0121691512,2,1,26,0.9984758872,83,15,0.1807228916,27,8,0.2962962963
unscreened,Y1:P_H_fixed,chemsys_r9,101,0.02,0.0121691512,2,1,24,0.9985138004,83,12,0.1445783133,27,4,0.1481481481
unscreened,Y1:P_H_fixed,chemsys_r9,102,0.02,0.0121691512,34,12,15,0.9659235669,83,8,0.09638554217,27,0,0
unscreened,Y1:P_H_fixed,random_r0,100,0.02,0.0121691512,3,1,28,0.9936002426,83,14,0.1686746988,29,3,0.1034482759
unscreened,Y1:P_H_fixed,random_r0,101,0.02,0.0121691512,36,1,12,0.9909159842,82,4,0.0487804878,29,1,0.03448275862
unscreened,Y1:P_H_fixed,random_r0,102,0.02,0.0121691512,7,2,25,0.997611465,83,9,0.1084337349,29,2,0.06896551724
unscreened,Y1:P_H_fixed,random_r1,100,0.02,0.0121691512,19,3,26,0.9884061268,83,12,0.1445783133,28,6,0.2142857143
unscreened,Y1:P_H_fixed,random_r1,101,0.02,0.0121691512,1,1,26,1,81,12,0.1481481481,28,3,0.1071428571
unscreened,Y1:P_H_fixed,random_r1,102,0.02,0.0121691512,8,2,27,0.9949802851,83,14,0.1686746988,28,3,0.1071428571
unscreened,Y1:P_H_fixed,random_r2,100,0.02,0.0121691512,1,1,21,1,82,10,0.1219512195,29,3,0.1034482759
unscreened,Y1:P_H_fixed,random_r2,101,0.02,0.0121691512,13,4,24,0.9725735517,83,11,0.1325301205,29,4,0.1379310345
unscreened,Y1:P_H_fixed,random_r2,102,0.02,0.0121691512,12,3,27,0.9943281771,83,16,0.1927710843,29,6,0.2068965517
unscreened,Y1:P_H_fixed,random_r3,100,0.02,0.0121691512,18,3,17,0.9830072793,83,8,0.09638554217,22,4,0.1818181818
unscreened,Y1:P_H_fixed,random_r3,101,0.02,0.0121691512,30,1,26,0.987663027,83,6,0.07228915663,22,0,0
unscreened,Y1:P_H_fixed,random_r3,102,0.02,0.0121691512,7,7,24,0.9904231119,83,9,0.1084337349,22,4,0.1818181818
unscreened,Y1:P_H_fixed,random_r4,100,0.02,0.0121691512,37,15,8,0.9528283288,83,3,0.03614457831,30,1,0.03333333333
unscreened,Y1:P_H_fixed,random_r4,101,0.02,0.0121691512,10,4,29,0.9887549287,83,9,0.1084337349,30,3,0.1
unscreened,Y1:P_H_fixed,random_r4,102,0.02,0.0121691512,10,3,30,0.9898619958,83,7,0.0843373494,30,0,0
unscreened,Y1:P_H_fixed,random_r5,100,0.02,0.0121691512,30,6,20,0.9909084016,83,10,0.1204819277,22,4,0.1818181818
unscreened,Y1:P_H_fixed,random_r5,101,0.02,0.0121691512,6,4,27,0.9900591447,83,13,0.156626506,22,4,0.1818181818
unscreened,Y1:P_H_fixed,random_r5,102,0.02,0.0121691512,3,2,23,0.9954579921,83,10,0.1204819277,22,2,0.09090909091
unscreened,Y1:P_H_fixed,random_r6,100,0.02,0.0121691512,41,1,15,0.9838717015,83,5,0.06024096386,24,3,0.125
unscreened,Y1:P_H_fixed,random_r6,101,0.02,0.0121691512,4,2,26,0.9953897483,83,17,0.2048192771,24,5,0.2083333333
unscreened,Y1:P_H_fixed,random_r6,102,0.02,0.0121691512,6,2,29,0.9965802244,82,15,0.1829268293,24,3,0.125
unscreened,Y1:P_H_fixed,random_r7,100,0.02,0.0121691512,13,2,30,0.9946618138,82,13,0.1585365854,28,3,0.1071428571
unscreened,Y1:P_H_fixed,random_r7,101,0.02,0.0121691512,41,3,10,0.9793524416,82,3,0.03658536585,27,0,0
unscreened,Y1:P_H_fixed,random_r7,102,0.02,0.0121691512,3,1,25,0.998415226,82,11,0.1341463415,27,4,0.1481481481
unscreened,Y1:P_H_fixed,random_r8,100,0.02,0.0121691512,29,4,18,0.9835608129,80,6,0.075,18,1,0.05555555556
unscreened,Y1:P_H_fixed,random_r8,101,0.02,0.0121691512,1,1,21,0.9996132848,82,8,0.09756097561,19,4,0.2105263158
unscreened,Y1:P_H_fixed,random_r8,102,0.02,0.0121691512,3,3,21,0.9964134061,83,10,0.1204819277,19,4,0.2105263158
unscreened,Y1:P_H_fixed,random_r9,100,0.02,0.0121691512,4,1,20,0.998392478,83,11,0.1325301205,25,7,0.28
unscreened,Y1:P_H_fixed,random_r9,101,0.02,0.0121691512,41,6,16,0.9658022445,83,3,0.03614457831,25,0,0
unscreened,Y1:P_H_fixed,random_r9,102,0.02,0.0121691512,2,2,20,0.9978465271,83,9,0.1084337349,25,6,0.24
unscreened,Y1:P_H_fixed,chemsys_r0,100,0.05,0.0121691512,23,1,24,0.9849711859,83,11,0.1325301205,30,2,0.06666666667
unscreened,Y1:P_H_fixed,chemsys_r0,101,0.05,0.0121691512,34,2,20,0.9815362451,83,2,0.02409638554,30,0,0
unscreened,Y1:P_H_fixed,chemsys_r0,102,0.05,0.0121691512,33,1,20,0.9821428571,83,9,0.1084337349,30,6,0.2
unscreened,Y1:P_H_fixed,chemsys_r1,100,0.05,0.0121691512,5,3,30,0.9935092508,83,15,0.1807228916,31,6,0.1935483871
unscreened,Y1:P_H_fixed,chemsys_r1,101,0.05,0.0121691512,2,1,23,0.9989535942,83,13,0.156626506,31,5,0.1612903226
unscreened,Y1:P_H_fixed,chemsys_r1,102,0.05,0.0121691512,9,2,26,0.9957233849,82,14,0.1707317073,31,4,0.1290322581
unscreened,Y1:P_H_fixed,chemsys_r2,100,0.05,0.0121691512,28,2,24,0.9834394904,83,3,0.03614457831,34,0,0
unscreened,Y1:P_H_fixed,chemsys_r2,101,0.05,0.0121691512,3,1,30,0.9999090082,82,16,0.1951219512,34,5,0.1470588235
unscreened,Y1:P_H_fixed,chemsys_r2,102,0.05,0.0121691512,7,1,29,0.9959432818,83,16,0.1927710843,34,6,0.1764705882
unscreened,Y1:P_H_fixed,chemsys_r3,100,0.05,0.0121691512,22,1,25,0.9917349105,83,17,0.2048192771,42,7,0.1666666667
unscreened,Y1:P_H_fixed,chemsys_r3,101,0.05,0.0121691512,36,2,14,0.9823930846,83,0,0,42,0,0
unscreened,Y1:P_H_fixed,chemsys_r3,102,0.05,0.0121691512,5,5,21,0.9859645132,83,14,0.1686746988,42,5,0.119047619
unscreened,Y1:P_H_fixed,chemsys_r4,100,0.05,0.0121691512,2,1,23,0.9995071277,83,12,0.1445783133,17,5,0.2941176471
unscreened,Y1:P_H_fixed,chemsys_r4,101,0.05,0.0121691512,41,7,5,0.9731043373,83,2,0.02409638554,17,0,0
unscreened,Y1:P_H_fixed,chemsys_r4,102,0.05,0.0121691512,41,1,11,0.9840536852,83,5,0.06024096386,17,0,0
unscreened,Y1:P_H_fixed,chemsys_r5,100,0.05,0.0121691512,33,3,20,0.9848422809,83,9,0.1084337349,32,4,0.125
unscreened,Y1:P_H_fixed,chemsys_r5,101,0.05,0.0121691512,12,3,26,0.9887776767,83,12,0.1445783133,32,6,0.1875
unscreened,Y1:P_H_fixed,chemsys_r5,102,0.05,0.0121691512,1,1,23,0.9995905369,83,14,0.1686746988,32,6,0.1875
unscreened,Y1:P_H_fixed,chemsys_r6,100,0.05,0.01217285453,26,1,10,0.982971784,83,0,0,15,0,0
unscreened,Y1:P_H_fixed,chemsys_r6,101,0.05,0.01217285453,3,3,22,0.9971632282,82,9,0.1097560976,15,1,0.06666666667
unscreened,Y1:P_H_fixed,chemsys_r6,102,0.05,0.01217285453,39,2,12,0.976873483,83,0,0,15,0,0
unscreened,Y1:P_H_fixed,chemsys_r7,100,0.05,0.0121691512,2,2,24,0.9978692751,83,12,0.1445783133,30,4,0.1333333333
unscreened,Y1:P_H_fixed,chemsys_r7,101,0.05,0.0121691512,1,1,22,0.9995450409,83,9,0.1084337349,30,4,0.1333333333
unscreened,Y1:P_H_fixed,chemsys_r7,102,0.05,0.0121691512,39,7,18,0.9704731574,83,4,0.04819277108,30,0,0
unscreened,Y1:P_H_fixed,chemsys_r8,100,0.05,0.0121691512,11,1,25,0.9919472247,83,10,0.1204819277,23,4,0.1739130435
unscreened,Y1:P_H_fixed,chemsys_r8,101,0.05,0.0121691512,2,1,29,0.9966863816,83,16,0.1927710843,23,5,0.2173913043
unscreened,Y1:P_H_fixed,chemsys_r8,102,0.05,0.0121691512,8,2,17,0.985426145,83,6,0.07228915663,23,1,0.04347826087
unscreened,Y1:P_H_fixed,chemsys_r9,100,0.05,0.0121691512,1,1,24,0.9987336973,83,10,0.1204819277,27,3,0.1111111111
unscreened,Y1:P_H_fixed,chemsys_r9,101,0.05,0.0121691512,5,2,24,0.9949802851,83,13,0.156626506,27,5,0.1851851852
unscreened,Y1:P_H_fixed,chemsys_r9,102,0.05,0.0121691512,19,2,25,0.9870488323,83,18,0.2168674699,27,2,0.07407407407
unscreened,Y1:P_H_fixed,random_r0,100,0.05,0.0121691512,3,1,27,0.9936381559,83,10,0.1204819277,29,1,0.03448275862
unscreened,Y1:P_H_fixed,random_r0,101,0.05,0.0121691512,6,1,27,0.9966712163,82,7,0.08536585366,29,0,0
unscreened,Y1:P_H_fixed,random_r0,102,0.05,0.0121691512,8,2,25,0.9972399151,83,7,0.0843373494,29,0,0
unscreened,Y1:P_H_fixed,random_r1,100,0.05,0.0121691512,13,3,25,0.9887018502,83,15,0.1807228916,28,7,0.25
unscreened,Y1:P_H_fixed,random_r1,101,0.05,0.0121691512,1,1,27,1,81,14,0.1728395062,28,4,0.1428571429
unscreened,Y1:P_H_fixed,random_r1,102,0.05,0.0121691512,4,2,26,0.9973764028,83,12,0.1445783133,28,4,0.1428571429
unscreened,Y1:P_H_fixed,random_r2,100,0.05,0.0121691512,1,1,27,1,82,13,0.1585365854,29,3,0.1034482759
unscreened,Y1:P_H_fixed,random_r2,101,0.05,0.0121691512,24,3,17,0.9665908402,83,5,0.06024096386,29,0,0
unscreened,Y1:P_H_fixed,random_r2,102,0.05,0.0121691512,18,3,23,0.9861692448,83,5,0.06024096386,29,0,0
unscreened,Y1:P_H_fixed,random_r3,100,0.05,0.0121691512,17,5,21,0.9858886867,83,8,0.09638554217,22,4,0.1818181818
unscreened,Y1:P_H_fixed,random_r3,101,0.05,0.0121691512,14,1,30,0.9931377009,83,6,0.07228915663,22,1,0.04545454545
unscreened,Y1:P_H_fixed,random_r3,102,0.05,0.0121691512,6,1,29,0.9969669396,83,9,0.1084337349,22,3,0.1363636364
unscreened,Y1:P_H_fixed,random_r4,100,0.05,0.0121691512,41,6,13,0.9647027601,83,5,0.06024096386,30,1,0.03333333333
unscreened,Y1:P_H_fixed,random_r4,101,0.05,0.0121691512,38,1,9,0.9688201395,83,4,0.04819277108,30,0,0
unscreened,Y1:P_H_fixed,random_r4,102,0.05,0.0121691512,40,20,7,0.9581740977,83,2,0.02409638554,30,0,0
unscreened,Y1:P_H_fixed,random_r5,100,0.05,0.0121691512,28,10,20,0.9914695177,83,5,0.06024096386,22,0,0
unscreened,Y1:P_H_fixed,random_r5,101,0.05,0.0121691512,9,7,25,0.9846375493,83,13,0.156626506,22,3,0.1363636364
unscreened,Y1:P_H_fixed,random_r5,102,0.05,0.0121691512,14,2,22,0.9867986048,83,8,0.09638554217,22,2,0.09090909091
unscreened,Y1:P_H_fixed,random_r6,100,0.05,0.0121691512,34,1,23,0.9838868668,83,9,0.1084337349,24,3,0.125
unscreened,Y1:P_H_fixed,random_r6,101,0.05,0.0121691512,11,1,28,0.9936533212,83,10,0.1204819277,24,0,0
unscreened,Y1:P_H_fixed,random_r6,102,0.05,0.0121691512,5,1,27,0.9962541705,82,6,0.07317073171,24,0,0
unscreened,Y1:P_H_fixed,random_r7,100,0.05,0.0121691512,15,3,29,0.9937367304,82,12,0.1463414634,28,3,0.1071428571
unscreened,Y1:P_H_fixed,random_r7,101,0.05,0.0121691512,36,3,12,0.9832120109,82,3,0.03658536585,27,0,0
unscreened,Y1:P_H_fixed,random_r7,102,0.05,0.0121691512,4,1,28,0.9986882014,82,11,0.1341463415,27,4,0.1481481481
unscreened,Y1:P_H_fixed,random_r8,100,0.05,0.0121691512,6,3,23,0.9949120412,80,13,0.1625,18,4,0.2222222222
unscreened,Y1:P_H_fixed,random_r8,101,0.05,0.0121691512,1,1,24,0.9999924173,82,11,0.1341463415,19,4,0.2105263158
unscreened,Y1:P_H_fixed,random_r8,102,0.05,0.0121691512,8,1,24,0.9932817713,83,10,0.1204819277,19,3,0.1578947368
unscreened,Y1:P_H_fixed,random_r9,100,0.05,0.0121691512,5,1,24,0.9972171671,83,10,0.1204819277,25,4,0.16
unscreened,Y1:P_H_fixed,random_r9,101,0.05,0.0121691512,31,8,16,0.9706172278,83,3,0.03614457831,25,0,0
unscreened,Y1:P_H_fixed,random_r9,102,0.05,0.0121691512,2,2,20,0.9978465271,83,9,0.1084337349,25,4,0.16
unscreened,Y1:P_H_fixed,chemsys_r0,100,0.1,0.0121691512,19,1,26,0.9874810434,83,9,0.1084337349,30,0,0
unscreened,Y1:P_H_fixed,chemsys_r0,101,0.1,0.0121691512,3,3,28,0.9969821049,83,12,0.1445783133,30,4,0.1333333333
unscreened,Y1:P_H_fixed,chemsys_r0,102,0.1,0.0121691512,20,1,22,0.9833560813,83,6,0.07228915663,30,2,0.06666666667
unscreened,Y1:P_H_fixed,chemsys_r1,100,0.1,0.0121691512,11,2,28,0.9912572035,83,11,0.1325301205,31,4,0.1290322581
unscreened,Y1:P_H_fixed,chemsys_r1,101,0.1,0.0121691512,2,1,30,0.9985896269,83,14,0.1686746988,31,8,0.2580645161
unscreened,Y1:P_H_fixed,chemsys_r1,102,0.1,0.0121691512,10,2,32,0.9946314832,82,9,0.1097560976,31,2,0.06451612903
unscreened,Y1:P_H_fixed,chemsys_r2,100,0.1,0.0121691512,21,17,19,0.9687518957,83,3,0.03614457831,34,0,0
unscreened,Y1:P_H_fixed,chemsys_r2,101,0.1,0.0121691512,2,1,26,0.9991734911,82,15,0.1829268293,34,5,0.1470588235
unscreened,Y1:P_H_fixed,chemsys_r2,102,0.1,0.0121691512,9,1,31,0.9942523506,83,14,0.1686746988,34,3,0.08823529412
unscreened,Y1:P_H_fixed,chemsys_r3,100,0.1,0.0121691512,31,1,23,0.9897710039,83,7,0.0843373494,42,2,0.04761904762
unscreened,Y1:P_H_fixed,chemsys_r3,101,0.1,0.0121691512,35,2,15,0.9826053988,83,2,0.02409638554,42,1,0.02380952381
unscreened,Y1:P_H_fixed,chemsys_r3,102,0.1,0.0121691512,5,5,25,0.9859265999,83,18,0.2168674699,42,5,0.119047619
unscreened,Y1:P_H_fixed,chemsys_r4,100,0.1,0.0121691512,2,1,24,0.999218987,83,11,0.1325301205,17,4,0.2352941176
unscreened,Y1:P_H_fixed,chemsys_r4,101,0.1,0.0121691512,40,8,9,0.9687215651,83,3,0.03614457831,17,0,0
unscreened,Y1:P_H_fixed,chemsys_r4,102,0.1,0.0121691512,20,1,18,0.9898240825,83,5,0.06024096386,17,0,0
unscreened,Y1:P_H_fixed,chemsys_r5,100,0.1,0.0121691512,26,3,25,0.9893463755,83,9,0.1084337349,32,2,0.0625
unscreened,Y1:P_H_fixed,chemsys_r5,101,0.1,0.0121691512,14,4,27,0.9874127995,83,9,0.1084337349,32,3,0.09375
unscreened,Y1:P_H_fixed,chemsys_r5,102,0.1,0.0121691512,1,1,30,0.9993023961,83,17,0.2048192771,32,9,0.28125
unscreened,Y1:P_H_fixed,chemsys_r6,100,0.1,0.01217285453,20,1,10,0.9850197209,83,1,0.01204819277,15,0,0
unscreened,Y1:P_H_fixed,chemsys_r6,101,0.1,0.01217285453,3,3,23,0.9973300971,82,9,0.1097560976,15,2,0.1333333333
unscreened,Y1:P_H_fixed,chemsys_r6,102,0.1,0.01217285453,39,2,12,0.9795433859,83,1,0.01204819277,15,0,0
unscreened,Y1:P_H_fixed,chemsys_r7,100,0.1,0.0121691512,2,2,25,0.9978844404,83,11,0.1325301205,30,5,0.1666666667
unscreened,Y1:P_H_fixed,chemsys_r7,101,0.1,0.0121691512,1,1,23,0.9995753715,83,10,0.1204819277,30,4,0.1333333333
unscreened,Y1:P_H_fixed,chemsys_r7,102,0.1,0.0121691512,14,1,28,0.9922202002,83,5,0.06024096386,30,0,0
unscreened,Y1:P_H_fixed,chemsys_r8,100,0.1,0.0121691512,11,1,29,0.9923036093,83,13,0.156626506,23,7,0.3043478261
unscreened,Y1:P_H_fixed,chemsys_r8,101,0.1,0.0121691512,2,1,31,0.9954959054,83,15,0.1807228916,23,3,0.1304347826
unscreened,Y1:P_H_fixed,chemsys_r8,102,0.1,0.0121691512,7,3,29,0.9873824689,83,13,0.156626506,23,1,0.04347826087
unscreened,Y1:P_H_fixed,chemsys_r9,100,0.1,0.0121691512,1,1,27,0.9987033667,83,14,0.1686746988,27,5,0.1851851852
unscreened,Y1:P_H_fixed,chemsys_r9,101,0.1,0.0121691512,1,1,28,0.9981649985,83,9,0.1084337349,27,2,0.07407407407
unscreened,Y1:P_H_fixed,chemsys_r9,102,0.1,0.0121691512,20,2,25,0.9871777373,83,13,0.156626506,27,0,0
unscreened,Y1:P_H_fixed,random_r0,100,0.1,0.0121691512,3,1,31,0.9955489839,83,12,0.1445783133,29,2,0.06896551724
unscreened,Y1:P_H_fixed,random_r0,101,0.1,0.0121691512,4,2,27,0.9972323324,82,7,0.08536585366,29,0,0
unscreened,Y1:P_H_fixed,random_r0,102,0.1,0.0121691512,3,2,28,0.9985744616,83,10,0.1204819277,29,2,0.06896551724
unscreened,Y1:P_H_fixed,random_r1,100,0.1,0.0121691512,35,3,14,0.9759326661,83,8,0.09638554217,28,4,0.1428571429
unscreened,Y1:P_H_fixed,random_r1,101,0.1,0.0121691512,2,1,27,0.9990900819,81,17,0.2098765432,28,5,0.1785714286
unscreened,Y1:P_H_fixed,random_r1,102,0.1,0.0121691512,7,1,29,0.9962010919,83,17,0.2048192771,28,4,0.1428571429
unscreened,Y1:P_H_fixed,random_r2,100,0.1,0.0121691512,1,1,26,1,82,12,0.1463414634,29,3,0.1034482759
unscreened,Y1:P_H_fixed,random_r2,101,0.1,0.0121691512,9,2,25,0.9898164998,83,8,0.09638554217,29,0,0
unscreened,Y1:P_H_fixed,random_r2,102,0.1,0.0121691512,11,1,28,0.9927585684,83,10,0.1204819277,29,0,0
unscreened,Y1:P_H_fixed,random_r3,100,0.1,0.0121691512,21,4,27,0.9847209584,83,4,0.04819277108,22,0,0
unscreened,Y1:P_H_fixed,random_r3,101,0.1,0.0121691512,12,2,30,0.9929178041,83,5,0.06024096386,22,1,0.04545454545
unscreened,Y1:P_H_fixed,random_r3,102,0.1,0.0121691512,5,1,28,0.9968986958,83,8,0.09638554217,22,3,0.1363636364
unscreened,Y1:P_H_fixed,random_r4,100,0.1,0.0121691512,32,4,17,0.9715802244,83,4,0.04819277108,30,0,0
unscreened,Y1:P_H_fixed,random_r4,101,0.1,0.0121691512,17,1,25,0.9858128602,83,2,0.02409638554,30,0,0
unscreened,Y1:P_H_fixed,random_r4,102,0.1,0.0121691512,17,11,23,0.9799438884,83,1,0.01204819277,30,0,0
unscreened,Y1:P_H_fixed,random_r5,100,0.1,0.0121691512,21,4,28,0.993418259,83,9,0.1084337349,22,1,0.04545454545
unscreened,Y1:P_H_fixed,random_r5,101,0.1,0.0121691512,8,4,27,0.9892629663,83,14,0.1686746988,22,6,0.2727272727
unscreened,Y1:P_H_fixed,random_r5,102,0.1,0.0121691512,2,1,29,0.9981877464,83,12,0.1445783133,22,1,0.04545454545
unscreened,Y1:P_H_fixed,random_r6,100,0.1,0.0121691512,20,3,30,0.9880269942,83,4,0.04819277108,24,0,0
unscreened,Y1:P_H_fixed,random_r6,101,0.1,0.0121691512,11,1,29,0.9931680315,83,9,0.1084337349,24,0,0
unscreened,Y1:P_H_fixed,random_r6,102,0.1,0.0121691512,5,2,28,0.9971640886,82,10,0.1219512195,24,0,0
unscreened,Y1:P_H_fixed,random_r7,100,0.1,0.0121691512,7,1,29,0.9965878071,82,10,0.1219512195,28,4,0.1428571429
unscreened,Y1:P_H_fixed,random_r7,101,0.1,0.0121691512,41,5,6,0.979344859,82,2,0.0243902439,27,0,0
unscreened,Y1:P_H_fixed,random_r7,102,0.1,0.0121691512,5,1,25,0.997914771,82,9,0.1097560976,27,2,0.07407407407
unscreened,Y1:P_H_fixed,random_r8,100,0.1,0.0121691512,5,3,23,0.995200182,80,13,0.1625,18,4,0.2222222222
unscreened,Y1:P_H_fixed,random_r8,101,0.1,0.0121691512,1,1,24,0.9999924173,82,12,0.1463414634,19,4,0.2105263158
unscreened,Y1:P_H_fixed,random_r8,102,0.1,0.0121691512,2,1,27,0.9986199575,83,14,0.1686746988,19,4,0.2105263158
unscreened,Y1:P_H_fixed,random_r9,100,0.1,0.0121691512,4,1,24,0.9975280558,83,10,0.1204819277,25,3,0.12
unscreened,Y1:P_H_fixed,random_r9,101,0.1,0.0121691512,9,7,28,0.9832726721,83,7,0.0843373494,25,0,0
unscreened,Y1:P_H_fixed,random_r9,102,0.1,0.0121691512,1,1,22,0.9988095238,83,10,0.1204819277,25,2,0.08
unscreened,Y1:P_H_fixed,chemsys_r0,100,0.25,0.0121691512,21,1,24,0.9851076736,83,2,0.02409638554,30,0,0
unscreened,Y1:P_H_fixed,chemsys_r0,101,0.25,0.0121691512,2,1,29,0.9977327874,83,14,0.1686746988,30,1,0.03333333333
unscreened,Y1:P_H_fixed,chemsys_r0,102,0.25,0.0121691512,5,2,29,0.9936684865,83,12,0.1445783133,30,4,0.1333333333
unscreened,Y1:P_H_fixed,chemsys_r1,100,0.25,0.0121691512,7,2,31,0.9946239005,83,9,0.1084337349,31,0,0
unscreened,Y1:P_H_fixed,chemsys_r1,101,0.25,0.0121691512,2,1,32,0.9987261146,83,13,0.156626506,31,3,0.09677419355
unscreened,Y1:P_H_fixed,chemsys_r1,102,0.25,0.0121691512,8,2,31,0.9955186533,82,10,0.1219512195,31,3,0.09677419355
unscreened,Y1:P_H_fixed,chemsys_r2,100,0.25,0.0121691512,28,12,14,0.9674476797,83,1,0.01204819277,34,0,0
unscreened,Y1:P_H_fixed,chemsys_r2,101,0.25,0.0121691512,3,1,30,0.9996132848,82,13,0.1585365854,34,1,0.02941176471
unscreened,Y1:P_H_fixed,chemsys_r2,102,0.25,0.0121691512,5,1,30,0.9970427662,83,6,0.07228915663,34,0,0
unscreened,Y1:P_H_fixed,chemsys_r3,100,0.25,0.0121691512,22,3,25,0.9900136488,83,8,0.09638554217,42,1,0.02380952381
unscreened,Y1:P_H_fixed,chemsys_r3,101,0.25,0.0121691512,20,2,23,0.9893236275,83,9,0.1084337349,42,1,0.02380952381
unscreened,Y1:P_H_fixed,chemsys_r3,102,0.25,0.0121691512,4,4,24,0.9891416439,83,12,0.1445783133,42,2,0.04761904762
unscreened,Y1:P_H_fixed,chemsys_r4,100,0.25,0.0121691512,2,1,27,0.999218987,83,10,0.1204819277,17,2,0.1176470588
unscreened,Y1:P_H_fixed,chemsys_r4,101,0.25,0.0121691512,41,6,19,0.9693888383,83,1,0.01204819277,17,0,0
unscreened,Y1:P_H_fixed,chemsys_r4,102,0.25,0.0121691512,9,1,25,0.9947831362,83,12,0.1445783133,17,3,0.1764705882
unscreened,Y1:P_H_fixed,chemsys_r5,100,0.25,0.0121691512,30,3,19,0.9869881711,83,4,0.04819277108,32,0,0
unscreened,Y1:P_H_fixed,chemsys_r5,101,0.25,0.0121691512,11,3,29,0.9891719745,83,10,0.1204819277,32,2,0.0625
unscreened,Y1:P_H_fixed,chemsys_r5,102,0.25,0.0121691512,1,1,28,0.9992644829,83,13,0.156626506,32,4,0.125
unscreened,Y1:P_H_fixed,chemsys_r6,100,0.25,0.01217285453,17,1,27,0.9918916869,83,3,0.03614457831,15,0,0
unscreened,Y1:P_H_fixed,chemsys_r6,101,0.25,0.01217285453,1,1,29,0.9998558859,82,7,0.08536585366,15,0,0
unscreened,Y1:P_H_fixed,chemsys_r6,102,0.25,0.01217285453,19,1,25,0.9903671117,83,2,0.02409638554,15,0,0
unscreened,Y1:P_H_fixed,chemsys_r7,100,0.25,0.0121691512,1,1,27,0.9989611768,83,10,0.1204819277,30,3,0.1
unscreened,Y1:P_H_fixed,chemsys_r7,101,0.25,0.0121691512,1,1,25,0.9995753715,83,10,0.1204819277,30,3,0.1
unscreened,Y1:P_H_fixed,chemsys_r7,102,0.25,0.0121691512,21,1,26,0.9863133151,83,4,0.04819277108,30,0,0
unscreened,Y1:P_H_fixed,chemsys_r8,100,0.25,0.0121691512,9,1,29,0.995351835,83,11,0.1325301205,23,2,0.08695652174
unscreened,Y1:P_H_fixed,chemsys_r8,101,0.25,0.0121691512,4,1,30,0.9959508644,83,13,0.156626506,23,2,0.08695652174
unscreened,Y1:P_H_fixed,chemsys_r8,102,0.25,0.0121691512,6,3,24,0.9896724295,83,12,0.1445783133,23,3,0.1304347826
unscreened,Y1:P_H_fixed,chemsys_r9,100,0.25,0.0121691512,2,2,27,0.9959281165,83,14,0.1686746988,27,3,0.1111111111
unscreened,Y1:P_H_fixed,chemsys_r9,101,0.25,0.0121691512,1,1,28,0.9976190476,83,9,0.1084337349,27,2,0.07407407407
unscreened,Y1:P_H_fixed,chemsys_r9,102,0.25,0.0121691512,26,4,23,0.9809599636,83,4,0.04819277108,27,0,0
unscreened,Y1:P_H_fixed,random_r0,100,0.25,0.0121691512,5,1,30,0.9950636943,83,2,0.02409638554,29,0,0
unscreened,Y1:P_H_fixed,random_r0,101,0.25,0.0121691512,10,5,29,0.9976342129,82,7,0.08536585366,29,0,0
unscreened,Y1:P_H_fixed,random_r0,102,0.25,0.0121691512,1,1,30,1,83,9,0.1084337349,29,0,0
unscreened,Y1:P_H_fixed,random_r1,100,0.25,0.0121691512,18,12,24,0.976607522,83,10,0.1204819277,28,2,0.07142857143
unscreened,Y1:P_H_fixed,random_r1,101,0.25,0.0121691512,2,1,28,0.999347892,81,13,0.1604938272,28,3,0.1071428571
unscreened,Y1:P_H_fixed,random_r1,102,0.25,0.0121691512,4,1,30,0.9979602669,83,12,0.1445783133,28,2,0.07142857143
unscreened,Y1:P_H_fixed,random_r2,100,0.25,0.0121691512,1,1,23,1,82,5,0.06097560976,29,0,0
unscreened,Y1:P_H_fixed,random_r2,101,0.25,0.0121691512,11,2,23,0.9882468911,83,3,0.03614457831,29,0,0
unscreened,Y1:P_H_fixed,random_r2,102,0.25,0.0121691512,9,1,23,0.9938732181,83,4,0.04819277108,29,0,0
unscreened,Y1:P_H_fixed,random_r3,100,0.25,0.0121691512,9,3,27,0.9918562329,83,5,0.06024096386,22,1,0.04545454545
unscreened,Y1:P_H_fixed,random_r3,101,0.25,0.0121691512,16,2,29,0.9909159842,83,2,0.02409638554,22,0,0
unscreened,Y1:P_H_fixed,random_r3,102,0.25,0.0121691512,4,1,29,0.9972778283,83,7,0.0843373494,22,1,0.04545454545
unscreened,Y1:P_H_fixed,random_r4,100,0.25,0.0121691512,41,4,5,0.9617682742,83,4,0.04819277108,30,0,0
unscreened,Y1:P_H_fixed,random_r4,101,0.25,0.0121691512,6,1,26,0.9941461935,83,6,0.07228915663,30,0,0
unscreened,Y1:P_H_fixed,random_r4,102,0.25,0.0121691512,5,3,31,0.9952987564,83,8,0.09638554217,30,0,0
unscreened,Y1:P_H_fixed,random_r5,100,0.25,0.0121691512,8,3,30,0.996807704,83,11,0.1325301205,22,2,0.09090909091
unscreened,Y1:P_H_fixed,random_r5,101,0.25,0.0121691512,3,3,24,0.9942826812,83,12,0.1445783133,22,3,0.1363636364
unscreened,Y1:P_H_fixed,random_r5,102,0.25,0.0121691512,2,1,24,0.9973460722,83,8,0.09638554217,22,1,0.04545454545
unscreened,Y1:P_H_fixed,random_r6,100,0.25,0.0121691512,27,7,21,0.9782529572,83,0,0,24,0,0
unscreened,Y1:P_H_fixed,random_r6,101,0.25,0.0121691512,7,1,27,0.9941082803,83,9,0.1084337349,24,0,0
unscreened,Y1:P_H_fixed,random_r6,102,0.25,0.0121691512,7,2,28,0.9972247498,82,5,0.06097560976,24,0,0
unscreened,Y1:P_H_fixed,random_r7,100,0.25,0.0121691512,7,1,28,0.9970124355,82,8,0.09756097561,28,1,0.03571428571
unscreened,Y1:P_H_fixed,random_r7,101,0.25,0.0121691512,37,6,15,0.9798756445,82,0,0,27,0,0
unscreened,Y1:P_H_fixed,random_r7,102,0.25,0.0121691512,7,1,27,0.9975280558,82,9,0.1097560976,27,2,0.07407407407
unscreened,Y1:P_H_fixed,random_r8,100,0.25,0.0121691512,4,2,24,0.9964209888,80,14,0.175,18,4,0.2222222222
unscreened,Y1:P_H_fixed,random_r8,101,0.25,0.0121691512,1,1,30,0.9999924173,82,16,0.1951219512,19,5,0.2631578947
unscreened,Y1:P_H_fixed,random_r8,102,0.25,0.0121691512,2,1,28,0.9986199575,83,15,0.1807228916,19,2,0.1052631579
unscreened,Y1:P_H_fixed,random_r9,100,0.25,0.0121691512,5,1,25,0.9963451623,83,7,0.0843373494,25,1,0.04
unscreened,Y1:P_H_fixed,random_r9,101,0.25,0.0121691512,8,2,28,0.9910752199,83,6,0.07228915663,25,0,0
unscreened,Y1:P_H_fixed,random_r9,102,0.25,0.0121691512,1,1,21,0.9988019412,83,8,0.09638554217,25,1,0.04
unscreened,Y1:P_H_fixed,chemsys_r0,100,0.5,0.0121691512,13,1,25,0.9914543524,83,5,0.06024096386,30,0,0
unscreened,Y1:P_H_fixed,chemsys_r0,101,0.5,0.0121691512,2,2,24,0.9966105551,83,9,0.1084337349,30,0,0
unscreened,Y1:P_H_fixed,chemsys_r0,102,0.5,0.0121691512,5,2,23,0.9917121626,83,3,0.03614457831,30,0,0
unscreened,Y1:P_H_fixed,chemsys_r1,100,0.5,0.0121691512,5,2,27,0.9958371247,83,6,0.07228915663,31,0,0
unscreened,Y1:P_H_fixed,chemsys_r1,101,0.5,0.0121691512,2,1,29,0.9985896269,83,8,0.09638554217,31,0,0
unscreened,Y1:P_H_fixed,chemsys_r1,102,0.5,0.0121691512,8,3,27,0.9955186533,82,6,0.07317073171,31,0,0
unscreened,Y1:P_H_fixed,chemsys_r2,100,0.5,0.0121691512,6,4,23,0.9899833182,83,3,0.03614457831,34,0,0
unscreened,Y1:P_H_fixed,chemsys_r2,101,0.5,0.0121691512,3,1,30,0.9993858053,82,13,0.1585365854,34,0,0
unscreened,Y1:P_H_fixed,chemsys_r2,102,0.5,0.0121691512,4,2,25,0.9952305126,83,2,0.02409638554,34,0,0
unscreened,Y1:P_H_fixed,chemsys_r3,100,0.5,0.0121691512,19,4,26,0.9886563543,83,6,0.07228915663,42,0,0
unscreened,Y1:P_H_fixed,chemsys_r3,101,0.5,0.0121691512,13,3,23,0.9905141037,83,6,0.07228915663,42,0,0
unscreened,Y1:P_H_fixed,chemsys_r3,102,0.5,0.0121691512,4,4,22,0.9903624507,83,7,0.0843373494,42,0,0
unscreened,Y1:P_H_fixed,chemsys_r4,100,0.5,0.0121691512,1,1,24,0.9998028511,83,10,0.1204819277,17,0,0
unscreened,Y1:P_H_fixed,chemsys_r4,101,0.5,0.0121691512,41,2,21,0.9790870488,83,0,0,17,0,0
unscreened,Y1:P_H_fixed,chemsys_r4,102,0.5,0.0121691512,11,1,28,0.99359266,83,11,0.1325301205,17,0,0
unscreened,Y1:P_H_fixed,chemsys_r5,100,0.5,0.0121691512,25,3,18,0.9855323021,83,0,0,32,0,0
unscreened,Y1:P_H_fixed,chemsys_r5,101,0.5,0.0121691512,13,2,28,0.9906885047,83,1,0.01204819277,32,0,0
unscreened,Y1:P_H_fixed,chemsys_r5,102,0.5,0.0121691512,1,1,27,0.9991886564,83,11,0.1325301205,32,2,0.0625
unscreened,Y1:P_H_fixed,chemsys_r6,100,0.5,0.01217285453,14,1,28,0.9935527913,83,3,0.03614457831,15,0,0
unscreened,Y1:P_H_fixed,chemsys_r6,101,0.5,0.01217285453,1,1,30,0.9997496966,82,8,0.09756097561,15,0,0
unscreened,Y1:P_H_fixed,chemsys_r6,102,0.5,0.01217285453,20,1,27,0.989995449,83,0,0,15,0,0
unscreened,Y1:P_H_fixed,chemsys_r7,100,0.5,0.0121691512,1,1,28,0.9988019412,83,10,0.1204819277,30,1,0.03333333333
unscreened,Y1:P_H_fixed,chemsys_r7,101,0.5,0.0121691512,3,1,27,0.9974522293,83,9,0.1084337349,30,1,0.03333333333
unscreened,Y1:P_H_fixed,chemsys_r7,102,0.5,0.0121691512,12,1,21,0.9930846224,83,3,0.03614457831,30,0,0
unscreened,Y1:P_H_fixed,chemsys_r8,100,0.5,0.0121691512,12,1,26,0.9950409463,83,7,0.0843373494,23,0,0
unscreened,Y1:P_H_fixed,chemsys_r8,101,0.5,0.0121691512,4,2,25,0.9973233242,83,10,0.1204819277,23,0,0
unscreened,Y1:P_H_fixed,chemsys_r8,102,0.5,0.0121691512,10,3,28,0.9896951774,83,9,0.1084337349,23,0,0
unscreened,Y1:P_H_fixed,chemsys_r9,100,0.5,0.0121691512,6,2,27,0.995374583,83,7,0.0843373494,27,0,0
unscreened,Y1:P_H_fixed,chemsys_r9,101,0.5,0.0121691512,3,2,27,0.9976493782,83,13,0.156626506,27,1,0.03703703704
unscreened,Y1:P_H_fixed,chemsys_r9,102,0.5,0.0121691512,16,3,26,0.9904458599,83,0,0,27,0,0
unscreened,Y1:P_H_fixed,random_r0,100,0.5,0.0121691512,8,1,30,0.9919093115,83,0,0,29,0,0
unscreened,Y1:P_H_fixed,random_r0,101,0.5,0.0121691512,9,5,29,0.9978768577,82,5,0.06097560976,29,0,0
unscreened,Y1:P_H_fixed,random_r0,102,0.5,0.0121691512,1,1,30,1,83,7,0.0843373494,29,0,0
unscreened,Y1:P_H_fixed,random_r1,100,0.5,0.0121691512,41,3,14,0.9782074613,83,0,0,28,0,0
unscreened,Y1:P_H_fixed,random_r1,101,0.5,0.0121691512,3,1,28,0.9993327267,81,9,0.1111111111,28,0,0
unscreened,Y1:P_H_fixed,random_r1,102,0.5,0.0121691512,12,2,26,0.9918638156,83,6,0.07228915663,28,0,0
unscreened,Y1:P_H_fixed,random_r2,100,0.5,0.0121691512,1,1,23,0.9999241735,82,4,0.0487804878,29,0,0
unscreened,Y1:P_H_fixed,random_r2,101,0.5,0.0121691512,12,1,19,0.9899833182,83,0,0,29,0,0
unscreened,Y1:P_H_fixed,random_r2,102,0.5,0.0121691512,6,1,24,0.9952911738,83,3,0.03614457831,29,0,0
unscreened,Y1:P_H_fixed,random_r3,100,0.5,0.0121691512,9,1,26,0.9947679709,83,3,0.03614457831,22,0,0
unscreened,Y1:P_H_fixed,random_r3,101,0.5,0.0121691512,7,2,28,0.9920457992,83,4,0.04819277108,22,0,0
unscreened,Y1:P_H_fixed,random_r3,102,0.5,0.0121691512,4,2,29,0.9948362147,83,7,0.0843373494,22,0,0
unscreened,Y1:P_H_fixed,random_r4,100,0.5,0.0121691512,39,10,11,0.9576660601,83,0,0,30,0,0
unscreened,Y1:P_H_fixed,random_r4,101,0.5,0.0121691512,6,2,26,0.9948437974,83,4,0.04819277108,30,0,0
unscreened,Y1:P_H_fixed,random_r4,102,0.5,0.0121691512,5,4,28,0.99422202,83,3,0.03614457831,30,0,0
unscreened,Y1:P_H_fixed,random_r5,100,0.5,0.0121691512,7,3,29,0.9970124355,83,7,0.0843373494,22,0,0
unscreened,Y1:P_H_fixed,random_r5,101,0.5,0.0121691512,7,7,25,0.9840840158,83,7,0.0843373494,22,0,0
unscreened,Y1:P_H_fixed,random_r5,102,0.5,0.0121691512,3,3,25,0.9925614195,83,1,0.01204819277,22,0,0
unscreened,Y1:P_H_fixed,random_r6,100,0.5,0.0121691512,14,7,21,0.9850166818,83,0,0,24,0,0
unscreened,Y1:P_H_fixed,random_r6,101,0.5,0.0121691512,5,1,25,0.9949044586,83,2,0.02409638554,24,0,0
unscreened,Y1:P_H_fixed,random_r6,102,0.5,0.0121691512,7,4,24,0.9980512587,82,3,0.03658536585,24,0,0
unscreened,Y1:P_H_fixed,random_r7,100,0.5,0.0121691512,8,1,26,0.9966787989,82,3,0.03658536585,28,0,0
unscreened,Y1:P_H_fixed,random_r7,101,0.5,0.0121691512,6,4,24,0.9955868972,82,3,0.03658536585,27,0,0
unscreened,Y1:P_H_fixed,random_r7,102,0.5,0.0121691512,4,1,27,0.9988853503,82,3,0.03658536585,27,0,0
unscreened,Y1:P_H_fixed,random_r8,100,0.5,0.0121691512,4,2,24,0.9970730968,80,6,0.075,18,0,0
unscreened,Y1:P_H_fixed,random_r8,101,0.5,0.0121691512,1,1,30,0.9999924173,82,11,0.1341463415,19,1,0.05263157895
unscreened,Y1:P_H_fixed,random_r8,102,0.5,0.0121691512,2,1,27,0.9988550197,83,9,0.1084337349,19,0,0
unscreened,Y1:P_H_fixed,random_r9,100,0.5,0.0121691512,6,1,27,0.9956248104,83,6,0.07228915663,25,0,0
unscreened,Y1:P_H_fixed,random_r9,101,0.5,0.0121691512,26,2,25,0.9826357295,83,0,0,25,0,0
unscreened,Y1:P_H_fixed,random_r9,102,0.5,0.0121691512,2,1,26,0.9978768577,83,6,0.07228915663,25,0,0
unscreened,Y1:P_H_fixed,chemsys_r0,100,0.75,0.0121691512,10,1,21,0.9918183197,83,0,0,30,0,0
unscreened,Y1:P_H_fixed,chemsys_r0,101,0.75,0.0121691512,3,2,19,0.9959053685,83,4,0.04819277108,30,0,0
unscreened,Y1:P_H_fixed,chemsys_r0,102,0.75,0.0121691512,4,2,20,0.9937291477,83,2,0.02409638554,30,0,0
unscreened,Y1:P_H_fixed,chemsys_r1,100,0.75,0.0121691512,6,2,24,0.9950106157,83,0,0,31,0,0
unscreened,Y1:P_H_fixed,chemsys_r1,101,0.75,0.0121691512,3,2,27,0.9970503488,83,4,0.04819277108,31,0,0
unscreened,Y1:P_H_fixed,chemsys_r1,102,0.75,0.0121691512,9,4,26,0.9949651198,82,0,0,31,0,0
unscreened,Y1:P_H_fixed,chemsys_r2,100,0.75,0.0121691512,24,2,22,0.9841977555,83,0,0,34,0,0
unscreened,Y1:P_H_fixed,chemsys_r2,101,0.75,0.0121691512,4,1,25,0.9997270246,82,6,0.07317073171,34,0,0
unscreened,Y1:P_H_fixed,chemsys_r2,102,0.75,0.0121691512,10,2,27,0.9892174704,83,4,0.04819277108,34,0,0
unscreened,Y1:P_H_fixed,chemsys_r3,100,0.75,0.0121691512,11,2,22,0.9906430088,83,0,0,42,0,0
unscreened,Y1:P_H_fixed,chemsys_r3,101,0.75,0.0121691512,9,3,20,0.9920306339,83,1,0.01204819277,42,0,0
unscreened,Y1:P_H_fixed,chemsys_r3,102,0.75,0.0121691512,5,4,20,0.9894146194,83,0,0,42,0,0
unscreened,Y1:P_H_fixed,chemsys_r4,100,0.75,0.0121691512,2,1,26,0.9981725811,83,7,0.0843373494,17,0,0
unscreened,Y1:P_H_fixed,chemsys_r4,101,0.75,0.0121691512,35,2,22,0.9792917804,83,0,0,17,0,0
unscreened,Y1:P_H_fixed,chemsys_r4,102,0.75,0.0121691512,8,1,23,0.9952229299,83,7,0.0843373494,17,0,0
unscreened,Y1:P_H_fixed,chemsys_r5,100,0.75,0.0121691512,21,3,23,0.9892857143,83,0,0,32,0,0
unscreened,Y1:P_H_fixed,chemsys_r5,101,0.75,0.0121691512,8,2,26,0.9931831968,83,0,0,32,0,0
unscreened,Y1:P_H_fixed,chemsys_r5,102,0.75,0.0121691512,1,1,29,0.9990900819,83,6,0.07228915663,32,0,0
unscreened,Y1:P_H_fixed,chemsys_r6,100,0.75,0.01217285453,6,2,27,0.9966853762,83,0,0,15,0,0
unscreened,Y1:P_H_fixed,chemsys_r6,101,0.75,0.01217285453,1,1,29,0.9997496966,82,3,0.03658536585,15,0,0
unscreened,Y1:P_H_fixed,chemsys_r6,102,0.75,0.01217285453,23,1,26,0.9891762743,83,0,0,15,0,0
unscreened,Y1:P_H_fixed,chemsys_r7,100,0.75,0.0121691512,4,1,25,0.996633303,83,4,0.04819277108,30,0,0
unscreened,Y1:P_H_fixed,chemsys_r7,101,0.75,0.0121691512,3,1,28,0.9978161965,83,6,0.07228915663,30,0,0
unscreened,Y1:P_H_fixed,chemsys_r7,102,0.75,0.0121691512,14,1,31,0.9916666667,83,1,0.01204819277,30,0,0
unscreened,Y1:P_H_fixed,chemsys_r8,100,0.75,0.0121691512,6,1,24,0.9951622687,83,5,0.06024096386,23,0,0
unscreened,Y1:P_H_fixed,chemsys_r8,101,0.75,0.0121691512,5,2,28,0.9952153473,83,6,0.07228915663,23,0,0
unscreened,Y1:P_H_fixed,chemsys_r8,102,0.75,0.0121691512,8,1,27,0.9947907188,83,4,0.04819277108,23,0,0
unscreened,Y1:P_H_fixed,chemsys_r9,100,0.75,0.0121691512,6,2,21,0.9952456779,83,4,0.04819277108,27,0,0
unscreened,Y1:P_H_fixed,chemsys_r9,101,0.75,0.0121691512,3,2,23,0.9976190476,83,8,0.09638554217,27,0,0
unscreened,Y1:P_H_fixed,chemsys_r9,102,0.75,0.0121691512,9,4,23,0.9913936912,83,1,0.01204819277,27,0,0
unscreened,Y1:P_H_fixed,random_r0,100,0.75,0.0121691512,13,1,30,0.9920685472,83,0,0,29,0,0
unscreened,Y1:P_H_fixed,random_r0,101,0.75,0.0121691512,7,2,27,0.9984531392,82,0,0,29,0,0
unscreened,Y1:P_H_fixed,random_r0,102,0.75,0.0121691512,1,1,31,1,83,4,0.04819277108,29,0,0
unscreened,Y1:P_H_fixed,random_r1,100,0.75,0.0121691512,15,1,23,0.9875417046,83,1,0.01204819277,28,0,0
unscreened,Y1:P_H_fixed,random_r1,101,0.75,0.0121691512,4,1,27,0.9997270246,81,2,0.02469135802,28,0,0
unscreened,Y1:P_H_fixed,random_r1,102,0.75,0.0121691512,15,2,26,0.9890279042,83,0,0,28,0,0
unscreened,Y1:P_H_fixed,random_r2,100,0.75,0.0121691512,1,1,21,0.9999241735,82,0,0,29,0,0
unscreened,Y1:P_H_fixed,random_r2,101,0.75,0.0121691512,11,1,19,0.9906733394,83,0,0,29,0,0
unscreened,Y1:P_H_fixed,random_r2,102,0.75,0.0121691512,6,1,19,0.9949954504,83,0,0,29,0,0
unscreened,Y1:P_H_fixed,random_r3,100,0.75,0.0121691512,10,1,25,0.9923566879,83,0,0,22,0,0
unscreened,Y1:P_H_fixed,random_r3,101,0.75,0.0121691512,5,2,26,0.9942599333,83,1,0.01204819277,22,0,0
unscreened,Y1:P_H_fixed,random_r3,102,0.75,0.0121691512,10,3,25,0.9912799515,83,1,0.01204819277,22,0,0
unscreened,Y1:P_H_fixed,random_r4,100,0.75,0.0121691512,35,7,12,0.9634895359,83,0,0,30,0,0
unscreened,Y1:P_H_fixed,random_r4,101,0.75,0.0121691512,7,1,23,0.9945632393,83,1,0.01204819277,30,0,0
unscreened,Y1:P_H_fixed,random_r4,102,0.75,0.0121691512,3,3,26,0.9965271459,83,1,0.01204819277,30,0,0
unscreened,Y1:P_H_fixed,random_r5,100,0.75,0.0121691512,5,2,23,0.9974067334,83,0,0,22,0,0
unscreened,Y1:P_H_fixed,random_r5,101,0.75,0.0121691512,8,2,26,0.9905368517,83,0,0,22,0,0
unscreened,Y1:P_H_fixed,random_r5,102,0.75,0.0121691512,3,3,24,0.9923187746,83,0,0,22,0,0
unscreened,Y1:P_H_fixed,random_r6,100,0.75,0.0121691512,20,5,19,0.9851986655,83,0,0,24,0,0
unscreened,Y1:P_H_fixed,random_r6,101,0.75,0.0121691512,5,1,23,0.9954200789,83,0,0,24,0,0
unscreened,Y1:P_H_fixed,random_r6,102,0.75,0.0121691512,2,2,21,0.9996891113,82,0,0,24,0,0
unscreened,Y1:P_H_fixed,random_r7,100,0.75,0.0121691512,7,1,23,0.9971413406,82,0,0,28,0,0
unscreened,Y1:P_H_fixed,random_r7,101,0.75,0.0121691512,4,4,24,0.9964134061,82,1,0.01219512195,27,0,0
unscreened,Y1:P_H_fixed,random_r7,102,0.75,0.0121691512,2,1,26,0.9994616318,82,0,0,27,0,0
unscreened,Y1:P_H_fixed,random_r8,100,0.75,0.0121691512,4,2,25,0.9968304519,80,3,0.0375,18,0,0
unscreened,Y1:P_H_fixed,random_r8,101,0.75,0.0121691512,1,1,29,0.9999848347,82,7,0.08536585366,19,0,0
unscreened,Y1:P_H_fixed,random_r8,102,0.75,0.0121691512,2,1,24,0.9988550197,83,3,0.03614457831,19,0,0
unscreened,Y1:P_H_fixed,random_r9,100,0.75,0.0121691512,4,3,24,0.9970351835,83,1,0.01204819277,25,0,0
unscreened,Y1:P_H_fixed,random_r9,101,0.75,0.0121691512,7,6,26,0.9896345162,83,2,0.02409638554,25,0,0
unscreened,Y1:P_H_fixed,random_r9,102,0.75,0.0121691512,3,1,26,0.9984228086,83,2,0.02409638554,25,0,0
unscreened,Y1:P_H_fixed,chemsys_r0,100,1,0.0121691512,18,3,14,0.9812405217,83,0,0,30,0,0
unscreened,Y1:P_H_fixed,chemsys_r0,101,1,0.0121691512,18,3,13,0.985577798,83,0,0,30,0,0
unscreened,Y1:P_H_fixed,chemsys_r0,102,1,0.0121691512,18,3,14,0.9812405217,83,0,0,30,0,0
unscreened,Y1:P_H_fixed,chemsys_r1,100,1,0.0121691512,41,6,14,0.9708598726,83,0,0,31,0,0
unscreened,Y1:P_H_fixed,chemsys_r1,101,1,0.0121691512,41,6,14,0.9703821656,83,0,0,31,0,0
unscreened,Y1:P_H_fixed,chemsys_r1,102,1,0.0121691512,41,6,14,0.9772520473,82,0,0,31,0,0
unscreened,Y1:P_H_fixed,chemsys_r2,100,1,0.0121691512,27,1,18,0.9785638459,83,0,0,34,0,0
unscreened,Y1:P_H_fixed,chemsys_r2,101,1,0.0121691512,27,1,18,0.9990900819,82,0,0,34,0,0
unscreened,Y1:P_H_fixed,chemsys_r2,102,1,0.0121691512,27,1,18,0.9785638459,83,0,0,34,0,0
unscreened,Y1:P_H_fixed,chemsys_r3,100,1,0.0121691512,41,6,14,0.9695632393,83,0,0,42,0,0
unscreened,Y1:P_H_fixed,chemsys_r3,101,1,0.0121691512,41,6,14,0.9644980285,83,0,0,42,0,0
unscreened,Y1:P_H_fixed,chemsys_r3,102,1,0.0121691512,41,6,14,0.9644980285,83,0,0,42,0,0
unscreened,Y1:P_H_fixed,chemsys_r4,100,1,0.0121691512,20,2,20,0.9868289354,83,0,0,17,0,0
unscreened,Y1:P_H_fixed,chemsys_r4,101,1,0.0121691512,20,2,20,0.9868289354,83,0,0,17,0,0
unscreened,Y1:P_H_fixed,chemsys_r4,102,1,0.0121691512,20,2,20,0.987336973,83,0,0,17,0,0
unscreened,Y1:P_H_fixed,chemsys_r5,100,1,0.0121691512,19,5,15,0.9855626327,83,0,0,32,0,0
unscreened,Y1:P_H_fixed,chemsys_r5,101,1,0.0121691512,19,5,15,0.9803836821,83,0,0,32,0,0
unscreened,Y1:P_H_fixed,chemsys_r5,102,1,0.0121691512,19,5,15,0.9990900819,83,0,0,32,0,0
unscreened,Y1:P_H_fixed,chemsys_r6,100,1,0.01217285453,17,4,17,0.9864305218,83,0,0,15,0,0
unscreened,Y1:P_H_fixed,chemsys_r6,101,1,0.01217285453,18,4,17,0.9851790049,82,0,0,15,0,0
unscreened,Y1:P_H_fixed,chemsys_r6,102,1,0.01217285453,18,4,17,0.9829490291,83,0,0,15,0,0
unscreened,Y1:P_H_fixed,chemsys_r7,100,1,0.0121691512,21,1,17,0.9857142857,83,0,0,30,0,0
unscreened,Y1:P_H_fixed,chemsys_r7,101,1,0.0121691512,21,1,17,0.9857142857,83,0,0,30,0,0
unscreened,Y1:P_H_fixed,chemsys_r7,102,1,0.0121691512,21,1,17,0.9857142857,83,0,0,30,0,0
unscreened,Y1:P_H_fixed,chemsys_r8,100,1,0.0121691512,28,2,20,0.9869426752,83,0,0,23,0,0
unscreened,Y1:P_H_fixed,chemsys_r8,101,1,0.0121691512,29,2,19,0.986707613,83,0,0,23,0,0
unscreened,Y1:P_H_fixed,chemsys_r8,102,1,0.0121691512,29,2,19,0.9850545951,83,0,0,23,0,0
unscreened,Y1:P_H_fixed,chemsys_r9,100,1,0.0121691512,25,1,17,0.9868895966,83,0,0,27,0,0
unscreened,Y1:P_H_fixed,chemsys_r9,101,1,0.0121691512,25,1,17,0.9868895966,83,0,0,27,0,0
unscreened,Y1:P_H_fixed,chemsys_r9,102,1,0.0121691512,25,1,17,0.9868895966,83,0,0,27,0,0
unscreened,Y1:P_H_fixed,random_r0,100,1,0.0121691512,4,4,18,0.9974067334,83,0,0,29,0,0
unscreened,Y1:P_H_fixed,random_r0,101,1,0.0121691512,4,4,17,0.9992265696,82,0,0,29,0,0
unscreened,Y1:P_H_fixed,random_r0,102,1,0.0121691512,4,4,17,0.9988853503,83,0,0,29,0,0
unscreened,Y1:P_H_fixed,random_r1,100,1,0.0121691512,41,2,15,0.9752274795,83,0,0,28,0,0
unscreened,Y1:P_H_fixed,random_r1,101,1,0.0121691512,41,2,14,0.9990900819,81,0,0,28,0,0
unscreened,Y1:P_H_fixed,random_r1,102,1,0.0121691512,41,2,14,0.9748180164,83,0,0,28,0,0
unscreened,Y1:P_H_fixed,random_r2,100,1,0.0121691512,2,2,14,0.9996587807,82,0,0,29,0,0
unscreened,Y1:P_H_fixed,random_r2,101,1,0.0121691512,2,2,14,0.9982559903,83,0,0,29,0,0
unscreened,Y1:P_H_fixed,random_r2,102,1,0.0121691512,2,2,14,0.9984758872,83,0,0,29,0,0
unscreened,Y1:P_H_fixed,random_r3,100,1,0.0121691512,22,3,14,0.9852365787,83,0,0,22,0,0
unscreened,Y1:P_H_fixed,random_r3,101,1,0.0121691512,22,3,14,0.9857673643,83,0,0,22,0,0
unscreened,Y1:P_H_fixed,random_r3,102,1,0.0121691512,22,3,14,0.9852365787,83,0,0,22,0,0
unscreened,Y1:P_H_fixed,random_r4,100,1,0.0121691512,3,3,8,0.9961935093,83,0,0,30,0,0
unscreened,Y1:P_H_fixed,random_r4,101,1,0.0121691512,3,3,8,0.9961935093,83,0,0,30,0,0
unscreened,Y1:P_H_fixed,random_r4,102,1,0.0121691512,3,3,8,0.9965271459,83,0,0,30,0,0
unscreened,Y1:P_H_fixed,random_r5,100,1,0.0121691512,1,1,13,0.9981801638,83,0,0,22,0,0
unscreened,Y1:P_H_fixed,random_r5,101,1,0.0121691512,1,1,13,0.9981801638,83,0,0,22,0,0
unscreened,Y1:P_H_fixed,random_r5,102,1,0.0121691512,1,1,13,0.9981801638,83,0,0,22,0,0
unscreened,Y1:P_H_fixed,random_r6,100,1,0.0121691512,5,4,13,0.9932211101,83,0,0,24,0,0
unscreened,Y1:P_H_fixed,random_r6,101,1,0.0121691512,5,4,13,0.9932211101,83,0,0,24,0,0
unscreened,Y1:P_H_fixed,random_r6,102,1,0.0121691512,5,4,13,0.9987564453,82,0,0,24,0,0
unscreened,Y1:P_H_fixed,random_r7,100,1,0.0121691512,4,4,20,0.9984455566,82,0,0,28,0,0
unscreened,Y1:P_H_fixed,random_r7,101,1,0.0121691512,4,4,20,0.996329997,82,0,0,27,0,0
unscreened,Y1:P_H_fixed,random_r7,102,1,0.0121691512,4,4,20,0.998718532,82,0,0,27,0,0
unscreened,Y1:P_H_fixed,random_r8,100,1,0.0121691512,1,1,16,0.9999090082,80,0,0,18,0,0
unscreened,Y1:P_H_fixed,random_r8,101,1,0.0121691512,1,1,16,0.9999090082,82,0,0,19,0,0
unscreened,Y1:P_H_fixed,random_r8,102,1,0.0121691512,1,1,16,0.9999090082,83,0,0,19,0,0
unscreened,Y1:P_H_fixed,random_r9,100,1,0.0121691512,22,3,14,0.9901198059,83,0,0,25,0,0
unscreened,Y1:P_H_fixed,random_r9,101,1,0.0121691512,22,3,14,0.9884061268,83,0,0,25,0,0
unscreened,Y1:P_H_fixed,random_r9,102,1,0.0121691512,22,3,14,0.9888004246,83,0,0,25,0,0
unscreened,Y2:P_H_fixed,chemsys_r0,100,0,0.0121691512,8,1,19,0.9965726418,82,13,0.1585365854,63,12,0.1904761905
unscreened,Y2:P_H_fixed,chemsys_r0,101,0,0.0121691512,3,2,22,0.9980360934,83,10,0.1204819277,64,8,0.125
unscreened,Y2:P_H_fixed,chemsys_r0,102,0,0.0121691512,1,1,21,0.9998180164,83,14,0.1686746988,64,11,0.171875
unscreened,Y2:P_H_fixed,chemsys_r1,100,0,0.0121691512,37,30,8,0.9296102517,83,3,0.03614457831,69,2,0.02898550725
unscreened,Y2:P_H_fixed,chemsys_r1,101,0,0.0121691512,6,6,23,0.9909690628,83,15,0.1807228916,69,13,0.1884057971
unscreened,Y2:P_H_fixed,chemsys_r1,102,0,0.0121691512,23,8,21,0.9734228086,83,16,0.1927710843,69,14,0.2028985507
unscreened,Y2:P_H_fixed,chemsys_r2,100,0,0.0121691512,36,1,10,0.9778510767,83,6,0.07228915663,80,6,0.075
unscreened,Y2:P_H_fixed,chemsys_r2,101,0,0.0121691512,19,2,24,0.9885350318,83,16,0.1927710843,80,16,0.2
unscreened,Y2:P_H_fixed,chemsys_r2,102,0,0.0121691512,41,3,14,0.9800424628,83,3,0.03614457831,80,3,0.0375
unscreened,Y2:P_H_fixed,chemsys_r3,100,0,0.0121691512,2,1,23,0.999218987,83,9,0.1084337349,71,6,0.08450704225
unscreened,Y2:P_H_fixed,chemsys_r3,101,0,0.0121691512,33,3,25,0.9832802548,83,5,0.06024096386,71,3,0.04225352113
unscreened,Y2:P_H_fixed,chemsys_r3,102,0,0.0121691512,11,11,17,0.9725811344,83,11,0.1325301205,71,9,0.1267605634
unscreened,Y2:P_H_fixed,chemsys_r4,100,0,0.0121691512,2,2,17,0.9981574158,83,6,0.07228915663,56,4,0.07142857143
unscreened,Y2:P_H_fixed,chemsys_r4,101,0,0.0121691512,26,18,16,0.9412117076,83,5,0.06024096386,56,2,0.03571428571
unscreened,Y2:P_H_fixed,chemsys_r4,102,0,0.0121691512,6,1,20,0.9967773734,81,7,0.08641975309,55,4,0.07272727273
unscreened,Y2:P_H_fixed,chemsys_r5,100,0,0.0121691512,5,1,30,0.9959356991,83,14,0.1686746988,69,12,0.1739130435
unscreened,Y2:P_H_fixed,chemsys_r5,101,0,0.0121691512,16,10,12,0.9799666363,83,3,0.03614457831,69,2,0.02898550725
unscreened,Y2:P_H_fixed,chemsys_r5,102,0,0.0121691512,10,1,13,0.9931756142,83,5,0.06024096386,69,4,0.05797101449
unscreened,Y2:P_H_fixed,chemsys_r6,100,0,0.01217285453,1,1,20,0.9975121359,82,7,0.08536585366,51,3,0.05882352941
unscreened,Y2:P_H_fixed,chemsys_r6,101,0,0.01217285453,29,2,19,0.9861271238,82,9,0.1097560976,50,6,0.12
unscreened,Y2:P_H_fixed,chemsys_r6,102,0,0.01217285453,2,1,19,0.9981341019,82,11,0.1341463415,50,8,0.16
unscreened,Y2:P_H_fixed,chemsys_r7,100,0,0.0121691512,25,23,16,0.9475735517,83,9,0.1084337349,59,4,0.06779661017
unscreened,Y2:P_H_fixed,chemsys_r7,101,0,0.0121691512,25,21,9,0.9556945708,83,5,0.06024096386,59,5,0.08474576271
unscreened,Y2:P_H_fixed,chemsys_r7,102,0,0.0121691512,30,6,19,0.9712010919,83,10,0.1204819277,59,9,0.1525423729
unscreened,Y2:P_H_fixed,chemsys_r8,100,0,0.0121691512,13,5,19,0.9848650288,83,9,0.1084337349,63,9,0.1428571429
unscreened,Y2:P_H_fixed,chemsys_r8,101,0,0.0121691512,3,1,19,0.9997725205,83,5,0.06024096386,63,5,0.07936507937
unscreened,Y2:P_H_fixed,chemsys_r8,102,0,0.0121691512,5,4,16,0.9913633606,83,7,0.0843373494,63,7,0.1111111111
unscreened,Y2:P_H_fixed,chemsys_r9,100,0,0.0121691512,22,1,21,0.9864270549,83,10,0.1204819277,71,9,0.1267605634
unscreened,Y2:P_H_fixed,chemsys_r9,101,0,0.0121691512,41,4,17,0.9756900212,83,5,0.06024096386,71,3,0.04225352113
unscreened,Y2:P_H_fixed,chemsys_r9,102,0,0.0121691512,4,2,26,0.9952684258,83,12,0.1445783133,71,10,0.1408450704
unscreened,Y2:P_H_fixed,random_r0,100,0,0.0121691512,3,2,17,0.9995147103,83,8,0.09638554217,45,2,0.04444444444
unscreened,Y2:P_H_fixed,random_r0,101,0,0.0121691512,28,2,13,0.9869654231,83,4,0.04819277108,45,1,0.02222222222
unscreened,Y2:P_H_fixed,random_r0,102,0,0.0121691512,6,2,21,0.9977176221,82,11,0.1341463415,44,4,0.09090909091
unscreened,Y2:P_H_fixed,random_r1,100,0,0.0121691512,4,3,23,0.9972020018,83,13,0.156626506,59,10,0.1694915254
unscreened,Y2:P_H_fixed,random_r1,101,0,0.0121691512,3,2,23,0.9982559903,82,15,0.1829268293,58,12,0.2068965517
unscreened,Y2:P_H_fixed,random_r1,102,0,0.0121691512,18,6,26,0.9841295117,83,16,0.1927710843,59,12,0.2033898305
unscreened,Y2:P_H_fixed,random_r2,100,0,0.0121691512,6,1,18,0.9950409463,82,13,0.1585365854,55,11,0.2
unscreened,Y2:P_H_fixed,random_r2,101,0,0.0121691512,7,7,14,0.9472247498,83,10,0.1204819277,55,9,0.1636363636
unscreened,Y2:P_H_fixed,random_r2,102,0,0.0121691512,1,1,22,0.9990976645,82,16,0.1951219512,54,15,0.2777777778
unscreened,Y2:P_H_fixed,random_r3,100,0,0.0121691512,7,7,13,0.9737943585,83,6,0.07228915663,49,2,0.04081632653
unscreened,Y2:P_H_fixed,random_r3,101,0,0.0121691512,10,1,25,0.9941537762,83,10,0.1204819277,49,1,0.02040816327
unscreened,Y2:P_H_fixed,random_r3,102,0,0.0121691512,17,3,20,0.98366697,83,9,0.1084337349,49,6,0.1224489796
unscreened,Y2:P_H_fixed,random_r4,100,0,0.0121691512,13,3,18,0.9822035184,83,12,0.1445783133,51,6,0.1176470588
unscreened,Y2:P_H_fixed,random_r4,101,0,0.0121691512,1,1,18,0.9976417956,82,15,0.1829268293,50,11,0.22
unscreened,Y2:P_H_fixed,random_r4,102,0,0.0121691512,4,2,19,0.992462845,83,13,0.156626506,51,8,0.1568627451
unscreened,Y2:P_H_fixed,random_r5,100,0,0.0121691512,24,2,20,0.9900212314,82,8,0.09756097561,45,2,0.04444444444
unscreened,Y2:P_H_fixed,random_r5,101,0,0.0121691512,13,7,14,0.9822945102,83,8,0.09638554217,46,4,0.08695652174
unscreened,Y2:P_H_fixed,random_r5,102,0,0.0121691512,12,11,18,0.9770169851,83,7,0.0843373494,46,3,0.0652173913
unscreened,Y2:P_H_fixed,random_r6,100,0,0.0121691512,3,1,21,0.9986882014,82,14,0.1707317073,59,8,0.1355932203
unscreened,Y2:P_H_fixed,random_r6,101,0,0.0121691512,6,2,19,0.9935774947,83,10,0.1204819277,60,7,0.1166666667
unscreened,Y2:P_H_fixed,random_r6,102,0,0.0121691512,7,2,18,0.9944949955,82,10,0.1219512195,60,7,0.1166666667
unscreened,Y2:P_H_fixed,random_r7,100,0,0.0121691512,1,1,23,0.999347892,82,13,0.1585365854,49,6,0.1224489796
unscreened,Y2:P_H_fixed,random_r7,101,0,0.0121691512,1,1,25,0.9964437367,83,12,0.1445783133,49,9,0.1836734694
unscreened,Y2:P_H_fixed,random_r7,102,0,0.0121691512,2,1,17,0.9997346072,83,8,0.09638554217,49,5,0.1020408163
unscreened,Y2:P_H_fixed,random_r8,100,0,0.0121691512,3,1,16,0.9990673339,83,7,0.0843373494,56,4,0.07142857143
unscreened,Y2:P_H_fixed,random_r8,101,0,0.0121691512,7,1,25,0.9955868972,82,15,0.1829268293,55,11,0.2
unscreened,Y2:P_H_fixed,random_r8,102,0,0.0121691512,27,5,9,0.9769411586,83,0,0,56,0,0
unscreened,Y2:P_H_fixed,random_r9,100,0,0.0121691512,23,23,10,0.9611919927,83,5,0.06024096386,52,4,0.07692307692
unscreened,Y2:P_H_fixed,random_r9,101,0,0.0121691512,30,2,16,0.977388535,83,3,0.03614457831,52,0,0
unscreened,Y2:P_H_fixed,random_r9,102,0,0.0121691512,7,7,14,0.9885198665,83,7,0.0843373494,52,6,0.1153846154
unscreened,Y2:P_H_fixed,chemsys_r0,100,0.02,0.0121691512,1,1,17,0.9996057022,82,11,0.1341463415,63,10,0.1587301587
unscreened,Y2:P_H_fixed,chemsys_r0,101,0.02,0.0121691512,2,2,22,0.9986351228,83,11,0.1325301205,64,10,0.15625
unscreened,Y2:P_H_fixed,chemsys_r0,102,0.02,0.0121691512,1,1,20,0.9990749166,83,12,0.1445783133,64,11,0.171875
unscreened,Y2:P_H_fixed,chemsys_r1,100,0.02,0.0121691512,6,3,17,0.9910752199,83,11,0.1325301205,69,9,0.1304347826
unscreened,Y2:P_H_fixed,chemsys_r1,101,0.02,0.0121691512,41,1,9,0.9773127085,83,0,0,69,0,0
unscreened,Y2:P_H_fixed,chemsys_r1,102,0.02,0.0121691512,41,7,12,0.9755838641,83,3,0.03614457831,69,2,0.02898550725
unscreened,Y2:P_H_fixed,chemsys_r2,100,0.02,0.0121691512,36,2,22,0.9781088869,83,0,0,80,0,0
unscreened,Y2:P_H_fixed,chemsys_r2,101,0.02,0.0121691512,12,2,28,0.9899150743,83,19,0.2289156627,80,19,0.2375
unscreened,Y2:P_H_fixed,chemsys_r2,102,0.02,0.0121691512,41,1,6,0.9755383682,83,0,0,80,0,0
unscreened,Y2:P_H_fixed,chemsys_r3,100,0.02,0.0121691512,2,1,25,0.9991810737,83,11,0.1325301205,71,8,0.1126760563
unscreened,Y2:P_H_fixed,chemsys_r3,101,0.02,0.0121691512,14,1,22,0.9945177434,83,8,0.09638554217,71,5,0.07042253521
unscreened,Y2:P_H_fixed,chemsys_r3,102,0.02,0.0121691512,27,5,25,0.967311192,83,7,0.0843373494,71,4,0.05633802817
unscreened,Y2:P_H_fixed,chemsys_r4,100,0.02,0.0121691512,10,2,18,0.9882393085,83,6,0.07228915663,56,4,0.07142857143
unscreened,Y2:P_H_fixed,chemsys_r4,101,0.02,0.0121691512,14,7,20,0.9752274795,83,5,0.06024096386,56,2,0.03571428571
unscreened,Y2:P_H_fixed,chemsys_r4,102,0.02,0.0121691512,6,2,19,0.9960418562,81,5,0.06172839506,55,3,0.05454545455
unscreened,Y2:P_H_fixed,chemsys_r5,100,0.02,0.0121691512,5,1,20,0.999021838,83,6,0.07228915663,69,5,0.07246376812
unscreened,Y2:P_H_fixed,chemsys_r5,101,0.02,0.0121691512,20,12,26,0.9777297543,83,9,0.1084337349,69,7,0.1014492754
unscreened,Y2:P_H_fixed,chemsys_r5,102,0.02,0.0121691512,14,1,20,0.993114953,83,6,0.07228915663,69,5,0.07246376812
unscreened,Y2:P_H_fixed,chemsys_r6,100,0.02,0.01217285453,2,1,25,0.9987712379,82,11,0.1341463415,51,7,0.137254902
unscreened,Y2:P_H_fixed,chemsys_r6,101,0.02,0.01217285453,22,3,26,0.9881978155,82,8,0.09756097561,50,3,0.06
unscreened,Y2:P_H_fixed,chemsys_r6,102,0.02,0.01217285453,1,1,25,0.9993401092,82,10,0.1219512195,50,7,0.14
unscreened,Y2:P_H_fixed,chemsys_r7,100,0.02,0.0121691512,41,8,13,0.9725432211,83,1,0.01204819277,59,1,0.01694915254
unscreened,Y2:P_H_fixed,chemsys_r7,101,0.02,0.0121691512,21,5,25,0.9750454959,83,10,0.1204819277,59,7,0.1186440678
unscreened,Y2:P_H_fixed,chemsys_r7,102,0.02,0.0121691512,19,17,16,0.9719821049,83,9,0.1084337349,59,4,0.06779661017
unscreened,Y2:P_H_fixed,chemsys_r8,100,0.02,0.0121691512,3,3,22,0.9962996664,83,7,0.0843373494,63,7,0.1111111111
unscreened,Y2:P_H_fixed,chemsys_r8,101,0.02,0.0121691512,2,1,18,0.9996360328,83,6,0.07228915663,63,6,0.09523809524
unscreened,Y2:P_H_fixed,chemsys_r8,102,0.02,0.0121691512,18,16,19,0.9583788292,83,4,0.04819277108,63,3,0.04761904762
unscreened,Y2:P_H_fixed,chemsys_r9,100,0.02,0.0121691512,16,1,26,0.9860858356,83,3,0.03614457831,71,3,0.04225352113
unscreened,Y2:P_H_fixed,chemsys_r9,101,0.02,0.0121691512,29,1,21,0.9848953594,83,2,0.02409638554,71,2,0.02816901408
unscreened,Y2:P_H_fixed,chemsys_r9,102,0.02,0.0121691512,3,1,23,0.9970882621,83,10,0.1204819277,71,8,0.1126760563
unscreened,Y2:P_H_fixed,random_r0,100,0.02,0.0121691512,5,2,18,0.9990521686,83,8,0.09638554217,45,0,0
unscreened,Y2:P_H_fixed,random_r0,101,0.02,0.0121691512,12,1,25,0.9939035487,83,6,0.07228915663,45,0,0
unscreened,Y2:P_H_fixed,random_r0,102,0.02,0.0121691512,3,2,22,0.9984986351,82,11,0.1341463415,44,1,0.02272727273
unscreened,Y2:P_H_fixed,random_r1,100,0.02,0.0121691512,5,4,26,0.9965650591,83,12,0.1445783133,59,9,0.1525423729
unscreened,Y2:P_H_fixed,random_r1,101,0.02,0.0121691512,2,2,27,0.9987336973,82,16,0.1951219512,58,13,0.224137931
unscreened,Y2:P_H_fixed,random_r1,102,0.02,0.0121691512,23,15,20,0.9611616621,83,3,0.03614457831,59,2,0.03389830508
unscreened,Y2:P_H_fixed,random_r2,100,0.02,0.0121691512,13,2,29,0.9896572642,82,5,0.06097560976,55,4,0.07272727273
unscreened,Y2:P_H_fixed,random_r2,101,0.02,0.0121691512,9,3,17,0.9900591447,83,9,0.1084337349,55,9,0.1636363636
unscreened,Y2:P_H_fixed,random_r2,102,0.02,0.0121691512,1,1,16,0.9996208675,82,12,0.1463414634,54,11,0.2037037037
unscreened,Y2:P_H_fixed,random_r3,100,0.02,0.0121691512,9,2,26,0.9928268123,83,9,0.1084337349,49,3,0.0612244898
unscreened,Y2:P_H_fixed,random_r3,101,0.02,0.0121691512,9,1,25,0.9937367304,83,9,0.1084337349,49,2,0.04081632653
unscreened,Y2:P_H_fixed,random_r3,102,0.02,0.0121691512,28,1,10,0.9793069457,83,1,0.01204819277,49,0,0
unscreened,Y2:P_H_fixed,random_r4,100,0.02,0.0121691512,7,2,33,0.992940552,83,14,0.1686746988,51,7,0.137254902
unscreened,Y2:P_H_fixed,random_r4,101,0.02,0.0121691512,13,1,29,0.9945329087,82,7,0.08536585366,50,4,0.08
unscreened,Y2:P_H_fixed,random_r4,102,0.02,0.0121691512,5,1,27,0.994699727,83,12,0.1445783133,51,6,0.1176470588
unscreened,Y2:P_H_fixed,random_r5,100,0.02,0.0121691512,23,5,28,0.9899074917,82,9,0.1097560976,45,2,0.04444444444
unscreened,Y2:P_H_fixed,random_r5,101,0.02,0.0121691512,30,1,8,0.9741810737,83,4,0.04819277108,46,1,0.02173913043
unscreened,Y2:P_H_fixed,random_r5,102,0.02,0.0121691512,8,2,26,0.9943281771,83,8,0.09638554217,46,4,0.08695652174
unscreened,Y2:P_H_fixed,random_r6,100,0.02,0.0121691512,1,1,16,0.9996436154,82,8,0.09756097561,59,5,0.08474576271
unscreened,Y2:P_H_fixed,random_r6,101,0.02,0.0121691512,16,9,24,0.9734000607,83,7,0.0843373494,60,3,0.05
unscreened,Y2:P_H_fixed,random_r6,102,0.02,0.0121691512,4,1,15,0.9967470428,82,8,0.09756097561,60,5,0.08333333333
unscreened,Y2:P_H_fixed,random_r7,100,0.02,0.0121691512,2,1,21,0.9996132848,82,9,0.1097560976,49,5,0.1020408163
unscreened,Y2:P_H_fixed,random_r7,101,0.02,0.0121691512,1,1,25,0.9976872915,83,7,0.0843373494,49,3,0.0612244898
unscreened,Y2:P_H_fixed,random_r7,102,0.02,0.0121691512,1,1,19,0.9994540491,83,9,0.1084337349,49,5,0.1020408163
unscreened,Y2:P_H_fixed,random_r8,100,0.02,0.0121691512,3,2,17,0.9990142554,83,9,0.1084337349,56,7,0.125
unscreened,Y2:P_H_fixed,random_r8,101,0.02,0.0121691512,7,1,19,0.9976493782,82,8,0.09756097561,55,5,0.09090909091
unscreened,Y2:P_H_fixed,random_r8,102,0.02,0.0121691512,41,5,17,0.9769259933,83,1,0.01204819277,56,1,0.01785714286
unscreened,Y2:P_H_fixed,random_r9,100,0.02,0.0121691512,41,11,11,0.9590840158,83,1,0.01204819277,52,0,0
unscreened,Y2:P_H_fixed,random_r9,101,0.02,0.0121691512,2,2,21,0.9977327874,83,8,0.09638554217,52,7,0.1346153846
unscreened,Y2:P_H_fixed,random_r9,102,0.02,0.0121691512,29,6,20,0.9755535335,83,2,0.02409638554,52,2,0.03846153846
unscreened,Y2:P_H_fixed,chemsys_r0,100,0.05,0.0121691512,1,1,18,0.9996132848,82,11,0.1341463415,63,10,0.1587301587
unscreened,Y2:P_H_fixed,chemsys_r0,101,0.05,0.0121691512,1,1,23,0.9993630573,83,12,0.1445783133,64,11,0.171875
unscreened,Y2:P_H_fixed,chemsys_r0,102,0.05,0.0121691512,4,1,25,0.9980133455,83,14,0.1686746988,64,12,0.1875
unscreened,Y2:P_H_fixed,chemsys_r1,100,0.05,0.0121691512,12,8,22,0.9828328784,83,10,0.1204819277,69,8,0.115942029
unscreened,Y2:P_H_fixed,chemsys_r1,101,0.05,0.0121691512,25,1,26,0.9836214741,83,9,0.1084337349,69,7,0.1014492754
unscreened,Y2:P_H_fixed,chemsys_r1,102,0.05,0.0121691512,5,4,21,0.9927282378,83,10,0.1204819277,69,9,0.1304347826
unscreened,Y2:P_H_fixed,chemsys_r2,100,0.05,0.0121691512,23,1,29,0.9889596603,83,13,0.156626506,80,12,0.15
unscreened,Y2:P_H_fixed,chemsys_r2,101,0.05,0.0121691512,14,5,28,0.98655596,83,13,0.156626506,80,13,0.1625
unscreened,Y2:P_H_fixed,chemsys_r2,102,0.05,0.0121691512,41,1,5,0.9731725811,83,0,0,80,0,0
unscreened,Y2:P_H_fixed,chemsys_r3,100,0.05,0.0121691512,1,1,20,0.9994767971,83,9,0.1084337349,71,6,0.08450704225
unscreened,Y2:P_H_fixed,chemsys_r3,101,0.05,0.0121691512,14,1,23,0.9946239005,83,9,0.1084337349,71,6,0.08450704225
unscreened,Y2:P_H_fixed,chemsys_r3,102,0.05,0.0121691512,29,7,19,0.9647330907,83,6,0.07228915663,71,3,0.04225352113
unscreened,Y2:P_H_fixed,chemsys_r4,100,0.05,0.0121691512,2,2,19,0.9980436761,83,8,0.09638554217,56,5,0.08928571429
unscreened,Y2:P_H_fixed,chemsys_r4,101,0.05,0.0121691512,28,6,22,0.9708598726,83,3,0.03614457831,56,1,0.01785714286
unscreened,Y2:P_H_fixed,chemsys_r4,102,0.05,0.0121691512,4,1,20,0.9981346679,81,6,0.07407407407,55,4,0.07272727273
unscreened,Y2:P_H_fixed,chemsys_r5,100,0.05,0.0121691512,4,1,21,0.9991583258,83,7,0.0843373494,69,6,0.08695652174
unscreened,Y2:P_H_fixed,chemsys_r5,101,0.05,0.0121691512,4,2,15,0.9968304519,83,6,0.07228915663,69,5,0.07246376812
unscreened,Y2:P_H_fixed,chemsys_r5,102,0.05,0.0121691512,5,1,17,0.9972399151,83,7,0.0843373494,69,6,0.08695652174
unscreened,Y2:P_H_fixed,chemsys_r6,100,0.05,0.01217285453,2,1,26,0.9991049757,82,12,0.1463414634,51,7,0.137254902
unscreened,Y2:P_H_fixed,chemsys_r6,101,0.05,0.01217285453,15,3,28,0.9889638956,82,7,0.08536585366,50,3,0.06
unscreened,Y2:P_H_fixed,chemsys_r6,102,0.05,0.01217285453,1,1,20,0.9998331311,82,10,0.1219512195,50,5,0.1
unscreened,Y2:P_H_fixed,chemsys_r7,100,0.05,0.0121691512,37,27,10,0.9501137398,83,0,0,59,0,0
unscreened,Y2:P_H_fixed,chemsys_r7,101,0.05,0.0121691512,19,9,25,0.9713906582,83,8,0.09638554217,59,3,0.05084745763
unscreened,Y2:P_H_fixed,chemsys_r7,102,0.05,0.0121691512,21,15,22,0.9733090689,83,11,0.1325301205,59,6,0.1016949153
unscreened,Y2:P_H_fixed,chemsys_r8,100,0.05,0.0121691512,3,3,19,0.9968380346,83,8,0.09638554217,63,8,0.126984127
unscreened,Y2:P_H_fixed,chemsys_r8,101,0.05,0.0121691512,2,1,22,0.9996132848,83,8,0.09638554217,63,8,0.126984127
unscreened,Y2:P_H_fixed,chemsys_r8,102,0.05,0.0121691512,16,15,21,0.9650439794,83,3,0.03614457831,63,2,0.03174603175
unscreened,Y2:P_H_fixed,chemsys_r9,100,0.05,0.0121691512,4,1,18,0.9969669396,83,10,0.1204819277,71,10,0.1408450704
unscreened,Y2:P_H_fixed,chemsys_r9,101,0.05,0.0121691512,41,1,4,0.9768198362,83,0,0,71,0,0
unscreened,Y2:P_H_fixed,chemsys_r9,102,0.05,0.0121691512,2,1,24,0.9977782833,83,11,0.1325301205,71,9,0.1267605634
unscreened,Y2:P_H_fixed,random_r0,100,0.05,0.0121691512,5,2,24,0.9989687595,83,14,0.1686746988,45,3,0.06666666667
unscreened,Y2:P_H_fixed,random_r0,101,0.05,0.0121691512,32,1,19,0.9855474674,83,1,0.01204819277,45,0,0
unscreened,Y2:P_H_fixed,random_r0,102,0.05,0.0121691512,3,2,21,0.9988777677,82,11,0.1341463415,44,1,0.02272727273
unscreened,Y2:P_H_fixed,random_r1,100,0.05,0.0121691512,5,4,25,0.9964285714,83,11,0.1325301205,59,8,0.1355932203
unscreened,Y2:P_H_fixed,random_r1,101,0.05,0.0121691512,6,1,29,0.998066424,82,12,0.1463414634,58,9,0.1551724138
unscreened,Y2:P_H_fixed,random_r1,102,0.05,0.0121691512,30,14,19,0.9533515317,83,0,0,59,0,0
unscreened,Y2:P_H_fixed,random_r2,100,0.05,0.0121691512,9,2,26,0.9945025781,82,16,0.1951219512,55,15,0.2727272727
unscreened,Y2:P_H_fixed,random_r2,101,0.05,0.0121691512,8,2,23,0.9918031544,83,12,0.1445783133,55,12,0.2181818182
unscreened,Y2:P_H_fixed,random_r2,102,0.05,0.0121691512,1,1,17,0.9997649378,82,13,0.1585365854,54,12,0.2222222222
unscreened,Y2:P_H_fixed,random_r3,100,0.05,0.0121691512,11,2,26,0.9915225963,83,8,0.09638554217,49,2,0.04081632653
unscreened,Y2:P_H_fixed,random_r3,101,0.05,0.0121691512,10,1,24,0.9934713376,83,7,0.0843373494,49,2,0.04081632653
unscreened,Y2:P_H_fixed,random_r3,102,0.05,0.0121691512,5,3,21,0.994699727,83,9,0.1084337349,49,3,0.0612244898
unscreened,Y2:P_H_fixed,random_r4,100,0.05,0.0121691512,4,2,30,0.99485138,83,16,0.1927710843,51,8,0.1568627451
unscreened,Y2:P_H_fixed,random_r4,101,0.05,0.0121691512,9,1,26,0.996807704,82,12,0.1463414634,50,6,0.12
unscreened,Y2:P_H_fixed,random_r4,102,0.05,0.0121691512,5,1,26,0.9949196239,83,15,0.1807228916,51,8,0.1568627451
unscreened,Y2:P_H_fixed,random_r5,100,0.05,0.0121691512,13,5,25,0.995177434,82,7,0.08536585366,45,3,0.06666666667
unscreened,Y2:P_H_fixed,random_r5,101,0.05,0.0121691512,21,6,23,0.9829693661,83,7,0.0843373494,46,4,0.08695652174
unscreened,Y2:P_H_fixed,random_r5,102,0.05,0.0121691512,9,2,24,0.9927130725,83,5,0.06024096386,46,2,0.04347826087
unscreened,Y2:P_H_fixed,random_r6,100,0.05,0.0121691512,1,1,19,0.9997649378,82,10,0.1219512195,59,7,0.1186440678
unscreened,Y2:P_H_fixed,random_r6,101,0.05,0.0121691512,7,1,24,0.9937594783,83,10,0.1204819277,60,6,0.1
unscreened,Y2:P_H_fixed,random_r6,102,0.05,0.0121691512,4,1,18,0.9967546254,82,9,0.1097560976,60,5,0.08333333333
unscreened,Y2:P_H_fixed,random_r7,100,0.05,0.0121691512,1,1,23,0.9994313012,82,11,0.1341463415,49,6,0.1224489796
unscreened,Y2:P_H_fixed,random_r7,101,0.05,0.0121691512,1,1,24,0.9986275402,83,9,0.1084337349,49,5,0.1020408163
unscreened,Y2:P_H_fixed,random_r7,102,0.05,0.0121691512,1,1,17,0.9995147103,83,8,0.09638554217,49,4,0.08163265306
unscreened,Y2:P_H_fixed,random_r8,100,0.05,0.0121691512,3,2,21,0.999196239,83,10,0.1204819277,56,6,0.1071428571
unscreened,Y2:P_H_fixed,random_r8,101,0.05,0.0121691512,4,1,20,0.998718532,82,10,0.1219512195,55,5,0.09090909091
unscreened,Y2:P_H_fixed,random_r8,102,0.05,0.0121691512,15,3,20,0.989596603,83,10,0.1204819277,56,6,0.1071428571
unscreened,Y2:P_H_fixed,random_r9,100,0.05,0.0121691512,41,22,9,0.95225963,83,0,0,52,0,0
unscreened,Y2:P_H_fixed,random_r9,101,0.05,0.0121691512,2,2,22,0.9978313618,83,8,0.09638554217,52,7,0.1346153846
unscreened,Y2:P_H_fixed,random_r9,102,0.05,0.0121691512,41,17,9,0.9586897179,83,0,0,52,0,0
unscreened,Y2:P_H_fixed,chemsys_r0,100,0.1,0.0121691512,1,1,25,0.9996360328,82,14,0.1707317073,63,11,0.1746031746
unscreened,Y2:P_H_fixed,chemsys_r0,101,0.1,0.0121691512,1,1,23,0.9992720655,83,12,0.1445783133,64,10,0.15625
unscreened,Y2:P_H_fixed,chemsys_r0,102,0.1,0.0121691512,1,1,24,0.9991734911,83,12,0.1445783133,64,10,0.15625
unscreened,Y2:P_H_fixed,chemsys_r1,100,0.1,0.0121691512,3,3,21,0.9940855323,83,12,0.1445783133,69,10,0.1449275362
unscreened,Y2:P_H_fixed,chemsys_r1,101,0.1,0.0121691512,22,1,26,0.984948438,83,6,0.07228915663,69,5,0.07246376812
unscreened,Y2:P_H_fixed,chemsys_r1,102,0.1,0.0121691512,6,4,20,0.9941916894,83,13,0.156626506,69,11,0.1594202899
unscreened,Y2:P_H_fixed,chemsys_r2,100,0.1,0.0121691512,20,1,29,0.9928495602,83,9,0.1084337349,80,9,0.1125
unscreened,Y2:P_H_fixed,chemsys_r2,101,0.1,0.0121691512,7,5,18,0.9938125569,83,6,0.07228915663,80,6,0.075
unscreened,Y2:P_H_fixed,chemsys_r2,102,0.1,0.0121691512,41,1,7,0.9762738854,83,0,0,80,0,0
unscreened,Y2:P_H_fixed,chemsys_r3,100,0.1,0.0121691512,1,1,20,0.9997876858,83,9,0.1084337349,71,7,0.0985915493
unscreened,Y2:P_H_fixed,chemsys_r3,101,0.1,0.0121691512,17,1,23,0.9941765241,83,7,0.0843373494,71,4,0.05633802817
unscreened,Y2:P_H_fixed,chemsys_r3,102,0.1,0.0121691512,8,7,20,0.9831740977,83,11,0.1325301205,71,7,0.0985915493
unscreened,Y2:P_H_fixed,chemsys_r4,100,0.1,0.0121691512,3,3,20,0.9962238399,83,9,0.1084337349,56,6,0.1071428571
unscreened,Y2:P_H_fixed,chemsys_r4,101,0.1,0.0121691512,19,4,23,0.9842659994,83,3,0.03614457831,56,2,0.03571428571
unscreened,Y2:P_H_fixed,chemsys_r4,102,0.1,0.0121691512,5,1,22,0.99774037,81,8,0.0987654321,55,5,0.09090909091
unscreened,Y2:P_H_fixed,chemsys_r5,100,0.1,0.0121691512,4,1,24,0.9991431604,83,9,0.1084337349,69,8,0.115942029
unscreened,Y2:P_H_fixed,chemsys_r5,101,0.1,0.0121691512,6,4,15,0.9937898089,83,7,0.0843373494,69,6,0.08695652174
unscreened,Y2:P_H_fixed,chemsys_r5,102,0.1,0.0121691512,11,1,22,0.9954124962,83,7,0.0843373494,69,6,0.08695652174
unscreened,Y2:P_H_fixed,chemsys_r6,100,0.1,0.01217285453,2,1,24,0.9990518811,82,10,0.1219512195,51,6,0.1176470588
unscreened,Y2:P_H_fixed,chemsys_r6,101,0.1,0.01217285453,5,2,28,0.9937879248,82,6,0.07317073171,50,2,0.04
unscreened,Y2:P_H_fixed,chemsys_r6,102,0.1,0.01217285453,1,1,22,0.9998331311,82,11,0.1341463415,50,7,0.14
unscreened,Y2:P_H_fixed,chemsys_r7,100,0.1,0.0121691512,41,18,11,0.9503942978,83,0,0,59,0,0
unscreened,Y2:P_H_fixed,chemsys_r7,101,0.1,0.0121691512,17,5,31,0.9835835608,83,10,0.1204819277,59,5,0.08474576271
unscreened,Y2:P_H_fixed,chemsys_r7,102,0.1,0.0121691512,9,1,31,0.9947679709,83,10,0.1204819277,59,8,0.1355932203
unscreened,Y2:P_H_fixed,chemsys_r8,100,0.1,0.0121691512,4,4,21,0.9959887777,83,5,0.06024096386,63,5,0.07936507937
unscreened,Y2:P_H_fixed,chemsys_r8,101,0.1,0.0121691512,2,1,20,0.9994919624,83,9,0.1084337349,63,7,0.1111111111
unscreened,Y2:P_H_fixed,chemsys_r8,102,0.1,0.0121691512,8,6,20,0.9840233546,83,4,0.04819277108,63,4,0.06349206349
unscreened,Y2:P_H_fixed,chemsys_r9,100,0.1,0.0121691512,4,1,28,0.9950864422,83,12,0.1445783133,71,10,0.1408450704
unscreened,Y2:P_H_fixed,chemsys_r9,101,0.1,0.0121691512,41,3,4,0.9760994844,83,0,0,71,0,0
unscreened,Y2:P_H_fixed,chemsys_r9,102,0.1,0.0121691512,2,1,24,0.9980512587,83,11,0.1325301205,71,9,0.1267605634
unscreened,Y2:P_H_fixed,random_r0,100,0.1,0.0121691512,4,2,18,0.9994540491,83,8,0.09638554217,45,0,0
unscreened,Y2:P_H_fixed,random_r0,101,0.1,0.0121691512,37,3,11,0.9837731271,83,2,0.02409638554,45,0,0
unscreened,Y2:P_H_fixed,random_r0,102,0.1,0.0121691512,2,2,23,0.9988777677,82,10,0.1219512195,44,2,0.04545454545
unscreened,Y2:P_H_fixed,random_r1,100,0.1,0.0121691512,2,2,27,0.998544131,83,13,0.156626506,59,10,0.1694915254
unscreened,Y2:P_H_fixed,random_r1,101,0.1,0.0121691512,5,1,31,0.9983469821,82,14,0.1707317073,58,11,0.1896551724
unscreened,Y2:P_H_fixed,random_r1,102,0.1,0.0121691512,35,14,18,0.9522141341,83,0,0,59,0,0
unscreened,Y2:P_H_fixed,random_r2,100,0.1,0.0121691512,4,2,26,0.9964058235,82,12,0.1463414634,55,10,0.1818181818
unscreened,Y2:P_H_fixed,random_r2,101,0.1,0.0121691512,10,2,26,0.9884819533,83,10,0.1204819277,55,8,0.1454545455
unscreened,Y2:P_H_fixed,random_r2,102,0.1,0.0121691512,1,1,20,0.9996511981,82,15,0.1829268293,54,14,0.2592592593
unscreened,Y2:P_H_fixed,random_r3,100,0.1,0.0121691512,22,2,22,0.9863739763,83,5,0.06024096386,49,1,0.02040816327
unscreened,Y2:P_H_fixed,random_r3,101,0.1,0.0121691512,12,2,22,0.9915529269,83,5,0.06024096386,49,1,0.02040816327
unscreened,Y2:P_H_fixed,random_r3,102,0.1,0.0121691512,8,3,19,0.9932211101,83,8,0.09638554217,49,4,0.08163265306
unscreened,Y2:P_H_fixed,random_r4,100,0.1,0.0121691512,7,1,30,0.9927813163,83,11,0.1325301205,51,3,0.05882352941
unscreened,Y2:P_H_fixed,random_r4,101,0.1,0.0121691512,8,1,24,0.9969214437,82,12,0.1463414634,50,5,0.1
unscreened,Y2:P_H_fixed,random_r4,102,0.1,0.0121691512,15,1,30,0.9914012739,83,6,0.07228915663,51,3,0.05882352941
unscreened,Y2:P_H_fixed,random_r5,100,0.1,0.0121691512,15,2,29,0.9933651805,82,5,0.06097560976,45,3,0.06666666667
unscreened,Y2:P_H_fixed,random_r5,101,0.1,0.0121691512,7,7,18,0.9873218077,83,7,0.0843373494,46,3,0.0652173913
unscreened,Y2:P_H_fixed,random_r5,102,0.1,0.0121691512,18,1,28,0.9890279042,83,7,0.0843373494,46,4,0.08695652174
unscreened,Y2:P_H_fixed,random_r6,100,0.1,0.0121691512,1,1,28,0.9972323324,82,6,0.07317073171,59,3,0.05084745763
unscreened,Y2:P_H_fixed,random_r6,101,0.1,0.0121691512,11,1,30,0.9912268729,83,7,0.0843373494,60,3,0.05
unscreened,Y2:P_H_fixed,random_r6,102,0.1,0.0121691512,4,2,20,0.9968607825,82,9,0.1097560976,60,5,0.08333333333
unscreened,Y2:P_H_fixed,random_r7,100,0.1,0.0121691512,1,1,23,0.9994843797,82,11,0.1341463415,49,6,0.1224489796
unscreened,Y2:P_H_fixed,random_r7,101,0.1,0.0121691512,1,1,26,0.9985289657,83,8,0.09638554217,49,4,0.08163265306
unscreened,Y2:P_H_fixed,random_r7,102,0.1,0.0121691512,1,1,19,0.9994692144,83,9,0.1084337349,49,5,0.1020408163
unscreened,Y2:P_H_fixed,random_r8,100,0.1,0.0121691512,4,2,25,0.9984986351,83,12,0.1445783133,56,7,0.125
unscreened,Y2:P_H_fixed,random_r8,101,0.1,0.0121691512,3,1,21,0.9989611768,82,11,0.1341463415,55,6,0.1090909091
unscreened,Y2:P_H_fixed,random_r8,102,0.1,0.0121691512,15,4,22,0.9892174704,83,10,0.1204819277,56,5,0.08928571429
unscreened,Y2:P_H_fixed,random_r9,100,0.1,0.0121691512,41,18,10,0.9524719442,83,0,0,52,0,0
unscreened,Y2:P_H_fixed,random_r9,101,0.1,0.0121691512,2,2,23,0.9968986958,83,8,0.09638554217,52,8,0.1538461538
unscreened,Y2:P_H_fixed,random_r9,102,0.1,0.0121691512,14,6,23,0.9855095541,83,7,0.0843373494,52,6,0.1153846154
unscreened,Y2:P_H_fixed,chemsys_r0,100,0.25,0.0121691512,2,1,28,0.9989384289,82,11,0.1341463415,63,7,0.1111111111
unscreened,Y2:P_H_fixed,chemsys_r0,101,0.25,0.0121691512,1,1,24,0.9992569002,83,11,0.1325301205,64,9,0.140625
unscreened,Y2:P_H_fixed,chemsys_r0,102,0.25,0.0121691512,1,1,23,0.9991810737,83,10,0.1204819277,64,8,0.125
unscreened,Y2:P_H_fixed,chemsys_r1,100,0.25,0.0121691512,3,3,21,0.9940097058,83,11,0.1325301205,69,8,0.115942029
unscreened,Y2:P_H_fixed,chemsys_r1,101,0.25,0.0121691512,18,1,26,0.9876706096,83,10,0.1204819277,69,8,0.115942029
unscreened,Y2:P_H_fixed,chemsys_r1,102,0.25,0.0121691512,7,4,21,0.9940324537,83,12,0.1445783133,69,10,0.1449275362
unscreened,Y2:P_H_fixed,chemsys_r2,100,0.25,0.0121691512,16,1,25,0.9952532605,83,6,0.07228915663,80,6,0.075
unscreened,Y2:P_H_fixed,chemsys_r2,101,0.25,0.0121691512,7,5,23,0.9938580528,83,6,0.07228915663,80,6,0.075
unscreened,Y2:P_H_fixed,chemsys_r2,102,0.25,0.0121691512,31,1,15,0.9810206248,83,0,0,80,0,0
unscreened,Y2:P_H_fixed,chemsys_r3,100,0.25,0.0121691512,10,1,24,0.9965195632,83,11,0.1325301205,71,8,0.1126760563
unscreened,Y2:P_H_fixed,chemsys_r3,101,0.25,0.0121691512,17,1,23,0.9937898089,83,5,0.06024096386,71,3,0.04225352113
unscreened,Y2:P_H_fixed,chemsys_r3,102,0.25,0.0121691512,10,10,19,0.9840915984,83,9,0.1084337349,71,6,0.08450704225
unscreened,Y2:P_H_fixed,chemsys_r4,100,0.25,0.0121691512,11,3,21,0.9900212314,83,6,0.07228915663,56,3,0.05357142857
unscreened,Y2:P_H_fixed,chemsys_r4,101,0.25,0.0121691512,12,3,26,0.9871777373,83,6,0.07228915663,56,3,0.05357142857
unscreened,Y2:P_H_fixed,chemsys_r4,102,0.25,0.0121691512,5,1,24,0.996807704,81,6,0.07407407407,55,3,0.05454545455
unscreened,Y2:P_H_fixed,chemsys_r5,100,0.25,0.0121691512,5,1,23,0.9989384289,83,8,0.09638554217,69,7,0.1014492754
unscreened,Y2:P_H_fixed,chemsys_r5,101,0.25,0.0121691512,20,4,25,0.9882393085,83,4,0.04819277108,69,3,0.04347826087
unscreened,Y2:P_H_fixed,chemsys_r5,102,0.25,0.0121691512,7,1,22,0.9967622081,83,9,0.1084337349,69,7,0.1014492754
unscreened,Y2:P_H_fixed,chemsys_r6,100,0.25,0.01217285453,2,1,26,0.9990746359,82,9,0.1097560976,51,4,0.07843137255
unscreened,Y2:P_H_fixed,chemsys_r6,101,0.25,0.01217285453,6,1,27,0.9956462379,82,7,0.08536585366,50,3,0.06
unscreened,Y2:P_H_fixed,chemsys_r6,102,0.25,0.01217285453,1,1,24,0.9998331311,82,9,0.1097560976,50,5,0.1
unscreened,Y2:P_H_fixed,chemsys_r7,100,0.25,0.0121691512,18,6,26,0.9747118593,83,4,0.04819277108,59,0,0
unscreened,Y2:P_H_fixed,chemsys_r7,101,0.25,0.0121691512,15,3,34,0.9851607522,83,8,0.09638554217,59,2,0.03389830508
unscreened,Y2:P_H_fixed,chemsys_r7,102,0.25,0.0121691512,15,1,34,0.9905899302,83,6,0.07228915663,59,1,0.01694915254
unscreened,Y2:P_H_fixed,chemsys_r8,100,0.25,0.0121691512,5,4,24,0.9960721868,83,6,0.07228915663,63,5,0.07936507937
unscreened,Y2:P_H_fixed,chemsys_r8,101,0.25,0.0121691512,2,1,20,0.9995753715,83,8,0.09638554217,63,6,0.09523809524
unscreened,Y2:P_H_fixed,chemsys_r8,102,0.25,0.0121691512,3,3,17,0.9929784653,83,5,0.06024096386,63,5,0.07936507937
unscreened,Y2:P_H_fixed,chemsys_r9,100,0.25,0.0121691512,4,1,28,0.9954731574,83,10,0.1204819277,71,8,0.1126760563
unscreened,Y2:P_H_fixed,chemsys_r9,101,0.25,0.0121691512,36,2,17,0.9732939035,83,0,0,71,0,0
unscreened,Y2:P_H_fixed,chemsys_r9,102,0.25,0.0121691512,5,1,27,0.996936609,83,10,0.1204819277,71,8,0.1126760563
unscreened,Y2:P_H_fixed,random_r0,100,0.25,0.0121691512,5,2,24,0.9990294207,83,10,0.1204819277,45,2,0.04444444444
unscreened,Y2:P_H_fixed,random_r0,101,0.25,0.0121691512,20,5,23,0.9914467698,83,5,0.06024096386,45,0,0
unscreened,Y2:P_H_fixed,random_r0,102,0.25,0.0121691512,2,2,21,0.998695784,82,9,0.1097560976,44,2,0.04545454545
unscreened,Y2:P_H_fixed,random_r1,100,0.25,0.0121691512,3,2,25,0.9983545648,83,12,0.1445783133,59,9,0.1525423729
unscreened,Y2:P_H_fixed,random_r1,101,0.25,0.0121691512,6,1,32,0.9979602669,82,9,0.1097560976,58,6,0.1034482759
unscreened,Y2:P_H_fixed,random_r1,102,0.25,0.0121691512,12,6,30,0.9861844101,83,10,0.1204819277,59,7,0.1186440678
unscreened,Y2:P_H_fixed,random_r2,100,0.25,0.0121691512,8,2,25,0.9961859266,82,12,0.1463414634,55,10,0.1818181818
unscreened,Y2:P_H_fixed,random_r2,101,0.25,0.0121691512,15,2,21,0.98781468,83,7,0.0843373494,55,7,0.1272727273
unscreened,Y2:P_H_fixed,random_r2,102,0.25,0.0121691512,1,1,23,0.99937064,82,14,0.1707317073,54,13,0.2407407407
unscreened,Y2:P_H_fixed,random_r3,100,0.25,0.0121691512,12,3,22,0.9890658174,83,5,0.06024096386,49,0,0
unscreened,Y2:P_H_fixed,random_r3,101,0.25,0.0121691512,19,2,23,0.9885274492,83,3,0.03614457831,49,0,0
unscreened,Y2:P_H_fixed,random_r3,102,0.25,0.0121691512,8,3,21,0.9924931756,83,6,0.07228915663,49,0,0
unscreened,Y2:P_H_fixed,random_r4,100,0.25,0.0121691512,8,1,28,0.9935471641,83,11,0.1325301205,51,3,0.05882352941
unscreened,Y2:P_H_fixed,random_r4,101,0.25,0.0121691512,3,1,30,0.9984455566,82,11,0.1341463415,50,5,0.1
unscreened,Y2:P_H_fixed,random_r4,102,0.25,0.0121691512,10,1,32,0.993895966,83,8,0.09638554217,51,1,0.01960784314
unscreened,Y2:P_H_fixed,random_r5,100,0.25,0.0121691512,7,2,26,0.9963224143,82,4,0.0487804878,45,2,0.04444444444
unscreened,Y2:P_H_fixed,random_r5,101,0.25,0.0121691512,6,6,20,0.9913709433,83,6,0.07228915663,46,3,0.0652173913
unscreened,Y2:P_H_fixed,random_r5,102,0.25,0.0121691512,10,1,23,0.9948968759,83,4,0.04819277108,46,3,0.0652173913
unscreened,Y2:P_H_fixed,random_r6,100,0.25,0.0121691512,1,1,26,0.998066424,82,8,0.09756097561,59,5,0.08474576271
unscreened,Y2:P_H_fixed,random_r6,101,0.25,0.0121691512,8,1,29,0.9911889597,83,6,0.07228915663,60,3,0.05
unscreened,Y2:P_H_fixed,random_r6,102,0.25,0.0121691512,4,4,22,0.9966181377,82,10,0.1219512195,60,5,0.08333333333
unscreened,Y2:P_H_fixed,random_r7,100,0.25,0.0121691512,1,1,26,0.9994540491,82,11,0.1341463415,49,6,0.1224489796
unscreened,Y2:P_H_fixed,random_r7,101,0.25,0.0121691512,1,1,27,0.9986351228,83,8,0.09638554217,49,4,0.08163265306
unscreened,Y2:P_H_fixed,random_r7,102,0.25,0.0121691512,1,1,23,0.9992569002,83,9,0.1084337349,49,6,0.1224489796
unscreened,Y2:P_H_fixed,random_r8,100,0.25,0.0121691512,3,2,25,0.9980967546,83,10,0.1204819277,56,5,0.08928571429
unscreened,Y2:P_H_fixed,random_r8,101,0.25,0.0121691512,3,1,26,0.9981270852,82,10,0.1219512195,55,5,0.09090909091
unscreened,Y2:P_H_fixed,random_r8,102,0.25,0.0121691512,8,1,25,0.9946163179,83,11,0.1325301205,56,4,0.07142857143
unscreened,Y2:P_H_fixed,random_r9,100,0.25,0.0121691512,19,10,21,0.9690021231,83,6,0.07228915663,52,5,0.09615384615
unscreened,Y2:P_H_fixed,random_r9,101,0.25,0.0121691512,2,2,23,0.9968531999,83,5,0.06024096386,52,4,0.07692307692
unscreened,Y2:P_H_fixed,random_r9,102,0.25,0.0121691512,3,3,20,0.9920382166,83,9,0.1084337349,52,6,0.1153846154
unscreened,Y2:P_H_fixed,chemsys_r0,100,0.5,0.0121691512,1,1,27,0.9989080983,82,9,0.1097560976,63,5,0.07936507937
unscreened,Y2:P_H_fixed,chemsys_r0,101,0.5,0.0121691512,1,1,26,0.9988171065,83,10,0.1204819277,64,6,0.09375
unscreened,Y2:P_H_fixed,chemsys_r0,102,0.5,0.0121691512,1,1,25,0.9992720655,83,9,0.1084337349,64,6,0.09375
unscreened,Y2:P_H_fixed,chemsys_r1,100,0.5,0.0121691512,13,2,26,0.991204125,83,5,0.06024096386,69,4,0.05797101449
unscreened,Y2:P_H_fixed,chemsys_r1,101,0.5,0.0121691512,5,1,22,0.9969290264,83,9,0.1084337349,69,6,0.08695652174
unscreened,Y2:P_H_fixed,chemsys_r1,102,0.5,0.0121691512,9,3,24,0.9935850773,83,9,0.1084337349,69,7,0.1014492754
unscreened,Y2:P_H_fixed,chemsys_r2,100,0.5,0.0121691512,13,1,24,0.995981195,83,4,0.04819277108,80,4,0.05
unscreened,Y2:P_H_fixed,chemsys_r2,101,0.5,0.0121691512,6,6,15,0.9938883834,83,4,0.04819277108,80,4,0.05
unscreened,Y2:P_H_fixed,chemsys_r2,102,0.5,0.0121691512,13,2,20,0.98944495,83,5,0.06024096386,80,5,0.0625
unscreened,Y2:P_H_fixed,chemsys_r3,100,0.5,0.0121691512,14,2,23,0.9935092508,83,6,0.07228915663,71,3,0.04225352113
unscreened,Y2:P_H_fixed,chemsys_r3,101,0.5,0.0121691512,13,1,24,0.9948210494,83,7,0.0843373494,71,4,0.05633802817
unscreened,Y2:P_H_fixed,chemsys_r3,102,0.5,0.0121691512,37,3,18,0.9764103731,83,0,0,71,0,0
unscreened,Y2:P_H_fixed,chemsys_r4,100,0.5,0.0121691512,2,2,21,0.9973081589,83,4,0.04819277108,56,2,0.03571428571
unscreened,Y2:P_H_fixed,chemsys_r4,101,0.5,0.0121691512,11,2,25,0.989422202,83,1,0.01204819277,56,0,0
unscreened,Y2:P_H_fixed,chemsys_r4,102,0.5,0.0121691512,4,1,24,0.9974446466,81,4,0.04938271605,55,1,0.01818181818
unscreened,Y2:P_H_fixed,chemsys_r5,100,0.5,0.0121691512,11,1,26,0.9977100394,83,5,0.06024096386,69,3,0.04347826087
unscreened,Y2:P_H_fixed,chemsys_r5,101,0.5,0.0121691512,11,3,23,0.9940400364,83,5,0.06024096386,69,3,0.04347826087
unscreened,Y2:P_H_fixed,chemsys_r5,102,0.5,0.0121691512,11,2,23,0.9959432818,83,5,0.06024096386,69,4,0.05797101449
unscreened,Y2:P_H_fixed,chemsys_r6,100,0.5,0.01217285453,2,1,22,0.9982933859,82,5,0.06097560976,51,2,0.03921568627
unscreened,Y2:P_H_fixed,chemsys_r6,101,0.5,0.01217285453,6,2,25,0.9961695995,82,9,0.1097560976,50,3,0.06
unscreened,Y2:P_H_fixed,chemsys_r6,102,0.5,0.01217285453,1,1,25,0.9996966019,82,9,0.1097560976,50,3,0.06
unscreened,Y2:P_H_fixed,chemsys_r7,100,0.5,0.0121691512,21,8,21,0.9738171065,83,4,0.04819277108,59,1,0.01694915254
unscreened,Y2:P_H_fixed,chemsys_r7,101,0.5,0.0121691512,20,3,31,0.984121929,83,2,0.02409638554,59,0,0
unscreened,Y2:P_H_fixed,chemsys_r7,102,0.5,0.0121691512,19,1,28,0.9900970579,83,4,0.04819277108,59,2,0.03389830508
unscreened,Y2:P_H_fixed,chemsys_r8,100,0.5,0.0121691512,2,2,23,0.9958371247,83,3,0.03614457831,63,3,0.04761904762
unscreened,Y2:P_H_fixed,chemsys_r8,101,0.5,0.0121691512,2,1,19,0.9995298756,83,4,0.04819277108,63,3,0.04761904762
unscreened,Y2:P_H_fixed,chemsys_r8,102,0.5,0.0121691512,9,2,21,0.9917424932,83,6,0.07228915663,63,5,0.07936507937
unscreened,Y2:P_H_fixed,chemsys_r9,100,0.5,0.0121691512,5,1,26,0.9956323931,83,8,0.09638554217,71,5,0.07042253521
unscreened,Y2:P_H_fixed,chemsys_r9,101,0.5,0.0121691512,32,2,19,0.9767895056,83,0,0,71,0,0
unscreened,Y2:P_H_fixed,chemsys_r9,102,0.5,0.0121691512,9,1,29,0.9958674553,83,7,0.0843373494,71,4,0.05633802817
unscreened,Y2:P_H_fixed,random_r0,100,0.5,0.0121691512,3,3,28,0.9988474371,83,10,0.1204819277,45,2,0.04444444444
unscreened,Y2:P_H_fixed,random_r0,101,0.5,0.0121691512,12,7,25,0.9942675159,83,8,0.09638554217,45,0,0
unscreened,Y2:P_H_fixed,random_r0,102,0.5,0.0121691512,2,2,24,0.9986578708,82,9,0.1097560976,44,0,0
unscreened,Y2:P_H_fixed,random_r1,100,0.5,0.0121691512,2,1,25,0.9991355778,83,9,0.1084337349,59,7,0.1186440678
unscreened,Y2:P_H_fixed,random_r1,101,0.5,0.0121691512,3,1,31,0.9986427055,82,7,0.08536585366,58,2,0.03448275862
unscreened,Y2:P_H_fixed,random_r1,102,0.5,0.0121691512,6,5,28,0.9906733394,83,6,0.07228915663,59,4,0.06779661017
unscreened,Y2:P_H_fixed,random_r2,100,0.5,0.0121691512,9,2,22,0.9959963603,82,8,0.09756097561,55,7,0.1272727273
unscreened,Y2:P_H_fixed,random_r2,101,0.5,0.0121691512,10,1,20,0.9917804064,83,6,0.07228915663,55,5,0.09090909091
unscreened,Y2:P_H_fixed,random_r2,102,0.5,0.0121691512,1,1,22,0.9991659084,82,11,0.1341463415,54,9,0.1666666667
unscreened,Y2:P_H_fixed,random_r3,100,0.5,0.0121691512,25,1,25,0.9856232939,83,0,0,49,0,0
unscreened,Y2:P_H_fixed,random_r3,101,0.5,0.0121691512,20,2,25,0.9873142251,83,3,0.03614457831,49,0,0
unscreened,Y2:P_H_fixed,random_r3,102,0.5,0.0121691512,18,2,23,0.9883075523,83,4,0.04819277108,49,0,0
unscreened,Y2:P_H_fixed,random_r4,100,0.5,0.0121691512,3,1,29,0.9964285714,83,8,0.09638554217,51,2,0.03921568627
unscreened,Y2:P_H_fixed,random_r4,101,0.5,0.0121691512,3,1,28,0.9980967546,82,8,0.09756097561,50,1,0.02
unscreened,Y2:P_H_fixed,random_r4,102,0.5,0.0121691512,6,1,29,0.9947528056,83,5,0.06024096386,51,1,0.01960784314
unscreened,Y2:P_H_fixed,random_r5,100,0.5,0.0121691512,6,4,25,0.9970958447,82,5,0.06097560976,45,2,0.04444444444
unscreened,Y2:P_H_fixed,random_r5,101,0.5,0.0121691512,6,6,21,0.9912951168,83,6,0.07228915663,46,3,0.0652173913
unscreened,Y2:P_H_fixed,random_r5,102,0.5,0.0121691512,9,1,29,0.9948362147,83,7,0.0843373494,46,3,0.0652173913
unscreened,Y2:P_H_fixed,random_r6,100,0.5,0.0121691512,1,1,22,0.9980285108,82,5,0.06097560976,59,1,0.01694915254
unscreened,Y2:P_H_fixed,random_r6,101,0.5,0.0121691512,9,1,24,0.991006976,83,3,0.03614457831,60,0,0
unscreened,Y2:P_H_fixed,random_r6,102,0.5,0.0121691512,3,3,23,0.996132848,82,5,0.06097560976,60,1,0.01666666667
unscreened,Y2:P_H_fixed,random_r7,100,0.5,0.0121691512,1,1,27,0.9992948135,82,9,0.1097560976,49,3,0.0612244898
unscreened,Y2:P_H_fixed,random_r7,101,0.5,0.0121691512,1,1,24,0.9987716106,83,5,0.06024096386,49,3,0.0612244898
unscreened,Y2:P_H_fixed,random_r7,102,0.5,0.0121691512,1,1,23,0.9989460115,83,6,0.07228915663,49,3,0.0612244898
unscreened,Y2:P_H_fixed,random_r8,100,0.5,0.0121691512,2,2,29,0.9975053079,83,11,0.1325301205,56,5,0.08928571429
unscreened,Y2:P_H_fixed,random_r8,101,0.5,0.0121691512,5,2,26,0.9975356385,82,9,0.1097560976,55,4,0.07272727273
unscreened,Y2:P_H_fixed,random_r8,102,0.5,0.0121691512,17,3,24,0.9884061268,83,7,0.0843373494,56,2,0.03571428571
unscreened,Y2:P_H_fixed,random_r9,100,0.5,0.0121691512,21,11,22,0.9672656961,83,2,0.02409638554,52,2,0.03846153846
unscreened,Y2:P_H_fixed,random_r9,101,0.5,0.0121691512,2,1,26,0.9985896269,83,8,0.09638554217,52,5,0.09615384615
unscreened,Y2:P_H_fixed,random_r9,102,0.5,0.0121691512,3,3,26,0.9900212314,83,5,0.06024096386,52,5,0.09615384615
unscreened,Y2:P_H_fixed,chemsys_r0,100,0.75,0.0121691512,1,1,24,0.9984683045,82,4,0.0487804878,63,0,0
unscreened,Y2:P_H_fixed,chemsys_r0,101,0.75,0.0121691512,2,1,24,0.9976038823,83,5,0.06024096386,64,1,0.015625
unscreened,Y2:P_H_fixed,chemsys_r0,102,0.75,0.0121691512,1,1,25,0.9988322718,83,4,0.04819277108,64,1,0.015625
unscreened,Y2:P_H_fixed,chemsys_r1,100,0.75,0.0121691512,10,2,25,0.9908704883,83,1,0.01204819277,69,0,0
unscreened,Y2:P_H_fixed,chemsys_r1,101,0.75,0.0121691512,10,1,24,0.9940627843,83,2,0.02409638554,69,0,0
unscreened,Y2:P_H_fixed,chemsys_r1,102,0.75,0.0121691512,16,3,23,0.989899909,83,0,0,69,0,0
unscreened,Y2:P_H_fixed,chemsys_r2,100,0.75,0.0121691512,11,1,19,0.9964664847,83,1,0.01204819277,80,1,0.0125
unscreened,Y2:P_H_fixed,chemsys_r2,101,0.75,0.0121691512,21,7,21,0.9883075523,83,1,0.01204819277,80,1,0.0125
unscreened,Y2:P_H_fixed,chemsys_r2,102,0.75,0.0121691512,8,2,19,0.9934940855,83,0,0,80,0,0
unscreened,Y2:P_H_fixed,chemsys_r3,100,0.75,0.0121691512,14,3,19,0.9919927207,83,1,0.01204819277,71,0,0
unscreened,Y2:P_H_fixed,chemsys_r3,101,0.75,0.0121691512,23,1,21,0.9919396421,83,0,0,71,0,0
unscreened,Y2:P_H_fixed,chemsys_r3,102,0.75,0.0121691512,30,4,20,0.9778965726,83,0,0,71,0,0
unscreened,Y2:P_H_fixed,chemsys_r4,100,0.75,0.0121691512,5,1,21,0.9964740673,83,1,0.01204819277,56,0,0
unscreened,Y2:P_H_fixed,chemsys_r4,101,0.75,0.0121691512,6,2,22,0.9925007583,83,1,0.01204819277,56,0,0
unscreened,Y2:P_H_fixed,chemsys_r4,102,0.75,0.0121691512,4,1,22,0.9971640886,81,1,0.01234567901,55,0,0
unscreened,Y2:P_H_fixed,chemsys_r5,100,0.75,0.0121691512,12,1,24,0.9974446466,83,2,0.02409638554,69,1,0.01449275362
unscreened,Y2:P_H_fixed,chemsys_r5,101,0.75,0.0121691512,11,2,20,0.9946769791,83,2,0.02409638554,69,1,0.01449275362
unscreened,Y2:P_H_fixed,chemsys_r5,102,0.75,0.0121691512,13,3,24,0.9941082803,83,3,0.03614457831,69,1,0.01449275362
unscreened,Y2:P_H_fixed,chemsys_r6,100,0.75,0.01217285453,6,1,24,0.9964578277,82,4,0.0487804878,51,0,0
unscreened,Y2:P_H_fixed,chemsys_r6,101,0.75,0.01217285453,6,2,25,0.996086165,82,6,0.07317073171,50,0,0
unscreened,Y2:P_H_fixed,chemsys_r6,102,0.75,0.01217285453,3,1,26,0.9990063714,82,5,0.06097560976,50,0,0
unscreened,Y2:P_H_fixed,chemsys_r7,100,0.75,0.0121691512,18,6,22,0.9800272975,83,2,0.02409638554,59,0,0
unscreened,Y2:P_H_fixed,chemsys_r7,101,0.75,0.0121691512,19,3,25,0.9849181074,83,2,0.02409638554,59,0,0
unscreened,Y2:P_H_fixed,chemsys_r7,102,0.75,0.0121691512,21,1,24,0.9889065817,83,1,0.01204819277,59,0,0
unscreened,Y2:P_H_fixed,chemsys_r8,100,0.75,0.0121691512,2,2,23,0.9966105551,83,0,0,63,0,0
unscreened,Y2:P_H_fixed,chemsys_r8,101,0.75,0.0121691512,2,2,19,0.9996436154,83,0,0,63,0,0
unscreened,Y2:P_H_fixed,chemsys_r8,102,0.75,0.0121691512,8,1,18,0.9938277222,83,0,0,63,0,0
unscreened,Y2:P_H_fixed,chemsys_r9,100,0.75,0.0121691512,11,1,28,0.9925841674,83,2,0.02409638554,71,0,0
unscreened,Y2:P_H_fixed,chemsys_r9,101,0.75,0.0121691512,41,2,12,0.9702684258,83,0,0,71,0,0
unscreened,Y2:P_H_fixed,chemsys_r9,102,0.75,0.0121691512,10,1,28,0.9943357598,83,2,0.02409638554,71,0,0
unscreened,Y2:P_H_fixed,random_r0,100,0.75,0.0121691512,4,2,24,0.9985972096,83,8,0.09638554217,45,0,0
unscreened,Y2:P_H_fixed,random_r0,101,0.75,0.0121691512,9,9,20,0.9946239005,83,3,0.03614457831,45,0,0
unscreened,Y2:P_H_fixed,random_r0,102,0.75,0.0121691512,2,2,24,0.9981270852,82,6,0.07317073171,44,0,0
unscreened,Y2:P_H_fixed,random_r1,100,0.75,0.0121691512,3,1,24,0.9980588414,83,2,0.02409638554,59,0,0
unscreened,Y2:P_H_fixed,random_r1,101,0.75,0.0121691512,1,1,28,0.9987791932,82,3,0.03658536585,58,0,0
unscreened,Y2:P_H_fixed,random_r1,102,0.75,0.0121691512,7,5,24,0.9891568092,83,2,0.02409638554,59,0,0
unscreened,Y2:P_H_fixed,random_r2,100,0.75,0.0121691512,8,3,19,0.9951016075,82,2,0.0243902439,55,0,0
unscreened,Y2:P_H_fixed,random_r2,101,0.75,0.0121691512,14,1,16,0.9906430088,83,1,0.01204819277,55,0,0
unscreened,Y2:P_H_fixed,random_r2,102,0.75,0.0121691512,1,1,19,0.9981649985,82,2,0.0243902439,54,0,0
unscreened,Y2:P_H_fixed,random_r3,100,0.75,0.0121691512,20,2,24,0.9879360024,83,2,0.02409638554,49,0,0
unscreened,Y2:P_H_fixed,random_r3,101,0.75,0.0121691512,23,2,23,0.9856991204,83,0,0,49,0,0
unscreened,Y2:P_H_fixed,random_r3,102,0.75,0.0121691512,22,6,24,0.9833788292,83,2,0.02409638554,49,0,0
unscreened,Y2:P_H_fixed,random_r4,100,0.75,0.0121691512,3,1,26,0.9957688808,83,4,0.04819277108,51,0,0
unscreened,Y2:P_H_fixed,random_r4,101,0.75,0.0121691512,3,1,26,0.9966939642,82,3,0.03658536585,50,0,0
unscreened,Y2:P_H_fixed,random_r4,102,0.75,0.0121691512,9,3,29,0.9920609645,83,1,0.01204819277,51,0,0
unscreened,Y2:P_H_fixed,random_r5,100,0.75,0.0121691512,6,3,25,0.9969896876,82,4,0.0487804878,45,0,0
unscreened,Y2:P_H_fixed,random_r5,101,0.75,0.0121691512,5,5,24,0.9924097665,83,4,0.04819277108,46,0,0
unscreened,Y2:P_H_fixed,random_r5,102,0.75,0.0121691512,6,1,24,0.9964361541,83,4,0.04819277108,46,0,0
unscreened,Y2:P_H_fixed,random_r6,100,0.75,0.0121691512,1,1,20,0.9981119199,82,3,0.03658536585,59,0,0
unscreened,Y2:P_H_fixed,random_r6,101,0.75,0.0121691512,4,1,23,0.9950333637,83,2,0.02409638554,60,0,0
unscreened,Y2:P_H_fixed,random_r6,102,0.75,0.0121691512,2,2,21,0.9976645435,82,4,0.0487804878,60,0,0
unscreened,Y2:P_H_fixed,random_r7,100,0.75,0.0121691512,1,1,24,0.9989687595,82,2,0.0243902439,49,0,0
unscreened,Y2:P_H_fixed,random_r7,101,0.75,0.0121691512,1,1,25,0.9985289657,83,0,0,49,0,0
unscreened,Y2:P_H_fixed,random_r7,102,0.75,0.0121691512,2,1,24,0.9973081589,83,0,0,49,0,0
unscreened,Y2:P_H_fixed,random_r8,100,0.75,0.0121691512,2,2,26,0.9969441917,83,5,0.06024096386,56,0,0
unscreened,Y2:P_H_fixed,random_r8,101,0.75,0.0121691512,4,2,23,0.9971261753,82,5,0.06097560976,55,0,0
unscreened,Y2:P_H_fixed,random_r8,102,0.75,0.0121691512,9,3,24,0.9908325751,83,4,0.04819277108,56,0,0
unscreened,Y2:P_H_fixed,random_r9,100,0.75,0.0121691512,12,10,21,0.9753867152,83,1,0.01204819277,52,0,0
unscreened,Y2:P_H_fixed,random_r9,101,0.75,0.0121691512,5,1,24,0.9967394601,83,2,0.02409638554,52,1,0.01923076923
unscreened,Y2:P_H_fixed,random_r9,102,0.75,0.0121691512,11,7,21,0.9848498635,83,2,0.02409638554,52,0,0
unscreened,Y2:P_H_fixed,chemsys_r0,100,1,0.0121691512,19,5,10,0.9834394904,82,0,0,63,0,0
unscreened,Y2:P_H_fixed,chemsys_r0,101,1,0.0121691512,19,5,9,0.9845313922,83,0,0,64,0,0
unscreened,Y2:P_H_fixed,chemsys_r0,102,1,0.0121691512,19,5,10,0.9814376706,83,0,0,64,0,0
unscreened,Y2:P_H_fixed,chemsys_r1,100,1,0.0121691512,41,5,7,0.9705414013,83,0,0,69,0,0
unscreened,Y2:P_H_fixed,chemsys_r1,101,1,0.0121691512,41,5,7,0.9726645435,83,0,0,69,0,0
unscreened,Y2:P_H_fixed,chemsys_r1,102,1,0.0121691512,41,5,7,0.9744843797,83,0,0,69,0,0
unscreened,Y2:P_H_fixed,chemsys_r2,100,1,0.0121691512,41,11,9,0.9706399757,83,0,0,80,0,0
unscreened,Y2:P_H_fixed,chemsys_r2,101,1,0.0121691512,41,11,9,0.9743175614,83,0,0,80,0,0
unscreened,Y2:P_H_fixed,chemsys_r2,102,1,0.0121691512,41,11,9,0.9718911131,83,0,0,80,0,0
unscreened,Y2:P_H_fixed,chemsys_r3,100,1,0.0121691512,41,7,8,0.9693888383,83,0,0,71,0,0
unscreened,Y2:P_H_fixed,chemsys_r3,101,1,0.0121691512,41,7,8,0.9665225963,83,0,0,71,0,0
unscreened,Y2:P_H_fixed,chemsys_r3,102,1,0.0121691512,41,7,8,0.9583560813,83,0,0,71,0,0
unscreened,Y2:P_H_fixed,chemsys_r4,100,1,0.0121691512,15,3,11,0.9863360631,83,0,0,56,0,0
unscreened,Y2:P_H_fixed,chemsys_r4,101,1,0.0121691512,15,3,11,0.9807021535,83,0,0,56,0,0
unscreened,Y2:P_H_fixed,chemsys_r4,102,1,0.0121691512,15,3,11,0.9880194116,81,0,0,55,0,0
unscreened,Y2:P_H_fixed,chemsys_r5,100,1,0.0121691512,41,7,9,0.9921140431,83,0,0,69,0,0
unscreened,Y2:P_H_fixed,chemsys_r5,101,1,0.0121691512,41,7,9,0.9774871095,83,0,0,69,0,0
unscreened,Y2:P_H_fixed,chemsys_r5,102,1,0.0121691512,41,7,9,0.9798756445,83,0,0,69,0,0
unscreened,Y2:P_H_fixed,chemsys_r6,100,1,0.01217285453,41,6,8,0.9803701456,82,0,0,51,0,0
unscreened,Y2:P_H_fixed,chemsys_r6,101,1,0.01217285453,41,6,8,0.9752503034,82,0,0,50,0,0
unscreened,Y2:P_H_fixed,chemsys_r6,102,1,0.01217285453,41,6,8,0.9766155947,82,0,0,50,0,0
unscreened,Y2:P_H_fixed,chemsys_r7,100,1,0.0121691512,41,5,8,0.972414316,83,0,0,59,0,0
unscreened,Y2:P_H_fixed,chemsys_r7,101,1,0.0121691512,41,5,8,0.972414316,83,0,0,59,0,0
unscreened,Y2:P_H_fixed,chemsys_r7,102,1,0.0121691512,41,5,8,0.972414316,83,0,0,59,0,0
unscreened,Y2:P_H_fixed,chemsys_r8,100,1,0.0121691512,25,9,6,0.972914771,83,0,0,63,0,0
unscreened,Y2:P_H_fixed,chemsys_r8,101,1,0.0121691512,26,9,6,0.9972702457,83,0,0,63,0,0
unscreened,Y2:P_H_fixed,chemsys_r8,102,1,0.0121691512,26,9,6,0.9641037307,83,0,0,63,0,0
unscreened,Y2:P_H_fixed,chemsys_r9,100,1,0.0121691512,41,7,6,0.9719214437,83,0,0,71,0,0
unscreened,Y2:P_H_fixed,chemsys_r9,101,1,0.0121691512,41,7,6,0.9719214437,83,0,0,71,0,0
unscreened,Y2:P_H_fixed,chemsys_r9,102,1,0.0121691512,41,7,6,0.9730967546,83,0,0,71,0,0
unscreened,Y2:P_H_fixed,random_r0,100,1,0.0121691512,2,2,8,0.9960570215,83,0,0,45,0,0
unscreened,Y2:P_H_fixed,random_r0,101,1,0.0121691512,2,2,9,0.9945556567,83,0,0,45,0,0
unscreened,Y2:P_H_fixed,random_r0,102,1,0.0121691512,2,2,9,0.9948058841,82,0,0,44,0,0
unscreened,Y2:P_H_fixed,random_r1,100,1,0.0121691512,1,1,11,0.995329087,83,0,0,59,0,0
unscreened,Y2:P_H_fixed,random_r1,101,1,0.0121691512,1,1,11,0.9951698514,82,0,0,58,0,0
unscreened,Y2:P_H_fixed,random_r1,102,1,0.0121691512,1,1,11,0.9951698514,83,0,0,59,0,0
unscreened,Y2:P_H_fixed,random_r2,100,1,0.0121691512,18,1,7,0.9921292084,82,0,0,55,0,0
unscreened,Y2:P_H_fixed,random_r2,101,1,0.0121691512,18,1,7,0.9921292084,83,0,0,55,0,0
unscreened,Y2:P_H_fixed,random_r2,102,1,0.0121691512,18,1,7,0.9966636336,82,0,0,54,0,0
unscreened,Y2:P_H_fixed,random_r3,100,1,0.0121691512,41,8,8,0.9722929936,83,0,0,49,0,0
unscreened,Y2:P_H_fixed,random_r3,101,1,0.0121691512,41,8,8,0.9722929936,83,0,0,49,0,0
unscreened,Y2:P_H_fixed,random_r3,102,1,0.0121691512,41,8,8,0.9722929936,83,0,0,49,0,0
unscreened,Y2:P_H_fixed,random_r4,100,1,0.0121691512,10,10,9,0.9837427965,83,0,0,51,0,0
unscreened,Y2:P_H_fixed,random_r4,101,1,0.0121691512,10,10,9,0.9917273279,82,0,0,50,0,0
unscreened,Y2:P_H_fixed,random_r4,102,1,0.0121691512,10,10,9,0.9837427965,83,0,0,51,0,0
unscreened,Y2:P_H_fixed,random_r5,100,1,0.0121691512,18,11,8,0.9904761905,82,0,0,45,0,0
unscreened,Y2:P_H_fixed,random_r5,101,1,0.0121691512,17,11,8,0.9746284501,83,0,0,46,0,0
unscreened,Y2:P_H_fixed,random_r5,102,1,0.0121691512,18,11,8,0.97437064,83,0,0,46,0,0
unscreened,Y2:P_H_fixed,random_r6,100,1,0.0121691512,2,2,11,0.9928343949,82,0,0,59,0,0
unscreened,Y2:P_H_fixed,random_r6,101,1,0.0121691512,2,2,11,0.9921064604,83,0,0,60,0,0
unscreened,Y2:P_H_fixed,random_r6,102,1,0.0121691512,2,2,11,0.9927813163,82,0,0,60,0,0
unscreened,Y2:P_H_fixed,random_r7,100,1,0.0121691512,3,1,11,0.997437064,82,0,0,49,0,0
unscreened,Y2:P_H_fixed,random_r7,101,1,0.0121691512,3,1,11,0.9930239612,83,0,0,49,0,0
unscreened,Y2:P_H_fixed,random_r7,102,1,0.0121691512,3,1,11,0.9930239612,83,0,0,49,0,0
unscreened,Y2:P_H_fixed,random_r8,100,1,0.0121691512,18,7,7,0.9938504701,83,0,0,56,0,0
unscreened,Y2:P_H_fixed,random_r8,101,1,0.0121691512,18,7,7,0.9910145587,82,0,0,55,0,0
unscreened,Y2:P_H_fixed,random_r8,102,1,0.0121691512,18,7,7,0.9751895663,83,0,0,56,0,0
unscreened,Y2:P_H_fixed,random_r9,100,1,0.0121691512,19,1,9,0.9829087049,83,0,0,52,0,0
unscreened,Y2:P_H_fixed,random_r9,101,1,0.0121691512,19,1,9,0.9829087049,83,0,0,52,0,0
unscreened,Y2:P_H_fixed,random_r9,102,1,0.0121691512,19,1,9,0.9829087049,83,0,0,52,0,0
unscreened,Y2:P_H_matched_Y2,chemsys_r0,100,0,0.0121691512,8,1,19,0.9965726418,82,14,0.1707317073,27,7,0.2592592593
unscreened,Y2:P_H_matched_Y2,chemsys_r0,101,0,0.0121691512,3,2,22,0.9980360934,83,13,0.156626506,28,5,0.1785714286
unscreened,Y2:P_H_matched_Y2,chemsys_r0,102,0,0.0121691512,1,1,21,0.9998180164,83,16,0.1927710843,28,7,0.25
unscreened,Y2:P_H_matched_Y2,chemsys_r1,100,0,0.0121691512,37,30,8,0.9296102517,83,1,0.01204819277,27,0,0
unscreened,Y2:P_H_matched_Y2,chemsys_r1,101,0,0.0121691512,6,6,23,0.9909690628,83,13,0.156626506,27,6,0.2222222222
unscreened,Y2:P_H_matched_Y2,chemsys_r1,102,0,0.0121691512,23,8,21,0.9734228086,83,13,0.156626506,27,5,0.1851851852
unscreened,Y2:P_H_matched_Y2,chemsys_r2,100,0,0.0121691512,36,1,10,0.9778510767,83,7,0.0843373494,39,6,0.1538461538
unscreened,Y2:P_H_matched_Y2,chemsys_r2,101,0,0.0121691512,19,2,24,0.9885350318,82,14,0.1707317073,39,6,0.1538461538
unscreened,Y2:P_H_matched_Y2,chemsys_r2,102,0,0.0121691512,41,3,14,0.9800424628,83,7,0.0843373494,39,2,0.05128205128
unscreened,Y2:P_H_matched_Y2,chemsys_r3,100,0,0.0121691512,2,1,23,0.999218987,83,10,0.1204819277,40,5,0.125
unscreened,Y2:P_H_matched_Y2,chemsys_r3,101,0,0.0121691512,33,3,25,0.9832802548,83,6,0.07228915663,40,1,0.025
unscreened,Y2:P_H_matched_Y2,chemsys_r3,102,0,0.0121691512,11,11,17,0.9725811344,83,11,0.1325301205,40,7,0.175
unscreened,Y2:P_H_matched_Y2,chemsys_r4,100,0,0.0121691512,2,2,17,0.9981574158,83,6,0.07228915663,32,3,0.09375
unscreened,Y2:P_H_matched_Y2,chemsys_r4,101,0,0.0121691512,26,18,16,0.9412117076,83,5,0.06024096386,32,1,0.03125
unscreened,Y2:P_H_matched_Y2,chemsys_r4,102,0,0.0121691512,6,1,20,0.9967773734,81,7,0.08641975309,32,3,0.09375
unscreened,Y2:P_H_matched_Y2,chemsys_r5,100,0,0.0121691512,5,1,30,0.9959356991,83,15,0.1807228916,27,5,0.1851851852
unscreened,Y2:P_H_matched_Y2,chemsys_r5,101,0,0.0121691512,16,10,12,0.9799666363,83,6,0.07228915663,27,1,0.03703703704
unscreened,Y2:P_H_matched_Y2,chemsys_r5,102,0,0.0121691512,10,1,13,0.9931756142,83,6,0.07228915663,27,1,0.03703703704
unscreened,Y2:P_H_matched_Y2,chemsys_r6,100,0,0.01217285453,1,1,20,0.9975121359,82,9,0.1097560976,32,3,0.09375
unscreened,Y2:P_H_matched_Y2,chemsys_r6,101,0,0.01217285453,29,2,19,0.9861271238,83,10,0.1204819277,32,6,0.1875
unscreened,Y2:P_H_matched_Y2,chemsys_r6,102,0,0.01217285453,2,1,19,0.9981341019,83,14,0.1686746988,32,8,0.25
unscreened,Y2:P_H_matched_Y2,chemsys_r7,100,0,0.0121691512,25,23,16,0.9475735517,83,7,0.0843373494,34,2,0.05882352941
unscreened,Y2:P_H_matched_Y2,chemsys_r7,101,0,0.0121691512,25,21,9,0.9556945708,83,5,0.06024096386,34,4,0.1176470588
unscreened,Y2:P_H_matched_Y2,chemsys_r7,102,0,0.0121691512,30,6,19,0.9712010919,83,12,0.1445783133,34,7,0.2058823529
unscreened,Y2:P_H_matched_Y2,chemsys_r8,100,0,0.0121691512,13,5,19,0.9848650288,83,11,0.1325301205,51,9,0.1764705882
unscreened,Y2:P_H_matched_Y2,chemsys_r8,101,0,0.0121691512,3,1,19,0.9997725205,83,5,0.06024096386,51,5,0.09803921569
unscreened,Y2:P_H_matched_Y2,chemsys_r8,102,0,0.0121691512,5,4,16,0.9913633606,83,8,0.09638554217,51,6,0.1176470588
unscreened,Y2:P_H_matched_Y2,chemsys_r9,100,0,0.0121691512,22,1,21,0.9864270549,83,13,0.156626506,45,10,0.2222222222
unscreened,Y2:P_H_matched_Y2,chemsys_r9,101,0,0.0121691512,41,4,17,0.9756900212,83,8,0.09638554217,45,4,0.08888888889
unscreened,Y2:P_H_matched_Y2,chemsys_r9,102,0,0.0121691512,4,2,26,0.9952684258,83,16,0.1927710843,45,8,0.1777777778
unscreened,Y2:P_H_matched_Y2,random_r0,100,0,0.0121691512,3,2,17,0.9995147103,83,9,0.1084337349,22,2,0.09090909091
unscreened,Y2:P_H_matched_Y2,random_r0,101,0,0.0121691512,28,2,13,0.9869654231,83,5,0.06024096386,22,1,0.04545454545
unscreened,Y2:P_H_matched_Y2,random_r0,102,0,0.0121691512,6,2,21,0.9977176221,82,10,0.1219512195,21,3,0.1428571429
unscreened,Y2:P_H_matched_Y2,random_r1,100,0,0.0121691512,4,3,23,0.9972020018,83,16,0.1927710843,34,10,0.2941176471
unscreened,Y2:P_H_matched_Y2,random_r1,101,0,0.0121691512,3,2,23,0.9982559903,82,15,0.1829268293,33,10,0.303030303
unscreened,Y2:P_H_matched_Y2,random_r1,102,0,0.0121691512,18,6,26,0.9841295117,83,16,0.1927710843,34,11,0.3235294118
unscreened,Y2:P_H_matched_Y2,random_r2,100,0,0.0121691512,6,1,18,0.9950409463,83,10,0.1204819277,36,9,0.25
unscreened,Y2:P_H_matched_Y2,random_r2,101,0,0.0121691512,7,7,14,0.9472247498,83,10,0.1204819277,36,8,0.2222222222
unscreened,Y2:P_H_matched_Y2,random_r2,102,0,0.0121691512,1,1,22,0.9990976645,82,17,0.2073170732,35,14,0.4
unscreened,Y2:P_H_matched_Y2,random_r3,100,0,0.0121691512,7,7,13,0.9737943585,83,6,0.07228915663,26,1,0.03846153846
unscreened,Y2:P_H_matched_Y2,random_r3,101,0,0.0121691512,10,1,25,0.9941537762,83,10,0.1204819277,26,1,0.03846153846
unscreened,Y2:P_H_matched_Y2,random_r3,102,0,0.0121691512,17,3,20,0.98366697,83,9,0.1084337349,26,5,0.1923076923
unscreened,Y2:P_H_matched_Y2,random_r4,100,0,0.0121691512,13,3,18,0.9822035184,83,12,0.1445783133,29,5,0.1724137931
unscreened,Y2:P_H_matched_Y2,random_r4,101,0,0.0121691512,1,1,18,0.9976417956,82,14,0.1707317073,29,9,0.3103448276
unscreened,Y2:P_H_matched_Y2,random_r4,102,0,0.0121691512,4,2,19,0.992462845,83,12,0.1445783133,29,6,0.2068965517
unscreened,Y2:P_H_matched_Y2,random_r5,100,0,0.0121691512,24,2,20,0.9900212314,82,8,0.09756097561,28,2,0.07142857143
unscreened,Y2:P_H_matched_Y2,random_r5,101,0,0.0121691512,13,7,14,0.9822945102,83,9,0.1084337349,28,4,0.1428571429
unscreened,Y2:P_H_matched_Y2,random_r5,102,0,0.0121691512,12,11,18,0.9770169851,83,9,0.1084337349,28,2,0.07142857143
unscreened,Y2:P_H_matched_Y2,random_r6,100,0,0.0121691512,3,1,21,0.9986882014,82,12,0.1463414634,37,6,0.1621621622
unscreened,Y2:P_H_matched_Y2,random_r6,101,0,0.0121691512,6,2,19,0.9935774947,83,10,0.1204819277,37,5,0.1351351351
unscreened,Y2:P_H_matched_Y2,random_r6,102,0,0.0121691512,7,2,18,0.9944949955,82,10,0.1219512195,37,5,0.1351351351
unscreened,Y2:P_H_matched_Y2,random_r7,100,0,0.0121691512,1,1,23,0.999347892,82,13,0.1585365854,23,5,0.2173913043
unscreened,Y2:P_H_matched_Y2,random_r7,101,0,0.0121691512,1,1,25,0.9964437367,83,8,0.09638554217,23,3,0.1304347826
unscreened,Y2:P_H_matched_Y2,random_r7,102,0,0.0121691512,2,1,17,0.9997346072,83,7,0.0843373494,23,5,0.2173913043
unscreened,Y2:P_H_matched_Y2,random_r8,100,0,0.0121691512,3,1,16,0.9990673339,82,7,0.08536585366,26,3,0.1153846154
unscreened,Y2:P_H_matched_Y2,random_r8,101,0,0.0121691512,7,1,25,0.9955868972,83,12,0.1445783133,26,6,0.2307692308
unscreened,Y2:P_H_matched_Y2,random_r8,102,0,0.0121691512,27,5,9,0.9769411586,83,1,0.01204819277,26,0,0
unscreened,Y2:P_H_matched_Y2,random_r9,100,0,0.0121691512,23,23,10,0.9611919927,83,7,0.0843373494,29,5,0.1724137931
unscreened,Y2:P_H_matched_Y2,random_r9,101,0,0.0121691512,30,2,16,0.977388535,83,5,0.06024096386,29,0,0
unscreened,Y2:P_H_matched_Y2,random_r9,102,0,0.0121691512,7,7,14,0.9885198665,83,10,0.1204819277,29,7,0.2413793103
unscreened,Y2:P_H_matched_Y2,chemsys_r0,100,0.02,0.0121691512,3,2,19,0.9978389445,82,13,0.1585365854,27,6,0.2222222222
unscreened,Y2:P_H_matched_Y2,chemsys_r0,101,0.02,0.0121691512,2,1,23,0.9991734911,83,13,0.156626506,28,6,0.2142857143
unscreened,Y2:P_H_matched_Y2,chemsys_r0,102,0.02,0.0121691512,3,1,27,0.9975962997,83,13,0.156626506,28,5,0.1785714286
unscreened,Y2:P_H_matched_Y2,chemsys_r1,100,0.02,0.0121691512,4,1,19,0.9975735517,83,10,0.1204819277,27,4,0.1481481481
unscreened,Y2:P_H_matched_Y2,chemsys_r1,101,0.02,0.0121691512,26,1,23,0.9831968456,83,11,0.1325301205,27,3,0.1111111111
unscreened,Y2:P_H_matched_Y2,chemsys_r1,102,0.02,0.0121691512,41,7,7,0.9722702457,83,0,0,27,0,0
unscreened,Y2:P_H_matched_Y2,chemsys_r2,100,0.02,0.0121691512,41,2,6,0.9686002426,83,3,0.03614457831,39,1,0.02564102564
unscreened,Y2:P_H_matched_Y2,chemsys_r2,101,0.02,0.0121691512,8,2,25,0.9920609645,82,12,0.1463414634,39,4,0.1025641026
unscreened,Y2:P_H_matched_Y2,chemsys_r2,102,0.02,0.0121691512,36,2,12,0.9742569002,83,1,0.01204819277,39,0,0
unscreened,Y2:P_H_matched_Y2,chemsys_r3,100,0.02,0.0121691512,2,1,26,0.999196239,83,13,0.156626506,40,8,0.2
unscreened,Y2:P_H_matched_Y2,chemsys_r3,101,0.02,0.0121691512,16,2,22,0.9914695177,83,9,0.1084337349,40,4,0.1
unscreened,Y2:P_H_matched_Y2,chemsys_r3,102,0.02,0.0121691512,9,2,19,0.9847361237,83,12,0.1445783133,40,8,0.2
unscreened,Y2:P_H_matched_Y2,chemsys_r4,100,0.02,0.0121691512,20,4,25,0.9844328177,83,4,0.04819277108,32,2,0.0625
unscreened,Y2:P_H_matched_Y2,chemsys_r4,101,0.02,0.0121691512,11,6,21,0.9783060358,83,6,0.07228915663,32,3,0.09375
unscreened,Y2:P_H_matched_Y2,chemsys_r4,102,0.02,0.0121691512,8,2,18,0.9948665453,81,4,0.04938271605,32,1,0.03125
unscreened,Y2:P_H_matched_Y2,chemsys_r5,100,0.02,0.0121691512,5,1,20,0.9989915074,83,7,0.0843373494,27,2,0.07407407407
unscreened,Y2:P_H_matched_Y2,chemsys_r5,101,0.02,0.0121691512,22,12,23,0.9776160146,83,8,0.09638554217,27,0,0
unscreened,Y2:P_H_matched_Y2,chemsys_r5,102,0.02,0.0121691512,13,1,21,0.9931225356,83,9,0.1084337349,27,1,0.03703703704
unscreened,Y2:P_H_matched_Y2,chemsys_r6,100,0.02,0.01217285453,1,1,25,0.9995828277,82,13,0.1585365854,32,6,0.1875
unscreened,Y2:P_H_matched_Y2,chemsys_r6,101,0.02,0.01217285453,5,5,20,0.9950318568,83,12,0.1445783133,32,5,0.15625
unscreened,Y2:P_H_matched_Y2,chemsys_r6,102,0.02,0.01217285453,3,1,20,0.998756068,83,12,0.1445783133,32,5,0.15625
unscreened,Y2:P_H_matched_Y2,chemsys_r7,100,0.02,0.0121691512,18,6,21,0.9752123142,83,10,0.1204819277,34,4,0.1176470588
unscreened,Y2:P_H_matched_Y2,chemsys_r7,101,0.02,0.0121691512,11,11,20,0.9669472247,83,11,0.1325301205,34,5,0.1470588235
unscreened,Y2:P_H_matched_Y2,chemsys_r7,102,0.02,0.0121691512,8,7,20,0.9815438277,83,9,0.1084337349,34,4,0.1176470588
unscreened,Y2:P_H_matched_Y2,chemsys_r8,100,0.02,0.0121691512,3,3,19,0.99648165,83,12,0.1445783133,51,10,0.1960784314
unscreened,Y2:P_H_matched_Y2,chemsys_r8,101,0.02,0.0121691512,2,1,18,0.9996360328,83,7,0.0843373494,51,6,0.1176470588
unscreened,Y2:P_H_matched_Y2,chemsys_r8,102,0.02,0.0121691512,5,2,20,0.9953670003,83,10,0.1204819277,51,7,0.137254902
unscreened,Y2:P_H_matched_Y2,chemsys_r9,100,0.02,0.0121691512,10,1,21,0.9911358811,83,11,0.1325301205,45,8,0.1777777778
unscreened,Y2:P_H_matched_Y2,chemsys_r9,101,0.02,0.0121691512,41,3,6,0.9622535638,83,0,0,45,0,0
unscreened,Y2:P_H_matched_Y2,chemsys_r9,102,0.02,0.0121691512,5,1,25,0.9955110707,83,14,0.1686746988,45,10,0.2222222222
unscreened,Y2:P_H_matched_Y2,random_r0,100,0.02,0.0121691512,5,2,26,0.9989232636,83,14,0.1686746988,22,3,0.1363636364
unscreened,Y2:P_H_matched_Y2,random_r0,101,0.02,0.0121691512,25,1,25,0.9893387928,83,8,0.09638554217,22,0,0
unscreened,Y2:P_H_matched_Y2,random_r0,102,0.02,0.0121691512,3,2,22,0.9979905975,82,10,0.1219512195,21,1,0.04761904762
unscreened,Y2:P_H_matched_Y2,random_r1,100,0.02,0.0121691512,5,4,28,0.9964513194,83,16,0.1927710843,34,8,0.2352941176
unscreened,Y2:P_H_matched_Y2,random_r1,101,0.02,0.0121691512,2,2,26,0.9987867759,82,18,0.2195121951,33,12,0.3636363636
unscreened,Y2:P_H_matched_Y2,random_r1,102,0.02,0.0121691512,3,3,28,0.9860934183,83,15,0.1807228916,34,7,0.2058823529
unscreened,Y2:P_H_matched_Y2,random_r2,100,0.02,0.0121691512,7,1,28,0.9959963603,83,19,0.2289156627,36,15,0.4166666667
unscreened,Y2:P_H_matched_Y2,random_r2,101,0.02,0.0121691512,12,3,26,0.988117986,83,17,0.2048192771,36,11,0.3055555556
unscreened,Y2:P_H_matched_Y2,random_r2,102,0.02,0.0121691512,1,1,22,0.9998407643,82,18,0.2195121951,35,15,0.4285714286
unscreened,Y2:P_H_matched_Y2,random_r3,100,0.02,0.0121691512,32,3,20,0.9774719442,83,5,0.06024096386,26,0,0
unscreened,Y2:P_H_matched_Y2,random_r3,101,0.02,0.0121691512,9,1,26,0.994093115,83,8,0.09638554217,26,1,0.03846153846
unscreened,Y2:P_H_matched_Y2,random_r3,102,0.02,0.0121691512,28,3,19,0.9773733697,83,4,0.04819277108,26,0,0
unscreened,Y2:P_H_matched_Y2,random_r4,100,0.02,0.0121691512,4,2,21,0.9933424325,83,9,0.1084337349,29,4,0.1379310345
unscreened,Y2:P_H_matched_Y2,random_r4,101,0.02,0.0121691512,11,1,32,0.9951622687,82,11,0.1341463415,29,4,0.1379310345
unscreened,Y2:P_H_matched_Y2,random_r4,102,0.02,0.0121691512,5,1,27,0.9949651198,83,14,0.1686746988,29,5,0.1724137931
unscreened,Y2:P_H_matched_Y2,random_r5,100,0.02,0.0121691512,22,5,24,0.9894828632,82,7,0.08536585366,28,0,0
unscreened,Y2:P_H_matched_Y2,random_r5,101,0.02,0.0121691512,19,1,20,0.9861389142,83,9,0.1084337349,28,1,0.03571428571
unscreened,Y2:P_H_matched_Y2,random_r5,102,0.02,0.0121691512,14,3,24,0.9878677586,83,4,0.04819277108,28,1,0.03571428571
unscreened,Y2:P_H_matched_Y2,random_r6,100,0.02,0.0121691512,1,1,19,0.9994237185,82,9,0.1097560976,37,4,0.1081081081
unscreened,Y2:P_H_matched_Y2,random_r6,101,0.02,0.0121691512,18,10,23,0.96985138,83,7,0.0843373494,37,2,0.05405405405
unscreened,Y2:P_H_matched_Y2,random_r6,102,0.02,0.0121691512,8,3,19,0.9933424325,82,10,0.1219512195,37,5,0.1351351351
unscreened,Y2:P_H_matched_Y2,random_r7,100,0.02,0.0121691512,1,1,20,0.9992114043,82,8,0.09756097561,23,4,0.1739130435
unscreened,Y2:P_H_matched_Y2,random_r7,101,0.02,0.0121691512,1,1,25,0.9965953897,83,6,0.07228915663,23,1,0.04347826087
unscreened,Y2:P_H_matched_Y2,random_r7,102,0.02,0.0121691512,1,1,21,0.9993630573,83,9,0.1084337349,23,5,0.2173913043
unscreened,Y2:P_H_matched_Y2,random_r8,100,0.02,0.0121691512,3,2,19,0.9994237185,82,11,0.1341463415,26,5,0.1923076923
unscreened,Y2:P_H_matched_Y2,random_r8,101,0.02,0.0121691512,7,1,21,0.9975432211,83,10,0.1204819277,26,5,0.1923076923
unscreened,Y2:P_H_matched_Y2,random_r8,102,0.02,0.0121691512,31,6,13,0.9774264483,83,3,0.03614457831,26,1,0.03846153846
unscreened,Y2:P_H_matched_Y2,random_r9,100,0.02,0.0121691512,21,11,16,0.9685244161,83,5,0.06024096386,29,2,0.06896551724
unscreened,Y2:P_H_matched_Y2,random_r9,101,0.02,0.0121691512,21,1,25,0.9859114346,83,8,0.09638554217,29,3,0.1034482759
unscreened,Y2:P_H_matched_Y2,random_r9,102,0.02,0.0121691512,17,12,23,0.9743403094,83,8,0.09638554217,29,4,0.1379310345
unscreened,Y2:P_H_matched_Y2,chemsys_r0,100,0.05,0.0121691512,4,1,25,0.9979754322,82,12,0.1463414634,27,7,0.2592592593
unscreened,Y2:P_H_matched_Y2,chemsys_r0,101,0.05,0.0121691512,2,1,24,0.9987943585,83,12,0.1445783133,28,5,0.1785714286
unscreened,Y2:P_H_matched_Y2,chemsys_r0,102,0.05,0.0121691512,3,1,28,0.9973764028,83,14,0.1686746988,28,7,0.25
unscreened,Y2:P_H_matched_Y2,chemsys_r1,100,0.05,0.0121691512,3,1,27,0.9974522293,83,14,0.1686746988,27,6,0.2222222222
unscreened,Y2:P_H_matched_Y2,chemsys_r1,101,0.05,0.0121691512,41,1,5,0.9771003943,83,1,0.01204819277,27,0,0
unscreened,Y2:P_H_matched_Y2,chemsys_r1,102,0.05,0.0121691512,8,3,27,0.9926751592,83,13,0.156626506,27,5,0.1851851852
unscreened,Y2:P_H_matched_Y2,chemsys_r2,100,0.05,0.0121691512,37,1,23,0.9864422202,83,2,0.02409638554,39,0,0
unscreened,Y2:P_H_matched_Y2,chemsys_r2,101,0.05,0.0121691512,8,7,16,0.9921064604,82,6,0.07317073171,39,2,0.05128205128
unscreened,Y2:P_H_matched_Y2,chemsys_r2,102,0.05,0.0121691512,41,1,7,0.9750985745,83,1,0.01204819277,39,0,0
unscreened,Y2:P_H_matched_Y2,chemsys_r3,100,0.05,0.0121691512,1,1,23,0.9994692144,83,11,0.1325301205,40,7,0.175
unscreened,Y2:P_H_matched_Y2,chemsys_r3,101,0.05,0.0121691512,13,1,27,0.9937215651,83,9,0.1084337349,40,3,0.075
unscreened,Y2:P_H_matched_Y2,chemsys_r3,102,0.05,0.0121691512,7,2,22,0.986229906,83,12,0.1445783133,40,8,0.2
unscreened,Y2:P_H_matched_Y2,chemsys_r4,100,0.05,0.0121691512,2,2,19,0.998089172,83,8,0.09638554217,32,5,0.15625
unscreened,Y2:P_H_matched_Y2,chemsys_r4,101,0.05,0.0121691512,11,10,23,0.9701622687,83,7,0.0843373494,32,3,0.09375
unscreened,Y2:P_H_matched_Y2,chemsys_r4,102,0.05,0.0121691512,5,2,22,0.995677889,81,4,0.04938271605,32,1,0.03125
unscreened,Y2:P_H_matched_Y2,chemsys_r5,100,0.05,0.0121691512,4,1,21,0.9991583258,83,8,0.09638554217,27,2,0.07407407407
unscreened,Y2:P_H_matched_Y2,chemsys_r5,101,0.05,0.0121691512,3,2,15,0.9972323324,83,7,0.0843373494,27,1,0.03703703704
unscreened,Y2:P_H_matched_Y2,chemsys_r5,102,0.05,0.0121691512,11,1,20,0.994093115,83,8,0.09638554217,27,1,0.03703703704
unscreened,Y2:P_H_matched_Y2,chemsys_r6,100,0.05,0.01217285453,2,1,26,0.9991049757,82,14,0.1707317073,32,6,0.1875
unscreened,Y2:P_H_matched_Y2,chemsys_r6,101,0.05,0.01217285453,4,4,23,0.996253034,83,12,0.1445783133,32,5,0.15625
unscreened,Y2:P_H_matched_Y2,chemsys_r6,102,0.05,0.01217285453,2,1,23,0.9993856189,83,11,0.1325301205,32,5,0.15625
unscreened,Y2:P_H_matched_Y2,chemsys_r7,100,0.05,0.0121691512,17,15,23,0.9718835305,83,7,0.0843373494,34,1,0.02941176471
unscreened,Y2:P_H_matched_Y2,chemsys_r7,101,0.05,0.0121691512,5,4,25,0.9857976949,83,9,0.1084337349,34,5,0.1470588235
unscreened,Y2:P_H_matched_Y2,chemsys_r7,102,0.05,0.0121691512,32,14,11,0.9627009402,83,4,0.04819277108,34,0,0
unscreened,Y2:P_H_matched_Y2,chemsys_r8,100,0.05,0.0121691512,3,3,20,0.9968380346,83,10,0.1204819277,51,8,0.1568627451
unscreened,Y2:P_H_matched_Y2,chemsys_r8,101,0.05,0.0121691512,2,1,19,0.9996360328,83,7,0.0843373494,51,5,0.09803921569
unscreened,Y2:P_H_matched_Y2,chemsys_r8,102,0.05,0.0121691512,14,12,18,0.9688428875,83,5,0.06024096386,51,2,0.03921568627
unscreened,Y2:P_H_matched_Y2,chemsys_r9,100,0.05,0.0121691512,3,1,26,0.997459812,83,15,0.1807228916,45,8,0.1777777778
unscreened,Y2:P_H_matched_Y2,chemsys_r9,101,0.05,0.0121691512,19,1,22,0.9878980892,83,0,0,45,0,0
unscreened,Y2:P_H_matched_Y2,chemsys_r9,102,0.05,0.0121691512,2,1,25,0.9976190476,83,10,0.1204819277,45,6,0.1333333333
unscreened,Y2:P_H_matched_Y2,random_r0,100,0.05,0.0121691512,5,2,21,0.9991810737,83,12,0.1445783133,22,2,0.09090909091
unscreened,Y2:P_H_matched_Y2,random_r0,101,0.05,0.0121691512,22,1,28,0.9905216864,83,9,0.1084337349,22,3,0.1363636364
unscreened,Y2:P_H_matched_Y2,random_r0,102,0.05,0.0121691512,3,2,26,0.997937519,82,9,0.1097560976,21,1,0.04761904762
unscreened,Y2:P_H_matched_Y2,random_r1,100,0.05,0.0121691512,23,4,21,0.9857370337,83,5,0.06024096386,34,0,0
unscreened,Y2:P_H_matched_Y2,random_r1,101,0.05,0.0121691512,7,1,30,0.9977858659,82,13,0.1585365854,33,7,0.2121212121
unscreened,Y2:P_H_matched_Y2,random_r1,102,0.05,0.0121691512,25,4,23,0.9817940552,83,6,0.07228915663,34,0,0
unscreened,Y2:P_H_matched_Y2,random_r2,100,0.05,0.0121691512,9,1,30,0.995200182,83,20,0.2409638554,36,16,0.4444444444
unscreened,Y2:P_H_matched_Y2,random_r2,101,0.05,0.0121691512,8,2,23,0.9916439187,83,13,0.156626506,36,9,0.25
unscreened,Y2:P_H_matched_Y2,random_r2,102,0.05,0.0121691512,1,1,23,0.9996284501,82,20,0.243902439,35,16,0.4571428571
unscreened,Y2:P_H_matched_Y2,random_r3,100,0.05,0.0121691512,8,2,26,0.9926979072,83,6,0.07228915663,26,1,0.03846153846
unscreened,Y2:P_H_matched_Y2,random_r3,101,0.05,0.0121691512,11,1,25,0.9936988171,83,6,0.07228915663,26,1,0.03846153846
unscreened,Y2:P_H_matched_Y2,random_r3,102,0.05,0.0121691512,41,1,14,0.9727555353,83,2,0.02409638554,26,0,0
unscreened,Y2:P_H_matched_Y2,random_r4,100,0.05,0.0121691512,4,1,28,0.9989460115,83,13,0.156626506,29,7,0.2413793103
unscreened,Y2:P_H_matched_Y2,random_r4,101,0.05,0.0121691512,7,1,24,0.9979981802,82,12,0.1463414634,29,6,0.2068965517
unscreened,Y2:P_H_matched_Y2,random_r4,102,0.05,0.0121691512,5,1,25,0.9958826206,83,12,0.1445783133,29,6,0.2068965517
unscreened,Y2:P_H_matched_Y2,random_r5,100,0.05,0.0121691512,15,5,25,0.9931301183,82,5,0.06097560976,28,2,0.07142857143
unscreened,Y2:P_H_matched_Y2,random_r5,101,0.05,0.0121691512,24,6,20,0.979625417,83,6,0.07228915663,28,1,0.03571428571
unscreened,Y2:P_H_matched_Y2,random_r5,102,0.05,0.0121691512,18,4,23,0.9865711253,83,4,0.04819277108,28,1,0.03571428571
unscreened,Y2:P_H_matched_Y2,random_r6,100,0.05,0.0121691512,1,1,20,0.9997952684,82,9,0.1097560976,37,5,0.1351351351
unscreened,Y2:P_H_matched_Y2,random_r6,101,0.05,0.0121691512,7,1,23,0.9936457386,83,9,0.1084337349,37,5,0.1351351351
unscreened,Y2:P_H_matched_Y2,random_r6,102,0.05,0.0121691512,8,3,20,0.9932211101,82,10,0.1219512195,37,4,0.1081081081
unscreened,Y2:P_H_matched_Y2,random_r7,100,0.05,0.0121691512,1,1,23,0.9989839248,82,10,0.1219512195,23,5,0.2173913043
unscreened,Y2:P_H_matched_Y2,random_r7,101,0.05,0.0121691512,1,1,25,0.9981498332,83,8,0.09638554217,23,4,0.1739130435
unscreened,Y2:P_H_matched_Y2,random_r7,102,0.05,0.0121691512,1,1,22,0.999499545,83,9,0.1084337349,23,5,0.2173913043
unscreened,Y2:P_H_matched_Y2,random_r8,100,0.05,0.0121691512,3,2,20,0.9994161359,82,10,0.1219512195,26,6,0.2307692308
unscreened,Y2:P_H_matched_Y2,random_r8,101,0.05,0.0121691512,6,1,23,0.9980588414,83,12,0.1445783133,26,4,0.1538461538
unscreened,Y2:P_H_matched_Y2,random_r8,102,0.05,0.0121691512,41,7,15,0.9747042766,83,0,0,26,0,0
unscreened,Y2:P_H_matched_Y2,random_r9,100,0.05,0.0121691512,31,14,15,0.9682969366,83,5,0.06024096386,29,1,0.03448275862
unscreened,Y2:P_H_matched_Y2,random_r9,101,0.05,0.0121691512,23,1,27,0.9851304216,83,5,0.06024096386,29,2,0.06896551724
unscreened,Y2:P_H_matched_Y2,random_r9,102,0.05,0.0121691512,19,13,23,0.9722702457,83,7,0.0843373494,29,4,0.1379310345
unscreened,Y2:P_H_matched_Y2,chemsys_r0,100,0.1,0.0121691512,5,1,30,0.9981422505,82,13,0.1585365854,27,6,0.2222222222
unscreened,Y2:P_H_matched_Y2,chemsys_r0,101,0.1,0.0121691512,2,1,28,0.9990824992,83,16,0.1927710843,28,8,0.2857142857
unscreened,Y2:P_H_matched_Y2,chemsys_r0,102,0.1,0.0121691512,3,1,28,0.9986427055,83,15,0.1807228916,28,8,0.2857142857
unscreened,Y2:P_H_matched_Y2,chemsys_r1,100,0.1,0.0121691512,3,1,28,0.9971792539,83,15,0.1807228916,27,6,0.2222222222
unscreened,Y2:P_H_matched_Y2,chemsys_r1,101,0.1,0.0121691512,29,1,22,0.9821959357,83,11,0.1325301205,27,4,0.1481481481
unscreened,Y2:P_H_matched_Y2,chemsys_r1,102,0.1,0.0121691512,5,4,25,0.9932817713,83,13,0.156626506,27,6,0.2222222222
unscreened,Y2:P_H_matched_Y2,chemsys_r2,100,0.1,0.0121691512,41,1,21,0.9884592053,83,0,0,39,0,0
unscreened,Y2:P_H_matched_Y2,chemsys_r2,101,0.1,0.0121691512,5,3,21,0.9962086746,82,9,0.1097560976,39,4,0.1025641026
unscreened,Y2:P_H_matched_Y2,chemsys_r2,102,0.1,0.0121691512,41,1,18,0.9834394904,83,0,0,39,0,0
unscreened,Y2:P_H_matched_Y2,chemsys_r3,100,0.1,0.0121691512,1,1,25,0.9995677889,83,12,0.1445783133,40,6,0.15
unscreened,Y2:P_H_matched_Y2,chemsys_r3,101,0.1,0.0121691512,13,1,28,0.9951243555,83,8,0.09638554217,40,4,0.1
unscreened,Y2:P_H_matched_Y2,chemsys_r3,102,0.1,0.0121691512,15,2,26,0.979974219,83,8,0.09638554217,40,4,0.1
unscreened,Y2:P_H_matched_Y2,chemsys_r4,100,0.1,0.0121691512,2,2,19,0.998089172,83,8,0.09638554217,32,4,0.125
unscreened,Y2:P_H_matched_Y2,chemsys_r4,101,0.1,0.0121691512,18,6,23,0.9806490749,83,6,0.07228915663,32,3,0.09375
unscreened,Y2:P_H_matched_Y2,chemsys_r4,102,0.1,0.0121691512,7,2,21,0.9956627237,81,7,0.08641975309,32,4,0.125
unscreened,Y2:P_H_matched_Y2,chemsys_r5,100,0.1,0.0121691512,4,1,19,0.9992872308,83,6,0.07228915663,27,0,0
unscreened,Y2:P_H_matched_Y2,chemsys_r5,101,0.1,0.0121691512,3,2,19,0.9969214437,83,7,0.0843373494,27,2,0.07407407407
unscreened,Y2:P_H_matched_Y2,chemsys_r5,102,0.1,0.0121691512,10,1,26,0.9945101608,83,8,0.09638554217,27,1,0.03703703704
unscreened,Y2:P_H_matched_Y2,chemsys_r6,100,0.1,0.01217285453,2,1,25,0.9991049757,82,13,0.1585365854,32,6,0.1875
unscreened,Y2:P_H_matched_Y2,chemsys_r6,101,0.1,0.01217285453,7,3,27,0.9948118932,83,11,0.1325301205,32,4,0.125
unscreened,Y2:P_H_matched_Y2,chemsys_r6,102,0.1,0.01217285453,1,1,22,0.9998331311,83,12,0.1445783133,32,5,0.15625
unscreened,Y2:P_H_matched_Y2,chemsys_r7,100,0.1,0.0121691512,13,4,26,0.9851228389,83,10,0.1204819277,34,4,0.1176470588
unscreened,Y2:P_H_matched_Y2,chemsys_r7,101,0.1,0.0121691512,29,4,24,0.9684030937,83,6,0.07228915663,34,2,0.05882352941
unscreened,Y2:P_H_matched_Y2,chemsys_r7,102,0.1,0.0121691512,13,5,26,0.9840081893,83,8,0.09638554217,34,4,0.1176470588
unscreened,Y2:P_H_matched_Y2,chemsys_r8,100,0.1,0.0121691512,4,4,23,0.9959887777,83,10,0.1204819277,51,8,0.1568627451
unscreened,Y2:P_H_matched_Y2,chemsys_r8,101,0.1,0.0121691512,2,1,21,0.9995298756,83,9,0.1084337349,51,6,0.1176470588
unscreened,Y2:P_H_matched_Y2,chemsys_r8,102,0.1,0.0121691512,11,7,21,0.9838641189,83,5,0.06024096386,51,3,0.05882352941
unscreened,Y2:P_H_matched_Y2,chemsys_r9,100,0.1,0.0121691512,3,1,30,0.9947755535,83,12,0.1445783133,45,7,0.1555555556
unscreened,Y2:P_H_matched_Y2,chemsys_r9,101,0.1,0.0121691512,27,1,23,0.9860934183,83,0,0,45,0,0
unscreened,Y2:P_H_matched_Y2,chemsys_r9,102,0.1,0.0121691512,4,2,28,0.996132848,83,13,0.156626506,45,9,0.2
unscreened,Y2:P_H_matched_Y2,random_r0,100,0.1,0.0121691512,4,2,21,0.9994237185,83,10,0.1204819277,22,2,0.09090909091
unscreened,Y2:P_H_matched_Y2,random_r0,101,0.1,0.0121691512,21,2,21,0.9902942069,83,7,0.0843373494,22,1,0.04545454545
unscreened,Y2:P_H_matched_Y2,random_r0,102,0.1,0.0121691512,3,2,27,0.9978465271,82,8,0.09756097561,21,1,0.04761904762
unscreened,Y2:P_H_matched_Y2,random_r1,100,0.1,0.0121691512,35,4,14,0.9800727934,83,1,0.01204819277,34,0,0
unscreened,Y2:P_H_matched_Y2,random_r1,101,0.1,0.0121691512,7,1,31,0.9977858659,82,16,0.1951219512,33,8,0.2424242424
unscreened,Y2:P_H_matched_Y2,random_r1,102,0.1,0.0121691512,41,4,17,0.9766985138,83,0,0,34,0,0
unscreened,Y2:P_H_matched_Y2,random_r2,100,0.1,0.0121691512,10,1,29,0.9945101608,83,18,0.2168674699,36,14,0.3888888889
unscreened,Y2:P_H_matched_Y2,random_r2,101,0.1,0.0121691512,8,2,25,0.9927737337,83,12,0.1445783133,36,9,0.25
unscreened,Y2:P_H_matched_Y2,random_r2,102,0.1,0.0121691512,1,1,24,0.9994313012,82,19,0.2317073171,35,15,0.4285714286
unscreened,Y2:P_H_matched_Y2,random_r3,100,0.1,0.0121691512,7,2,26,0.9932817713,83,5,0.06024096386,26,1,0.03846153846
unscreened,Y2:P_H_matched_Y2,random_r3,101,0.1,0.0121691512,17,1,26,0.9903472854,83,5,0.06024096386,26,1,0.03846153846
unscreened,Y2:P_H_matched_Y2,random_r3,102,0.1,0.0121691512,19,3,25,0.9836593873,83,5,0.06024096386,26,1,0.03846153846
unscreened,Y2:P_H_matched_Y2,random_r4,100,0.1,0.0121691512,2,1,31,0.998566879,83,13,0.156626506,29,7,0.2413793103
unscreened,Y2:P_H_matched_Y2,random_r4,101,0.1,0.0121691512,5,1,28,0.9985138004,82,11,0.1341463415,29,6,0.2068965517
unscreened,Y2:P_H_matched_Y2,random_r4,102,0.1,0.0121691512,37,1,23,0.986684865,83,1,0.01204819277,29,0,0
unscreened,Y2:P_H_matched_Y2,random_r5,100,0.1,0.0121691512,15,4,28,0.9933272672,82,4,0.0487804878,28,1,0.03571428571
unscreened,Y2:P_H_matched_Y2,random_r5,101,0.1,0.0121691512,25,6,20,0.9791325447,83,1,0.01204819277,28,0,0
unscreened,Y2:P_H_matched_Y2,random_r5,102,0.1,0.0121691512,11,1,29,0.9908704883,83,6,0.07228915663,28,1,0.03571428571
unscreened,Y2:P_H_matched_Y2,random_r6,100,0.1,0.0121691512,1,1,23,0.999499545,82,9,0.1097560976,37,6,0.1621621622
unscreened,Y2:P_H_matched_Y2,random_r6,101,0.1,0.0121691512,6,1,24,0.9946845617,83,9,0.1084337349,37,6,0.1621621622
unscreened,Y2:P_H_matched_Y2,random_r6,102,0.1,0.0121691512,8,3,26,0.9933879284,82,10,0.1219512195,37,6,0.1621621622
unscreened,Y2:P_H_matched_Y2,random_r7,100,0.1,0.0121691512,1,1,22,0.9993023961,82,10,0.1219512195,23,5,0.2173913043
unscreened,Y2:P_H_matched_Y2,random_r7,101,0.1,0.0121691512,1,1,29,0.9975128905,83,10,0.1204819277,23,4,0.1739130435
unscreened,Y2:P_H_matched_Y2,random_r7,102,0.1,0.0121691512,1,1,22,0.9994237185,83,9,0.1084337349,23,4,0.1739130435
unscreened,Y2:P_H_matched_Y2,random_r8,100,0.1,0.0121691512,4,2,27,0.998695784,82,13,0.1585365854,26,6,0.2307692308
unscreened,Y2:P_H_matched_Y2,random_r8,101,0.1,0.0121691512,6,1,23,0.9980588414,83,12,0.1445783133,26,5,0.1923076923
unscreened,Y2:P_H_matched_Y2,random_r8,102,0.1,0.0121691512,14,3,23,0.9900970579,83,13,0.156626506,26,4,0.1538461538
unscreened,Y2:P_H_matched_Y2,random_r9,100,0.1,0.0121691512,25,8,24,0.9778131635,83,7,0.0843373494,29,3,0.1034482759
unscreened,Y2:P_H_matched_Y2,random_r9,101,0.1,0.0121691512,21,1,30,0.9855702153,83,6,0.07228915663,29,4,0.1379310345
unscreened,Y2:P_H_matched_Y2,random_r9,102,0.1,0.0121691512,5,2,24,0.9965347285,83,11,0.1325301205,29,7,0.2413793103
unscreened,Y2:P_H_matched_Y2,chemsys_r0,100,0.25,0.0121691512,3,1,31,0.9980285108,82,13,0.1585365854,27,5,0.1851851852
unscreened,Y2:P_H_matched_Y2,chemsys_r0,101,0.25,0.0121691512,4,1,27,0.9978692751,83,13,0.156626506,28,5,0.1785714286
unscreened,Y2:P_H_matched_Y2,chemsys_r0,102,0.25,0.0121691512,2,1,30,0.9984000607,83,14,0.1686746988,28,6,0.2142857143
unscreened,Y2:P_H_matched_Y2,chemsys_r1,100,0.25,0.0121691512,3,2,30,0.9962314225,83,14,0.1686746988,27,6,0.2222222222
unscreened,Y2:P_H_matched_Y2,chemsys_r1,101,0.25,0.0121691512,31,1,27,0.9821731877,83,4,0.04819277108,27,0,0
unscreened,Y2:P_H_matched_Y2,chemsys_r1,102,0.25,0.0121691512,4,4,28,0.994070367,83,14,0.1686746988,27,5,0.1851851852
unscreened,Y2:P_H_matched_Y2,chemsys_r2,100,0.25,0.0121691512,31,1,29,0.989899909,83,1,0.01204819277,39,0,0
unscreened,Y2:P_H_matched_Y2,chemsys_r2,101,0.25,0.0121691512,11,8,22,0.9898923264,82,5,0.06097560976,39,3,0.07692307692
unscreened,Y2:P_H_matched_Y2,chemsys_r2,102,0.25,0.0121691512,18,1,26,0.9888459205,83,6,0.07228915663,39,3,0.07692307692
unscreened,Y2:P_H_matched_Y2,chemsys_r3,100,0.25,0.0121691512,13,1,30,0.9954124962,83,6,0.07228915663,40,3,0.075
unscreened,Y2:P_H_matched_Y2,chemsys_r3,101,0.25,0.0121691512,17,1,30,0.9936305732,83,9,0.1084337349,40,4,0.1
unscreened,Y2:P_H_matched_Y2,chemsys_r3,102,0.25,0.0121691512,13,2,21,0.9843418259,83,5,0.06024096386,40,1,0.025
unscreened,Y2:P_H_matched_Y2,chemsys_r4,100,0.25,0.0121691512,2,2,22,0.9979981802,83,11,0.1325301205,32,5,0.15625
unscreened,Y2:P_H_matched_Y2,chemsys_r4,101,0.25,0.0121691512,3,3,23,0.9909008189,83,10,0.1204819277,32,4,0.125
unscreened,Y2:P_H_matched_Y2,chemsys_r4,102,0.25,0.0121691512,7,1,26,0.9970427662,81,8,0.0987654321,32,4,0.125
unscreened,Y2:P_H_matched_Y2,chemsys_r5,100,0.25,0.0121691512,7,1,24,0.9986123749,83,7,0.0843373494,27,0,0
unscreened,Y2:P_H_matched_Y2,chemsys_r5,101,0.25,0.0121691512,20,4,28,0.988140734,83,5,0.06024096386,27,0,0
unscreened,Y2:P_H_matched_Y2,chemsys_r5,102,0.25,0.0121691512,16,1,26,0.9946921444,83,6,0.07228915663,27,0,0
unscreened,Y2:P_H_matched_Y2,chemsys_r6,100,0.25,0.01217285453,1,1,23,0.9996662621,82,11,0.1341463415,32,3,0.09375
unscreened,Y2:P_H_matched_Y2,chemsys_r6,101,0.25,0.01217285453,6,3,27,0.9956462379,83,10,0.1204819277,32,3,0.09375
unscreened,Y2:P_H_matched_Y2,chemsys_r6,102,0.25,0.01217285453,1,1,26,0.9998331311,83,11,0.1325301205,32,3,0.09375
unscreened,Y2:P_H_matched_Y2,chemsys_r7,100,0.25,0.0121691512,12,3,29,0.987966333,83,10,0.1204819277,34,3,0.08823529412
unscreened,Y2:P_H_matched_Y2,chemsys_r7,101,0.25,0.0121691512,10,6,25,0.9799818016,83,10,0.1204819277,34,4,0.1176470588
unscreened,Y2:P_H_matched_Y2,chemsys_r7,102,0.25,0.0121691512,25,12,20,0.9712617531,83,5,0.06024096386,34,0,0
unscreened,Y2:P_H_matched_Y2,chemsys_r8,100,0.25,0.0121691512,5,5,25,0.9929481347,83,8,0.09638554217,51,5,0.09803921569
unscreened,Y2:P_H_matched_Y2,chemsys_r8,101,0.25,0.0121691512,2,1,19,0.9995298756,83,8,0.09638554217,51,5,0.09803921569
unscreened,Y2:P_H_matched_Y2,chemsys_r8,102,0.25,0.0121691512,14,6,24,0.9840991811,83,7,0.0843373494,51,4,0.07843137255
unscreened,Y2:P_H_matched_Y2,chemsys_r9,100,0.25,0.0121691512,2,1,30,0.9950788596,83,9,0.1084337349,45,3,0.06666666667
unscreened,Y2:P_H_matched_Y2,chemsys_r9,101,0.25,0.0121691512,19,1,27,0.988292387,83,0,0,45,0,0
unscreened,Y2:P_H_matched_Y2,chemsys_r9,102,0.25,0.0121691512,4,2,27,0.9955868972,83,10,0.1204819277,45,5,0.1111111111
unscreened,Y2:P_H_matched_Y2,random_r0,100,0.25,0.0121691512,5,2,25,0.9990749166,83,12,0.1445783133,22,3,0.1363636364
unscreened,Y2:P_H_matched_Y2,random_r0,101,0.25,0.0121691512,14,3,29,0.9933272672,83,9,0.1084337349,22,0,0
unscreened,Y2:P_H_matched_Y2,random_r0,102,0.25,0.0121691512,2,2,28,0.9981270852,82,10,0.1219512195,21,1,0.04761904762
unscreened,Y2:P_H_matched_Y2,random_r1,100,0.25,0.0121691512,3,2,30,0.9978313618,83,15,0.1807228916,34,7,0.2058823529
unscreened,Y2:P_H_matched_Y2,random_r1,101,0.25,0.0121691512,6,1,32,0.9978541098,82,8,0.09756097561,33,0,0
unscreened,Y2:P_H_matched_Y2,random_r1,102,0.25,0.0121691512,41,5,15,0.9739080983,83,0,0,34,0,0
unscreened,Y2:P_H_matched_Y2,random_r2,100,0.25,0.0121691512,7,1,27,0.9962390052,83,17,0.2048192771,36,12,0.3333333333
unscreened,Y2:P_H_matched_Y2,random_r2,101,0.25,0.0121691512,9,2,26,0.9895359418,83,8,0.09638554217,36,5,0.1388888889
unscreened,Y2:P_H_matched_Y2,random_r2,102,0.25,0.0121691512,1,1,26,0.9992948135,82,18,0.2195121951,35,15,0.4285714286
unscreened,Y2:P_H_matched_Y2,random_r3,100,0.25,0.0121691512,6,3,23,0.9926524113,83,6,0.07228915663,26,0,0
unscreened,Y2:P_H_matched_Y2,random_r3,101,0.25,0.0121691512,35,2,19,0.9806642402,83,0,0,26,0,0
unscreened,Y2:P_H_matched_Y2,random_r3,102,0.25,0.0121691512,12,2,30,0.9890734001,83,6,0.07228915663,26,1,0.03846153846
unscreened,Y2:P_H_matched_Y2,random_r4,100,0.25,0.0121691512,12,1,29,0.9918713982,83,7,0.0843373494,29,0,0
unscreened,Y2:P_H_matched_Y2,random_r4,101,0.25,0.0121691512,4,1,31,0.9980512587,82,8,0.09756097561,29,0,0
unscreened,Y2:P_H_matched_Y2,random_r4,102,0.25,0.0121691512,25,1,26,0.9888004246,83,2,0.02409638554,29,0,0
unscreened,Y2:P_H_matched_Y2,random_r5,100,0.25,0.0121691512,11,3,28,0.9946542311,82,5,0.06097560976,28,1,0.03571428571
unscreened,Y2:P_H_matched_Y2,random_r5,101,0.25,0.0121691512,9,9,20,0.9874431301,83,8,0.09638554217,28,2,0.07142857143
unscreened,Y2:P_H_matched_Y2,random_r5,102,0.25,0.0121691512,6,1,27,0.995025781,83,8,0.09638554217,28,1,0.03571428571
unscreened,Y2:P_H_matched_Y2,random_r6,100,0.25,0.0121691512,1,1,25,0.9988019412,82,9,0.1097560976,37,4,0.1081081081
unscreened,Y2:P_H_matched_Y2,random_r6,101,0.25,0.0121691512,8,1,27,0.9925007583,83,6,0.07228915663,37,2,0.05405405405
unscreened,Y2:P_H_matched_Y2,random_r6,102,0.25,0.0121691512,3,3,28,0.9957688808,82,11,0.1341463415,37,7,0.1891891892
unscreened,Y2:P_H_matched_Y2,random_r7,100,0.25,0.0121691512,1,1,25,0.9993327267,82,10,0.1219512195,23,5,0.2173913043
unscreened,Y2:P_H_matched_Y2,random_r7,101,0.25,0.0121691512,1,1,31,0.9973839854,83,10,0.1204819277,23,4,0.1739130435
unscreened,Y2:P_H_matched_Y2,random_r7,102,0.25,0.0121691512,1,1,24,0.9994161359,83,9,0.1084337349,23,5,0.2173913043
unscreened,Y2:P_H_matched_Y2,random_r8,100,0.25,0.0121691512,3,2,29,0.9979223537,82,11,0.1341463415,26,5,0.1923076923
unscreened,Y2:P_H_matched_Y2,random_r8,101,0.25,0.0121691512,5,1,29,0.9976645435,83,12,0.1445783133,26,5,0.1923076923
unscreened,Y2:P_H_matched_Y2,random_r8,102,0.25,0.0121691512,7,1,35,0.9933272672,83,12,0.1445783133,26,4,0.1538461538
unscreened,Y2:P_H_matched_Y2,random_r9,100,0.25,0.0121691512,30,11,24,0.9708977859,83,2,0.02409638554,29,0,0
unscreened,Y2:P_H_matched_Y2,random_r9,101,0.25,0.0121691512,2,2,27,0.9967925387,83,11,0.1325301205,29,6,0.2068965517
unscreened,Y2:P_H_matched_Y2,random_r9,102,0.25,0.0121691512,6,2,24,0.9958219594,83,10,0.1204819277,29,6,0.2068965517
unscreened,Y2:P_H_matched_Y2,chemsys_r0,100,0.5,0.0121691512,2,1,31,0.9974673946,82,12,0.1463414634,27,1,0.03703703704
unscreened,Y2:P_H_matched_Y2,chemsys_r0,101,0.5,0.0121691512,3,1,30,0.9973915681,83,11,0.1325301205,28,1,0.03571428571
unscreened,Y2:P_H_matched_Y2,chemsys_r0,102,0.5,0.0121691512,2,1,29,0.9984000607,83,12,0.1445783133,28,3,0.1071428571
unscreened,Y2:P_H_matched_Y2,chemsys_r1,100,0.5,0.0121691512,3,2,29,0.9960342736,83,12,0.1445783133,27,3,0.1111111111
unscreened,Y2:P_H_matched_Y2,chemsys_r1,101,0.5,0.0121691512,1,1,30,0.9977934486,83,11,0.1325301205,27,3,0.1111111111
unscreened,Y2:P_H_matched_Y2,chemsys_r1,102,0.5,0.0121691512,3,3,25,0.9951850167,83,11,0.1325301205,27,3,0.1111111111
unscreened,Y2:P_H_matched_Y2,chemsys_r2,100,0.5,0.0121691512,25,1,29,0.9918865635,83,0,0,39,0,0
unscreened,Y2:P_H_matched_Y2,chemsys_r2,101,0.5,0.0121691512,6,5,23,0.9944874128,82,5,0.06097560976,39,2,0.05128205128
unscreened,Y2:P_H_matched_Y2,chemsys_r2,102,0.5,0.0121691512,26,2,25,0.9870488323,83,1,0.01204819277,39,0,0
unscreened,Y2:P_H_matched_Y2,chemsys_r3,100,0.5,0.0121691512,12,2,27,0.9934940855,83,3,0.03614457831,40,1,0.025
unscreened,Y2:P_H_matched_Y2,chemsys_r3,101,0.5,0.0121691512,18,1,25,0.9937973916,83,4,0.04819277108,40,1,0.025
unscreened,Y2:P_H_matched_Y2,chemsys_r3,102,0.5,0.0121691512,25,9,22,0.9794889293,83,1,0.01204819277,40,0,0
unscreened,Y2:P_H_matched_Y2,chemsys_r4,100,0.5,0.0121691512,2,2,25,0.9972171671,83,8,0.09638554217,32,3,0.09375
unscreened,Y2:P_H_matched_Y2,chemsys_r4,101,0.5,0.0121691512,3,3,21,0.990878071,83,6,0.07228915663,32,0,0
unscreened,Y2:P_H_matched_Y2,chemsys_r4,102,0.5,0.0121691512,6,1,26,0.9974673946,81,7,0.08641975309,32,3,0.09375
unscreened,Y2:P_H_matched_Y2,chemsys_r5,100,0.5,0.0121691512,12,1,28,0.9975962997,83,7,0.0843373494,27,0,0
unscreened,Y2:P_H_matched_Y2,chemsys_r5,101,0.5,0.0121691512,12,3,24,0.9939414619,83,7,0.0843373494,27,0,0
unscreened,Y2:P_H_matched_Y2,chemsys_r5,102,0.5,0.0121691512,12,2,26,0.9953366697,83,7,0.0843373494,27,0,0
unscreened,Y2:P_H_matched_Y2,chemsys_r6,100,0.5,0.01217285453,2,1,25,0.9986726335,82,9,0.1097560976,32,1,0.03125
unscreened,Y2:P_H_matched_Y2,chemsys_r6,101,0.5,0.01217285453,6,3,27,0.995464199,83,9,0.1084337349,32,1,0.03125
unscreened,Y2:P_H_matched_Y2,chemsys_r6,102,0.5,0.01217285453,3,1,29,0.9987712379,83,8,0.09638554217,32,1,0.03125
unscreened,Y2:P_H_matched_Y2,chemsys_r7,100,0.5,0.0121691512,23,7,25,0.9698817106,83,2,0.02409638554,34,0,0
unscreened,Y2:P_H_matched_Y2,chemsys_r7,101,0.5,0.0121691512,14,4,25,0.9831968456,83,6,0.07228915663,34,0,0
unscreened,Y2:P_H_matched_Y2,chemsys_r7,102,0.5,0.0121691512,9,4,27,0.9880421595,83,6,0.07228915663,34,0,0
unscreened,Y2:P_H_matched_Y2,chemsys_r8,100,0.5,0.0121691512,3,3,26,0.9945632393,83,3,0.03614457831,51,1,0.01960784314
unscreened,Y2:P_H_matched_Y2,chemsys_r8,101,0.5,0.0121691512,1,1,23,0.9999696694,83,6,0.07228915663,51,4,0.07843137255
unscreened,Y2:P_H_matched_Y2,chemsys_r8,102,0.5,0.0121691512,21,3,19,0.9803609342,83,0,0,51,0,0
unscreened,Y2:P_H_matched_Y2,chemsys_r9,100,0.5,0.0121691512,3,1,28,0.9957992114,83,5,0.06024096386,45,0,0
unscreened,Y2:P_H_matched_Y2,chemsys_r9,101,0.5,0.0121691512,15,2,24,0.9879056718,83,0,0,45,0,0
unscreened,Y2:P_H_matched_Y2,chemsys_r9,102,0.5,0.0121691512,5,1,28,0.9939642099,83,2,0.02409638554,45,0,0
unscreened,Y2:P_H_matched_Y2,random_r0,100,0.5,0.0121691512,3,2,27,0.9986882014,83,12,0.1445783133,22,0,0
unscreened,Y2:P_H_matched_Y2,random_r0,101,0.5,0.0121691512,14,6,25,0.9926448286,83,9,0.1084337349,22,0,0
unscreened,Y2:P_H_matched_Y2,random_r0,102,0.5,0.0121691512,2,2,27,0.9981649985,82,9,0.1097560976,21,2,0.09523809524
unscreened,Y2:P_H_matched_Y2,random_r1,100,0.5,0.0121691512,3,2,27,0.9980967546,83,12,0.1445783133,34,4,0.1176470588
unscreened,Y2:P_H_matched_Y2,random_r1,101,0.5,0.0121691512,6,1,32,0.9975356385,82,6,0.07317073171,33,0,0
unscreened,Y2:P_H_matched_Y2,random_r1,102,0.5,0.0121691512,31,5,15,0.9777525023,83,0,0,34,0,0
unscreened,Y2:P_H_matched_Y2,random_r2,100,0.5,0.0121691512,10,1,24,0.9943357598,83,7,0.0843373494,36,2,0.05555555556
unscreened,Y2:P_H_matched_Y2,random_r2,101,0.5,0.0121691512,7,1,21,0.9922732787,83,5,0.06024096386,36,2,0.05555555556
unscreened,Y2:P_H_matched_Y2,random_r2,102,0.5,0.0121691512,1,1,22,0.9982559903,82,8,0.09756097561,35,6,0.1714285714
unscreened,Y2:P_H_matched_Y2,random_r3,100,0.5,0.0121691512,7,1,30,0.9932438581,83,4,0.04819277108,26,0,0
unscreened,Y2:P_H_matched_Y2,random_r3,101,0.5,0.0121691512,8,2,30,0.9897406733,83,1,0.01204819277,26,0,0
unscreened,Y2:P_H_matched_Y2,random_r3,102,0.5,0.0121691512,17,2,31,0.9860175918,83,4,0.04819277108,26,0,0
unscreened,Y2:P_H_matched_Y2,random_r4,100,0.5,0.0121691512,4,1,29,0.995677889,83,6,0.07228915663,29,0,0
unscreened,Y2:P_H_matched_Y2,random_r4,101,0.5,0.0121691512,3,1,22,0.9979223537,82,7,0.08536585366,29,0,0
unscreened,Y2:P_H_matched_Y2,random_r4,102,0.5,0.0121691512,8,1,31,0.995351835,83,5,0.06024096386,29,0,0
unscreened,Y2:P_H_matched_Y2,random_r5,100,0.5,0.0121691512,10,3,28,0.9953366697,82,6,0.07317073171,28,0,0
unscreened,Y2:P_H_matched_Y2,random_r5,101,0.5,0.0121691512,8,8,22,0.9875189566,83,9,0.1084337349,28,1,0.03571428571
unscreened,Y2:P_H_matched_Y2,random_r5,102,0.5,0.0121691512,9,1,29,0.9929481347,83,6,0.07228915663,28,0,0
unscreened,Y2:P_H_matched_Y2,random_r6,100,0.5,0.0121691512,1,1,24,0.9983469821,82,4,0.0487804878,37,0,0
unscreened,Y2:P_H_matched_Y2,random_r6,101,0.5,0.0121691512,13,1,27,0.9876099484,83,4,0.04819277108,37,0,0
unscreened,Y2:P_H_matched_Y2,random_r6,102,0.5,0.0121691512,9,2,26,0.991985138,82,5,0.06097560976,37,0,0
unscreened,Y2:P_H_matched_Y2,random_r7,100,0.5,0.0121691512,1,1,28,0.999021838,82,7,0.08536585366,23,2,0.08695652174
unscreened,Y2:P_H_matched_Y2,random_r7,101,0.5,0.0121691512,1,1,32,0.99774037,83,6,0.07228915663,23,2,0.08695652174
unscreened,Y2:P_H_matched_Y2,random_r7,102,0.5,0.0121691512,1,1,29,0.9989308462,83,6,0.07228915663,23,3,0.1304347826
unscreened,Y2:P_H_matched_Y2,random_r8,100,0.5,0.0121691512,2,2,28,0.9990066727,82,12,0.1463414634,26,4,0.1538461538
unscreened,Y2:P_H_matched_Y2,random_r8,101,0.5,0.0121691512,5,1,29,0.998089172,83,10,0.1204819277,26,4,0.1538461538
unscreened,Y2:P_H_matched_Y2,random_r8,102,0.5,0.0121691512,1,1,33,0.9971944192,83,9,0.1084337349,26,1,0.03846153846
unscreened,Y2:P_H_matched_Y2,random_r9,100,0.5,0.0121691512,12,7,25,0.9850621777,83,6,0.07228915663,29,1,0.03448275862
unscreened,Y2:P_H_matched_Y2,random_r9,101,0.5,0.0121691512,2,2,28,0.9965802244,83,8,0.09638554217,29,4,0.1379310345
unscreened,Y2:P_H_matched_Y2,random_r9,102,0.5,0.0121691512,6,4,23,0.9898240825,83,4,0.04819277108,29,1,0.03448275862
unscreened,Y2:P_H_matched_Y2,chemsys_r0,100,0.75,0.0121691512,1,1,26,0.9967242948,82,5,0.06097560976,27,0,0
unscreened,Y2:P_H_matched_Y2,chemsys_r0,101,0.75,0.0121691512,3,1,28,0.9970200182,83,8,0.09638554217,28,0,0
unscreened,Y2:P_H_matched_Y2,chemsys_r0,102,0.75,0.0121691512,3,1,26,0.99711101,83,5,0.06024096386,28,0,0
unscreened,Y2:P_H_matched_Y2,chemsys_r1,100,0.75,0.0121691512,4,3,27,0.9947300576,83,5,0.06024096386,27,0,0
unscreened,Y2:P_H_matched_Y2,chemsys_r1,101,0.75,0.0121691512,1,1,28,0.9972702457,83,5,0.06024096386,27,0,0
unscreened,Y2:P_H_matched_Y2,chemsys_r1,102,0.75,0.0121691512,4,3,27,0.9942750986,83,6,0.07228915663,27,0,0
unscreened,Y2:P_H_matched_Y2,chemsys_r2,100,0.75,0.0121691512,19,1,24,0.9943130118,83,0,0,39,0,0
unscreened,Y2:P_H_matched_Y2,chemsys_r2,101,0.75,0.0121691512,24,4,24,0.9894828632,82,0,0,39,0,0
unscreened,Y2:P_H_matched_Y2,chemsys_r2,102,0.75,0.0121691512,27,2,23,0.9871549894,83,0,0,39,0,0
unscreened,Y2:P_H_matched_Y2,chemsys_r3,100,0.75,0.0121691512,14,3,25,0.9911207158,83,0,0,40,0,0
unscreened,Y2:P_H_matched_Y2,chemsys_r3,101,0.75,0.0121691512,16,1,25,0.9942826812,83,2,0.02409638554,40,0,0
unscreened,Y2:P_H_matched_Y2,chemsys_r3,102,0.75,0.0121691512,20,3,24,0.984948438,83,0,0,40,0,0
unscreened,Y2:P_H_matched_Y2,chemsys_r4,100,0.75,0.0121691512,9,1,27,0.9950181984,83,5,0.06024096386,32,0,0
unscreened,Y2:P_H_matched_Y2,chemsys_r4,101,0.75,0.0121691512,7,2,28,0.9912723688,83,6,0.07228915663,32,0,0
unscreened,Y2:P_H_matched_Y2,chemsys_r4,102,0.75,0.0121691512,6,1,24,0.9969062784,81,5,0.06172839506,32,0,0
unscreened,Y2:P_H_matched_Y2,chemsys_r5,100,0.75,0.0121691512,12,1,27,0.997611465,83,6,0.07228915663,27,0,0
unscreened,Y2:P_H_matched_Y2,chemsys_r5,101,0.75,0.0121691512,13,2,27,0.9942371853,83,7,0.0843373494,27,0,0
unscreened,Y2:P_H_matched_Y2,chemsys_r5,102,0.75,0.0121691512,16,3,28,0.9931073703,83,5,0.06024096386,27,0,0
unscreened,Y2:P_H_matched_Y2,chemsys_r6,100,0.75,0.01217285453,6,1,24,0.9975197209,82,5,0.06097560976,32,0,0
unscreened,Y2:P_H_matched_Y2,chemsys_r6,101,0.75,0.01217285453,7,2,25,0.9957675971,83,6,0.07228915663,32,0,0
unscreened,Y2:P_H_matched_Y2,chemsys_r6,102,0.75,0.01217285453,4,1,24,0.9984905947,83,5,0.06024096386,32,0,0
unscreened,Y2:P_H_matched_Y2,chemsys_r7,100,0.75,0.0121691512,5,3,26,0.9943130118,83,7,0.0843373494,34,0,0
unscreened,Y2:P_H_matched_Y2,chemsys_r7,101,0.75,0.0121691512,13,4,26,0.9810357901,83,3,0.03614457831,34,0,0
unscreened,Y2:P_H_matched_Y2,chemsys_r7,102,0.75,0.0121691512,9,2,25,0.9912951168,83,4,0.04819277108,34,0,0
unscreened,Y2:P_H_matched_Y2,chemsys_r8,100,0.75,0.0121691512,22,1,20,0.983970276,83,0,0,51,0,0
unscreened,Y2:P_H_matched_Y2,chemsys_r8,101,0.75,0.0121691512,1,1,19,0.9999545041,83,2,0.02409638554,51,0,0
unscreened,Y2:P_H_matched_Y2,chemsys_r8,102,0.75,0.0121691512,32,3,17,0.9773127085,83,0,0,51,0,0
unscreened,Y2:P_H_matched_Y2,chemsys_r9,100,0.75,0.0121691512,3,1,27,0.9938580528,83,1,0.01204819277,45,0,0
unscreened,Y2:P_H_matched_Y2,chemsys_r9,101,0.75,0.0121691512,15,2,21,0.9880876554,83,0,0,45,0,0
unscreened,Y2:P_H_matched_Y2,chemsys_r9,102,0.75,0.0121691512,3,2,23,0.994070367,83,0,0,45,0,0
unscreened,Y2:P_H_matched_Y2,random_r0,100,0.75,0.0121691512,4,2,26,0.997937519,83,6,0.07228915663,22,0,0
unscreened,Y2:P_H_matched_Y2,random_r0,101,0.75,0.0121691512,8,8,24,0.9946314832,83,2,0.02409638554,22,0,0
unscreened,Y2:P_H_matched_Y2,random_r0,102,0.75,0.0121691512,2,2,26,0.9975432211,82,3,0.03658536585,21,0,0
unscreened,Y2:P_H_matched_Y2,random_r1,100,0.75,0.0121691512,3,2,27,0.9975659691,83,8,0.09638554217,34,0,0
unscreened,Y2:P_H_matched_Y2,random_r1,101,0.75,0.0121691512,1,1,28,0.9983545648,82,3,0.03658536585,33,0,0
unscreened,Y2:P_H_matched_Y2,random_r1,102,0.75,0.0121691512,8,4,27,0.9901956324,83,5,0.06024096386,34,0,0
unscreened,Y2:P_H_matched_Y2,random_r2,100,0.75,0.0121691512,13,1,22,0.9939642099,83,2,0.02409638554,36,0,0
unscreened,Y2:P_H_matched_Y2,random_r2,101,0.75,0.0121691512,7,1,21,0.9912420382,83,2,0.02409638554,36,0,0
unscreened,Y2:P_H_matched_Y2,random_r2,102,0.75,0.0121691512,2,2,19,0.9976190476,82,2,0.0243902439,35,0,0
unscreened,Y2:P_H_matched_Y2,random_r3,100,0.75,0.0121691512,5,2,29,0.9913936912,83,2,0.02409638554,26,0,0
unscreened,Y2:P_H_matched_Y2,random_r3,101,0.75,0.0121691512,8,2,25,0.9889520776,83,0,0,26,0,0
unscreened,Y2:P_H_matched_Y2,random_r3,102,0.75,0.0121691512,8,1,30,0.9903851987,83,2,0.02409638554,26,0,0
unscreened,Y2:P_H_matched_Y2,random_r4,100,0.75,0.0121691512,4,1,27,0.9947679709,83,4,0.04819277108,29,0,0
unscreened,Y2:P_H_matched_Y2,random_r4,101,0.75,0.0121691512,3,1,26,0.9967091295,82,1,0.01219512195,29,0,0
unscreened,Y2:P_H_matched_Y2,random_r4,102,0.75,0.0121691512,7,1,30,0.9930694571,83,2,0.02409638554,29,0,0
unscreened,Y2:P_H_matched_Y2,random_r5,100,0.75,0.0121691512,6,2,25,0.9967470428,82,4,0.0487804878,28,0,0
unscreened,Y2:P_H_matched_Y2,random_r5,101,0.75,0.0121691512,4,4,20,0.9936381559,83,5,0.06024096386,28,0,0
unscreened,Y2:P_H_matched_Y2,random_r5,102,0.75,0.0121691512,7,1,25,0.9947679709,83,3,0.03614457831,28,0,0
unscreened,Y2:P_H_matched_Y2,random_r6,100,0.75,0.0121691512,1,1,21,0.9980740067,82,1,0.01219512195,37,0,0
unscreened,Y2:P_H_matched_Y2,random_r6,101,0.75,0.0121691512,9,1,22,0.9901653018,83,0,0,37,0,0
unscreened,Y2:P_H_matched_Y2,random_r6,102,0.75,0.0121691512,5,2,24,0.994396421,82,2,0.0243902439,37,0,0
unscreened,Y2:P_H_matched_Y2,random_r7,100,0.75,0.0121691512,1,1,31,0.9988246891,82,6,0.07317073171,23,0,0
unscreened,Y2:P_H_matched_Y2,random_r7,101,0.75,0.0121691512,1,1,28,0.9986806187,83,3,0.03614457831,23,0,0
unscreened,Y2:P_H_matched_Y2,random_r7,102,0.75,0.0121691512,2,1,29,0.997414316,83,2,0.02409638554,23,0,0
unscreened,Y2:P_H_matched_Y2,random_r8,100,0.75,0.0121691512,2,2,26,0.9984455566,82,7,0.08536585366,26,0,0
unscreened,Y2:P_H_matched_Y2,random_r8,101,0.75,0.0121691512,5,1,24,0.997611465,83,6,0.07228915663,26,0,0
unscreened,Y2:P_H_matched_Y2,random_r8,102,0.75,0.0121691512,1,1,26,0.9973536548,83,4,0.04819277108,26,0,0
unscreened,Y2:P_H_matched_Y2,random_r9,100,0.75,0.0121691512,9,8,23,0.9851607522,83,4,0.04819277108,29,0,0
unscreened,Y2:P_H_matched_Y2,random_r9,101,0.75,0.0121691512,2,2,27,0.9963527449,83,3,0.03614457831,29,0,0
unscreened,Y2:P_H_matched_Y2,random_r9,102,0.75,0.0121691512,14,6,27,0.9840461025,83,5,0.06024096386,29,0,0
unscreened,Y2:P_H_matched_Y2,chemsys_r0,100,1,0.0121691512,12,3,15,0.9880573248,82,0,0,27,0,0
unscreened,Y2:P_H_matched_Y2,chemsys_r0,101,1,0.0121691512,12,3,14,0.9886032757,83,0,0,28,0,0
unscreened,Y2:P_H_matched_Y2,chemsys_r0,102,1,0.0121691512,12,3,15,0.9870564149,83,0,0,28,0,0
unscreened,Y2:P_H_matched_Y2,chemsys_r1,100,1,0.0121691512,10,3,12,0.9871398241,83,0,0,27,0,0
unscreened,Y2:P_H_matched_Y2,chemsys_r1,101,1,0.0121691512,10,3,12,0.9882393085,83,0,0,27,0,0
unscreened,Y2:P_H_matched_Y2,chemsys_r1,102,1,0.0121691512,10,3,12,0.9891492266,83,0,0,27,0,0
unscreened,Y2:P_H_matched_Y2,chemsys_r2,100,1,0.0121691512,41,2,16,0.9813542614,83,0,0,39,0,0
unscreened,Y2:P_H_matched_Y2,chemsys_r2,101,1,0.0121691512,41,2,16,0.9818016379,82,0,0,39,0,0
unscreened,Y2:P_H_matched_Y2,chemsys_r2,102,1,0.0121691512,41,2,16,0.9813770094,83,0,0,39,0,0
unscreened,Y2:P_H_matched_Y2,chemsys_r3,100,1,0.0121691512,41,8,10,0.9723005763,83,0,0,40,0,0
unscreened,Y2:P_H_matched_Y2,chemsys_r3,101,1,0.0121691512,41,8,10,0.9710873521,83,0,0,40,0,0
unscreened,Y2:P_H_matched_Y2,chemsys_r3,102,1,0.0121691512,41,8,10,0.9710873521,83,0,0,40,0,0
unscreened,Y2:P_H_matched_Y2,chemsys_r4,100,1,0.0121691512,13,2,18,0.9896572642,83,0,0,32,0,0
unscreened,Y2:P_H_matched_Y2,chemsys_r4,101,1,0.0121691512,13,2,18,0.9896572642,83,0,0,32,0,0
unscreened,Y2:P_H_matched_Y2,chemsys_r4,102,1,0.0121691512,13,2,18,0.9902790416,81,0,0,32,0,0
unscreened,Y2:P_H_matched_Y2,chemsys_r5,100,1,0.0121691512,41,6,11,0.9921140431,83,0,0,27,0,0
unscreened,Y2:P_H_matched_Y2,chemsys_r5,101,1,0.0121691512,41,6,11,0.9795571732,83,0,0,27,0,0
unscreened,Y2:P_H_matched_Y2,chemsys_r5,102,1,0.0121691512,41,6,11,0.9815665757,83,0,0,27,0,0
unscreened,Y2:P_H_matched_Y2,chemsys_r6,100,1,0.01217285453,41,4,10,0.9831689927,82,0,0,32,0,0
unscreened,Y2:P_H_matched_Y2,chemsys_r6,101,1,0.01217285453,41,4,11,0.9798164442,83,0,0,32,0,0
unscreened,Y2:P_H_matched_Y2,chemsys_r6,102,1,0.01217285453,41,4,11,0.9806356189,83,0,0,32,0,0
unscreened,Y2:P_H_matched_Y2,chemsys_r7,100,1,0.0121691512,18,2,14,0.9861616621,83,0,0,34,0,0
unscreened,Y2:P_H_matched_Y2,chemsys_r7,101,1,0.0121691512,18,2,14,0.9861616621,83,0,0,34,0,0
unscreened,Y2:P_H_matched_Y2,chemsys_r7,102,1,0.0121691512,18,2,14,0.9861616621,83,0,0,34,0,0
unscreened,Y2:P_H_matched_Y2,chemsys_r8,100,1,0.0121691512,10,5,11,0.9826433121,83,0,0,51,0,0
unscreened,Y2:P_H_matched_Y2,chemsys_r8,101,1,0.0121691512,11,5,11,0.9972702457,83,0,0,51,0,0
unscreened,Y2:P_H_matched_Y2,chemsys_r8,102,1,0.0121691512,11,5,11,0.9803533515,83,0,0,51,0,0
unscreened,Y2:P_H_matched_Y2,chemsys_r9,100,1,0.0121691512,14,5,12,0.983189263,83,0,0,45,0,0
unscreened,Y2:P_H_matched_Y2,chemsys_r9,101,1,0.0121691512,14,5,12,0.983189263,83,0,0,45,0,0
unscreened,Y2:P_H_matched_Y2,chemsys_r9,102,1,0.0121691512,14,5,12,0.983993024,83,0,0,45,0,0
unscreened,Y2:P_H_matched_Y2,random_r0,100,1,0.0121691512,2,2,13,0.996132848,83,0,0,22,0,0
unscreened,Y2:P_H_matched_Y2,random_r0,101,1,0.0121691512,2,2,13,0.9952911738,83,0,0,22,0,0
unscreened,Y2:P_H_matched_Y2,random_r0,102,1,0.0121691512,2,2,13,0.9955414013,82,0,0,21,0,0
unscreened,Y2:P_H_matched_Y2,random_r1,100,1,0.0121691512,1,1,16,0.99485138,83,0,0,34,0,0
unscreened,Y2:P_H_matched_Y2,random_r1,101,1,0.0121691512,1,1,16,0.9946921444,82,0,0,33,0,0
unscreened,Y2:P_H_matched_Y2,random_r1,102,1,0.0121691512,1,1,16,0.9946921444,83,0,0,34,0,0
unscreened,Y2:P_H_matched_Y2,random_r2,100,1,0.0121691512,17,1,11,0.9922353655,83,0,0,36,0,0
unscreened,Y2:P_H_matched_Y2,random_r2,101,1,0.0121691512,17,1,12,0.9922353655,83,0,0,36,0,0
unscreened,Y2:P_H_matched_Y2,random_r2,102,1,0.0121691512,17,1,12,0.9966636336,82,0,0,35,0,0
unscreened,Y2:P_H_matched_Y2,random_r3,100,1,0.0121691512,5,1,17,0.99007431,83,0,0,26,0,0
unscreened,Y2:P_H_matched_Y2,random_r3,101,1,0.0121691512,5,1,17,0.99007431,83,0,0,26,0,0
unscreened,Y2:P_H_matched_Y2,random_r3,102,1,0.0121691512,5,1,17,0.99007431,83,0,0,26,0,0
unscreened,Y2:P_H_matched_Y2,random_r4,100,1,0.0121691512,7,7,13,0.9873673036,83,0,0,29,0,0
unscreened,Y2:P_H_matched_Y2,random_r4,101,1,0.0121691512,7,7,13,0.9926903245,82,0,0,29,0,0
unscreened,Y2:P_H_matched_Y2,random_r4,102,1,0.0121691512,7,7,13,0.9873673036,83,0,0,29,0,0
unscreened,Y2:P_H_matched_Y2,random_r5,100,1,0.0121691512,14,8,16,0.9915529269,82,0,0,28,0,0
unscreened,Y2:P_H_matched_Y2,random_r5,101,1,0.0121691512,13,8,16,0.9806566576,83,0,0,28,0,0
unscreened,Y2:P_H_matched_Y2,random_r5,102,1,0.0121691512,14,8,16,0.9802623597,83,0,0,28,0,0
unscreened,Y2:P_H_matched_Y2,random_r6,100,1,0.0121691512,2,2,17,0.995200182,82,0,0,37,0,0
unscreened,Y2:P_H_matched_Y2,random_r6,101,1,0.0121691512,2,2,17,0.9944722475,83,0,0,37,0,0
unscreened,Y2:P_H_matched_Y2,random_r6,102,1,0.0121691512,2,2,17,0.9951471034,82,0,0,37,0,0
unscreened,Y2:P_H_matched_Y2,random_r7,100,1,0.0121691512,3,1,17,0.9974522293,82,0,0,23,0,0
unscreened,Y2:P_H_matched_Y2,random_r7,101,1,0.0121691512,3,1,17,0.9932969366,83,0,0,23,0,0
unscreened,Y2:P_H_matched_Y2,random_r7,102,1,0.0121691512,3,1,17,0.9932969366,83,0,0,23,0,0
unscreened,Y2:P_H_matched_Y2,random_r8,100,1,0.0121691512,7,7,15,0.9947755535,82,0,0,26,0,0
unscreened,Y2:P_H_matched_Y2,random_r8,101,1,0.0121691512,7,7,15,0.9930087959,83,0,0,26,0,0
unscreened,Y2:P_H_matched_Y2,random_r8,102,1,0.0121691512,7,7,15,0.9869578405,83,0,0,26,0,0
unscreened,Y2:P_H_matched_Y2,random_r9,100,1,0.0121691512,16,1,16,0.9873293904,83,0,0,29,0,0
unscreened,Y2:P_H_matched_Y2,random_r9,101,1,0.0121691512,16,1,16,0.9873293904,83,0,0,29,0,0
unscreened,Y2:P_H_matched_Y2,random_r9,102,1,0.0121691512,16,1,16,0.9873293904,83,0,0,29,0,0
